year,area,income_group,indicator,value,unit
2023,ABRA,All Income Groups,Average Expenditure,200.07,thousand_pesos
2023,ABRA,All Income Groups,Average Income,244.4,thousand_pesos
2023,ABRA,All Income Groups,Average Savings,44.33,thousand_pesos
2023,ABRA,Eighth Decile,Average Expenditure,207.04,thousand_pesos
2023,ABRA,Eighth Decile,Average Income,259.01,thousand_pesos
2023,ABRA,Eighth Decile,Average Savings,51.97,thousand_pesos
2023,ABRA,Fifth Decile,Average Expenditure,176.74,thousand_pesos
2023,ABRA,Fifth Decile,Average Income,205.16,thousand_pesos
2023,ABRA,Fifth Decile,Average Savings,28.42,thousand_pesos
2023,ABRA,First Decile,Average Expenditure,126.43,thousand_pesos
2023,ABRA,First Decile,Average Income,126.01,thousand_pesos
2023,ABRA,First Decile,Average Savings,-0.41,thousand_pesos
2023,ABRA,Fourth Decile,Average Expenditure,169.11,thousand_pesos
2023,ABRA,Fourth Decile,Average Income,191.47,thousand_pesos
2023,ABRA,Fourth Decile,Average Savings,22.36,thousand_pesos
2023,ABRA,Ninth Decile,Average Expenditure,238.15,thousand_pesos
2023,ABRA,Ninth Decile,Average Income,320.76,thousand_pesos
2023,ABRA,Ninth Decile,Average Savings,82.61,thousand_pesos
2023,ABRA,Second Decile,Average Expenditure,156.67,thousand_pesos
2023,ABRA,Second Decile,Average Income,162.34,thousand_pesos
2023,ABRA,Second Decile,Average Savings,5.67,thousand_pesos
2023,ABRA,Seventh Decile,Average Expenditure,199.01,thousand_pesos
2023,ABRA,Seventh Decile,Average Income,236.83,thousand_pesos
2023,ABRA,Seventh Decile,Average Savings,37.81,thousand_pesos
2023,ABRA,Sixth Decile,Average Expenditure,171.93,thousand_pesos
2023,ABRA,Sixth Decile,Average Income,205.61,thousand_pesos
2023,ABRA,Sixth Decile,Average Savings,33.68,thousand_pesos
2023,ABRA,Tenth Decile,Average Expenditure,395.3,thousand_pesos
2023,ABRA,Tenth Decile,Average Income,564.94,thousand_pesos
2023,ABRA,Tenth Decile,Average Savings,169.64,thousand_pesos
2023,ABRA,Third Decile,Average Expenditure,159.53,thousand_pesos
2023,ABRA,Third Decile,Average Income,170.53,thousand_pesos
2023,ABRA,Third Decile,Average Savings,10.99,thousand_pesos
2023,AGUSAN DEL NORTE (Excluding City of Butuan),All Income Groups,Average Expenditure,187.06,thousand_pesos
2023,AGUSAN DEL NORTE (Excluding City of Butuan),All Income Groups,Average Income,220.85,thousand_pesos
2023,AGUSAN DEL NORTE (Excluding City of Butuan),All Income Groups,Average Savings,33.79,thousand_pesos
2023,AGUSAN DEL NORTE (Excluding City of Butuan),Eighth Decile,Average Expenditure,198.05,thousand_pesos
2023,AGUSAN DEL NORTE (Excluding City of Butuan),Eighth Decile,Average Income,236.2,thousand_pesos
2023,AGUSAN DEL NORTE (Excluding City of Butuan),Eighth Decile,Average Savings,38.15,thousand_pesos
2023,AGUSAN DEL NORTE (Excluding City of Butuan),Fifth Decile,Average Expenditure,162.49,thousand_pesos
2023,AGUSAN DEL NORTE (Excluding City of Butuan),Fifth Decile,Average Income,172.82,thousand_pesos
2023,AGUSAN DEL NORTE (Excluding City of Butuan),Fifth Decile,Average Savings,10.33,thousand_pesos
2023,AGUSAN DEL NORTE (Excluding City of Butuan),First Decile,Average Expenditure,106.51,thousand_pesos
2023,AGUSAN DEL NORTE (Excluding City of Butuan),First Decile,Average Income,105.3,thousand_pesos
2023,AGUSAN DEL NORTE (Excluding City of Butuan),First Decile,Average Savings,-1.21,thousand_pesos
2023,AGUSAN DEL NORTE (Excluding City of Butuan),Fourth Decile,Average Expenditure,150.96,thousand_pesos
2023,AGUSAN DEL NORTE (Excluding City of Butuan),Fourth Decile,Average Income,160.57,thousand_pesos
2023,AGUSAN DEL NORTE (Excluding City of Butuan),Fourth Decile,Average Savings,9.61,thousand_pesos
2023,AGUSAN DEL NORTE (Excluding City of Butuan),Ninth Decile,Average Expenditure,248.76,thousand_pesos
2023,AGUSAN DEL NORTE (Excluding City of Butuan),Ninth Decile,Average Income,306.65,thousand_pesos
2023,AGUSAN DEL NORTE (Excluding City of Butuan),Ninth Decile,Average Savings,57.88,thousand_pesos
2023,AGUSAN DEL NORTE (Excluding City of Butuan),Second Decile,Average Expenditure,126.08,thousand_pesos
2023,AGUSAN DEL NORTE (Excluding City of Butuan),Second Decile,Average Income,129.18,thousand_pesos
2023,AGUSAN DEL NORTE (Excluding City of Butuan),Second Decile,Average Savings,3.1,thousand_pesos
2023,AGUSAN DEL NORTE (Excluding City of Butuan),Seventh Decile,Average Expenditure,190.88,thousand_pesos
2023,AGUSAN DEL NORTE (Excluding City of Butuan),Seventh Decile,Average Income,211.02,thousand_pesos
2023,AGUSAN DEL NORTE (Excluding City of Butuan),Seventh Decile,Average Savings,20.14,thousand_pesos
2023,AGUSAN DEL NORTE (Excluding City of Butuan),Sixth Decile,Average Expenditure,164.78,thousand_pesos
2023,AGUSAN DEL NORTE (Excluding City of Butuan),Sixth Decile,Average Income,183.56,thousand_pesos
2023,AGUSAN DEL NORTE (Excluding City of Butuan),Sixth Decile,Average Savings,18.78,thousand_pesos
2023,AGUSAN DEL NORTE (Excluding City of Butuan),Tenth Decile,Average Expenditure,390.87,thousand_pesos
2023,AGUSAN DEL NORTE (Excluding City of Butuan),Tenth Decile,Average Income,565.57,thousand_pesos
2023,AGUSAN DEL NORTE (Excluding City of Butuan),Tenth Decile,Average Savings,174.7,thousand_pesos
2023,AGUSAN DEL NORTE (Excluding City of Butuan),Third Decile,Average Expenditure,130.08,thousand_pesos
2023,AGUSAN DEL NORTE (Excluding City of Butuan),Third Decile,Average Income,135.6,thousand_pesos
2023,AGUSAN DEL NORTE (Excluding City of Butuan),Third Decile,Average Savings,5.52,thousand_pesos
2023,AGUSAN DEL SUR,All Income Groups,Average Expenditure,176.61,thousand_pesos
2023,AGUSAN DEL SUR,All Income Groups,Average Income,199.78,thousand_pesos
2023,AGUSAN DEL SUR,All Income Groups,Average Savings,23.17,thousand_pesos
2023,AGUSAN DEL SUR,Eighth Decile,Average Expenditure,168.87,thousand_pesos
2023,AGUSAN DEL SUR,Eighth Decile,Average Income,182.81,thousand_pesos
2023,AGUSAN DEL SUR,Eighth Decile,Average Savings,13.94,thousand_pesos
2023,AGUSAN DEL SUR,Fifth Decile,Average Expenditure,142.58,thousand_pesos
2023,AGUSAN DEL SUR,Fifth Decile,Average Income,151.9,thousand_pesos
2023,AGUSAN DEL SUR,Fifth Decile,Average Savings,9.32,thousand_pesos
2023,AGUSAN DEL SUR,First Decile,Average Expenditure,105.77,thousand_pesos
2023,AGUSAN DEL SUR,First Decile,Average Income,105.08,thousand_pesos
2023,AGUSAN DEL SUR,First Decile,Average Savings,-0.69,thousand_pesos
2023,AGUSAN DEL SUR,Fourth Decile,Average Expenditure,133.02,thousand_pesos
2023,AGUSAN DEL SUR,Fourth Decile,Average Income,138.57,thousand_pesos
2023,AGUSAN DEL SUR,Fourth Decile,Average Savings,5.56,thousand_pesos
2023,AGUSAN DEL SUR,Ninth Decile,Average Expenditure,218.62,thousand_pesos
2023,AGUSAN DEL SUR,Ninth Decile,Average Income,249.78,thousand_pesos
2023,AGUSAN DEL SUR,Ninth Decile,Average Savings,31.16,thousand_pesos
2023,AGUSAN DEL SUR,Second Decile,Average Expenditure,121.18,thousand_pesos
2023,AGUSAN DEL SUR,Second Decile,Average Income,124.93,thousand_pesos
2023,AGUSAN DEL SUR,Second Decile,Average Savings,3.75,thousand_pesos
2023,AGUSAN DEL SUR,Seventh Decile,Average Expenditure,165.26,thousand_pesos
2023,AGUSAN DEL SUR,Seventh Decile,Average Income,179.14,thousand_pesos
2023,AGUSAN DEL SUR,Seventh Decile,Average Savings,13.89,thousand_pesos
2023,AGUSAN DEL SUR,Sixth Decile,Average Expenditure,149.8,thousand_pesos
2023,AGUSAN DEL SUR,Sixth Decile,Average Income,160.06,thousand_pesos
2023,AGUSAN DEL SUR,Sixth Decile,Average Savings,10.26,thousand_pesos
2023,AGUSAN DEL SUR,Tenth Decile,Average Expenditure,431.03,thousand_pesos
2023,AGUSAN DEL SUR,Tenth Decile,Average Income,569.15,thousand_pesos
2023,AGUSAN DEL SUR,Tenth Decile,Average Savings,138.12,thousand_pesos
2023,AGUSAN DEL SUR,Third Decile,Average Expenditure,128.62,thousand_pesos
2023,AGUSAN DEL SUR,Third Decile,Average Income,134.38,thousand_pesos
2023,AGUSAN DEL SUR,Third Decile,Average Savings,5.76,thousand_pesos
2023,AKLAN,All Income Groups,Average Expenditure,220.64,thousand_pesos
2023,AKLAN,All Income Groups,Average Income,293.24,thousand_pesos
2023,AKLAN,All Income Groups,Average Savings,72.6,thousand_pesos
2023,AKLAN,Eighth Decile,Average Expenditure,221.85,thousand_pesos
2023,AKLAN,Eighth Decile,Average Income,298.57,thousand_pesos
2023,AKLAN,Eighth Decile,Average Savings,76.72,thousand_pesos
2023,AKLAN,Fifth Decile,Average Expenditure,194.03,thousand_pesos
2023,AKLAN,Fifth Decile,Average Income,231.32,thousand_pesos
2023,AKLAN,Fifth Decile,Average Savings,37.29,thousand_pesos
2023,AKLAN,First Decile,Average Expenditure,151.4,thousand_pesos
2023,AKLAN,First Decile,Average Income,157.12,thousand_pesos
2023,AKLAN,First Decile,Average Savings,5.72,thousand_pesos
2023,AKLAN,Fourth Decile,Average Expenditure,185.07,thousand_pesos
2023,AKLAN,Fourth Decile,Average Income,219.84,thousand_pesos
2023,AKLAN,Fourth Decile,Average Savings,34.76,thousand_pesos
2023,AKLAN,Ninth Decile,Average Expenditure,313.38,thousand_pesos
2023,AKLAN,Ninth Decile,Average Income,433.91,thousand_pesos
2023,AKLAN,Ninth Decile,Average Savings,120.53,thousand_pesos
2023,AKLAN,Second Decile,Average Expenditure,157.84,thousand_pesos
2023,AKLAN,Second Decile,Average Income,175.07,thousand_pesos
2023,AKLAN,Second Decile,Average Savings,17.24,thousand_pesos
2023,AKLAN,Seventh Decile,Average Expenditure,197.44,thousand_pesos
2023,AKLAN,Seventh Decile,Average Income,255.55,thousand_pesos
2023,AKLAN,Seventh Decile,Average Savings,58.11,thousand_pesos
2023,AKLAN,Sixth Decile,Average Expenditure,192.02,thousand_pesos
2023,AKLAN,Sixth Decile,Average Income,239.09,thousand_pesos
2023,AKLAN,Sixth Decile,Average Savings,47.07,thousand_pesos
2023,AKLAN,Tenth Decile,Average Expenditure,423.41,thousand_pesos
2023,AKLAN,Tenth Decile,Average Income,723.72,thousand_pesos
2023,AKLAN,Tenth Decile,Average Savings,300.31,thousand_pesos
2023,AKLAN,Third Decile,Average Expenditure,169.39,thousand_pesos
2023,AKLAN,Third Decile,Average Income,197.08,thousand_pesos
2023,AKLAN,Third Decile,Average Savings,27.69,thousand_pesos
2023,ALBAY,All Income Groups,Average Expenditure,192.19,thousand_pesos
2023,ALBAY,All Income Groups,Average Income,260.36,thousand_pesos
2023,ALBAY,All Income Groups,Average Savings,68.17,thousand_pesos
2023,ALBAY,Eighth Decile,Average Expenditure,203.61,thousand_pesos
2023,ALBAY,Eighth Decile,Average Income,274.96,thousand_pesos
2023,ALBAY,Eighth Decile,Average Savings,71.35,thousand_pesos
2023,ALBAY,Fifth Decile,Average Expenditure,160.9,thousand_pesos
2023,ALBAY,Fifth Decile,Average Income,202.84,thousand_pesos
2023,ALBAY,Fifth Decile,Average Savings,41.94,thousand_pesos
2023,ALBAY,First Decile,Average Expenditure,119.07,thousand_pesos
2023,ALBAY,First Decile,Average Income,135.26,thousand_pesos
2023,ALBAY,First Decile,Average Savings,16.19,thousand_pesos
2023,ALBAY,Fourth Decile,Average Expenditure,146.39,thousand_pesos
2023,ALBAY,Fourth Decile,Average Income,178.35,thousand_pesos
2023,ALBAY,Fourth Decile,Average Savings,31.97,thousand_pesos
2023,ALBAY,Ninth Decile,Average Expenditure,255.68,thousand_pesos
2023,ALBAY,Ninth Decile,Average Income,373.07,thousand_pesos
2023,ALBAY,Ninth Decile,Average Savings,117.38,thousand_pesos
2023,ALBAY,Second Decile,Average Expenditure,138.02,thousand_pesos
2023,ALBAY,Second Decile,Average Income,164.22,thousand_pesos
2023,ALBAY,Second Decile,Average Savings,26.2,thousand_pesos
2023,ALBAY,Seventh Decile,Average Expenditure,175.79,thousand_pesos
2023,ALBAY,Seventh Decile,Average Income,231.53,thousand_pesos
2023,ALBAY,Seventh Decile,Average Savings,55.74,thousand_pesos
2023,ALBAY,Sixth Decile,Average Expenditure,162.83,thousand_pesos
2023,ALBAY,Sixth Decile,Average Income,207.91,thousand_pesos
2023,ALBAY,Sixth Decile,Average Savings,45.09,thousand_pesos
2023,ALBAY,Tenth Decile,Average Expenditure,414.48,thousand_pesos
2023,ALBAY,Tenth Decile,Average Income,657.34,thousand_pesos
2023,ALBAY,Tenth Decile,Average Savings,242.87,thousand_pesos
2023,ALBAY,Third Decile,Average Expenditure,144.12,thousand_pesos
2023,ALBAY,Third Decile,Average Income,176.28,thousand_pesos
2023,ALBAY,Third Decile,Average Savings,32.16,thousand_pesos
2023,ANTIQUE,All Income Groups,Average Expenditure,192.85,thousand_pesos
2023,ANTIQUE,All Income Groups,Average Income,273.3,thousand_pesos
2023,ANTIQUE,All Income Groups,Average Savings,80.45,thousand_pesos
2023,ANTIQUE,Eighth Decile,Average Expenditure,183.16,thousand_pesos
2023,ANTIQUE,Eighth Decile,Average Income,257.45,thousand_pesos
2023,ANTIQUE,Eighth Decile,Average Savings,74.28,thousand_pesos
2023,ANTIQUE,Fifth Decile,Average Expenditure,153.39,thousand_pesos
2023,ANTIQUE,Fifth Decile,Average Income,202.51,thousand_pesos
2023,ANTIQUE,Fifth Decile,Average Savings,49.12,thousand_pesos
2023,ANTIQUE,First Decile,Average Expenditure,109.4,thousand_pesos
2023,ANTIQUE,First Decile,Average Income,121.72,thousand_pesos
2023,ANTIQUE,First Decile,Average Savings,12.33,thousand_pesos
2023,ANTIQUE,Fourth Decile,Average Expenditure,142.31,thousand_pesos
2023,ANTIQUE,Fourth Decile,Average Income,176.39,thousand_pesos
2023,ANTIQUE,Fourth Decile,Average Savings,34.08,thousand_pesos
2023,ANTIQUE,Ninth Decile,Average Expenditure,273.37,thousand_pesos
2023,ANTIQUE,Ninth Decile,Average Income,422.51,thousand_pesos
2023,ANTIQUE,Ninth Decile,Average Savings,149.14,thousand_pesos
2023,ANTIQUE,Second Decile,Average Expenditure,120.58,thousand_pesos
2023,ANTIQUE,Second Decile,Average Income,145.88,thousand_pesos
2023,ANTIQUE,Second Decile,Average Savings,25.3,thousand_pesos
2023,ANTIQUE,Seventh Decile,Average Expenditure,186.91,thousand_pesos
2023,ANTIQUE,Seventh Decile,Average Income,256.64,thousand_pesos
2023,ANTIQUE,Seventh Decile,Average Savings,69.73,thousand_pesos
2023,ANTIQUE,Sixth Decile,Average Expenditure,146.95,thousand_pesos
2023,ANTIQUE,Sixth Decile,Average Income,200.36,thousand_pesos
2023,ANTIQUE,Sixth Decile,Average Savings,53.41,thousand_pesos
2023,ANTIQUE,Tenth Decile,Average Expenditure,478.79,thousand_pesos
2023,ANTIQUE,Tenth Decile,Average Income,783.22,thousand_pesos
2023,ANTIQUE,Tenth Decile,Average Savings,304.43,thousand_pesos
2023,ANTIQUE,Third Decile,Average Expenditure,132.53,thousand_pesos
2023,ANTIQUE,Third Decile,Average Income,164.31,thousand_pesos
2023,ANTIQUE,Third Decile,Average Savings,31.77,thousand_pesos
2023,APAYAO,All Income Groups,Average Expenditure,226.17,thousand_pesos
2023,APAYAO,All Income Groups,Average Income,333.46,thousand_pesos
2023,APAYAO,All Income Groups,Average Savings,107.29,thousand_pesos
2023,APAYAO,Eighth Decile,Average Expenditure,220.08,thousand_pesos
2023,APAYAO,Eighth Decile,Average Income,348.81,thousand_pesos
2023,APAYAO,Eighth Decile,Average Savings,128.73,thousand_pesos
2023,APAYAO,Fifth Decile,Average Expenditure,181.93,thousand_pesos
2023,APAYAO,Fifth Decile,Average Income,229.57,thousand_pesos
2023,APAYAO,Fifth Decile,Average Savings,47.64,thousand_pesos
2023,APAYAO,First Decile,Average Expenditure,164.35,thousand_pesos
2023,APAYAO,First Decile,Average Income,154.17,thousand_pesos
2023,APAYAO,First Decile,Average Savings,-10.18,thousand_pesos
2023,APAYAO,Fourth Decile,Average Expenditure,176.88,thousand_pesos
2023,APAYAO,Fourth Decile,Average Income,208.47,thousand_pesos
2023,APAYAO,Fourth Decile,Average Savings,31.6,thousand_pesos
2023,APAYAO,Ninth Decile,Average Expenditure,270.76,thousand_pesos
2023,APAYAO,Ninth Decile,Average Income,440.85,thousand_pesos
2023,APAYAO,Ninth Decile,Average Savings,170.09,thousand_pesos
2023,APAYAO,Second Decile,Average Expenditure,169.06,thousand_pesos
2023,APAYAO,Second Decile,Average Income,174.99,thousand_pesos
2023,APAYAO,Second Decile,Average Savings,5.93,thousand_pesos
2023,APAYAO,Seventh Decile,Average Expenditure,217.54,thousand_pesos
2023,APAYAO,Seventh Decile,Average Income,313.05,thousand_pesos
2023,APAYAO,Seventh Decile,Average Savings,95.51,thousand_pesos
2023,APAYAO,Sixth Decile,Average Expenditure,181.54,thousand_pesos
2023,APAYAO,Sixth Decile,Average Income,230.86,thousand_pesos
2023,APAYAO,Sixth Decile,Average Savings,49.32,thousand_pesos
2023,APAYAO,Tenth Decile,Average Expenditure,506.58,thousand_pesos
2023,APAYAO,Tenth Decile,Average Income,1035.87,thousand_pesos
2023,APAYAO,Tenth Decile,Average Savings,529.29,thousand_pesos
2023,APAYAO,Third Decile,Average Expenditure,169.67,thousand_pesos
2023,APAYAO,Third Decile,Average Income,189.49,thousand_pesos
2023,APAYAO,Third Decile,Average Savings,19.82,thousand_pesos
2023,AURORA,All Income Groups,Average Expenditure,209.25,thousand_pesos
2023,AURORA,All Income Groups,Average Income,272.07,thousand_pesos
2023,AURORA,All Income Groups,Average Savings,62.83,thousand_pesos
2023,AURORA,Eighth Decile,Average Expenditure,224.41,thousand_pesos
2023,AURORA,Eighth Decile,Average Income,281.54,thousand_pesos
2023,AURORA,Eighth Decile,Average Savings,57.13,thousand_pesos
2023,AURORA,Fifth Decile,Average Expenditure,167.72,thousand_pesos
2023,AURORA,Fifth Decile,Average Income,198.0,thousand_pesos
2023,AURORA,Fifth Decile,Average Savings,30.28,thousand_pesos
2023,AURORA,First Decile,Average Expenditure,122.65,thousand_pesos
2023,AURORA,First Decile,Average Income,131.13,thousand_pesos
2023,AURORA,First Decile,Average Savings,8.49,thousand_pesos
2023,AURORA,Fourth Decile,Average Expenditure,146.77,thousand_pesos
2023,AURORA,Fourth Decile,Average Income,172.06,thousand_pesos
2023,AURORA,Fourth Decile,Average Savings,25.29,thousand_pesos
2023,AURORA,Ninth Decile,Average Expenditure,269.93,thousand_pesos
2023,AURORA,Ninth Decile,Average Income,370.96,thousand_pesos
2023,AURORA,Ninth Decile,Average Savings,101.03,thousand_pesos
2023,AURORA,Second Decile,Average Expenditure,144.38,thousand_pesos
2023,AURORA,Second Decile,Average Income,158.07,thousand_pesos
2023,AURORA,Second Decile,Average Savings,13.69,thousand_pesos
2023,AURORA,Seventh Decile,Average Expenditure,174.32,thousand_pesos
2023,AURORA,Seventh Decile,Average Income,222.67,thousand_pesos
2023,AURORA,Seventh Decile,Average Savings,48.35,thousand_pesos
2023,AURORA,Sixth Decile,Average Expenditure,169.63,thousand_pesos
2023,AURORA,Sixth Decile,Average Income,208.65,thousand_pesos
2023,AURORA,Sixth Decile,Average Savings,39.02,thousand_pesos
2023,AURORA,Tenth Decile,Average Expenditure,522.28,thousand_pesos
2023,AURORA,Tenth Decile,Average Income,804.92,thousand_pesos
2023,AURORA,Tenth Decile,Average Savings,282.64,thousand_pesos
2023,AURORA,Third Decile,Average Expenditure,149.22,thousand_pesos
2023,AURORA,Third Decile,Average Income,170.77,thousand_pesos
2023,AURORA,Third Decile,Average Savings,21.55,thousand_pesos
2023,BANGSAMORO AUTONOMOUS REGION IN MUSLIM MINDANAO3/,All Income Groups,Average Expenditure,150.54,thousand_pesos
2023,BANGSAMORO AUTONOMOUS REGION IN MUSLIM MINDANAO3/,All Income Groups,Average Income,184.39,thousand_pesos
2023,BANGSAMORO AUTONOMOUS REGION IN MUSLIM MINDANAO3/,All Income Groups,Average Savings,33.84,thousand_pesos
2023,BANGSAMORO AUTONOMOUS REGION IN MUSLIM MINDANAO3/,Eighth Decile,Average Expenditure,152.98,thousand_pesos
2023,BANGSAMORO AUTONOMOUS REGION IN MUSLIM MINDANAO3/,Eighth Decile,Average Income,194.57,thousand_pesos
2023,BANGSAMORO AUTONOMOUS REGION IN MUSLIM MINDANAO3/,Eighth Decile,Average Savings,41.59,thousand_pesos
2023,BANGSAMORO AUTONOMOUS REGION IN MUSLIM MINDANAO3/,Fifth Decile,Average Expenditure,148.39,thousand_pesos
2023,BANGSAMORO AUTONOMOUS REGION IN MUSLIM MINDANAO3/,Fifth Decile,Average Income,170.92,thousand_pesos
2023,BANGSAMORO AUTONOMOUS REGION IN MUSLIM MINDANAO3/,Fifth Decile,Average Savings,22.53,thousand_pesos
2023,BANGSAMORO AUTONOMOUS REGION IN MUSLIM MINDANAO3/,First Decile,Average Expenditure,120.15,thousand_pesos
2023,BANGSAMORO AUTONOMOUS REGION IN MUSLIM MINDANAO3/,First Decile,Average Income,126.08,thousand_pesos
2023,BANGSAMORO AUTONOMOUS REGION IN MUSLIM MINDANAO3/,First Decile,Average Savings,5.93,thousand_pesos
2023,BANGSAMORO AUTONOMOUS REGION IN MUSLIM MINDANAO3/,Fourth Decile,Average Expenditure,143.67,thousand_pesos
2023,BANGSAMORO AUTONOMOUS REGION IN MUSLIM MINDANAO3/,Fourth Decile,Average Income,162.99,thousand_pesos
2023,BANGSAMORO AUTONOMOUS REGION IN MUSLIM MINDANAO3/,Fourth Decile,Average Savings,19.32,thousand_pesos
2023,BANGSAMORO AUTONOMOUS REGION IN MUSLIM MINDANAO3/,Ninth Decile,Average Expenditure,160.48,thousand_pesos
2023,BANGSAMORO AUTONOMOUS REGION IN MUSLIM MINDANAO3/,Ninth Decile,Average Income,212.33,thousand_pesos
2023,BANGSAMORO AUTONOMOUS REGION IN MUSLIM MINDANAO3/,Ninth Decile,Average Savings,51.85,thousand_pesos
2023,BANGSAMORO AUTONOMOUS REGION IN MUSLIM MINDANAO3/,Second Decile,Average Expenditure,127.74,thousand_pesos
2023,BANGSAMORO AUTONOMOUS REGION IN MUSLIM MINDANAO3/,Second Decile,Average Income,139.27,thousand_pesos
2023,BANGSAMORO AUTONOMOUS REGION IN MUSLIM MINDANAO3/,Second Decile,Average Savings,11.53,thousand_pesos
2023,BANGSAMORO AUTONOMOUS REGION IN MUSLIM MINDANAO3/,Seventh Decile,Average Expenditure,146.39,thousand_pesos
2023,BANGSAMORO AUTONOMOUS REGION IN MUSLIM MINDANAO3/,Seventh Decile,Average Income,180.68,thousand_pesos
2023,BANGSAMORO AUTONOMOUS REGION IN MUSLIM MINDANAO3/,Seventh Decile,Average Savings,34.29,thousand_pesos
2023,BANGSAMORO AUTONOMOUS REGION IN MUSLIM MINDANAO3/,Sixth Decile,Average Expenditure,148.48,thousand_pesos
2023,BANGSAMORO AUTONOMOUS REGION IN MUSLIM MINDANAO3/,Sixth Decile,Average Income,176.75,thousand_pesos
2023,BANGSAMORO AUTONOMOUS REGION IN MUSLIM MINDANAO3/,Sixth Decile,Average Savings,28.26,thousand_pesos
2023,BANGSAMORO AUTONOMOUS REGION IN MUSLIM MINDANAO3/,Tenth Decile,Average Expenditure,217.16,thousand_pesos
2023,BANGSAMORO AUTONOMOUS REGION IN MUSLIM MINDANAO3/,Tenth Decile,Average Income,327.84,thousand_pesos
2023,BANGSAMORO AUTONOMOUS REGION IN MUSLIM MINDANAO3/,Tenth Decile,Average Savings,110.68,thousand_pesos
2023,BANGSAMORO AUTONOMOUS REGION IN MUSLIM MINDANAO3/,Third Decile,Average Expenditure,141.88,thousand_pesos
2023,BANGSAMORO AUTONOMOUS REGION IN MUSLIM MINDANAO3/,Third Decile,Average Income,157.62,thousand_pesos
2023,BANGSAMORO AUTONOMOUS REGION IN MUSLIM MINDANAO3/,Third Decile,Average Savings,15.75,thousand_pesos
2023,BASILAN,All Income Groups,Average Expenditure,138.17,thousand_pesos
2023,BASILAN,All Income Groups,Average Income,176.31,thousand_pesos
2023,BASILAN,All Income Groups,Average Savings,38.14,thousand_pesos
2023,BASILAN,Eighth Decile,Average Expenditure,130.31,thousand_pesos
2023,BASILAN,Eighth Decile,Average Income,169.17,thousand_pesos
2023,BASILAN,Eighth Decile,Average Savings,38.86,thousand_pesos
2023,BASILAN,Fifth Decile,Average Expenditure,128.08,thousand_pesos
2023,BASILAN,Fifth Decile,Average Income,157.31,thousand_pesos
2023,BASILAN,Fifth Decile,Average Savings,29.24,thousand_pesos
2023,BASILAN,First Decile,Average Expenditure,127.47,thousand_pesos
2023,BASILAN,First Decile,Average Income,147.43,thousand_pesos
2023,BASILAN,First Decile,Average Savings,19.96,thousand_pesos
2023,BASILAN,Fourth Decile,Average Expenditure,138.75,thousand_pesos
2023,BASILAN,Fourth Decile,Average Income,169.15,thousand_pesos
2023,BASILAN,Fourth Decile,Average Savings,30.4,thousand_pesos
2023,BASILAN,Ninth Decile,Average Expenditure,142.54,thousand_pesos
2023,BASILAN,Ninth Decile,Average Income,187.03,thousand_pesos
2023,BASILAN,Ninth Decile,Average Savings,44.49,thousand_pesos
2023,BASILAN,Second Decile,Average Expenditure,123.07,thousand_pesos
2023,BASILAN,Second Decile,Average Income,148.17,thousand_pesos
2023,BASILAN,Second Decile,Average Savings,25.1,thousand_pesos
2023,BASILAN,Seventh Decile,Average Expenditure,125.29,thousand_pesos
2023,BASILAN,Seventh Decile,Average Income,162.53,thousand_pesos
2023,BASILAN,Seventh Decile,Average Savings,37.24,thousand_pesos
2023,BASILAN,Sixth Decile,Average Expenditure,135.8,thousand_pesos
2023,BASILAN,Sixth Decile,Average Income,168.39,thousand_pesos
2023,BASILAN,Sixth Decile,Average Savings,32.59,thousand_pesos
2023,BASILAN,Tenth Decile,Average Expenditure,201.86,thousand_pesos
2023,BASILAN,Tenth Decile,Average Income,298.65,thousand_pesos
2023,BASILAN,Tenth Decile,Average Savings,96.79,thousand_pesos
2023,BASILAN,Third Decile,Average Expenditure,128.37,thousand_pesos
2023,BASILAN,Third Decile,Average Income,154.93,thousand_pesos
2023,BASILAN,Third Decile,Average Savings,26.56,thousand_pesos
2023,BATAAN,All Income Groups,Average Expenditure,252.4,thousand_pesos
2023,BATAAN,All Income Groups,Average Income,345.22,thousand_pesos
2023,BATAAN,All Income Groups,Average Savings,92.81,thousand_pesos
2023,BATAAN,Eighth Decile,Average Expenditure,263.6,thousand_pesos
2023,BATAAN,Eighth Decile,Average Income,392.01,thousand_pesos
2023,BATAAN,Eighth Decile,Average Savings,128.41,thousand_pesos
2023,BATAAN,Fifth Decile,Average Expenditure,225.93,thousand_pesos
2023,BATAAN,Fifth Decile,Average Income,284.59,thousand_pesos
2023,BATAAN,Fifth Decile,Average Savings,58.65,thousand_pesos
2023,BATAAN,First Decile,Average Expenditure,152.54,thousand_pesos
2023,BATAAN,First Decile,Average Income,152.62,thousand_pesos
2023,BATAAN,First Decile,Average Savings,0.07,thousand_pesos
2023,BATAAN,Fourth Decile,Average Expenditure,214.76,thousand_pesos
2023,BATAAN,Fourth Decile,Average Income,261.64,thousand_pesos
2023,BATAAN,Fourth Decile,Average Savings,46.89,thousand_pesos
2023,BATAAN,Ninth Decile,Average Expenditure,345.23,thousand_pesos
2023,BATAAN,Ninth Decile,Average Income,480.53,thousand_pesos
2023,BATAAN,Ninth Decile,Average Savings,135.3,thousand_pesos
2023,BATAAN,Second Decile,Average Expenditure,180.3,thousand_pesos
2023,BATAAN,Second Decile,Average Income,191.5,thousand_pesos
2023,BATAAN,Second Decile,Average Savings,11.2,thousand_pesos
2023,BATAAN,Seventh Decile,Average Expenditure,232.4,thousand_pesos
2023,BATAAN,Seventh Decile,Average Income,332.51,thousand_pesos
2023,BATAAN,Seventh Decile,Average Savings,100.11,thousand_pesos
2023,BATAAN,Sixth Decile,Average Expenditure,232.23,thousand_pesos
2023,BATAAN,Sixth Decile,Average Income,305.2,thousand_pesos
2023,BATAAN,Sixth Decile,Average Savings,72.97,thousand_pesos
2023,BATAAN,Tenth Decile,Average Expenditure,493.39,thousand_pesos
2023,BATAAN,Tenth Decile,Average Income,838.57,thousand_pesos
2023,BATAAN,Tenth Decile,Average Savings,345.18,thousand_pesos
2023,BATAAN,Third Decile,Average Expenditure,182.39,thousand_pesos
2023,BATAAN,Third Decile,Average Income,210.82,thousand_pesos
2023,BATAAN,Third Decile,Average Savings,28.43,thousand_pesos
2023,BATANES,All Income Groups,Average Expenditure,239.16,thousand_pesos
2023,BATANES,All Income Groups,Average Income,387.09,thousand_pesos
2023,BATANES,All Income Groups,Average Savings,147.94,thousand_pesos
2023,BATANES,Eighth Decile,Average Expenditure,263.35,thousand_pesos
2023,BATANES,Eighth Decile,Average Income,424.08,thousand_pesos
2023,BATANES,Eighth Decile,Average Savings,160.73,thousand_pesos
2023,BATANES,Fifth Decile,Average Expenditure,194.69,thousand_pesos
2023,BATANES,Fifth Decile,Average Income,283.67,thousand_pesos
2023,BATANES,Fifth Decile,Average Savings,88.97,thousand_pesos
2023,BATANES,First Decile,Average Expenditure,134.67,thousand_pesos
2023,BATANES,First Decile,Average Income,161.29,thousand_pesos
2023,BATANES,First Decile,Average Savings,26.62,thousand_pesos
2023,BATANES,Fourth Decile,Average Expenditure,199.12,thousand_pesos
2023,BATANES,Fourth Decile,Average Income,264.86,thousand_pesos
2023,BATANES,Fourth Decile,Average Savings,65.74,thousand_pesos
2023,BATANES,Ninth Decile,Average Expenditure,333.46,thousand_pesos
2023,BATANES,Ninth Decile,Average Income,573.78,thousand_pesos
2023,BATANES,Ninth Decile,Average Savings,240.32,thousand_pesos
2023,BATANES,Second Decile,Average Expenditure,168.63,thousand_pesos
2023,BATANES,Second Decile,Average Income,214.38,thousand_pesos
2023,BATANES,Second Decile,Average Savings,45.75,thousand_pesos
2023,BATANES,Seventh Decile,Average Expenditure,232.4,thousand_pesos
2023,BATANES,Seventh Decile,Average Income,354.79,thousand_pesos
2023,BATANES,Seventh Decile,Average Savings,122.39,thousand_pesos
2023,BATANES,Sixth Decile,Average Expenditure,219.89,thousand_pesos
2023,BATANES,Sixth Decile,Average Income,328.81,thousand_pesos
2023,BATANES,Sixth Decile,Average Savings,108.92,thousand_pesos
2023,BATANES,Tenth Decile,Average Expenditure,455.31,thousand_pesos
2023,BATANES,Tenth Decile,Average Income,983.92,thousand_pesos
2023,BATANES,Tenth Decile,Average Savings,528.62,thousand_pesos
2023,BATANES,Third Decile,Average Expenditure,186.95,thousand_pesos
2023,BATANES,Third Decile,Average Income,273.3,thousand_pesos
2023,BATANES,Third Decile,Average Savings,86.34,thousand_pesos
2023,BATANGAS,All Income Groups,Average Expenditure,249.3,thousand_pesos
2023,BATANGAS,All Income Groups,Average Income,358.44,thousand_pesos
2023,BATANGAS,All Income Groups,Average Savings,109.15,thousand_pesos
2023,BATANGAS,Eighth Decile,Average Expenditure,279.92,thousand_pesos
2023,BATANGAS,Eighth Decile,Average Income,414.06,thousand_pesos
2023,BATANGAS,Eighth Decile,Average Savings,134.14,thousand_pesos
2023,BATANGAS,Fifth Decile,Average Expenditure,219.53,thousand_pesos
2023,BATANGAS,Fifth Decile,Average Income,299.54,thousand_pesos
2023,BATANGAS,Fifth Decile,Average Savings,80.01,thousand_pesos
2023,BATANGAS,First Decile,Average Expenditure,147.88,thousand_pesos
2023,BATANGAS,First Decile,Average Income,174.22,thousand_pesos
2023,BATANGAS,First Decile,Average Savings,26.35,thousand_pesos
2023,BATANGAS,Fourth Decile,Average Expenditure,198.82,thousand_pesos
2023,BATANGAS,Fourth Decile,Average Income,264.41,thousand_pesos
2023,BATANGAS,Fourth Decile,Average Savings,65.58,thousand_pesos
2023,BATANGAS,Ninth Decile,Average Expenditure,320.42,thousand_pesos
2023,BATANGAS,Ninth Decile,Average Income,484.27,thousand_pesos
2023,BATANGAS,Ninth Decile,Average Savings,163.85,thousand_pesos
2023,BATANGAS,Second Decile,Average Expenditure,166.59,thousand_pesos
2023,BATANGAS,Second Decile,Average Income,206.41,thousand_pesos
2023,BATANGAS,Second Decile,Average Savings,39.82,thousand_pesos
2023,BATANGAS,Seventh Decile,Average Expenditure,245.27,thousand_pesos
2023,BATANGAS,Seventh Decile,Average Income,345.47,thousand_pesos
2023,BATANGAS,Seventh Decile,Average Savings,100.19,thousand_pesos
2023,BATANGAS,Sixth Decile,Average Expenditure,235.43,thousand_pesos
2023,BATANGAS,Sixth Decile,Average Income,316.64,thousand_pesos
2023,BATANGAS,Sixth Decile,Average Savings,81.21,thousand_pesos
2023,BATANGAS,Tenth Decile,Average Expenditure,488.3,thousand_pesos
2023,BATANGAS,Tenth Decile,Average Income,839.83,thousand_pesos
2023,BATANGAS,Tenth Decile,Average Savings,351.53,thousand_pesos
2023,BATANGAS,Third Decile,Average Expenditure,189.95,thousand_pesos
2023,BATANGAS,Third Decile,Average Income,238.02,thousand_pesos
2023,BATANGAS,Third Decile,Average Savings,48.07,thousand_pesos
2023,BENGUET (Excluding City of Baguio),All Income Groups,Average Expenditure,212.02,thousand_pesos
2023,BENGUET (Excluding City of Baguio),All Income Groups,Average Income,305.61,thousand_pesos
2023,BENGUET (Excluding City of Baguio),All Income Groups,Average Savings,93.59,thousand_pesos
2023,BENGUET (Excluding City of Baguio),Eighth Decile,Average Expenditure,229.58,thousand_pesos
2023,BENGUET (Excluding City of Baguio),Eighth Decile,Average Income,361.36,thousand_pesos
2023,BENGUET (Excluding City of Baguio),Eighth Decile,Average Savings,131.78,thousand_pesos
2023,BENGUET (Excluding City of Baguio),Fifth Decile,Average Expenditure,201.08,thousand_pesos
2023,BENGUET (Excluding City of Baguio),Fifth Decile,Average Income,263.73,thousand_pesos
2023,BENGUET (Excluding City of Baguio),Fifth Decile,Average Savings,62.66,thousand_pesos
2023,BENGUET (Excluding City of Baguio),First Decile,Average Expenditure,143.09,thousand_pesos
2023,BENGUET (Excluding City of Baguio),First Decile,Average Income,151.67,thousand_pesos
2023,BENGUET (Excluding City of Baguio),First Decile,Average Savings,8.59,thousand_pesos
2023,BENGUET (Excluding City of Baguio),Fourth Decile,Average Expenditure,181.99,thousand_pesos
2023,BENGUET (Excluding City of Baguio),Fourth Decile,Average Income,243.55,thousand_pesos
2023,BENGUET (Excluding City of Baguio),Fourth Decile,Average Savings,61.55,thousand_pesos
2023,BENGUET (Excluding City of Baguio),Ninth Decile,Average Expenditure,242.99,thousand_pesos
2023,BENGUET (Excluding City of Baguio),Ninth Decile,Average Income,404.42,thousand_pesos
2023,BENGUET (Excluding City of Baguio),Ninth Decile,Average Savings,161.42,thousand_pesos
2023,BENGUET (Excluding City of Baguio),Second Decile,Average Expenditure,173.62,thousand_pesos
2023,BENGUET (Excluding City of Baguio),Second Decile,Average Income,195.94,thousand_pesos
2023,BENGUET (Excluding City of Baguio),Second Decile,Average Savings,22.32,thousand_pesos
2023,BENGUET (Excluding City of Baguio),Seventh Decile,Average Expenditure,227.41,thousand_pesos
2023,BENGUET (Excluding City of Baguio),Seventh Decile,Average Income,338.97,thousand_pesos
2023,BENGUET (Excluding City of Baguio),Seventh Decile,Average Savings,111.55,thousand_pesos
2023,BENGUET (Excluding City of Baguio),Sixth Decile,Average Expenditure,217.28,thousand_pesos
2023,BENGUET (Excluding City of Baguio),Sixth Decile,Average Income,306.9,thousand_pesos
2023,BENGUET (Excluding City of Baguio),Sixth Decile,Average Savings,89.62,thousand_pesos
2023,BENGUET (Excluding City of Baguio),Tenth Decile,Average Expenditure,309.74,thousand_pesos
2023,BENGUET (Excluding City of Baguio),Tenth Decile,Average Income,561.61,thousand_pesos
2023,BENGUET (Excluding City of Baguio),Tenth Decile,Average Savings,251.87,thousand_pesos
2023,BENGUET (Excluding City of Baguio),Third Decile,Average Expenditure,192.69,thousand_pesos
2023,BENGUET (Excluding City of Baguio),Third Decile,Average Income,226.48,thousand_pesos
2023,BENGUET (Excluding City of Baguio),Third Decile,Average Savings,33.79,thousand_pesos
2023,BILIRAN,All Income Groups,Average Expenditure,193.24,thousand_pesos
2023,BILIRAN,All Income Groups,Average Income,273.71,thousand_pesos
2023,BILIRAN,All Income Groups,Average Savings,80.47,thousand_pesos
2023,BILIRAN,Eighth Decile,Average Expenditure,204.2,thousand_pesos
2023,BILIRAN,Eighth Decile,Average Income,267.45,thousand_pesos
2023,BILIRAN,Eighth Decile,Average Savings,63.25,thousand_pesos
2023,BILIRAN,Fifth Decile,Average Expenditure,142.94,thousand_pesos
2023,BILIRAN,Fifth Decile,Average Income,193.21,thousand_pesos
2023,BILIRAN,Fifth Decile,Average Savings,50.27,thousand_pesos
2023,BILIRAN,First Decile,Average Expenditure,119.36,thousand_pesos
2023,BILIRAN,First Decile,Average Income,140.19,thousand_pesos
2023,BILIRAN,First Decile,Average Savings,20.82,thousand_pesos
2023,BILIRAN,Fourth Decile,Average Expenditure,140.25,thousand_pesos
2023,BILIRAN,Fourth Decile,Average Income,181.57,thousand_pesos
2023,BILIRAN,Fourth Decile,Average Savings,41.31,thousand_pesos
2023,BILIRAN,Ninth Decile,Average Expenditure,275.53,thousand_pesos
2023,BILIRAN,Ninth Decile,Average Income,400.21,thousand_pesos
2023,BILIRAN,Ninth Decile,Average Savings,124.67,thousand_pesos
2023,BILIRAN,Second Decile,Average Expenditure,130.76,thousand_pesos
2023,BILIRAN,Second Decile,Average Income,163.48,thousand_pesos
2023,BILIRAN,Second Decile,Average Savings,32.72,thousand_pesos
2023,BILIRAN,Seventh Decile,Average Expenditure,161.28,thousand_pesos
2023,BILIRAN,Seventh Decile,Average Income,211.69,thousand_pesos
2023,BILIRAN,Seventh Decile,Average Savings,50.41,thousand_pesos
2023,BILIRAN,Sixth Decile,Average Expenditure,141.27,thousand_pesos
2023,BILIRAN,Sixth Decile,Average Income,194.17,thousand_pesos
2023,BILIRAN,Sixth Decile,Average Savings,52.9,thousand_pesos
2023,BILIRAN,Tenth Decile,Average Expenditure,479.61,thousand_pesos
2023,BILIRAN,Tenth Decile,Average Income,813.09,thousand_pesos
2023,BILIRAN,Tenth Decile,Average Savings,333.48,thousand_pesos
2023,BILIRAN,Third Decile,Average Expenditure,135.68,thousand_pesos
2023,BILIRAN,Third Decile,Average Income,169.07,thousand_pesos
2023,BILIRAN,Third Decile,Average Savings,33.39,thousand_pesos
2023,BOHOL,All Income Groups,Average Expenditure,172.24,thousand_pesos
2023,BOHOL,All Income Groups,Average Income,260.69,thousand_pesos
2023,BOHOL,All Income Groups,Average Savings,88.45,thousand_pesos
2023,BOHOL,Eighth Decile,Average Expenditure,175.81,thousand_pesos
2023,BOHOL,Eighth Decile,Average Income,277.45,thousand_pesos
2023,BOHOL,Eighth Decile,Average Savings,101.64,thousand_pesos
2023,BOHOL,Fifth Decile,Average Expenditure,138.76,thousand_pesos
2023,BOHOL,Fifth Decile,Average Income,188.34,thousand_pesos
2023,BOHOL,Fifth Decile,Average Savings,49.57,thousand_pesos
2023,BOHOL,First Decile,Average Expenditure,107.38,thousand_pesos
2023,BOHOL,First Decile,Average Income,109.76,thousand_pesos
2023,BOHOL,First Decile,Average Savings,2.37,thousand_pesos
2023,BOHOL,Fourth Decile,Average Expenditure,128.84,thousand_pesos
2023,BOHOL,Fourth Decile,Average Income,180.34,thousand_pesos
2023,BOHOL,Fourth Decile,Average Savings,51.5,thousand_pesos
2023,BOHOL,Ninth Decile,Average Expenditure,225.24,thousand_pesos
2023,BOHOL,Ninth Decile,Average Income,358.49,thousand_pesos
2023,BOHOL,Ninth Decile,Average Savings,133.25,thousand_pesos
2023,BOHOL,Second Decile,Average Expenditure,113.98,thousand_pesos
2023,BOHOL,Second Decile,Average Income,135.37,thousand_pesos
2023,BOHOL,Second Decile,Average Savings,21.39,thousand_pesos
2023,BOHOL,Seventh Decile,Average Expenditure,166.35,thousand_pesos
2023,BOHOL,Seventh Decile,Average Income,247.7,thousand_pesos
2023,BOHOL,Seventh Decile,Average Savings,81.34,thousand_pesos
2023,BOHOL,Sixth Decile,Average Expenditure,144.26,thousand_pesos
2023,BOHOL,Sixth Decile,Average Income,210.64,thousand_pesos
2023,BOHOL,Sixth Decile,Average Savings,66.38,thousand_pesos
2023,BOHOL,Tenth Decile,Average Expenditure,395.25,thousand_pesos
2023,BOHOL,Tenth Decile,Average Income,728.51,thousand_pesos
2023,BOHOL,Tenth Decile,Average Savings,333.26,thousand_pesos
2023,BOHOL,Third Decile,Average Expenditure,124.95,thousand_pesos
2023,BOHOL,Third Decile,Average Income,166.91,thousand_pesos
2023,BOHOL,Third Decile,Average Savings,41.96,thousand_pesos
2023,BUKIDNON,All Income Groups,Average Expenditure,226.6,thousand_pesos
2023,BUKIDNON,All Income Groups,Average Income,264.06,thousand_pesos
2023,BUKIDNON,All Income Groups,Average Savings,37.46,thousand_pesos
2023,BUKIDNON,Eighth Decile,Average Expenditure,235.69,thousand_pesos
2023,BUKIDNON,Eighth Decile,Average Income,272.44,thousand_pesos
2023,BUKIDNON,Eighth Decile,Average Savings,36.76,thousand_pesos
2023,BUKIDNON,Fifth Decile,Average Expenditure,199.49,thousand_pesos
2023,BUKIDNON,Fifth Decile,Average Income,228.52,thousand_pesos
2023,BUKIDNON,Fifth Decile,Average Savings,29.02,thousand_pesos
2023,BUKIDNON,First Decile,Average Expenditure,151.81,thousand_pesos
2023,BUKIDNON,First Decile,Average Income,178.87,thousand_pesos
2023,BUKIDNON,First Decile,Average Savings,27.06,thousand_pesos
2023,BUKIDNON,Fourth Decile,Average Expenditure,189.14,thousand_pesos
2023,BUKIDNON,Fourth Decile,Average Income,220.67,thousand_pesos
2023,BUKIDNON,Fourth Decile,Average Savings,31.54,thousand_pesos
2023,BUKIDNON,Ninth Decile,Average Expenditure,271.73,thousand_pesos
2023,BUKIDNON,Ninth Decile,Average Income,315.46,thousand_pesos
2023,BUKIDNON,Ninth Decile,Average Savings,43.73,thousand_pesos
2023,BUKIDNON,Second Decile,Average Expenditure,171.03,thousand_pesos
2023,BUKIDNON,Second Decile,Average Income,199.41,thousand_pesos
2023,BUKIDNON,Second Decile,Average Savings,28.38,thousand_pesos
2023,BUKIDNON,Seventh Decile,Average Expenditure,211.09,thousand_pesos
2023,BUKIDNON,Seventh Decile,Average Income,245.51,thousand_pesos
2023,BUKIDNON,Seventh Decile,Average Savings,34.42,thousand_pesos
2023,BUKIDNON,Sixth Decile,Average Expenditure,214.43,thousand_pesos
2023,BUKIDNON,Sixth Decile,Average Income,243.3,thousand_pesos
2023,BUKIDNON,Sixth Decile,Average Savings,28.86,thousand_pesos
2023,BUKIDNON,Tenth Decile,Average Expenditure,434.54,thousand_pesos
2023,BUKIDNON,Tenth Decile,Average Income,519.81,thousand_pesos
2023,BUKIDNON,Tenth Decile,Average Savings,85.27,thousand_pesos
2023,BUKIDNON,Third Decile,Average Expenditure,185.75,thousand_pesos
2023,BUKIDNON,Third Decile,Average Income,215.08,thousand_pesos
2023,BUKIDNON,Third Decile,Average Savings,29.32,thousand_pesos
2023,BULACAN,All Income Groups,Average Expenditure,267.4,thousand_pesos
2023,BULACAN,All Income Groups,Average Income,331.5,thousand_pesos
2023,BULACAN,All Income Groups,Average Savings,64.1,thousand_pesos
2023,BULACAN,Eighth Decile,Average Expenditure,302.98,thousand_pesos
2023,BULACAN,Eighth Decile,Average Income,377.73,thousand_pesos
2023,BULACAN,Eighth Decile,Average Savings,74.74,thousand_pesos
2023,BULACAN,Fifth Decile,Average Expenditure,234.49,thousand_pesos
2023,BULACAN,Fifth Decile,Average Income,274.86,thousand_pesos
2023,BULACAN,Fifth Decile,Average Savings,40.37,thousand_pesos
2023,BULACAN,First Decile,Average Expenditure,173.22,thousand_pesos
2023,BULACAN,First Decile,Average Income,187.29,thousand_pesos
2023,BULACAN,First Decile,Average Savings,14.07,thousand_pesos
2023,BULACAN,Fourth Decile,Average Expenditure,228.42,thousand_pesos
2023,BULACAN,Fourth Decile,Average Income,271.61,thousand_pesos
2023,BULACAN,Fourth Decile,Average Savings,43.19,thousand_pesos
2023,BULACAN,Ninth Decile,Average Expenditure,347.51,thousand_pesos
2023,BULACAN,Ninth Decile,Average Income,450.42,thousand_pesos
2023,BULACAN,Ninth Decile,Average Savings,102.91,thousand_pesos
2023,BULACAN,Second Decile,Average Expenditure,198.86,thousand_pesos
2023,BULACAN,Second Decile,Average Income,227.22,thousand_pesos
2023,BULACAN,Second Decile,Average Savings,28.36,thousand_pesos
2023,BULACAN,Seventh Decile,Average Expenditure,286.21,thousand_pesos
2023,BULACAN,Seventh Decile,Average Income,353.03,thousand_pesos
2023,BULACAN,Seventh Decile,Average Savings,66.82,thousand_pesos
2023,BULACAN,Sixth Decile,Average Expenditure,264.51,thousand_pesos
2023,BULACAN,Sixth Decile,Average Income,324.76,thousand_pesos
2023,BULACAN,Sixth Decile,Average Savings,60.25,thousand_pesos
2023,BULACAN,Tenth Decile,Average Expenditure,417.81,thousand_pesos
2023,BULACAN,Tenth Decile,Average Income,590.32,thousand_pesos
2023,BULACAN,Tenth Decile,Average Savings,172.51,thousand_pesos
2023,BULACAN,Third Decile,Average Expenditure,219.0,thousand_pesos
2023,BULACAN,Third Decile,Average Income,256.12,thousand_pesos
2023,BULACAN,Third Decile,Average Savings,37.12,thousand_pesos
2023,CAGAYAN,All Income Groups,Average Expenditure,200.15,thousand_pesos
2023,CAGAYAN,All Income Groups,Average Income,294.57,thousand_pesos
2023,CAGAYAN,All Income Groups,Average Savings,94.42,thousand_pesos
2023,CAGAYAN,Eighth Decile,Average Expenditure,214.61,thousand_pesos
2023,CAGAYAN,Eighth Decile,Average Income,317.53,thousand_pesos
2023,CAGAYAN,Eighth Decile,Average Savings,102.92,thousand_pesos
2023,CAGAYAN,Fifth Decile,Average Expenditure,174.86,thousand_pesos
2023,CAGAYAN,Fifth Decile,Average Income,220.2,thousand_pesos
2023,CAGAYAN,Fifth Decile,Average Savings,45.34,thousand_pesos
2023,CAGAYAN,First Decile,Average Expenditure,123.59,thousand_pesos
2023,CAGAYAN,First Decile,Average Income,136.51,thousand_pesos
2023,CAGAYAN,First Decile,Average Savings,12.92,thousand_pesos
2023,CAGAYAN,Fourth Decile,Average Expenditure,154.49,thousand_pesos
2023,CAGAYAN,Fourth Decile,Average Income,199.28,thousand_pesos
2023,CAGAYAN,Fourth Decile,Average Savings,44.79,thousand_pesos
2023,CAGAYAN,Ninth Decile,Average Expenditure,253.4,thousand_pesos
2023,CAGAYAN,Ninth Decile,Average Income,390.67,thousand_pesos
2023,CAGAYAN,Ninth Decile,Average Savings,137.27,thousand_pesos
2023,CAGAYAN,Second Decile,Average Expenditure,148.76,thousand_pesos
2023,CAGAYAN,Second Decile,Average Income,175.15,thousand_pesos
2023,CAGAYAN,Second Decile,Average Savings,26.38,thousand_pesos
2023,CAGAYAN,Seventh Decile,Average Expenditure,194.92,thousand_pesos
2023,CAGAYAN,Seventh Decile,Average Income,263.18,thousand_pesos
2023,CAGAYAN,Seventh Decile,Average Savings,68.25,thousand_pesos
2023,CAGAYAN,Sixth Decile,Average Expenditure,182.16,thousand_pesos
2023,CAGAYAN,Sixth Decile,Average Income,251.85,thousand_pesos
2023,CAGAYAN,Sixth Decile,Average Savings,69.69,thousand_pesos
2023,CAGAYAN,Tenth Decile,Average Expenditure,396.57,thousand_pesos
2023,CAGAYAN,Tenth Decile,Average Income,794.53,thousand_pesos
2023,CAGAYAN,Tenth Decile,Average Savings,397.96,thousand_pesos
2023,CAGAYAN,Third Decile,Average Expenditure,157.5,thousand_pesos
2023,CAGAYAN,Third Decile,Average Income,195.37,thousand_pesos
2023,CAGAYAN,Third Decile,Average Savings,37.87,thousand_pesos
2023,CAMARINES NORTE,All Income Groups,Average Expenditure,169.67,thousand_pesos
2023,CAMARINES NORTE,All Income Groups,Average Income,255.64,thousand_pesos
2023,CAMARINES NORTE,All Income Groups,Average Savings,85.97,thousand_pesos
2023,CAMARINES NORTE,Eighth Decile,Average Expenditure,164.19,thousand_pesos
2023,CAMARINES NORTE,Eighth Decile,Average Income,234.44,thousand_pesos
2023,CAMARINES NORTE,Eighth Decile,Average Savings,70.24,thousand_pesos
2023,CAMARINES NORTE,Fifth Decile,Average Expenditure,142.26,thousand_pesos
2023,CAMARINES NORTE,Fifth Decile,Average Income,192.23,thousand_pesos
2023,CAMARINES NORTE,Fifth Decile,Average Savings,49.97,thousand_pesos
2023,CAMARINES NORTE,First Decile,Average Expenditure,111.25,thousand_pesos
2023,CAMARINES NORTE,First Decile,Average Income,137.51,thousand_pesos
2023,CAMARINES NORTE,First Decile,Average Savings,26.26,thousand_pesos
2023,CAMARINES NORTE,Fourth Decile,Average Expenditure,137.83,thousand_pesos
2023,CAMARINES NORTE,Fourth Decile,Average Income,177.98,thousand_pesos
2023,CAMARINES NORTE,Fourth Decile,Average Savings,40.15,thousand_pesos
2023,CAMARINES NORTE,Ninth Decile,Average Expenditure,199.19,thousand_pesos
2023,CAMARINES NORTE,Ninth Decile,Average Income,312.85,thousand_pesos
2023,CAMARINES NORTE,Ninth Decile,Average Savings,113.66,thousand_pesos
2023,CAMARINES NORTE,Second Decile,Average Expenditure,128.87,thousand_pesos
2023,CAMARINES NORTE,Second Decile,Average Income,160.77,thousand_pesos
2023,CAMARINES NORTE,Second Decile,Average Savings,31.9,thousand_pesos
2023,CAMARINES NORTE,Seventh Decile,Average Expenditure,169.57,thousand_pesos
2023,CAMARINES NORTE,Seventh Decile,Average Income,228.39,thousand_pesos
2023,CAMARINES NORTE,Seventh Decile,Average Savings,58.82,thousand_pesos
2023,CAMARINES NORTE,Sixth Decile,Average Expenditure,147.39,thousand_pesos
2023,CAMARINES NORTE,Sixth Decile,Average Income,199.26,thousand_pesos
2023,CAMARINES NORTE,Sixth Decile,Average Savings,51.87,thousand_pesos
2023,CAMARINES NORTE,Tenth Decile,Average Expenditure,357.03,thousand_pesos
2023,CAMARINES NORTE,Tenth Decile,Average Income,733.61,thousand_pesos
2023,CAMARINES NORTE,Tenth Decile,Average Savings,376.58,thousand_pesos
2023,CAMARINES NORTE,Third Decile,Average Expenditure,138.02,thousand_pesos
2023,CAMARINES NORTE,Third Decile,Average Income,176.73,thousand_pesos
2023,CAMARINES NORTE,Third Decile,Average Savings,38.72,thousand_pesos
2023,CAMARINES SUR,All Income Groups,Average Expenditure,180.26,thousand_pesos
2023,CAMARINES SUR,All Income Groups,Average Income,287.24,thousand_pesos
2023,CAMARINES SUR,All Income Groups,Average Savings,106.98,thousand_pesos
2023,CAMARINES SUR,Eighth Decile,Average Expenditure,204.68,thousand_pesos
2023,CAMARINES SUR,Eighth Decile,Average Income,301.22,thousand_pesos
2023,CAMARINES SUR,Eighth Decile,Average Savings,96.54,thousand_pesos
2023,CAMARINES SUR,Fifth Decile,Average Expenditure,126.66,thousand_pesos
2023,CAMARINES SUR,Fifth Decile,Average Income,187.02,thousand_pesos
2023,CAMARINES SUR,Fifth Decile,Average Savings,60.35,thousand_pesos
2023,CAMARINES SUR,First Decile,Average Expenditure,93.65,thousand_pesos
2023,CAMARINES SUR,First Decile,Average Income,120.61,thousand_pesos
2023,CAMARINES SUR,First Decile,Average Savings,26.96,thousand_pesos
2023,CAMARINES SUR,Fourth Decile,Average Expenditure,125.51,thousand_pesos
2023,CAMARINES SUR,Fourth Decile,Average Income,184.09,thousand_pesos
2023,CAMARINES SUR,Fourth Decile,Average Savings,58.58,thousand_pesos
2023,CAMARINES SUR,Ninth Decile,Average Expenditure,296.5,thousand_pesos
2023,CAMARINES SUR,Ninth Decile,Average Income,463.67,thousand_pesos
2023,CAMARINES SUR,Ninth Decile,Average Savings,167.17,thousand_pesos
2023,CAMARINES SUR,Second Decile,Average Expenditure,105.84,thousand_pesos
2023,CAMARINES SUR,Second Decile,Average Income,144.95,thousand_pesos
2023,CAMARINES SUR,Second Decile,Average Savings,39.11,thousand_pesos
2023,CAMARINES SUR,Seventh Decile,Average Expenditure,158.51,thousand_pesos
2023,CAMARINES SUR,Seventh Decile,Average Income,234.7,thousand_pesos
2023,CAMARINES SUR,Seventh Decile,Average Savings,76.19,thousand_pesos
2023,CAMARINES SUR,Sixth Decile,Average Expenditure,144.61,thousand_pesos
2023,CAMARINES SUR,Sixth Decile,Average Income,219.1,thousand_pesos
2023,CAMARINES SUR,Sixth Decile,Average Savings,74.49,thousand_pesos
2023,CAMARINES SUR,Tenth Decile,Average Expenditure,431.37,thousand_pesos
2023,CAMARINES SUR,Tenth Decile,Average Income,851.96,thousand_pesos
2023,CAMARINES SUR,Tenth Decile,Average Savings,420.59,thousand_pesos
2023,CAMARINES SUR,Third Decile,Average Expenditure,114.08,thousand_pesos
2023,CAMARINES SUR,Third Decile,Average Income,162.21,thousand_pesos
2023,CAMARINES SUR,Third Decile,Average Savings,48.13,thousand_pesos
2023,CAMIGUIN,All Income Groups,Average Expenditure,177.71,thousand_pesos
2023,CAMIGUIN,All Income Groups,Average Income,233.11,thousand_pesos
2023,CAMIGUIN,All Income Groups,Average Savings,55.4,thousand_pesos
2023,CAMIGUIN,Eighth Decile,Average Expenditure,180.46,thousand_pesos
2023,CAMIGUIN,Eighth Decile,Average Income,222.14,thousand_pesos
2023,CAMIGUIN,Eighth Decile,Average Savings,41.68,thousand_pesos
2023,CAMIGUIN,Fifth Decile,Average Expenditure,125.24,thousand_pesos
2023,CAMIGUIN,Fifth Decile,Average Income,141.32,thousand_pesos
2023,CAMIGUIN,Fifth Decile,Average Savings,16.08,thousand_pesos
2023,CAMIGUIN,First Decile,Average Expenditure,101.54,thousand_pesos
2023,CAMIGUIN,First Decile,Average Income,110.04,thousand_pesos
2023,CAMIGUIN,First Decile,Average Savings,8.5,thousand_pesos
2023,CAMIGUIN,Fourth Decile,Average Expenditure,118.55,thousand_pesos
2023,CAMIGUIN,Fourth Decile,Average Income,133.91,thousand_pesos
2023,CAMIGUIN,Fourth Decile,Average Savings,15.36,thousand_pesos
2023,CAMIGUIN,Ninth Decile,Average Expenditure,237.07,thousand_pesos
2023,CAMIGUIN,Ninth Decile,Average Income,310.72,thousand_pesos
2023,CAMIGUIN,Ninth Decile,Average Savings,73.65,thousand_pesos
2023,CAMIGUIN,Second Decile,Average Expenditure,111.88,thousand_pesos
2023,CAMIGUIN,Second Decile,Average Income,123.82,thousand_pesos
2023,CAMIGUIN,Second Decile,Average Savings,11.94,thousand_pesos
2023,CAMIGUIN,Seventh Decile,Average Expenditure,155.01,thousand_pesos
2023,CAMIGUIN,Seventh Decile,Average Income,182.76,thousand_pesos
2023,CAMIGUIN,Seventh Decile,Average Savings,27.75,thousand_pesos
2023,CAMIGUIN,Sixth Decile,Average Expenditure,134.71,thousand_pesos
2023,CAMIGUIN,Sixth Decile,Average Income,157.67,thousand_pesos
2023,CAMIGUIN,Sixth Decile,Average Savings,22.96,thousand_pesos
2023,CAMIGUIN,Tenth Decile,Average Expenditure,496.02,thousand_pesos
2023,CAMIGUIN,Tenth Decile,Average Income,819.65,thousand_pesos
2023,CAMIGUIN,Tenth Decile,Average Savings,323.63,thousand_pesos
2023,CAMIGUIN,Third Decile,Average Expenditure,115.8,thousand_pesos
2023,CAMIGUIN,Third Decile,Average Income,127.6,thousand_pesos
2023,CAMIGUIN,Third Decile,Average Savings,11.8,thousand_pesos
2023,CAPIZ,All Income Groups,Average Expenditure,200.79,thousand_pesos
2023,CAPIZ,All Income Groups,Average Income,238.12,thousand_pesos
2023,CAPIZ,All Income Groups,Average Savings,37.34,thousand_pesos
2023,CAPIZ,Eighth Decile,Average Expenditure,221.84,thousand_pesos
2023,CAPIZ,Eighth Decile,Average Income,258.95,thousand_pesos
2023,CAPIZ,Eighth Decile,Average Savings,37.11,thousand_pesos
2023,CAPIZ,Fifth Decile,Average Expenditure,161.29,thousand_pesos
2023,CAPIZ,Fifth Decile,Average Income,183.53,thousand_pesos
2023,CAPIZ,Fifth Decile,Average Savings,22.23,thousand_pesos
2023,CAPIZ,First Decile,Average Expenditure,122.28,thousand_pesos
2023,CAPIZ,First Decile,Average Income,128.91,thousand_pesos
2023,CAPIZ,First Decile,Average Savings,6.63,thousand_pesos
2023,CAPIZ,Fourth Decile,Average Expenditure,180.27,thousand_pesos
2023,CAPIZ,Fourth Decile,Average Income,195.31,thousand_pesos
2023,CAPIZ,Fourth Decile,Average Savings,15.04,thousand_pesos
2023,CAPIZ,Ninth Decile,Average Expenditure,247.86,thousand_pesos
2023,CAPIZ,Ninth Decile,Average Income,300.23,thousand_pesos
2023,CAPIZ,Ninth Decile,Average Savings,52.37,thousand_pesos
2023,CAPIZ,Second Decile,Average Expenditure,139.17,thousand_pesos
2023,CAPIZ,Second Decile,Average Income,153.2,thousand_pesos
2023,CAPIZ,Second Decile,Average Savings,14.04,thousand_pesos
2023,CAPIZ,Seventh Decile,Average Expenditure,189.45,thousand_pesos
2023,CAPIZ,Seventh Decile,Average Income,214.14,thousand_pesos
2023,CAPIZ,Seventh Decile,Average Savings,24.69,thousand_pesos
2023,CAPIZ,Sixth Decile,Average Expenditure,188.28,thousand_pesos
2023,CAPIZ,Sixth Decile,Average Income,211.17,thousand_pesos
2023,CAPIZ,Sixth Decile,Average Savings,22.89,thousand_pesos
2023,CAPIZ,Tenth Decile,Average Expenditure,395.17,thousand_pesos
2023,CAPIZ,Tenth Decile,Average Income,560.21,thousand_pesos
2023,CAPIZ,Tenth Decile,Average Savings,165.04,thousand_pesos
2023,CAPIZ,Third Decile,Average Expenditure,161.58,thousand_pesos
2023,CAPIZ,Third Decile,Average Income,174.46,thousand_pesos
2023,CAPIZ,Third Decile,Average Savings,12.88,thousand_pesos
2023,CARAGA,All Income Groups,Average Expenditure,189.95,thousand_pesos
2023,CARAGA,All Income Groups,Average Income,246.5,thousand_pesos
2023,CARAGA,All Income Groups,Average Savings,56.55,thousand_pesos
2023,CARAGA,Eighth Decile,Average Expenditure,199.23,thousand_pesos
2023,CARAGA,Eighth Decile,Average Income,253.22,thousand_pesos
2023,CARAGA,Eighth Decile,Average Savings,53.99,thousand_pesos
2023,CARAGA,Fifth Decile,Average Expenditure,154.92,thousand_pesos
2023,CARAGA,Fifth Decile,Average Income,180.82,thousand_pesos
2023,CARAGA,Fifth Decile,Average Savings,25.9,thousand_pesos
2023,CARAGA,First Decile,Average Expenditure,111.12,thousand_pesos
2023,CARAGA,First Decile,Average Income,116.04,thousand_pesos
2023,CARAGA,First Decile,Average Savings,4.92,thousand_pesos
2023,CARAGA,Fourth Decile,Average Expenditure,146.99,thousand_pesos
2023,CARAGA,Fourth Decile,Average Income,169.02,thousand_pesos
2023,CARAGA,Fourth Decile,Average Savings,22.03,thousand_pesos
2023,CARAGA,Ninth Decile,Average Expenditure,244.81,thousand_pesos
2023,CARAGA,Ninth Decile,Average Income,330.02,thousand_pesos
2023,CARAGA,Ninth Decile,Average Savings,85.21,thousand_pesos
2023,CARAGA,Second Decile,Average Expenditure,127.45,thousand_pesos
2023,CARAGA,Second Decile,Average Income,140.32,thousand_pesos
2023,CARAGA,Second Decile,Average Savings,12.88,thousand_pesos
2023,CARAGA,Seventh Decile,Average Expenditure,173.21,thousand_pesos
2023,CARAGA,Seventh Decile,Average Income,210.82,thousand_pesos
2023,CARAGA,Seventh Decile,Average Savings,37.61,thousand_pesos
2023,CARAGA,Sixth Decile,Average Expenditure,162.85,thousand_pesos
2023,CARAGA,Sixth Decile,Average Income,197.09,thousand_pesos
2023,CARAGA,Sixth Decile,Average Savings,34.24,thousand_pesos
2023,CARAGA,Tenth Decile,Average Expenditure,441.97,thousand_pesos
2023,CARAGA,Tenth Decile,Average Income,714.81,thousand_pesos
2023,CARAGA,Tenth Decile,Average Savings,272.85,thousand_pesos
2023,CARAGA,Third Decile,Average Expenditure,136.52,thousand_pesos
2023,CARAGA,Third Decile,Average Income,152.06,thousand_pesos
2023,CARAGA,Third Decile,Average Savings,15.54,thousand_pesos
2023,CATANDUANES,All Income Groups,Average Expenditure,205.8,thousand_pesos
2023,CATANDUANES,All Income Groups,Average Income,251.51,thousand_pesos
2023,CATANDUANES,All Income Groups,Average Savings,45.71,thousand_pesos
2023,CATANDUANES,Eighth Decile,Average Expenditure,224.35,thousand_pesos
2023,CATANDUANES,Eighth Decile,Average Income,259.55,thousand_pesos
2023,CATANDUANES,Eighth Decile,Average Savings,35.2,thousand_pesos
2023,CATANDUANES,Fifth Decile,Average Expenditure,153.99,thousand_pesos
2023,CATANDUANES,Fifth Decile,Average Income,167.77,thousand_pesos
2023,CATANDUANES,Fifth Decile,Average Savings,13.78,thousand_pesos
2023,CATANDUANES,First Decile,Average Expenditure,109.98,thousand_pesos
2023,CATANDUANES,First Decile,Average Income,114.48,thousand_pesos
2023,CATANDUANES,First Decile,Average Savings,4.51,thousand_pesos
2023,CATANDUANES,Fourth Decile,Average Expenditure,146.16,thousand_pesos
2023,CATANDUANES,Fourth Decile,Average Income,159.6,thousand_pesos
2023,CATANDUANES,Fourth Decile,Average Savings,13.44,thousand_pesos
2023,CATANDUANES,Ninth Decile,Average Expenditure,286.85,thousand_pesos
2023,CATANDUANES,Ninth Decile,Average Income,360.8,thousand_pesos
2023,CATANDUANES,Ninth Decile,Average Savings,73.94,thousand_pesos
2023,CATANDUANES,Second Decile,Average Expenditure,121.97,thousand_pesos
2023,CATANDUANES,Second Decile,Average Income,129.75,thousand_pesos
2023,CATANDUANES,Second Decile,Average Savings,7.79,thousand_pesos
2023,CATANDUANES,Seventh Decile,Average Expenditure,181.04,thousand_pesos
2023,CATANDUANES,Seventh Decile,Average Income,199.27,thousand_pesos
2023,CATANDUANES,Seventh Decile,Average Savings,18.23,thousand_pesos
2023,CATANDUANES,Sixth Decile,Average Expenditure,164.39,thousand_pesos
2023,CATANDUANES,Sixth Decile,Average Income,180.95,thousand_pesos
2023,CATANDUANES,Sixth Decile,Average Savings,16.57,thousand_pesos
2023,CATANDUANES,Tenth Decile,Average Expenditure,532.1,thousand_pesos
2023,CATANDUANES,Tenth Decile,Average Income,792.36,thousand_pesos
2023,CATANDUANES,Tenth Decile,Average Savings,260.26,thousand_pesos
2023,CATANDUANES,Third Decile,Average Expenditure,135.99,thousand_pesos
2023,CATANDUANES,Third Decile,Average Income,148.6,thousand_pesos
2023,CATANDUANES,Third Decile,Average Savings,12.61,thousand_pesos
2023,CAVITE,All Income Groups,Average Expenditure,279.41,thousand_pesos
2023,CAVITE,All Income Groups,Average Income,407.86,thousand_pesos
2023,CAVITE,All Income Groups,Average Savings,128.46,thousand_pesos
2023,CAVITE,Eighth Decile,Average Expenditure,311.96,thousand_pesos
2023,CAVITE,Eighth Decile,Average Income,442.86,thousand_pesos
2023,CAVITE,Eighth Decile,Average Savings,130.91,thousand_pesos
2023,CAVITE,Fifth Decile,Average Expenditure,254.4,thousand_pesos
2023,CAVITE,Fifth Decile,Average Income,348.12,thousand_pesos
2023,CAVITE,Fifth Decile,Average Savings,93.72,thousand_pesos
2023,CAVITE,First Decile,Average Expenditure,162.65,thousand_pesos
2023,CAVITE,First Decile,Average Income,199.5,thousand_pesos
2023,CAVITE,First Decile,Average Savings,36.85,thousand_pesos
2023,CAVITE,Fourth Decile,Average Expenditure,223.33,thousand_pesos
2023,CAVITE,Fourth Decile,Average Income,303.02,thousand_pesos
2023,CAVITE,Fourth Decile,Average Savings,79.69,thousand_pesos
2023,CAVITE,Ninth Decile,Average Expenditure,363.81,thousand_pesos
2023,CAVITE,Ninth Decile,Average Income,589.65,thousand_pesos
2023,CAVITE,Ninth Decile,Average Savings,225.83,thousand_pesos
2023,CAVITE,Second Decile,Average Expenditure,202.17,thousand_pesos
2023,CAVITE,Second Decile,Average Income,256.78,thousand_pesos
2023,CAVITE,Second Decile,Average Savings,54.61,thousand_pesos
2023,CAVITE,Seventh Decile,Average Expenditure,287.98,thousand_pesos
2023,CAVITE,Seventh Decile,Average Income,408.21,thousand_pesos
2023,CAVITE,Seventh Decile,Average Savings,120.23,thousand_pesos
2023,CAVITE,Sixth Decile,Average Expenditure,288.52,thousand_pesos
2023,CAVITE,Sixth Decile,Average Income,399.59,thousand_pesos
2023,CAVITE,Sixth Decile,Average Savings,111.07,thousand_pesos
2023,CAVITE,Tenth Decile,Average Expenditure,490.62,thousand_pesos
2023,CAVITE,Tenth Decile,Average Income,851.06,thousand_pesos
2023,CAVITE,Tenth Decile,Average Savings,360.45,thousand_pesos
2023,CAVITE,Third Decile,Average Expenditure,207.2,thousand_pesos
2023,CAVITE,Third Decile,Average Income,277.15,thousand_pesos
2023,CAVITE,Third Decile,Average Savings,69.95,thousand_pesos
2023,"CEBU (Excluding City of Cebu, City of Lapu-Lapu, City of Mandaue)",All Income Groups,Average Expenditure,172.74,thousand_pesos
2023,"CEBU (Excluding City of Cebu, City of Lapu-Lapu, City of Mandaue)",All Income Groups,Average Income,261.48,thousand_pesos
2023,"CEBU (Excluding City of Cebu, City of Lapu-Lapu, City of Mandaue)",All Income Groups,Average Savings,88.74,thousand_pesos
2023,"CEBU (Excluding City of Cebu, City of Lapu-Lapu, City of Mandaue)",Eighth Decile,Average Expenditure,188.54,thousand_pesos
2023,"CEBU (Excluding City of Cebu, City of Lapu-Lapu, City of Mandaue)",Eighth Decile,Average Income,293.0,thousand_pesos
2023,"CEBU (Excluding City of Cebu, City of Lapu-Lapu, City of Mandaue)",Eighth Decile,Average Savings,104.46,thousand_pesos
2023,"CEBU (Excluding City of Cebu, City of Lapu-Lapu, City of Mandaue)",Fifth Decile,Average Expenditure,143.82,thousand_pesos
2023,"CEBU (Excluding City of Cebu, City of Lapu-Lapu, City of Mandaue)",Fifth Decile,Average Income,212.12,thousand_pesos
2023,"CEBU (Excluding City of Cebu, City of Lapu-Lapu, City of Mandaue)",Fifth Decile,Average Savings,68.3,thousand_pesos
2023,"CEBU (Excluding City of Cebu, City of Lapu-Lapu, City of Mandaue)",First Decile,Average Expenditure,108.27,thousand_pesos
2023,"CEBU (Excluding City of Cebu, City of Lapu-Lapu, City of Mandaue)",First Decile,Average Income,131.25,thousand_pesos
2023,"CEBU (Excluding City of Cebu, City of Lapu-Lapu, City of Mandaue)",First Decile,Average Savings,22.98,thousand_pesos
2023,"CEBU (Excluding City of Cebu, City of Lapu-Lapu, City of Mandaue)",Fourth Decile,Average Expenditure,134.42,thousand_pesos
2023,"CEBU (Excluding City of Cebu, City of Lapu-Lapu, City of Mandaue)",Fourth Decile,Average Income,195.18,thousand_pesos
2023,"CEBU (Excluding City of Cebu, City of Lapu-Lapu, City of Mandaue)",Fourth Decile,Average Savings,60.76,thousand_pesos
2023,"CEBU (Excluding City of Cebu, City of Lapu-Lapu, City of Mandaue)",Ninth Decile,Average Expenditure,220.97,thousand_pesos
2023,"CEBU (Excluding City of Cebu, City of Lapu-Lapu, City of Mandaue)",Ninth Decile,Average Income,340.37,thousand_pesos
2023,"CEBU (Excluding City of Cebu, City of Lapu-Lapu, City of Mandaue)",Ninth Decile,Average Savings,119.4,thousand_pesos
2023,"CEBU (Excluding City of Cebu, City of Lapu-Lapu, City of Mandaue)",Second Decile,Average Expenditure,114.99,thousand_pesos
2023,"CEBU (Excluding City of Cebu, City of Lapu-Lapu, City of Mandaue)",Second Decile,Average Income,162.12,thousand_pesos
2023,"CEBU (Excluding City of Cebu, City of Lapu-Lapu, City of Mandaue)",Second Decile,Average Savings,47.13,thousand_pesos
2023,"CEBU (Excluding City of Cebu, City of Lapu-Lapu, City of Mandaue)",Seventh Decile,Average Expenditure,167.88,thousand_pesos
2023,"CEBU (Excluding City of Cebu, City of Lapu-Lapu, City of Mandaue)",Seventh Decile,Average Income,251.01,thousand_pesos
2023,"CEBU (Excluding City of Cebu, City of Lapu-Lapu, City of Mandaue)",Seventh Decile,Average Savings,83.13,thousand_pesos
2023,"CEBU (Excluding City of Cebu, City of Lapu-Lapu, City of Mandaue)",Sixth Decile,Average Expenditure,162.93,thousand_pesos
2023,"CEBU (Excluding City of Cebu, City of Lapu-Lapu, City of Mandaue)",Sixth Decile,Average Income,241.69,thousand_pesos
2023,"CEBU (Excluding City of Cebu, City of Lapu-Lapu, City of Mandaue)",Sixth Decile,Average Savings,78.76,thousand_pesos
2023,"CEBU (Excluding City of Cebu, City of Lapu-Lapu, City of Mandaue)",Tenth Decile,Average Expenditure,354.25,thousand_pesos
2023,"CEBU (Excluding City of Cebu, City of Lapu-Lapu, City of Mandaue)",Tenth Decile,Average Income,615.76,thousand_pesos
2023,"CEBU (Excluding City of Cebu, City of Lapu-Lapu, City of Mandaue)",Tenth Decile,Average Savings,261.5,thousand_pesos
2023,"CEBU (Excluding City of Cebu, City of Lapu-Lapu, City of Mandaue)",Third Decile,Average Expenditure,130.24,thousand_pesos
2023,"CEBU (Excluding City of Cebu, City of Lapu-Lapu, City of Mandaue)",Third Decile,Average Income,170.24,thousand_pesos
2023,"CEBU (Excluding City of Cebu, City of Lapu-Lapu, City of Mandaue)",Third Decile,Average Savings,40.0,thousand_pesos
2023,CORDILLERA ADMINISTRATIVE REGION,All Income Groups,Average Expenditure,220.91,thousand_pesos
2023,CORDILLERA ADMINISTRATIVE REGION,All Income Groups,Average Income,320.18,thousand_pesos
2023,CORDILLERA ADMINISTRATIVE REGION,All Income Groups,Average Savings,99.27,thousand_pesos
2023,CORDILLERA ADMINISTRATIVE REGION,Eighth Decile,Average Expenditure,253.18,thousand_pesos
2023,CORDILLERA ADMINISTRATIVE REGION,Eighth Decile,Average Income,389.23,thousand_pesos
2023,CORDILLERA ADMINISTRATIVE REGION,Eighth Decile,Average Savings,136.05,thousand_pesos
2023,CORDILLERA ADMINISTRATIVE REGION,Fifth Decile,Average Expenditure,193.41,thousand_pesos
2023,CORDILLERA ADMINISTRATIVE REGION,Fifth Decile,Average Income,254.23,thousand_pesos
2023,CORDILLERA ADMINISTRATIVE REGION,Fifth Decile,Average Savings,60.82,thousand_pesos
2023,CORDILLERA ADMINISTRATIVE REGION,First Decile,Average Expenditure,147.27,thousand_pesos
2023,CORDILLERA ADMINISTRATIVE REGION,First Decile,Average Income,157.36,thousand_pesos
2023,CORDILLERA ADMINISTRATIVE REGION,First Decile,Average Savings,10.09,thousand_pesos
2023,CORDILLERA ADMINISTRATIVE REGION,Fourth Decile,Average Expenditure,186.42,thousand_pesos
2023,CORDILLERA ADMINISTRATIVE REGION,Fourth Decile,Average Income,238.04,thousand_pesos
2023,CORDILLERA ADMINISTRATIVE REGION,Fourth Decile,Average Savings,51.62,thousand_pesos
2023,CORDILLERA ADMINISTRATIVE REGION,Ninth Decile,Average Expenditure,272.92,thousand_pesos
2023,CORDILLERA ADMINISTRATIVE REGION,Ninth Decile,Average Income,441.05,thousand_pesos
2023,CORDILLERA ADMINISTRATIVE REGION,Ninth Decile,Average Savings,168.13,thousand_pesos
2023,CORDILLERA ADMINISTRATIVE REGION,Second Decile,Average Expenditure,166.69,thousand_pesos
2023,CORDILLERA ADMINISTRATIVE REGION,Second Decile,Average Income,192.59,thousand_pesos
2023,CORDILLERA ADMINISTRATIVE REGION,Second Decile,Average Savings,25.9,thousand_pesos
2023,CORDILLERA ADMINISTRATIVE REGION,Seventh Decile,Average Expenditure,233.17,thousand_pesos
2023,CORDILLERA ADMINISTRATIVE REGION,Seventh Decile,Average Income,337.47,thousand_pesos
2023,CORDILLERA ADMINISTRATIVE REGION,Seventh Decile,Average Savings,104.3,thousand_pesos
2023,CORDILLERA ADMINISTRATIVE REGION,Sixth Decile,Average Expenditure,216.41,thousand_pesos
2023,CORDILLERA ADMINISTRATIVE REGION,Sixth Decile,Average Income,301.13,thousand_pesos
2023,CORDILLERA ADMINISTRATIVE REGION,Sixth Decile,Average Savings,84.72,thousand_pesos
2023,CORDILLERA ADMINISTRATIVE REGION,Tenth Decile,Average Expenditure,362.88,thousand_pesos
2023,CORDILLERA ADMINISTRATIVE REGION,Tenth Decile,Average Income,673.06,thousand_pesos
2023,CORDILLERA ADMINISTRATIVE REGION,Tenth Decile,Average Savings,310.18,thousand_pesos
2023,CORDILLERA ADMINISTRATIVE REGION,Third Decile,Average Expenditure,176.64,thousand_pesos
2023,CORDILLERA ADMINISTRATIVE REGION,Third Decile,Average Income,217.3,thousand_pesos
2023,CORDILLERA ADMINISTRATIVE REGION,Third Decile,Average Savings,40.67,thousand_pesos
2023,COTABATO,All Income Groups,Average Expenditure,189.68,thousand_pesos
2023,COTABATO,All Income Groups,Average Income,274.98,thousand_pesos
2023,COTABATO,All Income Groups,Average Savings,85.31,thousand_pesos
2023,COTABATO,Eighth Decile,Average Expenditure,205.42,thousand_pesos
2023,COTABATO,Eighth Decile,Average Income,280.85,thousand_pesos
2023,COTABATO,Eighth Decile,Average Savings,75.44,thousand_pesos
2023,COTABATO,Fifth Decile,Average Expenditure,148.57,thousand_pesos
2023,COTABATO,Fifth Decile,Average Income,191.79,thousand_pesos
2023,COTABATO,Fifth Decile,Average Savings,43.22,thousand_pesos
2023,COTABATO,First Decile,Average Expenditure,110.7,thousand_pesos
2023,COTABATO,First Decile,Average Income,106.53,thousand_pesos
2023,COTABATO,First Decile,Average Savings,-4.18,thousand_pesos
2023,COTABATO,Fourth Decile,Average Expenditure,146.96,thousand_pesos
2023,COTABATO,Fourth Decile,Average Income,174.08,thousand_pesos
2023,COTABATO,Fourth Decile,Average Savings,27.12,thousand_pesos
2023,COTABATO,Ninth Decile,Average Expenditure,235.27,thousand_pesos
2023,COTABATO,Ninth Decile,Average Income,365.3,thousand_pesos
2023,COTABATO,Ninth Decile,Average Savings,130.03,thousand_pesos
2023,COTABATO,Second Decile,Average Expenditure,128.57,thousand_pesos
2023,COTABATO,Second Decile,Average Income,137.66,thousand_pesos
2023,COTABATO,Second Decile,Average Savings,9.1,thousand_pesos
2023,COTABATO,Seventh Decile,Average Expenditure,183.75,thousand_pesos
2023,COTABATO,Seventh Decile,Average Income,247.53,thousand_pesos
2023,COTABATO,Seventh Decile,Average Savings,63.78,thousand_pesos
2023,COTABATO,Sixth Decile,Average Expenditure,154.87,thousand_pesos
2023,COTABATO,Sixth Decile,Average Income,213.28,thousand_pesos
2023,COTABATO,Sixth Decile,Average Savings,58.41,thousand_pesos
2023,COTABATO,Tenth Decile,Average Expenditure,452.67,thousand_pesos
2023,COTABATO,Tenth Decile,Average Income,872.43,thousand_pesos
2023,COTABATO,Tenth Decile,Average Savings,419.76,thousand_pesos
2023,COTABATO,Third Decile,Average Expenditure,128.36,thousand_pesos
2023,COTABATO,Third Decile,Average Income,156.59,thousand_pesos
2023,COTABATO,Third Decile,Average Savings,28.23,thousand_pesos
2023,City of Angeles,All Income Groups,Average Expenditure,332.81,thousand_pesos
2023,City of Angeles,All Income Groups,Average Income,447.35,thousand_pesos
2023,City of Angeles,All Income Groups,Average Savings,114.55,thousand_pesos
2023,City of Angeles,Eighth Decile,Average Expenditure,360.75,thousand_pesos
2023,City of Angeles,Eighth Decile,Average Income,501.21,thousand_pesos
2023,City of Angeles,Eighth Decile,Average Savings,140.46,thousand_pesos
2023,City of Angeles,Fifth Decile,Average Expenditure,332.91,thousand_pesos
2023,City of Angeles,Fifth Decile,Average Income,433.6,thousand_pesos
2023,City of Angeles,Fifth Decile,Average Savings,100.69,thousand_pesos
2023,City of Angeles,First Decile,Average Expenditure,268.13,thousand_pesos
2023,City of Angeles,First Decile,Average Income,309.25,thousand_pesos
2023,City of Angeles,First Decile,Average Savings,41.11,thousand_pesos
2023,City of Angeles,Fourth Decile,Average Expenditure,307.48,thousand_pesos
2023,City of Angeles,Fourth Decile,Average Income,399.02,thousand_pesos
2023,City of Angeles,Fourth Decile,Average Savings,91.54,thousand_pesos
2023,City of Angeles,Ninth Decile,Average Expenditure,374.93,thousand_pesos
2023,City of Angeles,Ninth Decile,Average Income,523.76,thousand_pesos
2023,City of Angeles,Ninth Decile,Average Savings,148.84,thousand_pesos
2023,City of Angeles,Second Decile,Average Expenditure,290.52,thousand_pesos
2023,City of Angeles,Second Decile,Average Income,362.43,thousand_pesos
2023,City of Angeles,Second Decile,Average Savings,71.91,thousand_pesos
2023,City of Angeles,Seventh Decile,Average Expenditure,339.7,thousand_pesos
2023,City of Angeles,Seventh Decile,Average Income,468.69,thousand_pesos
2023,City of Angeles,Seventh Decile,Average Savings,129.0,thousand_pesos
2023,City of Angeles,Sixth Decile,Average Expenditure,324.31,thousand_pesos
2023,City of Angeles,Sixth Decile,Average Income,444.33,thousand_pesos
2023,City of Angeles,Sixth Decile,Average Savings,120.03,thousand_pesos
2023,City of Angeles,Tenth Decile,Average Expenditure,422.88,thousand_pesos
2023,City of Angeles,Tenth Decile,Average Income,655.87,thousand_pesos
2023,City of Angeles,Tenth Decile,Average Savings,232.99,thousand_pesos
2023,City of Angeles,Third Decile,Average Expenditure,305.95,thousand_pesos
2023,City of Angeles,Third Decile,Average Income,374.29,thousand_pesos
2023,City of Angeles,Third Decile,Average Savings,68.34,thousand_pesos
2023,City of Bacolod,All Income Groups,Average Expenditure,260.97,thousand_pesos
2023,City of Bacolod,All Income Groups,Average Income,327.24,thousand_pesos
2023,City of Bacolod,All Income Groups,Average Savings,66.26,thousand_pesos
2023,City of Bacolod,Eighth Decile,Average Expenditure,311.59,thousand_pesos
2023,City of Bacolod,Eighth Decile,Average Income,402.33,thousand_pesos
2023,City of Bacolod,Eighth Decile,Average Savings,90.74,thousand_pesos
2023,City of Bacolod,Fifth Decile,Average Expenditure,239.27,thousand_pesos
2023,City of Bacolod,Fifth Decile,Average Income,295.34,thousand_pesos
2023,City of Bacolod,Fifth Decile,Average Savings,56.07,thousand_pesos
2023,City of Bacolod,First Decile,Average Expenditure,153.5,thousand_pesos
2023,City of Bacolod,First Decile,Average Income,169.57,thousand_pesos
2023,City of Bacolod,First Decile,Average Savings,16.08,thousand_pesos
2023,City of Bacolod,Fourth Decile,Average Expenditure,210.19,thousand_pesos
2023,City of Bacolod,Fourth Decile,Average Income,249.54,thousand_pesos
2023,City of Bacolod,Fourth Decile,Average Savings,39.36,thousand_pesos
2023,City of Bacolod,Ninth Decile,Average Expenditure,351.36,thousand_pesos
2023,City of Bacolod,Ninth Decile,Average Income,450.57,thousand_pesos
2023,City of Bacolod,Ninth Decile,Average Savings,99.21,thousand_pesos
2023,City of Bacolod,Second Decile,Average Expenditure,185.76,thousand_pesos
2023,City of Bacolod,Second Decile,Average Income,217.1,thousand_pesos
2023,City of Bacolod,Second Decile,Average Savings,31.34,thousand_pesos
2023,City of Bacolod,Seventh Decile,Average Expenditure,265.28,thousand_pesos
2023,City of Bacolod,Seventh Decile,Average Income,324.33,thousand_pesos
2023,City of Bacolod,Seventh Decile,Average Savings,59.04,thousand_pesos
2023,City of Bacolod,Sixth Decile,Average Expenditure,255.66,thousand_pesos
2023,City of Bacolod,Sixth Decile,Average Income,307.2,thousand_pesos
2023,City of Bacolod,Sixth Decile,Average Savings,51.54,thousand_pesos
2023,City of Bacolod,Tenth Decile,Average Expenditure,432.46,thousand_pesos
2023,City of Bacolod,Tenth Decile,Average Income,615.28,thousand_pesos
2023,City of Bacolod,Tenth Decile,Average Savings,182.82,thousand_pesos
2023,City of Bacolod,Third Decile,Average Expenditure,203.75,thousand_pesos
2023,City of Bacolod,Third Decile,Average Income,239.56,thousand_pesos
2023,City of Bacolod,Third Decile,Average Savings,35.81,thousand_pesos
2023,City of Baguio,All Income Groups,Average Expenditure,261.48,thousand_pesos
2023,City of Baguio,All Income Groups,Average Income,395.01,thousand_pesos
2023,City of Baguio,All Income Groups,Average Savings,133.53,thousand_pesos
2023,City of Baguio,Eighth Decile,Average Expenditure,301.85,thousand_pesos
2023,City of Baguio,Eighth Decile,Average Income,488.11,thousand_pesos
2023,City of Baguio,Eighth Decile,Average Savings,186.26,thousand_pesos
2023,City of Baguio,Fifth Decile,Average Expenditure,248.98,thousand_pesos
2023,City of Baguio,Fifth Decile,Average Income,357.09,thousand_pesos
2023,City of Baguio,Fifth Decile,Average Savings,108.1,thousand_pesos
2023,City of Baguio,First Decile,Average Expenditure,192.77,thousand_pesos
2023,City of Baguio,First Decile,Average Income,217.01,thousand_pesos
2023,City of Baguio,First Decile,Average Savings,24.24,thousand_pesos
2023,City of Baguio,Fourth Decile,Average Expenditure,249.65,thousand_pesos
2023,City of Baguio,Fourth Decile,Average Income,343.78,thousand_pesos
2023,City of Baguio,Fourth Decile,Average Savings,94.13,thousand_pesos
2023,City of Baguio,Ninth Decile,Average Expenditure,268.86,thousand_pesos
2023,City of Baguio,Ninth Decile,Average Income,461.19,thousand_pesos
2023,City of Baguio,Ninth Decile,Average Savings,192.33,thousand_pesos
2023,City of Baguio,Second Decile,Average Expenditure,205.02,thousand_pesos
2023,City of Baguio,Second Decile,Average Income,256.0,thousand_pesos
2023,City of Baguio,Second Decile,Average Savings,50.98,thousand_pesos
2023,City of Baguio,Seventh Decile,Average Expenditure,282.04,thousand_pesos
2023,City of Baguio,Seventh Decile,Average Income,442.53,thousand_pesos
2023,City of Baguio,Seventh Decile,Average Savings,160.49,thousand_pesos
2023,City of Baguio,Sixth Decile,Average Expenditure,275.55,thousand_pesos
2023,City of Baguio,Sixth Decile,Average Income,402.8,thousand_pesos
2023,City of Baguio,Sixth Decile,Average Savings,127.25,thousand_pesos
2023,City of Baguio,Tenth Decile,Average Expenditure,353.24,thousand_pesos
2023,City of Baguio,Tenth Decile,Average Income,669.61,thousand_pesos
2023,City of Baguio,Tenth Decile,Average Savings,316.37,thousand_pesos
2023,City of Baguio,Third Decile,Average Expenditure,236.13,thousand_pesos
2023,City of Baguio,Third Decile,Average Income,309.81,thousand_pesos
2023,City of Baguio,Third Decile,Average Savings,73.68,thousand_pesos
2023,City of Butuan,All Income Groups,Average Expenditure,252.52,thousand_pesos
2023,City of Butuan,All Income Groups,Average Income,337.69,thousand_pesos
2023,City of Butuan,All Income Groups,Average Savings,85.17,thousand_pesos
2023,City of Butuan,Eighth Decile,Average Expenditure,316.62,thousand_pesos
2023,City of Butuan,Eighth Decile,Average Income,397.73,thousand_pesos
2023,City of Butuan,Eighth Decile,Average Savings,81.11,thousand_pesos
2023,City of Butuan,Fifth Decile,Average Expenditure,187.34,thousand_pesos
2023,City of Butuan,Fifth Decile,Average Income,219.4,thousand_pesos
2023,City of Butuan,Fifth Decile,Average Savings,32.06,thousand_pesos
2023,City of Butuan,First Decile,Average Expenditure,111.37,thousand_pesos
2023,City of Butuan,First Decile,Average Income,117.59,thousand_pesos
2023,City of Butuan,First Decile,Average Savings,6.21,thousand_pesos
2023,City of Butuan,Fourth Decile,Average Expenditure,176.47,thousand_pesos
2023,City of Butuan,Fourth Decile,Average Income,195.5,thousand_pesos
2023,City of Butuan,Fourth Decile,Average Savings,19.03,thousand_pesos
2023,City of Butuan,Ninth Decile,Average Expenditure,370.22,thousand_pesos
2023,City of Butuan,Ninth Decile,Average Income,521.73,thousand_pesos
2023,City of Butuan,Ninth Decile,Average Savings,151.51,thousand_pesos
2023,City of Butuan,Second Decile,Average Expenditure,138.68,thousand_pesos
2023,City of Butuan,Second Decile,Average Income,153.29,thousand_pesos
2023,City of Butuan,Second Decile,Average Savings,14.61,thousand_pesos
2023,City of Butuan,Seventh Decile,Average Expenditure,250.46,thousand_pesos
2023,City of Butuan,Seventh Decile,Average Income,299.86,thousand_pesos
2023,City of Butuan,Seventh Decile,Average Savings,49.4,thousand_pesos
2023,City of Butuan,Sixth Decile,Average Expenditure,199.76,thousand_pesos
2023,City of Butuan,Sixth Decile,Average Income,233.56,thousand_pesos
2023,City of Butuan,Sixth Decile,Average Savings,33.8,thousand_pesos
2023,City of Butuan,Tenth Decile,Average Expenditure,607.53,thousand_pesos
2023,City of Butuan,Tenth Decile,Average Income,1051.51,thousand_pesos
2023,City of Butuan,Tenth Decile,Average Savings,443.98,thousand_pesos
2023,City of Butuan,Third Decile,Average Expenditure,165.5,thousand_pesos
2023,City of Butuan,Third Decile,Average Income,184.49,thousand_pesos
2023,City of Butuan,Third Decile,Average Savings,18.98,thousand_pesos
2023,City of Cagayan de Oro,All Income Groups,Average Expenditure,235.62,thousand_pesos
2023,City of Cagayan de Oro,All Income Groups,Average Income,344.86,thousand_pesos
2023,City of Cagayan de Oro,All Income Groups,Average Savings,109.23,thousand_pesos
2023,City of Cagayan de Oro,Eighth Decile,Average Expenditure,250.16,thousand_pesos
2023,City of Cagayan de Oro,Eighth Decile,Average Income,364.12,thousand_pesos
2023,City of Cagayan de Oro,Eighth Decile,Average Savings,113.97,thousand_pesos
2023,City of Cagayan de Oro,Fifth Decile,Average Expenditure,191.9,thousand_pesos
2023,City of Cagayan de Oro,Fifth Decile,Average Income,269.19,thousand_pesos
2023,City of Cagayan de Oro,Fifth Decile,Average Savings,77.29,thousand_pesos
2023,City of Cagayan de Oro,First Decile,Average Expenditure,138.08,thousand_pesos
2023,City of Cagayan de Oro,First Decile,Average Income,169.07,thousand_pesos
2023,City of Cagayan de Oro,First Decile,Average Savings,30.99,thousand_pesos
2023,City of Cagayan de Oro,Fourth Decile,Average Expenditure,174.68,thousand_pesos
2023,City of Cagayan de Oro,Fourth Decile,Average Income,246.44,thousand_pesos
2023,City of Cagayan de Oro,Fourth Decile,Average Savings,71.76,thousand_pesos
2023,City of Cagayan de Oro,Ninth Decile,Average Expenditure,293.2,thousand_pesos
2023,City of Cagayan de Oro,Ninth Decile,Average Income,447.6,thousand_pesos
2023,City of Cagayan de Oro,Ninth Decile,Average Savings,154.4,thousand_pesos
2023,City of Cagayan de Oro,Second Decile,Average Expenditure,152.72,thousand_pesos
2023,City of Cagayan de Oro,Second Decile,Average Income,195.65,thousand_pesos
2023,City of Cagayan de Oro,Second Decile,Average Savings,42.93,thousand_pesos
2023,City of Cagayan de Oro,Seventh Decile,Average Expenditure,225.3,thousand_pesos
2023,City of Cagayan de Oro,Seventh Decile,Average Income,330.63,thousand_pesos
2023,City of Cagayan de Oro,Seventh Decile,Average Savings,105.32,thousand_pesos
2023,City of Cagayan de Oro,Sixth Decile,Average Expenditure,227.42,thousand_pesos
2023,City of Cagayan de Oro,Sixth Decile,Average Income,331.45,thousand_pesos
2023,City of Cagayan de Oro,Sixth Decile,Average Savings,104.03,thousand_pesos
2023,City of Cagayan de Oro,Tenth Decile,Average Expenditure,531.72,thousand_pesos
2023,City of Cagayan de Oro,Tenth Decile,Average Income,866.62,thousand_pesos
2023,City of Cagayan de Oro,Tenth Decile,Average Savings,334.9,thousand_pesos
2023,City of Cagayan de Oro,Third Decile,Average Expenditure,169.19,thousand_pesos
2023,City of Cagayan de Oro,Third Decile,Average Income,224.53,thousand_pesos
2023,City of Cagayan de Oro,Third Decile,Average Savings,55.34,thousand_pesos
2023,City of Caloocan,All Income Groups,Average Expenditure,264.62,thousand_pesos
2023,City of Caloocan,All Income Groups,Average Income,350.48,thousand_pesos
2023,City of Caloocan,All Income Groups,Average Savings,85.86,thousand_pesos
2023,City of Caloocan,Eighth Decile,Average Expenditure,286.18,thousand_pesos
2023,City of Caloocan,Eighth Decile,Average Income,411.61,thousand_pesos
2023,City of Caloocan,Eighth Decile,Average Savings,125.43,thousand_pesos
2023,City of Caloocan,Fifth Decile,Average Expenditure,258.86,thousand_pesos
2023,City of Caloocan,Fifth Decile,Average Income,333.31,thousand_pesos
2023,City of Caloocan,Fifth Decile,Average Savings,74.45,thousand_pesos
2023,City of Caloocan,First Decile,Average Expenditure,211.57,thousand_pesos
2023,City of Caloocan,First Decile,Average Income,222.25,thousand_pesos
2023,City of Caloocan,First Decile,Average Savings,10.68,thousand_pesos
2023,City of Caloocan,Fourth Decile,Average Expenditure,242.54,thousand_pesos
2023,City of Caloocan,Fourth Decile,Average Income,306.69,thousand_pesos
2023,City of Caloocan,Fourth Decile,Average Savings,64.15,thousand_pesos
2023,City of Caloocan,Ninth Decile,Average Expenditure,298.53,thousand_pesos
2023,City of Caloocan,Ninth Decile,Average Income,431.29,thousand_pesos
2023,City of Caloocan,Ninth Decile,Average Savings,132.77,thousand_pesos
2023,City of Caloocan,Second Decile,Average Expenditure,226.3,thousand_pesos
2023,City of Caloocan,Second Decile,Average Income,255.26,thousand_pesos
2023,City of Caloocan,Second Decile,Average Savings,28.95,thousand_pesos
2023,City of Caloocan,Seventh Decile,Average Expenditure,283.04,thousand_pesos
2023,City of Caloocan,Seventh Decile,Average Income,389.48,thousand_pesos
2023,City of Caloocan,Seventh Decile,Average Savings,106.44,thousand_pesos
2023,City of Caloocan,Sixth Decile,Average Expenditure,267.4,thousand_pesos
2023,City of Caloocan,Sixth Decile,Average Income,348.85,thousand_pesos
2023,City of Caloocan,Sixth Decile,Average Savings,81.45,thousand_pesos
2023,City of Caloocan,Tenth Decile,Average Expenditure,349.17,thousand_pesos
2023,City of Caloocan,Tenth Decile,Average Income,540.16,thousand_pesos
2023,City of Caloocan,Tenth Decile,Average Savings,190.99,thousand_pesos
2023,City of Caloocan,Third Decile,Average Expenditure,222.16,thousand_pesos
2023,City of Caloocan,Third Decile,Average Income,264.91,thousand_pesos
2023,City of Caloocan,Third Decile,Average Savings,42.75,thousand_pesos
2023,City of Cebu,All Income Groups,Average Expenditure,231.85,thousand_pesos
2023,City of Cebu,All Income Groups,Average Income,344.38,thousand_pesos
2023,City of Cebu,All Income Groups,Average Savings,112.53,thousand_pesos
2023,City of Cebu,Eighth Decile,Average Expenditure,257.72,thousand_pesos
2023,City of Cebu,Eighth Decile,Average Income,410.96,thousand_pesos
2023,City of Cebu,Eighth Decile,Average Savings,153.24,thousand_pesos
2023,City of Cebu,Fifth Decile,Average Expenditure,205.05,thousand_pesos
2023,City of Cebu,Fifth Decile,Average Income,299.06,thousand_pesos
2023,City of Cebu,Fifth Decile,Average Savings,94.01,thousand_pesos
2023,City of Cebu,First Decile,Average Expenditure,147.45,thousand_pesos
2023,City of Cebu,First Decile,Average Income,187.59,thousand_pesos
2023,City of Cebu,First Decile,Average Savings,40.14,thousand_pesos
2023,City of Cebu,Fourth Decile,Average Expenditure,194.86,thousand_pesos
2023,City of Cebu,Fourth Decile,Average Income,277.52,thousand_pesos
2023,City of Cebu,Fourth Decile,Average Savings,82.66,thousand_pesos
2023,City of Cebu,Ninth Decile,Average Expenditure,272.01,thousand_pesos
2023,City of Cebu,Ninth Decile,Average Income,444.65,thousand_pesos
2023,City of Cebu,Ninth Decile,Average Savings,172.64,thousand_pesos
2023,City of Cebu,Second Decile,Average Expenditure,170.06,thousand_pesos
2023,City of Cebu,Second Decile,Average Income,222.11,thousand_pesos
2023,City of Cebu,Second Decile,Average Savings,52.05,thousand_pesos
2023,City of Cebu,Seventh Decile,Average Expenditure,234.96,thousand_pesos
2023,City of Cebu,Seventh Decile,Average Income,356.6,thousand_pesos
2023,City of Cebu,Seventh Decile,Average Savings,121.64,thousand_pesos
2023,City of Cebu,Sixth Decile,Average Expenditure,214.72,thousand_pesos
2023,City of Cebu,Sixth Decile,Average Income,322.28,thousand_pesos
2023,City of Cebu,Sixth Decile,Average Savings,107.57,thousand_pesos
2023,City of Cebu,Tenth Decile,Average Expenditure,433.41,thousand_pesos
2023,City of Cebu,Tenth Decile,Average Income,658.32,thousand_pesos
2023,City of Cebu,Tenth Decile,Average Savings,224.91,thousand_pesos
2023,City of Cebu,Third Decile,Average Expenditure,187.26,thousand_pesos
2023,City of Cebu,Third Decile,Average Income,263.19,thousand_pesos
2023,City of Cebu,Third Decile,Average Savings,75.93,thousand_pesos
2023,City of Cotabato,All Income Groups,Average Expenditure,191.83,thousand_pesos
2023,City of Cotabato,All Income Groups,Average Income,207.23,thousand_pesos
2023,City of Cotabato,All Income Groups,Average Savings,15.4,thousand_pesos
2023,City of Cotabato,Eighth Decile,Average Expenditure,205.72,thousand_pesos
2023,City of Cotabato,Eighth Decile,Average Income,221.98,thousand_pesos
2023,City of Cotabato,Eighth Decile,Average Savings,16.26,thousand_pesos
2023,City of Cotabato,Fifth Decile,Average Expenditure,168.34,thousand_pesos
2023,City of Cotabato,Fifth Decile,Average Income,169.41,thousand_pesos
2023,City of Cotabato,Fifth Decile,Average Savings,1.07,thousand_pesos
2023,City of Cotabato,First Decile,Average Expenditure,153.32,thousand_pesos
2023,City of Cotabato,First Decile,Average Income,145.4,thousand_pesos
2023,City of Cotabato,First Decile,Average Savings,-7.92,thousand_pesos
2023,City of Cotabato,Fourth Decile,Average Expenditure,164.87,thousand_pesos
2023,City of Cotabato,Fourth Decile,Average Income,165.85,thousand_pesos
2023,City of Cotabato,Fourth Decile,Average Savings,0.98,thousand_pesos
2023,City of Cotabato,Ninth Decile,Average Expenditure,214.35,thousand_pesos
2023,City of Cotabato,Ninth Decile,Average Income,244.67,thousand_pesos
2023,City of Cotabato,Ninth Decile,Average Savings,30.33,thousand_pesos
2023,City of Cotabato,Second Decile,Average Expenditure,164.44,thousand_pesos
2023,City of Cotabato,Second Decile,Average Income,161.52,thousand_pesos
2023,City of Cotabato,Second Decile,Average Savings,-2.92,thousand_pesos
2023,City of Cotabato,Seventh Decile,Average Expenditure,179.12,thousand_pesos
2023,City of Cotabato,Seventh Decile,Average Income,188.42,thousand_pesos
2023,City of Cotabato,Seventh Decile,Average Savings,9.3,thousand_pesos
2023,City of Cotabato,Sixth Decile,Average Expenditure,179.37,thousand_pesos
2023,City of Cotabato,Sixth Decile,Average Income,184.62,thousand_pesos
2023,City of Cotabato,Sixth Decile,Average Savings,5.25,thousand_pesos
2023,City of Cotabato,Tenth Decile,Average Expenditure,321.43,thousand_pesos
2023,City of Cotabato,Tenth Decile,Average Income,426.49,thousand_pesos
2023,City of Cotabato,Tenth Decile,Average Savings,105.06,thousand_pesos
2023,City of Cotabato,Third Decile,Average Expenditure,166.17,thousand_pesos
2023,City of Cotabato,Third Decile,Average Income,161.93,thousand_pesos
2023,City of Cotabato,Third Decile,Average Savings,-4.24,thousand_pesos
2023,City of Davao,All Income Groups,Average Expenditure,212.54,thousand_pesos
2023,City of Davao,All Income Groups,Average Income,368.02,thousand_pesos
2023,City of Davao,All Income Groups,Average Savings,155.48,thousand_pesos
2023,City of Davao,Eighth Decile,Average Expenditure,256.91,thousand_pesos
2023,City of Davao,Eighth Decile,Average Income,435.46,thousand_pesos
2023,City of Davao,Eighth Decile,Average Savings,178.55,thousand_pesos
2023,City of Davao,Fifth Decile,Average Expenditure,177.58,thousand_pesos
2023,City of Davao,Fifth Decile,Average Income,268.88,thousand_pesos
2023,City of Davao,Fifth Decile,Average Savings,91.29,thousand_pesos
2023,City of Davao,First Decile,Average Expenditure,92.98,thousand_pesos
2023,City of Davao,First Decile,Average Income,121.3,thousand_pesos
2023,City of Davao,First Decile,Average Savings,28.32,thousand_pesos
2023,City of Davao,Fourth Decile,Average Expenditure,166.95,thousand_pesos
2023,City of Davao,Fourth Decile,Average Income,250.0,thousand_pesos
2023,City of Davao,Fourth Decile,Average Savings,83.05,thousand_pesos
2023,City of Davao,Ninth Decile,Average Expenditure,272.17,thousand_pesos
2023,City of Davao,Ninth Decile,Average Income,492.85,thousand_pesos
2023,City of Davao,Ninth Decile,Average Savings,220.69,thousand_pesos
2023,City of Davao,Second Decile,Average Expenditure,119.82,thousand_pesos
2023,City of Davao,Second Decile,Average Income,167.11,thousand_pesos
2023,City of Davao,Second Decile,Average Savings,47.29,thousand_pesos
2023,City of Davao,Seventh Decile,Average Expenditure,213.52,thousand_pesos
2023,City of Davao,Seventh Decile,Average Income,345.18,thousand_pesos
2023,City of Davao,Seventh Decile,Average Savings,131.66,thousand_pesos
2023,City of Davao,Sixth Decile,Average Expenditure,193.92,thousand_pesos
2023,City of Davao,Sixth Decile,Average Income,302.46,thousand_pesos
2023,City of Davao,Sixth Decile,Average Savings,108.54,thousand_pesos
2023,City of Davao,Tenth Decile,Average Expenditure,489.14,thousand_pesos
2023,City of Davao,Tenth Decile,Average Income,1093.82,thousand_pesos
2023,City of Davao,Tenth Decile,Average Savings,604.68,thousand_pesos
2023,City of Davao,Third Decile,Average Expenditure,141.22,thousand_pesos
2023,City of Davao,Third Decile,Average Income,200.4,thousand_pesos
2023,City of Davao,Third Decile,Average Savings,59.18,thousand_pesos
2023,City of General Santos,All Income Groups,Average Expenditure,217.1,thousand_pesos
2023,City of General Santos,All Income Groups,Average Income,295.74,thousand_pesos
2023,City of General Santos,All Income Groups,Average Savings,78.63,thousand_pesos
2023,City of General Santos,Eighth Decile,Average Expenditure,230.83,thousand_pesos
2023,City of General Santos,Eighth Decile,Average Income,310.36,thousand_pesos
2023,City of General Santos,Eighth Decile,Average Savings,79.53,thousand_pesos
2023,City of General Santos,Fifth Decile,Average Expenditure,180.73,thousand_pesos
2023,City of General Santos,Fifth Decile,Average Income,221.98,thousand_pesos
2023,City of General Santos,Fifth Decile,Average Savings,41.25,thousand_pesos
2023,City of General Santos,First Decile,Average Expenditure,126.87,thousand_pesos
2023,City of General Santos,First Decile,Average Income,137.85,thousand_pesos
2023,City of General Santos,First Decile,Average Savings,10.97,thousand_pesos
2023,City of General Santos,Fourth Decile,Average Expenditure,157.23,thousand_pesos
2023,City of General Santos,Fourth Decile,Average Income,193.18,thousand_pesos
2023,City of General Santos,Fourth Decile,Average Savings,35.94,thousand_pesos
2023,City of General Santos,Ninth Decile,Average Expenditure,293.7,thousand_pesos
2023,City of General Santos,Ninth Decile,Average Income,435.0,thousand_pesos
2023,City of General Santos,Ninth Decile,Average Savings,141.3,thousand_pesos
2023,City of General Santos,Second Decile,Average Expenditure,143.52,thousand_pesos
2023,City of General Santos,Second Decile,Average Income,164.38,thousand_pesos
2023,City of General Santos,Second Decile,Average Savings,20.86,thousand_pesos
2023,City of General Santos,Seventh Decile,Average Expenditure,221.3,thousand_pesos
2023,City of General Santos,Seventh Decile,Average Income,276.85,thousand_pesos
2023,City of General Santos,Seventh Decile,Average Savings,55.56,thousand_pesos
2023,City of General Santos,Sixth Decile,Average Expenditure,194.74,thousand_pesos
2023,City of General Santos,Sixth Decile,Average Income,250.18,thousand_pesos
2023,City of General Santos,Sixth Decile,Average Savings,55.44,thousand_pesos
2023,City of General Santos,Tenth Decile,Average Expenditure,456.66,thousand_pesos
2023,City of General Santos,Tenth Decile,Average Income,777.58,thousand_pesos
2023,City of General Santos,Tenth Decile,Average Savings,320.92,thousand_pesos
2023,City of General Santos,Third Decile,Average Expenditure,163.76,thousand_pesos
2023,City of General Santos,Third Decile,Average Income,186.67,thousand_pesos
2023,City of General Santos,Third Decile,Average Savings,22.91,thousand_pesos
2023,City of Iligan,All Income Groups,Average Expenditure,235.35,thousand_pesos
2023,City of Iligan,All Income Groups,Average Income,343.37,thousand_pesos
2023,City of Iligan,All Income Groups,Average Savings,108.02,thousand_pesos
2023,City of Iligan,Eighth Decile,Average Expenditure,259.54,thousand_pesos
2023,City of Iligan,Eighth Decile,Average Income,374.19,thousand_pesos
2023,City of Iligan,Eighth Decile,Average Savings,114.65,thousand_pesos
2023,City of Iligan,Fifth Decile,Average Expenditure,171.72,thousand_pesos
2023,City of Iligan,Fifth Decile,Average Income,233.48,thousand_pesos
2023,City of Iligan,Fifth Decile,Average Savings,61.76,thousand_pesos
2023,City of Iligan,First Decile,Average Expenditure,107.16,thousand_pesos
2023,City of Iligan,First Decile,Average Income,135.0,thousand_pesos
2023,City of Iligan,First Decile,Average Savings,27.85,thousand_pesos
2023,City of Iligan,Fourth Decile,Average Expenditure,166.94,thousand_pesos
2023,City of Iligan,Fourth Decile,Average Income,224.29,thousand_pesos
2023,City of Iligan,Fourth Decile,Average Savings,57.35,thousand_pesos
2023,City of Iligan,Ninth Decile,Average Expenditure,333.16,thousand_pesos
2023,City of Iligan,Ninth Decile,Average Income,472.41,thousand_pesos
2023,City of Iligan,Ninth Decile,Average Savings,139.25,thousand_pesos
2023,City of Iligan,Second Decile,Average Expenditure,150.87,thousand_pesos
2023,City of Iligan,Second Decile,Average Income,195.51,thousand_pesos
2023,City of Iligan,Second Decile,Average Savings,44.63,thousand_pesos
2023,City of Iligan,Seventh Decile,Average Expenditure,228.12,thousand_pesos
2023,City of Iligan,Seventh Decile,Average Income,319.5,thousand_pesos
2023,City of Iligan,Seventh Decile,Average Savings,91.38,thousand_pesos
2023,City of Iligan,Sixth Decile,Average Expenditure,209.49,thousand_pesos
2023,City of Iligan,Sixth Decile,Average Income,288.83,thousand_pesos
2023,City of Iligan,Sixth Decile,Average Savings,79.34,thousand_pesos
2023,City of Iligan,Tenth Decile,Average Expenditure,578.43,thousand_pesos
2023,City of Iligan,Tenth Decile,Average Income,993.96,thousand_pesos
2023,City of Iligan,Tenth Decile,Average Savings,415.53,thousand_pesos
2023,City of Iligan,Third Decile,Average Expenditure,146.84,thousand_pesos
2023,City of Iligan,Third Decile,Average Income,194.58,thousand_pesos
2023,City of Iligan,Third Decile,Average Savings,47.74,thousand_pesos
2023,City of Iloilo,All Income Groups,Average Expenditure,273.31,thousand_pesos
2023,City of Iloilo,All Income Groups,Average Income,426.67,thousand_pesos
2023,City of Iloilo,All Income Groups,Average Savings,153.36,thousand_pesos
2023,City of Iloilo,Eighth Decile,Average Expenditure,307.69,thousand_pesos
2023,City of Iloilo,Eighth Decile,Average Income,453.44,thousand_pesos
2023,City of Iloilo,Eighth Decile,Average Savings,145.76,thousand_pesos
2023,City of Iloilo,Fifth Decile,Average Expenditure,230.18,thousand_pesos
2023,City of Iloilo,Fifth Decile,Average Income,350.87,thousand_pesos
2023,City of Iloilo,Fifth Decile,Average Savings,120.69,thousand_pesos
2023,City of Iloilo,First Decile,Average Expenditure,174.45,thousand_pesos
2023,City of Iloilo,First Decile,Average Income,197.49,thousand_pesos
2023,City of Iloilo,First Decile,Average Savings,23.04,thousand_pesos
2023,City of Iloilo,Fourth Decile,Average Expenditure,220.26,thousand_pesos
2023,City of Iloilo,Fourth Decile,Average Income,333.24,thousand_pesos
2023,City of Iloilo,Fourth Decile,Average Savings,112.98,thousand_pesos
2023,City of Iloilo,Ninth Decile,Average Expenditure,382.15,thousand_pesos
2023,City of Iloilo,Ninth Decile,Average Income,614.96,thousand_pesos
2023,City of Iloilo,Ninth Decile,Average Savings,232.81,thousand_pesos
2023,City of Iloilo,Second Decile,Average Expenditure,188.7,thousand_pesos
2023,City of Iloilo,Second Decile,Average Income,233.46,thousand_pesos
2023,City of Iloilo,Second Decile,Average Savings,44.75,thousand_pesos
2023,City of Iloilo,Seventh Decile,Average Expenditure,266.32,thousand_pesos
2023,City of Iloilo,Seventh Decile,Average Income,422.58,thousand_pesos
2023,City of Iloilo,Seventh Decile,Average Savings,156.25,thousand_pesos
2023,City of Iloilo,Sixth Decile,Average Expenditure,231.41,thousand_pesos
2023,City of Iloilo,Sixth Decile,Average Income,331.8,thousand_pesos
2023,City of Iloilo,Sixth Decile,Average Savings,100.39,thousand_pesos
2023,City of Iloilo,Tenth Decile,Average Expenditure,528.5,thousand_pesos
2023,City of Iloilo,Tenth Decile,Average Income,1046.74,thousand_pesos
2023,City of Iloilo,Tenth Decile,Average Savings,518.24,thousand_pesos
2023,City of Iloilo,Third Decile,Average Expenditure,201.23,thousand_pesos
2023,City of Iloilo,Third Decile,Average Income,276.47,thousand_pesos
2023,City of Iloilo,Third Decile,Average Savings,75.24,thousand_pesos
2023,City of Isabela,All Income Groups,Average Expenditure,165.73,thousand_pesos
2023,City of Isabela,All Income Groups,Average Income,211.73,thousand_pesos
2023,City of Isabela,All Income Groups,Average Savings,46.0,thousand_pesos
2023,City of Isabela,Eighth Decile,Average Expenditure,158.72,thousand_pesos
2023,City of Isabela,Eighth Decile,Average Income,200.11,thousand_pesos
2023,City of Isabela,Eighth Decile,Average Savings,41.39,thousand_pesos
2023,City of Isabela,Fifth Decile,Average Expenditure,128.14,thousand_pesos
2023,City of Isabela,Fifth Decile,Average Income,154.51,thousand_pesos
2023,City of Isabela,Fifth Decile,Average Savings,26.37,thousand_pesos
2023,City of Isabela,First Decile,Average Expenditure,101.78,thousand_pesos
2023,City of Isabela,First Decile,Average Income,114.43,thousand_pesos
2023,City of Isabela,First Decile,Average Savings,12.65,thousand_pesos
2023,City of Isabela,Fourth Decile,Average Expenditure,124.53,thousand_pesos
2023,City of Isabela,Fourth Decile,Average Income,148.45,thousand_pesos
2023,City of Isabela,Fourth Decile,Average Savings,23.92,thousand_pesos
2023,City of Isabela,Ninth Decile,Average Expenditure,189.31,thousand_pesos
2023,City of Isabela,Ninth Decile,Average Income,248.51,thousand_pesos
2023,City of Isabela,Ninth Decile,Average Savings,59.21,thousand_pesos
2023,City of Isabela,Second Decile,Average Expenditure,105.99,thousand_pesos
2023,City of Isabela,Second Decile,Average Income,122.56,thousand_pesos
2023,City of Isabela,Second Decile,Average Savings,16.57,thousand_pesos
2023,City of Isabela,Seventh Decile,Average Expenditure,137.41,thousand_pesos
2023,City of Isabela,Seventh Decile,Average Income,174.05,thousand_pesos
2023,City of Isabela,Seventh Decile,Average Savings,36.64,thousand_pesos
2023,City of Isabela,Sixth Decile,Average Expenditure,134.21,thousand_pesos
2023,City of Isabela,Sixth Decile,Average Income,163.65,thousand_pesos
2023,City of Isabela,Sixth Decile,Average Savings,29.43,thousand_pesos
2023,City of Isabela,Tenth Decile,Average Expenditure,455.82,thousand_pesos
2023,City of Isabela,Tenth Decile,Average Income,647.87,thousand_pesos
2023,City of Isabela,Tenth Decile,Average Savings,192.05,thousand_pesos
2023,City of Isabela,Third Decile,Average Expenditure,120.11,thousand_pesos
2023,City of Isabela,Third Decile,Average Income,141.18,thousand_pesos
2023,City of Isabela,Third Decile,Average Savings,21.07,thousand_pesos
2023,City of Lapu-Lapu,All Income Groups,Average Expenditure,265.35,thousand_pesos
2023,City of Lapu-Lapu,All Income Groups,Average Income,381.67,thousand_pesos
2023,City of Lapu-Lapu,All Income Groups,Average Savings,116.32,thousand_pesos
2023,City of Lapu-Lapu,Eighth Decile,Average Expenditure,288.69,thousand_pesos
2023,City of Lapu-Lapu,Eighth Decile,Average Income,413.98,thousand_pesos
2023,City of Lapu-Lapu,Eighth Decile,Average Savings,125.28,thousand_pesos
2023,City of Lapu-Lapu,Fifth Decile,Average Expenditure,228.69,thousand_pesos
2023,City of Lapu-Lapu,Fifth Decile,Average Income,336.12,thousand_pesos
2023,City of Lapu-Lapu,Fifth Decile,Average Savings,107.43,thousand_pesos
2023,City of Lapu-Lapu,First Decile,Average Expenditure,153.02,thousand_pesos
2023,City of Lapu-Lapu,First Decile,Average Income,178.9,thousand_pesos
2023,City of Lapu-Lapu,First Decile,Average Savings,25.88,thousand_pesos
2023,City of Lapu-Lapu,Fourth Decile,Average Expenditure,211.03,thousand_pesos
2023,City of Lapu-Lapu,Fourth Decile,Average Income,293.06,thousand_pesos
2023,City of Lapu-Lapu,Fourth Decile,Average Savings,82.02,thousand_pesos
2023,City of Lapu-Lapu,Ninth Decile,Average Expenditure,355.01,thousand_pesos
2023,City of Lapu-Lapu,Ninth Decile,Average Income,519.11,thousand_pesos
2023,City of Lapu-Lapu,Ninth Decile,Average Savings,164.1,thousand_pesos
2023,City of Lapu-Lapu,Second Decile,Average Expenditure,181.64,thousand_pesos
2023,City of Lapu-Lapu,Second Decile,Average Income,229.87,thousand_pesos
2023,City of Lapu-Lapu,Second Decile,Average Savings,48.23,thousand_pesos
2023,City of Lapu-Lapu,Seventh Decile,Average Expenditure,278.02,thousand_pesos
2023,City of Lapu-Lapu,Seventh Decile,Average Income,407.1,thousand_pesos
2023,City of Lapu-Lapu,Seventh Decile,Average Savings,129.07,thousand_pesos
2023,City of Lapu-Lapu,Sixth Decile,Average Expenditure,250.27,thousand_pesos
2023,City of Lapu-Lapu,Sixth Decile,Average Income,354.47,thousand_pesos
2023,City of Lapu-Lapu,Sixth Decile,Average Savings,104.2,thousand_pesos
2023,City of Lapu-Lapu,Tenth Decile,Average Expenditure,501.96,thousand_pesos
2023,City of Lapu-Lapu,Tenth Decile,Average Income,808.34,thousand_pesos
2023,City of Lapu-Lapu,Tenth Decile,Average Savings,306.39,thousand_pesos
2023,City of Lapu-Lapu,Third Decile,Average Expenditure,203.83,thousand_pesos
2023,City of Lapu-Lapu,Third Decile,Average Income,273.37,thousand_pesos
2023,City of Lapu-Lapu,Third Decile,Average Savings,69.54,thousand_pesos
2023,City of Las Piñas,All Income Groups,Average Expenditure,348.91,thousand_pesos
2023,City of Las Piñas,All Income Groups,Average Income,530.24,thousand_pesos
2023,City of Las Piñas,All Income Groups,Average Savings,181.33,thousand_pesos
2023,City of Las Piñas,Eighth Decile,Average Expenditure,410.79,thousand_pesos
2023,City of Las Piñas,Eighth Decile,Average Income,652.44,thousand_pesos
2023,City of Las Piñas,Eighth Decile,Average Savings,241.65,thousand_pesos
2023,City of Las Piñas,Fifth Decile,Average Expenditure,320.97,thousand_pesos
2023,City of Las Piñas,Fifth Decile,Average Income,492.6,thousand_pesos
2023,City of Las Piñas,Fifth Decile,Average Savings,171.62,thousand_pesos
2023,City of Las Piñas,First Decile,Average Expenditure,228.65,thousand_pesos
2023,City of Las Piñas,First Decile,Average Income,269.02,thousand_pesos
2023,City of Las Piñas,First Decile,Average Savings,40.37,thousand_pesos
2023,City of Las Piñas,Fourth Decile,Average Expenditure,281.59,thousand_pesos
2023,City of Las Piñas,Fourth Decile,Average Income,407.88,thousand_pesos
2023,City of Las Piñas,Fourth Decile,Average Savings,126.28,thousand_pesos
2023,City of Las Piñas,Ninth Decile,Average Expenditure,481.28,thousand_pesos
2023,City of Las Piñas,Ninth Decile,Average Income,770.86,thousand_pesos
2023,City of Las Piñas,Ninth Decile,Average Savings,289.58,thousand_pesos
2023,City of Las Piñas,Second Decile,Average Expenditure,248.84,thousand_pesos
2023,City of Las Piñas,Second Decile,Average Income,328.26,thousand_pesos
2023,City of Las Piñas,Second Decile,Average Savings,79.42,thousand_pesos
2023,City of Las Piñas,Seventh Decile,Average Expenditure,350.03,thousand_pesos
2023,City of Las Piñas,Seventh Decile,Average Income,534.39,thousand_pesos
2023,City of Las Piñas,Seventh Decile,Average Savings,184.36,thousand_pesos
2023,City of Las Piñas,Sixth Decile,Average Expenditure,324.24,thousand_pesos
2023,City of Las Piñas,Sixth Decile,Average Income,500.17,thousand_pesos
2023,City of Las Piñas,Sixth Decile,Average Savings,175.93,thousand_pesos
2023,City of Las Piñas,Tenth Decile,Average Expenditure,572.32,thousand_pesos
2023,City of Las Piñas,Tenth Decile,Average Income,979.5,thousand_pesos
2023,City of Las Piñas,Tenth Decile,Average Savings,407.18,thousand_pesos
2023,City of Las Piñas,Third Decile,Average Expenditure,268.85,thousand_pesos
2023,City of Las Piñas,Third Decile,Average Income,364.21,thousand_pesos
2023,City of Las Piñas,Third Decile,Average Savings,95.36,thousand_pesos
2023,City of Lucena,All Income Groups,Average Expenditure,268.01,thousand_pesos
2023,City of Lucena,All Income Groups,Average Income,322.57,thousand_pesos
2023,City of Lucena,All Income Groups,Average Savings,54.57,thousand_pesos
2023,City of Lucena,Eighth Decile,Average Expenditure,269.89,thousand_pesos
2023,City of Lucena,Eighth Decile,Average Income,332.02,thousand_pesos
2023,City of Lucena,Eighth Decile,Average Savings,62.13,thousand_pesos
2023,City of Lucena,Fifth Decile,Average Expenditure,243.08,thousand_pesos
2023,City of Lucena,Fifth Decile,Average Income,274.66,thousand_pesos
2023,City of Lucena,Fifth Decile,Average Savings,31.58,thousand_pesos
2023,City of Lucena,First Decile,Average Expenditure,181.93,thousand_pesos
2023,City of Lucena,First Decile,Average Income,181.46,thousand_pesos
2023,City of Lucena,First Decile,Average Savings,-0.47,thousand_pesos
2023,City of Lucena,Fourth Decile,Average Expenditure,227.6,thousand_pesos
2023,City of Lucena,Fourth Decile,Average Income,247.36,thousand_pesos
2023,City of Lucena,Fourth Decile,Average Savings,19.76,thousand_pesos
2023,City of Lucena,Ninth Decile,Average Expenditure,356.3,thousand_pesos
2023,City of Lucena,Ninth Decile,Average Income,446.01,thousand_pesos
2023,City of Lucena,Ninth Decile,Average Savings,89.71,thousand_pesos
2023,City of Lucena,Second Decile,Average Expenditure,203.4,thousand_pesos
2023,City of Lucena,Second Decile,Average Income,213.63,thousand_pesos
2023,City of Lucena,Second Decile,Average Savings,10.22,thousand_pesos
2023,City of Lucena,Seventh Decile,Average Expenditure,264.39,thousand_pesos
2023,City of Lucena,Seventh Decile,Average Income,317.71,thousand_pesos
2023,City of Lucena,Seventh Decile,Average Savings,53.32,thousand_pesos
2023,City of Lucena,Sixth Decile,Average Expenditure,254.04,thousand_pesos
2023,City of Lucena,Sixth Decile,Average Income,297.79,thousand_pesos
2023,City of Lucena,Sixth Decile,Average Savings,43.75,thousand_pesos
2023,City of Lucena,Tenth Decile,Average Expenditure,467.09,thousand_pesos
2023,City of Lucena,Tenth Decile,Average Income,685.53,thousand_pesos
2023,City of Lucena,Tenth Decile,Average Savings,218.44,thousand_pesos
2023,City of Lucena,Third Decile,Average Expenditure,210.82,thousand_pesos
2023,City of Lucena,Third Decile,Average Income,227.07,thousand_pesos
2023,City of Lucena,Third Decile,Average Savings,16.25,thousand_pesos
2023,City of Makati,All Income Groups,Average Expenditure,451.78,thousand_pesos
2023,City of Makati,All Income Groups,Average Income,712.6,thousand_pesos
2023,City of Makati,All Income Groups,Average Savings,260.82,thousand_pesos
2023,City of Makati,Eighth Decile,Average Expenditure,415.52,thousand_pesos
2023,City of Makati,Eighth Decile,Average Income,678.93,thousand_pesos
2023,City of Makati,Eighth Decile,Average Savings,263.41,thousand_pesos
2023,City of Makati,Fifth Decile,Average Expenditure,348.36,thousand_pesos
2023,City of Makati,Fifth Decile,Average Income,496.03,thousand_pesos
2023,City of Makati,Fifth Decile,Average Savings,147.67,thousand_pesos
2023,City of Makati,First Decile,Average Expenditure,233.03,thousand_pesos
2023,City of Makati,First Decile,Average Income,262.98,thousand_pesos
2023,City of Makati,First Decile,Average Savings,29.95,thousand_pesos
2023,City of Makati,Fourth Decile,Average Expenditure,330.22,thousand_pesos
2023,City of Makati,Fourth Decile,Average Income,460.58,thousand_pesos
2023,City of Makati,Fourth Decile,Average Savings,130.36,thousand_pesos
2023,City of Makati,Ninth Decile,Average Expenditure,498.59,thousand_pesos
2023,City of Makati,Ninth Decile,Average Income,791.27,thousand_pesos
2023,City of Makati,Ninth Decile,Average Savings,292.69,thousand_pesos
2023,City of Makati,Second Decile,Average Expenditure,269.27,thousand_pesos
2023,City of Makati,Second Decile,Average Income,338.63,thousand_pesos
2023,City of Makati,Second Decile,Average Savings,69.36,thousand_pesos
2023,City of Makati,Seventh Decile,Average Expenditure,380.77,thousand_pesos
2023,City of Makati,Seventh Decile,Average Income,614.59,thousand_pesos
2023,City of Makati,Seventh Decile,Average Savings,233.82,thousand_pesos
2023,City of Makati,Sixth Decile,Average Expenditure,360.51,thousand_pesos
2023,City of Makati,Sixth Decile,Average Income,550.77,thousand_pesos
2023,City of Makati,Sixth Decile,Average Savings,190.26,thousand_pesos
2023,City of Makati,Tenth Decile,Average Expenditure,1352.9,thousand_pesos
2023,City of Makati,Tenth Decile,Average Income,2495.54,thousand_pesos
2023,City of Makati,Tenth Decile,Average Savings,1142.63,thousand_pesos
2023,City of Makati,Third Decile,Average Expenditure,325.26,thousand_pesos
2023,City of Makati,Third Decile,Average Income,429.79,thousand_pesos
2023,City of Makati,Third Decile,Average Savings,104.53,thousand_pesos
2023,City of Malabon,All Income Groups,Average Expenditure,265.16,thousand_pesos
2023,City of Malabon,All Income Groups,Average Income,339.21,thousand_pesos
2023,City of Malabon,All Income Groups,Average Savings,74.05,thousand_pesos
2023,City of Malabon,Eighth Decile,Average Expenditure,273.42,thousand_pesos
2023,City of Malabon,Eighth Decile,Average Income,359.07,thousand_pesos
2023,City of Malabon,Eighth Decile,Average Savings,85.64,thousand_pesos
2023,City of Malabon,Fifth Decile,Average Expenditure,234.46,thousand_pesos
2023,City of Malabon,Fifth Decile,Average Income,295.49,thousand_pesos
2023,City of Malabon,Fifth Decile,Average Savings,61.03,thousand_pesos
2023,City of Malabon,First Decile,Average Expenditure,193.94,thousand_pesos
2023,City of Malabon,First Decile,Average Income,209.17,thousand_pesos
2023,City of Malabon,First Decile,Average Savings,15.24,thousand_pesos
2023,City of Malabon,Fourth Decile,Average Expenditure,235.18,thousand_pesos
2023,City of Malabon,Fourth Decile,Average Income,284.92,thousand_pesos
2023,City of Malabon,Fourth Decile,Average Savings,49.74,thousand_pesos
2023,City of Malabon,Ninth Decile,Average Expenditure,336.54,thousand_pesos
2023,City of Malabon,Ninth Decile,Average Income,463.53,thousand_pesos
2023,City of Malabon,Ninth Decile,Average Savings,126.99,thousand_pesos
2023,City of Malabon,Second Decile,Average Expenditure,204.82,thousand_pesos
2023,City of Malabon,Second Decile,Average Income,232.94,thousand_pesos
2023,City of Malabon,Second Decile,Average Savings,28.12,thousand_pesos
2023,City of Malabon,Seventh Decile,Average Expenditure,282.0,thousand_pesos
2023,City of Malabon,Seventh Decile,Average Income,368.0,thousand_pesos
2023,City of Malabon,Seventh Decile,Average Savings,86.0,thousand_pesos
2023,City of Malabon,Sixth Decile,Average Expenditure,278.14,thousand_pesos
2023,City of Malabon,Sixth Decile,Average Income,354.58,thousand_pesos
2023,City of Malabon,Sixth Decile,Average Savings,76.44,thousand_pesos
2023,City of Malabon,Tenth Decile,Average Expenditure,387.02,thousand_pesos
2023,City of Malabon,Tenth Decile,Average Income,558.39,thousand_pesos
2023,City of Malabon,Tenth Decile,Average Savings,171.37,thousand_pesos
2023,City of Malabon,Third Decile,Average Expenditure,225.24,thousand_pesos
2023,City of Malabon,Third Decile,Average Income,264.48,thousand_pesos
2023,City of Malabon,Third Decile,Average Savings,39.24,thousand_pesos
2023,City of Mandaluyong,All Income Groups,Average Expenditure,452.93,thousand_pesos
2023,City of Mandaluyong,All Income Groups,Average Income,593.6,thousand_pesos
2023,City of Mandaluyong,All Income Groups,Average Savings,140.67,thousand_pesos
2023,City of Mandaluyong,Eighth Decile,Average Expenditure,554.92,thousand_pesos
2023,City of Mandaluyong,Eighth Decile,Average Income,717.35,thousand_pesos
2023,City of Mandaluyong,Eighth Decile,Average Savings,162.44,thousand_pesos
2023,City of Mandaluyong,Fifth Decile,Average Expenditure,366.65,thousand_pesos
2023,City of Mandaluyong,Fifth Decile,Average Income,471.26,thousand_pesos
2023,City of Mandaluyong,Fifth Decile,Average Savings,104.62,thousand_pesos
2023,City of Mandaluyong,First Decile,Average Expenditure,297.98,thousand_pesos
2023,City of Mandaluyong,First Decile,Average Income,300.29,thousand_pesos
2023,City of Mandaluyong,First Decile,Average Savings,2.31,thousand_pesos
2023,City of Mandaluyong,Fourth Decile,Average Expenditure,361.42,thousand_pesos
2023,City of Mandaluyong,Fourth Decile,Average Income,418.36,thousand_pesos
2023,City of Mandaluyong,Fourth Decile,Average Savings,56.93,thousand_pesos
2023,City of Mandaluyong,Ninth Decile,Average Expenditure,584.58,thousand_pesos
2023,City of Mandaluyong,Ninth Decile,Average Income,791.69,thousand_pesos
2023,City of Mandaluyong,Ninth Decile,Average Savings,207.11,thousand_pesos
2023,City of Mandaluyong,Second Decile,Average Expenditure,319.75,thousand_pesos
2023,City of Mandaluyong,Second Decile,Average Income,355.13,thousand_pesos
2023,City of Mandaluyong,Second Decile,Average Savings,35.38,thousand_pesos
2023,City of Mandaluyong,Seventh Decile,Average Expenditure,423.99,thousand_pesos
2023,City of Mandaluyong,Seventh Decile,Average Income,574.65,thousand_pesos
2023,City of Mandaluyong,Seventh Decile,Average Savings,150.66,thousand_pesos
2023,City of Mandaluyong,Sixth Decile,Average Expenditure,395.57,thousand_pesos
2023,City of Mandaluyong,Sixth Decile,Average Income,512.01,thousand_pesos
2023,City of Mandaluyong,Sixth Decile,Average Savings,116.44,thousand_pesos
2023,City of Mandaluyong,Tenth Decile,Average Expenditure,854.31,thousand_pesos
2023,City of Mandaluyong,Tenth Decile,Average Income,1366.75,thousand_pesos
2023,City of Mandaluyong,Tenth Decile,Average Savings,512.44,thousand_pesos
2023,City of Mandaluyong,Third Decile,Average Expenditure,367.63,thousand_pesos
2023,City of Mandaluyong,Third Decile,Average Income,423.31,thousand_pesos
2023,City of Mandaluyong,Third Decile,Average Savings,55.68,thousand_pesos
2023,City of Mandaue,All Income Groups,Average Expenditure,252.25,thousand_pesos
2023,City of Mandaue,All Income Groups,Average Income,378.62,thousand_pesos
2023,City of Mandaue,All Income Groups,Average Savings,126.37,thousand_pesos
2023,City of Mandaue,Eighth Decile,Average Expenditure,271.36,thousand_pesos
2023,City of Mandaue,Eighth Decile,Average Income,439.01,thousand_pesos
2023,City of Mandaue,Eighth Decile,Average Savings,167.65,thousand_pesos
2023,City of Mandaue,Fifth Decile,Average Expenditure,231.72,thousand_pesos
2023,City of Mandaue,Fifth Decile,Average Income,338.79,thousand_pesos
2023,City of Mandaue,Fifth Decile,Average Savings,107.08,thousand_pesos
2023,City of Mandaue,First Decile,Average Expenditure,155.53,thousand_pesos
2023,City of Mandaue,First Decile,Average Income,183.07,thousand_pesos
2023,City of Mandaue,First Decile,Average Savings,27.54,thousand_pesos
2023,City of Mandaue,Fourth Decile,Average Expenditure,219.96,thousand_pesos
2023,City of Mandaue,Fourth Decile,Average Income,327.02,thousand_pesos
2023,City of Mandaue,Fourth Decile,Average Savings,107.06,thousand_pesos
2023,City of Mandaue,Ninth Decile,Average Expenditure,301.56,thousand_pesos
2023,City of Mandaue,Ninth Decile,Average Income,460.43,thousand_pesos
2023,City of Mandaue,Ninth Decile,Average Savings,158.87,thousand_pesos
2023,City of Mandaue,Second Decile,Average Expenditure,192.59,thousand_pesos
2023,City of Mandaue,Second Decile,Average Income,248.28,thousand_pesos
2023,City of Mandaue,Second Decile,Average Savings,55.7,thousand_pesos
2023,City of Mandaue,Seventh Decile,Average Expenditure,258.1,thousand_pesos
2023,City of Mandaue,Seventh Decile,Average Income,396.42,thousand_pesos
2023,City of Mandaue,Seventh Decile,Average Savings,138.32,thousand_pesos
2023,City of Mandaue,Sixth Decile,Average Expenditure,243.1,thousand_pesos
2023,City of Mandaue,Sixth Decile,Average Income,350.9,thousand_pesos
2023,City of Mandaue,Sixth Decile,Average Savings,107.8,thousand_pesos
2023,City of Mandaue,Tenth Decile,Average Expenditure,442.67,thousand_pesos
2023,City of Mandaue,Tenth Decile,Average Income,772.98,thousand_pesos
2023,City of Mandaue,Tenth Decile,Average Savings,330.31,thousand_pesos
2023,City of Mandaue,Third Decile,Average Expenditure,205.14,thousand_pesos
2023,City of Mandaue,Third Decile,Average Income,267.6,thousand_pesos
2023,City of Mandaue,Third Decile,Average Savings,62.45,thousand_pesos
2023,City of Manila,All Income Groups,Average Expenditure,347.77,thousand_pesos
2023,City of Manila,All Income Groups,Average Income,430.29,thousand_pesos
2023,City of Manila,All Income Groups,Average Savings,82.52,thousand_pesos
2023,City of Manila,Eighth Decile,Average Expenditure,408.17,thousand_pesos
2023,City of Manila,Eighth Decile,Average Income,531.78,thousand_pesos
2023,City of Manila,Eighth Decile,Average Savings,123.6,thousand_pesos
2023,City of Manila,Fifth Decile,Average Expenditure,315.74,thousand_pesos
2023,City of Manila,Fifth Decile,Average Income,363.3,thousand_pesos
2023,City of Manila,Fifth Decile,Average Savings,47.56,thousand_pesos
2023,City of Manila,First Decile,Average Expenditure,220.86,thousand_pesos
2023,City of Manila,First Decile,Average Income,211.33,thousand_pesos
2023,City of Manila,First Decile,Average Savings,-9.53,thousand_pesos
2023,City of Manila,Fourth Decile,Average Expenditure,312.82,thousand_pesos
2023,City of Manila,Fourth Decile,Average Income,352.22,thousand_pesos
2023,City of Manila,Fourth Decile,Average Savings,39.4,thousand_pesos
2023,City of Manila,Ninth Decile,Average Expenditure,392.32,thousand_pesos
2023,City of Manila,Ninth Decile,Average Income,545.6,thousand_pesos
2023,City of Manila,Ninth Decile,Average Savings,153.29,thousand_pesos
2023,City of Manila,Second Decile,Average Expenditure,277.68,thousand_pesos
2023,City of Manila,Second Decile,Average Income,292.57,thousand_pesos
2023,City of Manila,Second Decile,Average Savings,14.9,thousand_pesos
2023,City of Manila,Seventh Decile,Average Expenditure,365.43,thousand_pesos
2023,City of Manila,Seventh Decile,Average Income,447.62,thousand_pesos
2023,City of Manila,Seventh Decile,Average Savings,82.19,thousand_pesos
2023,City of Manila,Sixth Decile,Average Expenditure,327.82,thousand_pesos
2023,City of Manila,Sixth Decile,Average Income,398.01,thousand_pesos
2023,City of Manila,Sixth Decile,Average Savings,70.19,thousand_pesos
2023,City of Manila,Tenth Decile,Average Expenditure,557.93,thousand_pesos
2023,City of Manila,Tenth Decile,Average Income,833.51,thousand_pesos
2023,City of Manila,Tenth Decile,Average Savings,275.57,thousand_pesos
2023,City of Manila,Third Decile,Average Expenditure,297.58,thousand_pesos
2023,City of Manila,Third Decile,Average Income,324.17,thousand_pesos
2023,City of Manila,Third Decile,Average Savings,26.6,thousand_pesos
2023,City of Marikina,All Income Groups,Average Expenditure,402.09,thousand_pesos
2023,City of Marikina,All Income Groups,Average Income,496.04,thousand_pesos
2023,City of Marikina,All Income Groups,Average Savings,93.95,thousand_pesos
2023,City of Marikina,Eighth Decile,Average Expenditure,467.36,thousand_pesos
2023,City of Marikina,Eighth Decile,Average Income,550.13,thousand_pesos
2023,City of Marikina,Eighth Decile,Average Savings,82.77,thousand_pesos
2023,City of Marikina,Fifth Decile,Average Expenditure,352.87,thousand_pesos
2023,City of Marikina,Fifth Decile,Average Income,419.49,thousand_pesos
2023,City of Marikina,Fifth Decile,Average Savings,66.62,thousand_pesos
2023,City of Marikina,First Decile,Average Expenditure,238.16,thousand_pesos
2023,City of Marikina,First Decile,Average Income,253.96,thousand_pesos
2023,City of Marikina,First Decile,Average Savings,15.8,thousand_pesos
2023,City of Marikina,Fourth Decile,Average Expenditure,313.96,thousand_pesos
2023,City of Marikina,Fourth Decile,Average Income,372.1,thousand_pesos
2023,City of Marikina,Fourth Decile,Average Savings,58.14,thousand_pesos
2023,City of Marikina,Ninth Decile,Average Expenditure,519.34,thousand_pesos
2023,City of Marikina,Ninth Decile,Average Income,671.21,thousand_pesos
2023,City of Marikina,Ninth Decile,Average Savings,151.87,thousand_pesos
2023,City of Marikina,Second Decile,Average Expenditure,266.95,thousand_pesos
2023,City of Marikina,Second Decile,Average Income,301.5,thousand_pesos
2023,City of Marikina,Second Decile,Average Savings,34.55,thousand_pesos
2023,City of Marikina,Seventh Decile,Average Expenditure,431.07,thousand_pesos
2023,City of Marikina,Seventh Decile,Average Income,526.45,thousand_pesos
2023,City of Marikina,Seventh Decile,Average Savings,95.38,thousand_pesos
2023,City of Marikina,Sixth Decile,Average Expenditure,356.77,thousand_pesos
2023,City of Marikina,Sixth Decile,Average Income,451.46,thousand_pesos
2023,City of Marikina,Sixth Decile,Average Savings,94.68,thousand_pesos
2023,City of Marikina,Tenth Decile,Average Expenditure,799.08,thousand_pesos
2023,City of Marikina,Tenth Decile,Average Income,1096.79,thousand_pesos
2023,City of Marikina,Tenth Decile,Average Savings,297.71,thousand_pesos
2023,City of Marikina,Third Decile,Average Expenditure,273.45,thousand_pesos
2023,City of Marikina,Third Decile,Average Income,314.61,thousand_pesos
2023,City of Marikina,Third Decile,Average Savings,41.16,thousand_pesos
2023,City of Muntinlupa,All Income Groups,Average Expenditure,335.25,thousand_pesos
2023,City of Muntinlupa,All Income Groups,Average Income,451.14,thousand_pesos
2023,City of Muntinlupa,All Income Groups,Average Savings,115.89,thousand_pesos
2023,City of Muntinlupa,Eighth Decile,Average Expenditure,347.41,thousand_pesos
2023,City of Muntinlupa,Eighth Decile,Average Income,480.95,thousand_pesos
2023,City of Muntinlupa,Eighth Decile,Average Savings,133.54,thousand_pesos
2023,City of Muntinlupa,Fifth Decile,Average Expenditure,298.99,thousand_pesos
2023,City of Muntinlupa,Fifth Decile,Average Income,383.71,thousand_pesos
2023,City of Muntinlupa,Fifth Decile,Average Savings,84.72,thousand_pesos
2023,City of Muntinlupa,First Decile,Average Expenditure,247.71,thousand_pesos
2023,City of Muntinlupa,First Decile,Average Income,285.33,thousand_pesos
2023,City of Muntinlupa,First Decile,Average Savings,37.61,thousand_pesos
2023,City of Muntinlupa,Fourth Decile,Average Expenditure,306.85,thousand_pesos
2023,City of Muntinlupa,Fourth Decile,Average Income,381.92,thousand_pesos
2023,City of Muntinlupa,Fourth Decile,Average Savings,75.07,thousand_pesos
2023,City of Muntinlupa,Ninth Decile,Average Expenditure,397.43,thousand_pesos
2023,City of Muntinlupa,Ninth Decile,Average Income,572.42,thousand_pesos
2023,City of Muntinlupa,Ninth Decile,Average Savings,174.99,thousand_pesos
2023,City of Muntinlupa,Second Decile,Average Expenditure,274.14,thousand_pesos
2023,City of Muntinlupa,Second Decile,Average Income,320.96,thousand_pesos
2023,City of Muntinlupa,Second Decile,Average Savings,46.83,thousand_pesos
2023,City of Muntinlupa,Seventh Decile,Average Expenditure,342.56,thousand_pesos
2023,City of Muntinlupa,Seventh Decile,Average Income,459.42,thousand_pesos
2023,City of Muntinlupa,Seventh Decile,Average Savings,116.86,thousand_pesos
2023,City of Muntinlupa,Sixth Decile,Average Expenditure,343.77,thousand_pesos
2023,City of Muntinlupa,Sixth Decile,Average Income,449.99,thousand_pesos
2023,City of Muntinlupa,Sixth Decile,Average Savings,106.22,thousand_pesos
2023,City of Muntinlupa,Tenth Decile,Average Expenditure,510.33,thousand_pesos
2023,City of Muntinlupa,Tenth Decile,Average Income,825.82,thousand_pesos
2023,City of Muntinlupa,Tenth Decile,Average Savings,315.49,thousand_pesos
2023,City of Muntinlupa,Third Decile,Average Expenditure,282.46,thousand_pesos
2023,City of Muntinlupa,Third Decile,Average Income,349.47,thousand_pesos
2023,City of Muntinlupa,Third Decile,Average Savings,67.01,thousand_pesos
2023,City of Navotas,All Income Groups,Average Expenditure,245.31,thousand_pesos
2023,City of Navotas,All Income Groups,Average Income,300.34,thousand_pesos
2023,City of Navotas,All Income Groups,Average Savings,55.03,thousand_pesos
2023,City of Navotas,Eighth Decile,Average Expenditure,255.47,thousand_pesos
2023,City of Navotas,Eighth Decile,Average Income,330.53,thousand_pesos
2023,City of Navotas,Eighth Decile,Average Savings,75.07,thousand_pesos
2023,City of Navotas,Fifth Decile,Average Expenditure,232.92,thousand_pesos
2023,City of Navotas,Fifth Decile,Average Income,276.64,thousand_pesos
2023,City of Navotas,Fifth Decile,Average Savings,43.73,thousand_pesos
2023,City of Navotas,First Decile,Average Expenditure,197.55,thousand_pesos
2023,City of Navotas,First Decile,Average Income,206.16,thousand_pesos
2023,City of Navotas,First Decile,Average Savings,8.61,thousand_pesos
2023,City of Navotas,Fourth Decile,Average Expenditure,222.0,thousand_pesos
2023,City of Navotas,Fourth Decile,Average Income,257.62,thousand_pesos
2023,City of Navotas,Fourth Decile,Average Savings,35.62,thousand_pesos
2023,City of Navotas,Ninth Decile,Average Expenditure,293.95,thousand_pesos
2023,City of Navotas,Ninth Decile,Average Income,388.49,thousand_pesos
2023,City of Navotas,Ninth Decile,Average Savings,94.54,thousand_pesos
2023,City of Navotas,Second Decile,Average Expenditure,203.98,thousand_pesos
2023,City of Navotas,Second Decile,Average Income,224.73,thousand_pesos
2023,City of Navotas,Second Decile,Average Savings,20.75,thousand_pesos
2023,City of Navotas,Seventh Decile,Average Expenditure,255.83,thousand_pesos
2023,City of Navotas,Seventh Decile,Average Income,313.83,thousand_pesos
2023,City of Navotas,Seventh Decile,Average Savings,58.0,thousand_pesos
2023,City of Navotas,Sixth Decile,Average Expenditure,243.27,thousand_pesos
2023,City of Navotas,Sixth Decile,Average Income,301.0,thousand_pesos
2023,City of Navotas,Sixth Decile,Average Savings,57.73,thousand_pesos
2023,City of Navotas,Tenth Decile,Average Expenditure,309.95,thousand_pesos
2023,City of Navotas,Tenth Decile,Average Income,434.16,thousand_pesos
2023,City of Navotas,Tenth Decile,Average Savings,124.22,thousand_pesos
2023,City of Navotas,Third Decile,Average Expenditure,237.78,thousand_pesos
2023,City of Navotas,Third Decile,Average Income,269.29,thousand_pesos
2023,City of Navotas,Third Decile,Average Savings,31.51,thousand_pesos
2023,City of Olongapo,All Income Groups,Average Expenditure,295.78,thousand_pesos
2023,City of Olongapo,All Income Groups,Average Income,343.53,thousand_pesos
2023,City of Olongapo,All Income Groups,Average Savings,47.75,thousand_pesos
2023,City of Olongapo,Eighth Decile,Average Expenditure,309.5,thousand_pesos
2023,City of Olongapo,Eighth Decile,Average Income,362.56,thousand_pesos
2023,City of Olongapo,Eighth Decile,Average Savings,53.06,thousand_pesos
2023,City of Olongapo,Fifth Decile,Average Expenditure,265.27,thousand_pesos
2023,City of Olongapo,Fifth Decile,Average Income,308.39,thousand_pesos
2023,City of Olongapo,Fifth Decile,Average Savings,43.12,thousand_pesos
2023,City of Olongapo,First Decile,Average Expenditure,175.4,thousand_pesos
2023,City of Olongapo,First Decile,Average Income,181.47,thousand_pesos
2023,City of Olongapo,First Decile,Average Savings,6.07,thousand_pesos
2023,City of Olongapo,Fourth Decile,Average Expenditure,264.97,thousand_pesos
2023,City of Olongapo,Fourth Decile,Average Income,294.54,thousand_pesos
2023,City of Olongapo,Fourth Decile,Average Savings,29.57,thousand_pesos
2023,City of Olongapo,Ninth Decile,Average Expenditure,370.06,thousand_pesos
2023,City of Olongapo,Ninth Decile,Average Income,440.53,thousand_pesos
2023,City of Olongapo,Ninth Decile,Average Savings,70.47,thousand_pesos
2023,City of Olongapo,Second Decile,Average Expenditure,213.11,thousand_pesos
2023,City of Olongapo,Second Decile,Average Income,227.31,thousand_pesos
2023,City of Olongapo,Second Decile,Average Savings,14.19,thousand_pesos
2023,City of Olongapo,Seventh Decile,Average Expenditure,296.28,thousand_pesos
2023,City of Olongapo,Seventh Decile,Average Income,359.79,thousand_pesos
2023,City of Olongapo,Seventh Decile,Average Savings,63.52,thousand_pesos
2023,City of Olongapo,Sixth Decile,Average Expenditure,272.26,thousand_pesos
2023,City of Olongapo,Sixth Decile,Average Income,315.33,thousand_pesos
2023,City of Olongapo,Sixth Decile,Average Savings,43.08,thousand_pesos
2023,City of Olongapo,Tenth Decile,Average Expenditure,565.2,thousand_pesos
2023,City of Olongapo,Tenth Decile,Average Income,699.78,thousand_pesos
2023,City of Olongapo,Tenth Decile,Average Savings,134.58,thousand_pesos
2023,City of Olongapo,Third Decile,Average Expenditure,224.45,thousand_pesos
2023,City of Olongapo,Third Decile,Average Income,243.79,thousand_pesos
2023,City of Olongapo,Third Decile,Average Savings,19.34,thousand_pesos
2023,City of Parañaque,All Income Groups,Average Expenditure,342.68,thousand_pesos
2023,City of Parañaque,All Income Groups,Average Income,495.94,thousand_pesos
2023,City of Parañaque,All Income Groups,Average Savings,153.26,thousand_pesos
2023,City of Parañaque,Eighth Decile,Average Expenditure,345.4,thousand_pesos
2023,City of Parañaque,Eighth Decile,Average Income,522.99,thousand_pesos
2023,City of Parañaque,Eighth Decile,Average Savings,177.59,thousand_pesos
2023,City of Parañaque,Fifth Decile,Average Expenditure,296.14,thousand_pesos
2023,City of Parañaque,Fifth Decile,Average Income,420.41,thousand_pesos
2023,City of Parañaque,Fifth Decile,Average Savings,124.28,thousand_pesos
2023,City of Parañaque,First Decile,Average Expenditure,234.82,thousand_pesos
2023,City of Parañaque,First Decile,Average Income,260.87,thousand_pesos
2023,City of Parañaque,First Decile,Average Savings,26.05,thousand_pesos
2023,City of Parañaque,Fourth Decile,Average Expenditure,284.54,thousand_pesos
2023,City of Parañaque,Fourth Decile,Average Income,391.1,thousand_pesos
2023,City of Parañaque,Fourth Decile,Average Savings,106.56,thousand_pesos
2023,City of Parañaque,Ninth Decile,Average Expenditure,441.32,thousand_pesos
2023,City of Parañaque,Ninth Decile,Average Income,620.85,thousand_pesos
2023,City of Parañaque,Ninth Decile,Average Savings,179.53,thousand_pesos
2023,City of Parañaque,Second Decile,Average Expenditure,252.8,thousand_pesos
2023,City of Parañaque,Second Decile,Average Income,309.15,thousand_pesos
2023,City of Parañaque,Second Decile,Average Savings,56.35,thousand_pesos
2023,City of Parañaque,Seventh Decile,Average Expenditure,349.08,thousand_pesos
2023,City of Parañaque,Seventh Decile,Average Income,508.11,thousand_pesos
2023,City of Parañaque,Seventh Decile,Average Savings,159.03,thousand_pesos
2023,City of Parañaque,Sixth Decile,Average Expenditure,306.3,thousand_pesos
2023,City of Parañaque,Sixth Decile,Average Income,434.15,thousand_pesos
2023,City of Parañaque,Sixth Decile,Average Savings,127.85,thousand_pesos
2023,City of Parañaque,Tenth Decile,Average Expenditure,665.29,thousand_pesos
2023,City of Parañaque,Tenth Decile,Average Income,1163.96,thousand_pesos
2023,City of Parañaque,Tenth Decile,Average Savings,498.67,thousand_pesos
2023,City of Parañaque,Third Decile,Average Expenditure,250.03,thousand_pesos
2023,City of Parañaque,Third Decile,Average Income,326.12,thousand_pesos
2023,City of Parañaque,Third Decile,Average Savings,76.09,thousand_pesos
2023,City of Pasig,All Income Groups,Average Expenditure,379.18,thousand_pesos
2023,City of Pasig,All Income Groups,Average Income,526.18,thousand_pesos
2023,City of Pasig,All Income Groups,Average Savings,147.0,thousand_pesos
2023,City of Pasig,Eighth Decile,Average Expenditure,388.89,thousand_pesos
2023,City of Pasig,Eighth Decile,Average Income,545.5,thousand_pesos
2023,City of Pasig,Eighth Decile,Average Savings,156.62,thousand_pesos
2023,City of Pasig,Fifth Decile,Average Expenditure,337.08,thousand_pesos
2023,City of Pasig,Fifth Decile,Average Income,444.3,thousand_pesos
2023,City of Pasig,Fifth Decile,Average Savings,107.22,thousand_pesos
2023,City of Pasig,First Decile,Average Expenditure,215.85,thousand_pesos
2023,City of Pasig,First Decile,Average Income,231.04,thousand_pesos
2023,City of Pasig,First Decile,Average Savings,15.19,thousand_pesos
2023,City of Pasig,Fourth Decile,Average Expenditure,296.21,thousand_pesos
2023,City of Pasig,Fourth Decile,Average Income,368.23,thousand_pesos
2023,City of Pasig,Fourth Decile,Average Savings,72.02,thousand_pesos
2023,City of Pasig,Ninth Decile,Average Expenditure,454.21,thousand_pesos
2023,City of Pasig,Ninth Decile,Average Income,673.71,thousand_pesos
2023,City of Pasig,Ninth Decile,Average Savings,219.5,thousand_pesos
2023,City of Pasig,Second Decile,Average Expenditure,247.79,thousand_pesos
2023,City of Pasig,Second Decile,Average Income,288.29,thousand_pesos
2023,City of Pasig,Second Decile,Average Savings,40.5,thousand_pesos
2023,City of Pasig,Seventh Decile,Average Expenditure,396.34,thousand_pesos
2023,City of Pasig,Seventh Decile,Average Income,558.44,thousand_pesos
2023,City of Pasig,Seventh Decile,Average Savings,162.1,thousand_pesos
2023,City of Pasig,Sixth Decile,Average Expenditure,358.52,thousand_pesos
2023,City of Pasig,Sixth Decile,Average Income,485.18,thousand_pesos
2023,City of Pasig,Sixth Decile,Average Savings,126.66,thousand_pesos
2023,City of Pasig,Tenth Decile,Average Expenditure,809.97,thousand_pesos
2023,City of Pasig,Tenth Decile,Average Income,1318.07,thousand_pesos
2023,City of Pasig,Tenth Decile,Average Savings,508.1,thousand_pesos
2023,City of Pasig,Third Decile,Average Expenditure,285.54,thousand_pesos
2023,City of Pasig,Third Decile,Average Income,346.53,thousand_pesos
2023,City of Pasig,Third Decile,Average Savings,61.0,thousand_pesos
2023,City of Puerto Princesa,All Income Groups,Average Expenditure,210.88,thousand_pesos
2023,City of Puerto Princesa,All Income Groups,Average Income,315.97,thousand_pesos
2023,City of Puerto Princesa,All Income Groups,Average Savings,105.09,thousand_pesos
2023,City of Puerto Princesa,Eighth Decile,Average Expenditure,234.81,thousand_pesos
2023,City of Puerto Princesa,Eighth Decile,Average Income,359.84,thousand_pesos
2023,City of Puerto Princesa,Eighth Decile,Average Savings,125.03,thousand_pesos
2023,City of Puerto Princesa,Fifth Decile,Average Expenditure,174.6,thousand_pesos
2023,City of Puerto Princesa,Fifth Decile,Average Income,232.43,thousand_pesos
2023,City of Puerto Princesa,Fifth Decile,Average Savings,57.83,thousand_pesos
2023,City of Puerto Princesa,First Decile,Average Expenditure,124.97,thousand_pesos
2023,City of Puerto Princesa,First Decile,Average Income,152.71,thousand_pesos
2023,City of Puerto Princesa,First Decile,Average Savings,27.74,thousand_pesos
2023,City of Puerto Princesa,Fourth Decile,Average Expenditure,168.17,thousand_pesos
2023,City of Puerto Princesa,Fourth Decile,Average Income,220.93,thousand_pesos
2023,City of Puerto Princesa,Fourth Decile,Average Savings,52.76,thousand_pesos
2023,City of Puerto Princesa,Ninth Decile,Average Expenditure,290.48,thousand_pesos
2023,City of Puerto Princesa,Ninth Decile,Average Income,466.75,thousand_pesos
2023,City of Puerto Princesa,Ninth Decile,Average Savings,176.27,thousand_pesos
2023,City of Puerto Princesa,Second Decile,Average Expenditure,141.43,thousand_pesos
2023,City of Puerto Princesa,Second Decile,Average Income,176.5,thousand_pesos
2023,City of Puerto Princesa,Second Decile,Average Savings,35.08,thousand_pesos
2023,City of Puerto Princesa,Seventh Decile,Average Expenditure,195.2,thousand_pesos
2023,City of Puerto Princesa,Seventh Decile,Average Income,283.94,thousand_pesos
2023,City of Puerto Princesa,Seventh Decile,Average Savings,88.75,thousand_pesos
2023,City of Puerto Princesa,Sixth Decile,Average Expenditure,192.85,thousand_pesos
2023,City of Puerto Princesa,Sixth Decile,Average Income,265.06,thousand_pesos
2023,City of Puerto Princesa,Sixth Decile,Average Savings,72.21,thousand_pesos
2023,City of Puerto Princesa,Tenth Decile,Average Expenditure,432.72,thousand_pesos
2023,City of Puerto Princesa,Tenth Decile,Average Income,797.99,thousand_pesos
2023,City of Puerto Princesa,Tenth Decile,Average Savings,365.26,thousand_pesos
2023,City of Puerto Princesa,Third Decile,Average Expenditure,152.71,thousand_pesos
2023,City of Puerto Princesa,Third Decile,Average Income,201.77,thousand_pesos
2023,City of Puerto Princesa,Third Decile,Average Savings,49.05,thousand_pesos
2023,City of San Juan,All Income Groups,Average Expenditure,578.23,thousand_pesos
2023,City of San Juan,All Income Groups,Average Income,751.17,thousand_pesos
2023,City of San Juan,All Income Groups,Average Savings,172.93,thousand_pesos
2023,City of San Juan,Eighth Decile,Average Expenditure,575.57,thousand_pesos
2023,City of San Juan,Eighth Decile,Average Income,721.53,thousand_pesos
2023,City of San Juan,Eighth Decile,Average Savings,145.96,thousand_pesos
2023,City of San Juan,Fifth Decile,Average Expenditure,447.17,thousand_pesos
2023,City of San Juan,Fifth Decile,Average Income,559.88,thousand_pesos
2023,City of San Juan,Fifth Decile,Average Savings,112.71,thousand_pesos
2023,City of San Juan,First Decile,Average Expenditure,286.26,thousand_pesos
2023,City of San Juan,First Decile,Average Income,292.91,thousand_pesos
2023,City of San Juan,First Decile,Average Savings,6.65,thousand_pesos
2023,City of San Juan,Fourth Decile,Average Expenditure,378.21,thousand_pesos
2023,City of San Juan,Fourth Decile,Average Income,463.28,thousand_pesos
2023,City of San Juan,Fourth Decile,Average Savings,85.07,thousand_pesos
2023,City of San Juan,Ninth Decile,Average Expenditure,962.42,thousand_pesos
2023,City of San Juan,Ninth Decile,Average Income,1183.76,thousand_pesos
2023,City of San Juan,Ninth Decile,Average Savings,221.34,thousand_pesos
2023,City of San Juan,Second Decile,Average Expenditure,379.81,thousand_pesos
2023,City of San Juan,Second Decile,Average Income,435.26,thousand_pesos
2023,City of San Juan,Second Decile,Average Savings,55.45,thousand_pesos
2023,City of San Juan,Seventh Decile,Average Expenditure,600.99,thousand_pesos
2023,City of San Juan,Seventh Decile,Average Income,703.05,thousand_pesos
2023,City of San Juan,Seventh Decile,Average Savings,102.06,thousand_pesos
2023,City of San Juan,Sixth Decile,Average Expenditure,470.14,thousand_pesos
2023,City of San Juan,Sixth Decile,Average Income,592.02,thousand_pesos
2023,City of San Juan,Sixth Decile,Average Savings,121.88,thousand_pesos
2023,City of San Juan,Tenth Decile,Average Expenditure,1171.04,thousand_pesos
2023,City of San Juan,Tenth Decile,Average Income,1916.17,thousand_pesos
2023,City of San Juan,Tenth Decile,Average Savings,745.13,thousand_pesos
2023,City of San Juan,Third Decile,Average Expenditure,401.88,thousand_pesos
2023,City of San Juan,Third Decile,Average Income,458.96,thousand_pesos
2023,City of San Juan,Third Decile,Average Savings,57.08,thousand_pesos
2023,City of Tacloban,All Income Groups,Average Expenditure,265.17,thousand_pesos
2023,City of Tacloban,All Income Groups,Average Income,369.01,thousand_pesos
2023,City of Tacloban,All Income Groups,Average Savings,103.85,thousand_pesos
2023,City of Tacloban,Eighth Decile,Average Expenditure,322.43,thousand_pesos
2023,City of Tacloban,Eighth Decile,Average Income,449.65,thousand_pesos
2023,City of Tacloban,Eighth Decile,Average Savings,127.22,thousand_pesos
2023,City of Tacloban,Fifth Decile,Average Expenditure,193.82,thousand_pesos
2023,City of Tacloban,Fifth Decile,Average Income,243.22,thousand_pesos
2023,City of Tacloban,Fifth Decile,Average Savings,49.4,thousand_pesos
2023,City of Tacloban,First Decile,Average Expenditure,143.82,thousand_pesos
2023,City of Tacloban,First Decile,Average Income,156.1,thousand_pesos
2023,City of Tacloban,First Decile,Average Savings,12.28,thousand_pesos
2023,City of Tacloban,Fourth Decile,Average Expenditure,186.78,thousand_pesos
2023,City of Tacloban,Fourth Decile,Average Income,224.28,thousand_pesos
2023,City of Tacloban,Fourth Decile,Average Savings,37.51,thousand_pesos
2023,City of Tacloban,Ninth Decile,Average Expenditure,387.59,thousand_pesos
2023,City of Tacloban,Ninth Decile,Average Income,586.16,thousand_pesos
2023,City of Tacloban,Ninth Decile,Average Savings,198.58,thousand_pesos
2023,City of Tacloban,Second Decile,Average Expenditure,163.09,thousand_pesos
2023,City of Tacloban,Second Decile,Average Income,190.29,thousand_pesos
2023,City of Tacloban,Second Decile,Average Savings,27.2,thousand_pesos
2023,City of Tacloban,Seventh Decile,Average Expenditure,243.19,thousand_pesos
2023,City of Tacloban,Seventh Decile,Average Income,332.09,thousand_pesos
2023,City of Tacloban,Seventh Decile,Average Savings,88.9,thousand_pesos
2023,City of Tacloban,Sixth Decile,Average Expenditure,225.73,thousand_pesos
2023,City of Tacloban,Sixth Decile,Average Income,291.84,thousand_pesos
2023,City of Tacloban,Sixth Decile,Average Savings,66.11,thousand_pesos
2023,City of Tacloban,Tenth Decile,Average Expenditure,606.86,thousand_pesos
2023,City of Tacloban,Tenth Decile,Average Income,1001.18,thousand_pesos
2023,City of Tacloban,Tenth Decile,Average Savings,394.32,thousand_pesos
2023,City of Tacloban,Third Decile,Average Expenditure,175.77,thousand_pesos
2023,City of Tacloban,Third Decile,Average Income,210.56,thousand_pesos
2023,City of Tacloban,Third Decile,Average Savings,34.8,thousand_pesos
2023,City of Taguig,All Income Groups,Average Expenditure,331.73,thousand_pesos
2023,City of Taguig,All Income Groups,Average Income,463.1,thousand_pesos
2023,City of Taguig,All Income Groups,Average Savings,131.37,thousand_pesos
2023,City of Taguig,Eighth Decile,Average Expenditure,354.14,thousand_pesos
2023,City of Taguig,Eighth Decile,Average Income,528.52,thousand_pesos
2023,City of Taguig,Eighth Decile,Average Savings,174.37,thousand_pesos
2023,City of Taguig,Fifth Decile,Average Expenditure,283.95,thousand_pesos
2023,City of Taguig,Fifth Decile,Average Income,362.92,thousand_pesos
2023,City of Taguig,Fifth Decile,Average Savings,78.97,thousand_pesos
2023,City of Taguig,First Decile,Average Expenditure,201.62,thousand_pesos
2023,City of Taguig,First Decile,Average Income,210.23,thousand_pesos
2023,City of Taguig,First Decile,Average Savings,8.61,thousand_pesos
2023,City of Taguig,Fourth Decile,Average Expenditure,272.55,thousand_pesos
2023,City of Taguig,Fourth Decile,Average Income,338.92,thousand_pesos
2023,City of Taguig,Fourth Decile,Average Savings,66.37,thousand_pesos
2023,City of Taguig,Ninth Decile,Average Expenditure,383.73,thousand_pesos
2023,City of Taguig,Ninth Decile,Average Income,582.49,thousand_pesos
2023,City of Taguig,Ninth Decile,Average Savings,198.76,thousand_pesos
2023,City of Taguig,Second Decile,Average Expenditure,238.64,thousand_pesos
2023,City of Taguig,Second Decile,Average Income,267.17,thousand_pesos
2023,City of Taguig,Second Decile,Average Savings,28.53,thousand_pesos
2023,City of Taguig,Seventh Decile,Average Expenditure,323.3,thousand_pesos
2023,City of Taguig,Seventh Decile,Average Income,447.13,thousand_pesos
2023,City of Taguig,Seventh Decile,Average Savings,123.82,thousand_pesos
2023,City of Taguig,Sixth Decile,Average Expenditure,318.99,thousand_pesos
2023,City of Taguig,Sixth Decile,Average Income,436.2,thousand_pesos
2023,City of Taguig,Sixth Decile,Average Savings,117.2,thousand_pesos
2023,City of Taguig,Tenth Decile,Average Expenditure,666.22,thousand_pesos
2023,City of Taguig,Tenth Decile,Average Income,1136.23,thousand_pesos
2023,City of Taguig,Tenth Decile,Average Savings,470.01,thousand_pesos
2023,City of Taguig,Third Decile,Average Expenditure,271.95,thousand_pesos
2023,City of Taguig,Third Decile,Average Income,316.62,thousand_pesos
2023,City of Taguig,Third Decile,Average Savings,44.67,thousand_pesos
2023,City of Valenzuela,All Income Groups,Average Expenditure,272.12,thousand_pesos
2023,City of Valenzuela,All Income Groups,Average Income,359.24,thousand_pesos
2023,City of Valenzuela,All Income Groups,Average Savings,87.12,thousand_pesos
2023,City of Valenzuela,Eighth Decile,Average Expenditure,306.88,thousand_pesos
2023,City of Valenzuela,Eighth Decile,Average Income,424.69,thousand_pesos
2023,City of Valenzuela,Eighth Decile,Average Savings,117.82,thousand_pesos
2023,City of Valenzuela,Fifth Decile,Average Expenditure,267.88,thousand_pesos
2023,City of Valenzuela,Fifth Decile,Average Income,352.57,thousand_pesos
2023,City of Valenzuela,Fifth Decile,Average Savings,84.69,thousand_pesos
2023,City of Valenzuela,First Decile,Average Expenditure,208.71,thousand_pesos
2023,City of Valenzuela,First Decile,Average Income,229.1,thousand_pesos
2023,City of Valenzuela,First Decile,Average Savings,20.39,thousand_pesos
2023,City of Valenzuela,Fourth Decile,Average Expenditure,257.06,thousand_pesos
2023,City of Valenzuela,Fourth Decile,Average Income,308.26,thousand_pesos
2023,City of Valenzuela,Fourth Decile,Average Savings,51.2,thousand_pesos
2023,City of Valenzuela,Ninth Decile,Average Expenditure,300.81,thousand_pesos
2023,City of Valenzuela,Ninth Decile,Average Income,417.53,thousand_pesos
2023,City of Valenzuela,Ninth Decile,Average Savings,116.72,thousand_pesos
2023,City of Valenzuela,Second Decile,Average Expenditure,215.0,thousand_pesos
2023,City of Valenzuela,Second Decile,Average Income,248.95,thousand_pesos
2023,City of Valenzuela,Second Decile,Average Savings,33.95,thousand_pesos
2023,City of Valenzuela,Seventh Decile,Average Expenditure,278.27,thousand_pesos
2023,City of Valenzuela,Seventh Decile,Average Income,382.22,thousand_pesos
2023,City of Valenzuela,Seventh Decile,Average Savings,103.94,thousand_pesos
2023,City of Valenzuela,Sixth Decile,Average Expenditure,283.33,thousand_pesos
2023,City of Valenzuela,Sixth Decile,Average Income,375.92,thousand_pesos
2023,City of Valenzuela,Sixth Decile,Average Savings,92.59,thousand_pesos
2023,City of Valenzuela,Tenth Decile,Average Expenditure,378.84,thousand_pesos
2023,City of Valenzuela,Tenth Decile,Average Income,584.53,thousand_pesos
2023,City of Valenzuela,Tenth Decile,Average Savings,205.7,thousand_pesos
2023,City of Valenzuela,Third Decile,Average Expenditure,223.93,thousand_pesos
2023,City of Valenzuela,Third Decile,Average Income,267.61,thousand_pesos
2023,City of Valenzuela,Third Decile,Average Savings,43.67,thousand_pesos
2023,City of Zamboanga,All Income Groups,Average Expenditure,226.6,thousand_pesos
2023,City of Zamboanga,All Income Groups,Average Income,264.06,thousand_pesos
2023,City of Zamboanga,All Income Groups,Average Savings,37.46,thousand_pesos
2023,City of Zamboanga,Eighth Decile,Average Expenditure,235.69,thousand_pesos
2023,City of Zamboanga,Eighth Decile,Average Income,272.44,thousand_pesos
2023,City of Zamboanga,Eighth Decile,Average Savings,36.76,thousand_pesos
2023,City of Zamboanga,Fifth Decile,Average Expenditure,199.49,thousand_pesos
2023,City of Zamboanga,Fifth Decile,Average Income,228.52,thousand_pesos
2023,City of Zamboanga,Fifth Decile,Average Savings,29.02,thousand_pesos
2023,City of Zamboanga,First Decile,Average Expenditure,151.81,thousand_pesos
2023,City of Zamboanga,First Decile,Average Income,178.87,thousand_pesos
2023,City of Zamboanga,First Decile,Average Savings,27.06,thousand_pesos
2023,City of Zamboanga,Fourth Decile,Average Expenditure,189.14,thousand_pesos
2023,City of Zamboanga,Fourth Decile,Average Income,220.67,thousand_pesos
2023,City of Zamboanga,Fourth Decile,Average Savings,31.54,thousand_pesos
2023,City of Zamboanga,Ninth Decile,Average Expenditure,271.73,thousand_pesos
2023,City of Zamboanga,Ninth Decile,Average Income,315.46,thousand_pesos
2023,City of Zamboanga,Ninth Decile,Average Savings,43.73,thousand_pesos
2023,City of Zamboanga,Second Decile,Average Expenditure,171.03,thousand_pesos
2023,City of Zamboanga,Second Decile,Average Income,199.41,thousand_pesos
2023,City of Zamboanga,Second Decile,Average Savings,28.38,thousand_pesos
2023,City of Zamboanga,Seventh Decile,Average Expenditure,211.09,thousand_pesos
2023,City of Zamboanga,Seventh Decile,Average Income,245.51,thousand_pesos
2023,City of Zamboanga,Seventh Decile,Average Savings,34.42,thousand_pesos
2023,City of Zamboanga,Sixth Decile,Average Expenditure,214.43,thousand_pesos
2023,City of Zamboanga,Sixth Decile,Average Income,243.3,thousand_pesos
2023,City of Zamboanga,Sixth Decile,Average Savings,28.86,thousand_pesos
2023,City of Zamboanga,Tenth Decile,Average Expenditure,434.54,thousand_pesos
2023,City of Zamboanga,Tenth Decile,Average Income,519.81,thousand_pesos
2023,City of Zamboanga,Tenth Decile,Average Savings,85.27,thousand_pesos
2023,City of Zamboanga,Third Decile,Average Expenditure,185.75,thousand_pesos
2023,City of Zamboanga,Third Decile,Average Income,215.08,thousand_pesos
2023,City of Zamboanga,Third Decile,Average Savings,29.32,thousand_pesos
2023,DAVAO DE ORO,All Income Groups,Average Expenditure,147.02,thousand_pesos
2023,DAVAO DE ORO,All Income Groups,Average Income,247.52,thousand_pesos
2023,DAVAO DE ORO,All Income Groups,Average Savings,100.51,thousand_pesos
2023,DAVAO DE ORO,Eighth Decile,Average Expenditure,147.9,thousand_pesos
2023,DAVAO DE ORO,Eighth Decile,Average Income,249.86,thousand_pesos
2023,DAVAO DE ORO,Eighth Decile,Average Savings,101.95,thousand_pesos
2023,DAVAO DE ORO,Fifth Decile,Average Expenditure,124.68,thousand_pesos
2023,DAVAO DE ORO,Fifth Decile,Average Income,193.51,thousand_pesos
2023,DAVAO DE ORO,Fifth Decile,Average Savings,68.83,thousand_pesos
2023,DAVAO DE ORO,First Decile,Average Expenditure,100.54,thousand_pesos
2023,DAVAO DE ORO,First Decile,Average Income,132.54,thousand_pesos
2023,DAVAO DE ORO,First Decile,Average Savings,32.0,thousand_pesos
2023,DAVAO DE ORO,Fourth Decile,Average Expenditure,119.18,thousand_pesos
2023,DAVAO DE ORO,Fourth Decile,Average Income,189.59,thousand_pesos
2023,DAVAO DE ORO,Fourth Decile,Average Savings,70.41,thousand_pesos
2023,DAVAO DE ORO,Ninth Decile,Average Expenditure,176.15,thousand_pesos
2023,DAVAO DE ORO,Ninth Decile,Average Income,318.28,thousand_pesos
2023,DAVAO DE ORO,Ninth Decile,Average Savings,142.13,thousand_pesos
2023,DAVAO DE ORO,Second Decile,Average Expenditure,108.02,thousand_pesos
2023,DAVAO DE ORO,Second Decile,Average Income,153.05,thousand_pesos
2023,DAVAO DE ORO,Second Decile,Average Savings,45.03,thousand_pesos
2023,DAVAO DE ORO,Seventh Decile,Average Expenditure,126.27,thousand_pesos
2023,DAVAO DE ORO,Seventh Decile,Average Income,215.17,thousand_pesos
2023,DAVAO DE ORO,Seventh Decile,Average Savings,88.9,thousand_pesos
2023,DAVAO DE ORO,Sixth Decile,Average Expenditure,122.9,thousand_pesos
2023,DAVAO DE ORO,Sixth Decile,Average Income,209.63,thousand_pesos
2023,DAVAO DE ORO,Sixth Decile,Average Savings,86.74,thousand_pesos
2023,DAVAO DE ORO,Tenth Decile,Average Expenditure,327.53,thousand_pesos
2023,DAVAO DE ORO,Tenth Decile,Average Income,642.98,thousand_pesos
2023,DAVAO DE ORO,Tenth Decile,Average Savings,315.45,thousand_pesos
2023,DAVAO DE ORO,Third Decile,Average Expenditure,116.42,thousand_pesos
2023,DAVAO DE ORO,Third Decile,Average Income,169.25,thousand_pesos
2023,DAVAO DE ORO,Third Decile,Average Savings,52.83,thousand_pesos
2023,DAVAO DEL NORTE,All Income Groups,Average Expenditure,195.59,thousand_pesos
2023,DAVAO DEL NORTE,All Income Groups,Average Income,236.1,thousand_pesos
2023,DAVAO DEL NORTE,All Income Groups,Average Savings,40.51,thousand_pesos
2023,DAVAO DEL NORTE,Eighth Decile,Average Expenditure,212.47,thousand_pesos
2023,DAVAO DEL NORTE,Eighth Decile,Average Income,253.01,thousand_pesos
2023,DAVAO DEL NORTE,Eighth Decile,Average Savings,40.54,thousand_pesos
2023,DAVAO DEL NORTE,Fifth Decile,Average Expenditure,175.24,thousand_pesos
2023,DAVAO DEL NORTE,Fifth Decile,Average Income,199.81,thousand_pesos
2023,DAVAO DEL NORTE,Fifth Decile,Average Savings,24.57,thousand_pesos
2023,DAVAO DEL NORTE,First Decile,Average Expenditure,121.26,thousand_pesos
2023,DAVAO DEL NORTE,First Decile,Average Income,131.71,thousand_pesos
2023,DAVAO DEL NORTE,First Decile,Average Savings,10.45,thousand_pesos
2023,DAVAO DEL NORTE,Fourth Decile,Average Expenditure,172.33,thousand_pesos
2023,DAVAO DEL NORTE,Fourth Decile,Average Income,194.71,thousand_pesos
2023,DAVAO DEL NORTE,Fourth Decile,Average Savings,22.38,thousand_pesos
2023,DAVAO DEL NORTE,Ninth Decile,Average Expenditure,239.61,thousand_pesos
2023,DAVAO DEL NORTE,Ninth Decile,Average Income,289.73,thousand_pesos
2023,DAVAO DEL NORTE,Ninth Decile,Average Savings,50.11,thousand_pesos
2023,DAVAO DEL NORTE,Second Decile,Average Expenditure,145.04,thousand_pesos
2023,DAVAO DEL NORTE,Second Decile,Average Income,158.97,thousand_pesos
2023,DAVAO DEL NORTE,Second Decile,Average Savings,13.92,thousand_pesos
2023,DAVAO DEL NORTE,Seventh Decile,Average Expenditure,199.98,thousand_pesos
2023,DAVAO DEL NORTE,Seventh Decile,Average Income,232.25,thousand_pesos
2023,DAVAO DEL NORTE,Seventh Decile,Average Savings,32.27,thousand_pesos
2023,DAVAO DEL NORTE,Sixth Decile,Average Expenditure,177.11,thousand_pesos
2023,DAVAO DEL NORTE,Sixth Decile,Average Income,207.35,thousand_pesos
2023,DAVAO DEL NORTE,Sixth Decile,Average Savings,30.25,thousand_pesos
2023,DAVAO DEL NORTE,Tenth Decile,Average Expenditure,358.17,thousand_pesos
2023,DAVAO DEL NORTE,Tenth Decile,Average Income,519.56,thousand_pesos
2023,DAVAO DEL NORTE,Tenth Decile,Average Savings,161.39,thousand_pesos
2023,DAVAO DEL NORTE,Third Decile,Average Expenditure,153.95,thousand_pesos
2023,DAVAO DEL NORTE,Third Decile,Average Income,172.73,thousand_pesos
2023,DAVAO DEL NORTE,Third Decile,Average Savings,18.78,thousand_pesos
2023,DAVAO DEL SUR (Excluding City of Davao),All Income Groups,Average Expenditure,166.42,thousand_pesos
2023,DAVAO DEL SUR (Excluding City of Davao),All Income Groups,Average Income,260.63,thousand_pesos
2023,DAVAO DEL SUR (Excluding City of Davao),All Income Groups,Average Savings,94.21,thousand_pesos
2023,DAVAO DEL SUR (Excluding City of Davao),Eighth Decile,Average Expenditure,164.8,thousand_pesos
2023,DAVAO DEL SUR (Excluding City of Davao),Eighth Decile,Average Income,257.83,thousand_pesos
2023,DAVAO DEL SUR (Excluding City of Davao),Eighth Decile,Average Savings,93.04,thousand_pesos
2023,DAVAO DEL SUR (Excluding City of Davao),Fifth Decile,Average Expenditure,138.83,thousand_pesos
2023,DAVAO DEL SUR (Excluding City of Davao),Fifth Decile,Average Income,196.35,thousand_pesos
2023,DAVAO DEL SUR (Excluding City of Davao),Fifth Decile,Average Savings,57.52,thousand_pesos
2023,DAVAO DEL SUR (Excluding City of Davao),First Decile,Average Expenditure,100.11,thousand_pesos
2023,DAVAO DEL SUR (Excluding City of Davao),First Decile,Average Income,125.14,thousand_pesos
2023,DAVAO DEL SUR (Excluding City of Davao),First Decile,Average Savings,25.03,thousand_pesos
2023,DAVAO DEL SUR (Excluding City of Davao),Fourth Decile,Average Expenditure,122.35,thousand_pesos
2023,DAVAO DEL SUR (Excluding City of Davao),Fourth Decile,Average Income,170.33,thousand_pesos
2023,DAVAO DEL SUR (Excluding City of Davao),Fourth Decile,Average Savings,47.98,thousand_pesos
2023,DAVAO DEL SUR (Excluding City of Davao),Ninth Decile,Average Expenditure,217.85,thousand_pesos
2023,DAVAO DEL SUR (Excluding City of Davao),Ninth Decile,Average Income,350.88,thousand_pesos
2023,DAVAO DEL SUR (Excluding City of Davao),Ninth Decile,Average Savings,133.03,thousand_pesos
2023,DAVAO DEL SUR (Excluding City of Davao),Second Decile,Average Expenditure,116.72,thousand_pesos
2023,DAVAO DEL SUR (Excluding City of Davao),Second Decile,Average Income,152.26,thousand_pesos
2023,DAVAO DEL SUR (Excluding City of Davao),Second Decile,Average Savings,35.54,thousand_pesos
2023,DAVAO DEL SUR (Excluding City of Davao),Seventh Decile,Average Expenditure,153.65,thousand_pesos
2023,DAVAO DEL SUR (Excluding City of Davao),Seventh Decile,Average Income,239.18,thousand_pesos
2023,DAVAO DEL SUR (Excluding City of Davao),Seventh Decile,Average Savings,85.53,thousand_pesos
2023,DAVAO DEL SUR (Excluding City of Davao),Sixth Decile,Average Expenditure,146.79,thousand_pesos
2023,DAVAO DEL SUR (Excluding City of Davao),Sixth Decile,Average Income,209.85,thousand_pesos
2023,DAVAO DEL SUR (Excluding City of Davao),Sixth Decile,Average Savings,63.07,thousand_pesos
2023,DAVAO DEL SUR (Excluding City of Davao),Tenth Decile,Average Expenditure,378.75,thousand_pesos
2023,DAVAO DEL SUR (Excluding City of Davao),Tenth Decile,Average Income,737.53,thousand_pesos
2023,DAVAO DEL SUR (Excluding City of Davao),Tenth Decile,Average Savings,358.78,thousand_pesos
2023,DAVAO DEL SUR (Excluding City of Davao),Third Decile,Average Expenditure,123.83,thousand_pesos
2023,DAVAO DEL SUR (Excluding City of Davao),Third Decile,Average Income,165.91,thousand_pesos
2023,DAVAO DEL SUR (Excluding City of Davao),Third Decile,Average Savings,42.07,thousand_pesos
2023,DAVAO OCCIDENTAL,All Income Groups,Average Expenditure,134.09,thousand_pesos
2023,DAVAO OCCIDENTAL,All Income Groups,Average Income,183.42,thousand_pesos
2023,DAVAO OCCIDENTAL,All Income Groups,Average Savings,49.33,thousand_pesos
2023,DAVAO OCCIDENTAL,Eighth Decile,Average Expenditure,123.52,thousand_pesos
2023,DAVAO OCCIDENTAL,Eighth Decile,Average Income,163.38,thousand_pesos
2023,DAVAO OCCIDENTAL,Eighth Decile,Average Savings,39.86,thousand_pesos
2023,DAVAO OCCIDENTAL,Fifth Decile,Average Expenditure,116.86,thousand_pesos
2023,DAVAO OCCIDENTAL,Fifth Decile,Average Income,147.37,thousand_pesos
2023,DAVAO OCCIDENTAL,Fifth Decile,Average Savings,30.51,thousand_pesos
2023,DAVAO OCCIDENTAL,First Decile,Average Expenditure,84.3,thousand_pesos
2023,DAVAO OCCIDENTAL,First Decile,Average Income,103.34,thousand_pesos
2023,DAVAO OCCIDENTAL,First Decile,Average Savings,19.05,thousand_pesos
2023,DAVAO OCCIDENTAL,Fourth Decile,Average Expenditure,105.99,thousand_pesos
2023,DAVAO OCCIDENTAL,Fourth Decile,Average Income,131.35,thousand_pesos
2023,DAVAO OCCIDENTAL,Fourth Decile,Average Savings,25.37,thousand_pesos
2023,DAVAO OCCIDENTAL,Ninth Decile,Average Expenditure,159.43,thousand_pesos
2023,DAVAO OCCIDENTAL,Ninth Decile,Average Income,219.75,thousand_pesos
2023,DAVAO OCCIDENTAL,Ninth Decile,Average Savings,60.31,thousand_pesos
2023,DAVAO OCCIDENTAL,Second Decile,Average Expenditure,100.0,thousand_pesos
2023,DAVAO OCCIDENTAL,Second Decile,Average Income,120.97,thousand_pesos
2023,DAVAO OCCIDENTAL,Second Decile,Average Savings,20.98,thousand_pesos
2023,DAVAO OCCIDENTAL,Seventh Decile,Average Expenditure,121.38,thousand_pesos
2023,DAVAO OCCIDENTAL,Seventh Decile,Average Income,161.66,thousand_pesos
2023,DAVAO OCCIDENTAL,Seventh Decile,Average Savings,40.29,thousand_pesos
2023,DAVAO OCCIDENTAL,Sixth Decile,Average Expenditure,121.42,thousand_pesos
2023,DAVAO OCCIDENTAL,Sixth Decile,Average Income,157.8,thousand_pesos
2023,DAVAO OCCIDENTAL,Sixth Decile,Average Savings,36.38,thousand_pesos
2023,DAVAO OCCIDENTAL,Tenth Decile,Average Expenditure,305.59,thousand_pesos
2023,DAVAO OCCIDENTAL,Tenth Decile,Average Income,502.4,thousand_pesos
2023,DAVAO OCCIDENTAL,Tenth Decile,Average Savings,196.81,thousand_pesos
2023,DAVAO OCCIDENTAL,Third Decile,Average Expenditure,101.81,thousand_pesos
2023,DAVAO OCCIDENTAL,Third Decile,Average Income,125.19,thousand_pesos
2023,DAVAO OCCIDENTAL,Third Decile,Average Savings,23.39,thousand_pesos
2023,DAVAO ORIENTAL,All Income Groups,Average Expenditure,140.57,thousand_pesos
2023,DAVAO ORIENTAL,All Income Groups,Average Income,194.07,thousand_pesos
2023,DAVAO ORIENTAL,All Income Groups,Average Savings,53.5,thousand_pesos
2023,DAVAO ORIENTAL,Eighth Decile,Average Expenditure,140.09,thousand_pesos
2023,DAVAO ORIENTAL,Eighth Decile,Average Income,193.74,thousand_pesos
2023,DAVAO ORIENTAL,Eighth Decile,Average Savings,53.66,thousand_pesos
2023,DAVAO ORIENTAL,Fifth Decile,Average Expenditure,123.55,thousand_pesos
2023,DAVAO ORIENTAL,Fifth Decile,Average Income,158.04,thousand_pesos
2023,DAVAO ORIENTAL,Fifth Decile,Average Savings,34.49,thousand_pesos
2023,DAVAO ORIENTAL,First Decile,Average Expenditure,110.53,thousand_pesos
2023,DAVAO ORIENTAL,First Decile,Average Income,127.65,thousand_pesos
2023,DAVAO ORIENTAL,First Decile,Average Savings,17.12,thousand_pesos
2023,DAVAO ORIENTAL,Fourth Decile,Average Expenditure,114.92,thousand_pesos
2023,DAVAO ORIENTAL,Fourth Decile,Average Income,144.37,thousand_pesos
2023,DAVAO ORIENTAL,Fourth Decile,Average Savings,29.45,thousand_pesos
2023,DAVAO ORIENTAL,Ninth Decile,Average Expenditure,161.96,thousand_pesos
2023,DAVAO ORIENTAL,Ninth Decile,Average Income,241.53,thousand_pesos
2023,DAVAO ORIENTAL,Ninth Decile,Average Savings,79.57,thousand_pesos
2023,DAVAO ORIENTAL,Second Decile,Average Expenditure,111.36,thousand_pesos
2023,DAVAO ORIENTAL,Second Decile,Average Income,132.57,thousand_pesos
2023,DAVAO ORIENTAL,Second Decile,Average Savings,21.22,thousand_pesos
2023,DAVAO ORIENTAL,Seventh Decile,Average Expenditure,126.38,thousand_pesos
2023,DAVAO ORIENTAL,Seventh Decile,Average Income,168.35,thousand_pesos
2023,DAVAO ORIENTAL,Seventh Decile,Average Savings,41.98,thousand_pesos
2023,DAVAO ORIENTAL,Sixth Decile,Average Expenditure,118.34,thousand_pesos
2023,DAVAO ORIENTAL,Sixth Decile,Average Income,152.77,thousand_pesos
2023,DAVAO ORIENTAL,Sixth Decile,Average Savings,34.43,thousand_pesos
2023,DAVAO ORIENTAL,Tenth Decile,Average Expenditure,278.91,thousand_pesos
2023,DAVAO ORIENTAL,Tenth Decile,Average Income,473.53,thousand_pesos
2023,DAVAO ORIENTAL,Tenth Decile,Average Savings,194.62,thousand_pesos
2023,DAVAO ORIENTAL,Third Decile,Average Expenditure,119.16,thousand_pesos
2023,DAVAO ORIENTAL,Third Decile,Average Income,147.01,thousand_pesos
2023,DAVAO ORIENTAL,Third Decile,Average Savings,27.84,thousand_pesos
2023,DINAGAT ISLANDS,All Income Groups,Average Expenditure,152.07,thousand_pesos
2023,DINAGAT ISLANDS,All Income Groups,Average Income,230.7,thousand_pesos
2023,DINAGAT ISLANDS,All Income Groups,Average Savings,78.63,thousand_pesos
2023,DINAGAT ISLANDS,Eighth Decile,Average Expenditure,153.85,thousand_pesos
2023,DINAGAT ISLANDS,Eighth Decile,Average Income,238.15,thousand_pesos
2023,DINAGAT ISLANDS,Eighth Decile,Average Savings,84.3,thousand_pesos
2023,DINAGAT ISLANDS,Fifth Decile,Average Expenditure,114.81,thousand_pesos
2023,DINAGAT ISLANDS,Fifth Decile,Average Income,166.38,thousand_pesos
2023,DINAGAT ISLANDS,Fifth Decile,Average Savings,51.58,thousand_pesos
2023,DINAGAT ISLANDS,First Decile,Average Expenditure,90.68,thousand_pesos
2023,DINAGAT ISLANDS,First Decile,Average Income,110.67,thousand_pesos
2023,DINAGAT ISLANDS,First Decile,Average Savings,20.0,thousand_pesos
2023,DINAGAT ISLANDS,Fourth Decile,Average Expenditure,116.8,thousand_pesos
2023,DINAGAT ISLANDS,Fourth Decile,Average Income,152.94,thousand_pesos
2023,DINAGAT ISLANDS,Fourth Decile,Average Savings,36.14,thousand_pesos
2023,DINAGAT ISLANDS,Ninth Decile,Average Expenditure,187.9,thousand_pesos
2023,DINAGAT ISLANDS,Ninth Decile,Average Income,307.4,thousand_pesos
2023,DINAGAT ISLANDS,Ninth Decile,Average Savings,119.5,thousand_pesos
2023,DINAGAT ISLANDS,Second Decile,Average Expenditure,103.14,thousand_pesos
2023,DINAGAT ISLANDS,Second Decile,Average Income,130.38,thousand_pesos
2023,DINAGAT ISLANDS,Second Decile,Average Savings,27.24,thousand_pesos
2023,DINAGAT ISLANDS,Seventh Decile,Average Expenditure,144.26,thousand_pesos
2023,DINAGAT ISLANDS,Seventh Decile,Average Income,217.04,thousand_pesos
2023,DINAGAT ISLANDS,Seventh Decile,Average Savings,72.78,thousand_pesos
2023,DINAGAT ISLANDS,Sixth Decile,Average Expenditure,138.47,thousand_pesos
2023,DINAGAT ISLANDS,Sixth Decile,Average Income,206.57,thousand_pesos
2023,DINAGAT ISLANDS,Sixth Decile,Average Savings,68.1,thousand_pesos
2023,DINAGAT ISLANDS,Tenth Decile,Average Expenditure,357.57,thousand_pesos
2023,DINAGAT ISLANDS,Tenth Decile,Average Income,627.86,thousand_pesos
2023,DINAGAT ISLANDS,Tenth Decile,Average Savings,270.29,thousand_pesos
2023,DINAGAT ISLANDS,Third Decile,Average Expenditure,110.92,thousand_pesos
2023,DINAGAT ISLANDS,Third Decile,Average Income,145.04,thousand_pesos
2023,DINAGAT ISLANDS,Third Decile,Average Savings,34.12,thousand_pesos
2023,EASTERN SAMAR,All Income Groups,Average Expenditure,173.22,thousand_pesos
2023,EASTERN SAMAR,All Income Groups,Average Income,223.43,thousand_pesos
2023,EASTERN SAMAR,All Income Groups,Average Savings,50.22,thousand_pesos
2023,EASTERN SAMAR,Eighth Decile,Average Expenditure,179.73,thousand_pesos
2023,EASTERN SAMAR,Eighth Decile,Average Income,222.93,thousand_pesos
2023,EASTERN SAMAR,Eighth Decile,Average Savings,43.19,thousand_pesos
2023,EASTERN SAMAR,Fifth Decile,Average Expenditure,131.61,thousand_pesos
2023,EASTERN SAMAR,Fifth Decile,Average Income,152.24,thousand_pesos
2023,EASTERN SAMAR,Fifth Decile,Average Savings,20.63,thousand_pesos
2023,EASTERN SAMAR,First Decile,Average Expenditure,110.44,thousand_pesos
2023,EASTERN SAMAR,First Decile,Average Income,113.36,thousand_pesos
2023,EASTERN SAMAR,First Decile,Average Savings,2.92,thousand_pesos
2023,EASTERN SAMAR,Fourth Decile,Average Expenditure,133.55,thousand_pesos
2023,EASTERN SAMAR,Fourth Decile,Average Income,153.35,thousand_pesos
2023,EASTERN SAMAR,Fourth Decile,Average Savings,19.8,thousand_pesos
2023,EASTERN SAMAR,Ninth Decile,Average Expenditure,226.91,thousand_pesos
2023,EASTERN SAMAR,Ninth Decile,Average Income,310.67,thousand_pesos
2023,EASTERN SAMAR,Ninth Decile,Average Savings,83.76,thousand_pesos
2023,EASTERN SAMAR,Second Decile,Average Expenditure,123.17,thousand_pesos
2023,EASTERN SAMAR,Second Decile,Average Income,131.31,thousand_pesos
2023,EASTERN SAMAR,Second Decile,Average Savings,8.14,thousand_pesos
2023,EASTERN SAMAR,Seventh Decile,Average Expenditure,151.61,thousand_pesos
2023,EASTERN SAMAR,Seventh Decile,Average Income,186.02,thousand_pesos
2023,EASTERN SAMAR,Seventh Decile,Average Savings,34.41,thousand_pesos
2023,EASTERN SAMAR,Sixth Decile,Average Expenditure,145.37,thousand_pesos
2023,EASTERN SAMAR,Sixth Decile,Average Income,173.79,thousand_pesos
2023,EASTERN SAMAR,Sixth Decile,Average Savings,28.42,thousand_pesos
2023,EASTERN SAMAR,Tenth Decile,Average Expenditure,394.54,thousand_pesos
2023,EASTERN SAMAR,Tenth Decile,Average Income,642.28,thousand_pesos
2023,EASTERN SAMAR,Tenth Decile,Average Savings,247.73,thousand_pesos
2023,EASTERN SAMAR,Third Decile,Average Expenditure,134.5,thousand_pesos
2023,EASTERN SAMAR,Third Decile,Average Income,147.04,thousand_pesos
2023,EASTERN SAMAR,Third Decile,Average Savings,12.54,thousand_pesos
2023,GUIMARAS,All Income Groups,Average Expenditure,212.76,thousand_pesos
2023,GUIMARAS,All Income Groups,Average Income,244.79,thousand_pesos
2023,GUIMARAS,All Income Groups,Average Savings,32.03,thousand_pesos
2023,GUIMARAS,Eighth Decile,Average Expenditure,198.15,thousand_pesos
2023,GUIMARAS,Eighth Decile,Average Income,231.2,thousand_pesos
2023,GUIMARAS,Eighth Decile,Average Savings,33.05,thousand_pesos
2023,GUIMARAS,Fifth Decile,Average Expenditure,177.94,thousand_pesos
2023,GUIMARAS,Fifth Decile,Average Income,190.66,thousand_pesos
2023,GUIMARAS,Fifth Decile,Average Savings,12.72,thousand_pesos
2023,GUIMARAS,First Decile,Average Expenditure,160.18,thousand_pesos
2023,GUIMARAS,First Decile,Average Income,164.31,thousand_pesos
2023,GUIMARAS,First Decile,Average Savings,4.13,thousand_pesos
2023,GUIMARAS,Fourth Decile,Average Expenditure,189.02,thousand_pesos
2023,GUIMARAS,Fourth Decile,Average Income,196.47,thousand_pesos
2023,GUIMARAS,Fourth Decile,Average Savings,7.45,thousand_pesos
2023,GUIMARAS,Ninth Decile,Average Expenditure,275.13,thousand_pesos
2023,GUIMARAS,Ninth Decile,Average Income,341.58,thousand_pesos
2023,GUIMARAS,Ninth Decile,Average Savings,66.45,thousand_pesos
2023,GUIMARAS,Second Decile,Average Expenditure,172.59,thousand_pesos
2023,GUIMARAS,Second Decile,Average Income,177.78,thousand_pesos
2023,GUIMARAS,Second Decile,Average Savings,5.2,thousand_pesos
2023,GUIMARAS,Seventh Decile,Average Expenditure,195.74,thousand_pesos
2023,GUIMARAS,Seventh Decile,Average Income,223.51,thousand_pesos
2023,GUIMARAS,Seventh Decile,Average Savings,27.77,thousand_pesos
2023,GUIMARAS,Sixth Decile,Average Expenditure,187.98,thousand_pesos
2023,GUIMARAS,Sixth Decile,Average Income,200.24,thousand_pesos
2023,GUIMARAS,Sixth Decile,Average Savings,12.26,thousand_pesos
2023,GUIMARAS,Tenth Decile,Average Expenditure,385.22,thousand_pesos
2023,GUIMARAS,Tenth Decile,Average Income,531.02,thousand_pesos
2023,GUIMARAS,Tenth Decile,Average Savings,145.81,thousand_pesos
2023,GUIMARAS,Third Decile,Average Expenditure,184.3,thousand_pesos
2023,GUIMARAS,Third Decile,Average Income,188.82,thousand_pesos
2023,GUIMARAS,Third Decile,Average Savings,4.51,thousand_pesos
2023,IFUGAO,All Income Groups,Average Expenditure,178.87,thousand_pesos
2023,IFUGAO,All Income Groups,Average Income,287.15,thousand_pesos
2023,IFUGAO,All Income Groups,Average Savings,108.29,thousand_pesos
2023,IFUGAO,Eighth Decile,Average Expenditure,174.57,thousand_pesos
2023,IFUGAO,Eighth Decile,Average Income,286.49,thousand_pesos
2023,IFUGAO,Eighth Decile,Average Savings,111.91,thousand_pesos
2023,IFUGAO,Fifth Decile,Average Expenditure,153.75,thousand_pesos
2023,IFUGAO,Fifth Decile,Average Income,219.7,thousand_pesos
2023,IFUGAO,Fifth Decile,Average Savings,65.95,thousand_pesos
2023,IFUGAO,First Decile,Average Expenditure,127.62,thousand_pesos
2023,IFUGAO,First Decile,Average Income,157.81,thousand_pesos
2023,IFUGAO,First Decile,Average Savings,30.19,thousand_pesos
2023,IFUGAO,Fourth Decile,Average Expenditure,140.85,thousand_pesos
2023,IFUGAO,Fourth Decile,Average Income,201.31,thousand_pesos
2023,IFUGAO,Fourth Decile,Average Savings,60.46,thousand_pesos
2023,IFUGAO,Ninth Decile,Average Expenditure,225.02,thousand_pesos
2023,IFUGAO,Ninth Decile,Average Income,375.53,thousand_pesos
2023,IFUGAO,Ninth Decile,Average Savings,150.51,thousand_pesos
2023,IFUGAO,Second Decile,Average Expenditure,147.39,thousand_pesos
2023,IFUGAO,Second Decile,Average Income,188.41,thousand_pesos
2023,IFUGAO,Second Decile,Average Savings,41.02,thousand_pesos
2023,IFUGAO,Seventh Decile,Average Expenditure,159.33,thousand_pesos
2023,IFUGAO,Seventh Decile,Average Income,243.88,thousand_pesos
2023,IFUGAO,Seventh Decile,Average Savings,84.56,thousand_pesos
2023,IFUGAO,Sixth Decile,Average Expenditure,158.57,thousand_pesos
2023,IFUGAO,Sixth Decile,Average Income,229.19,thousand_pesos
2023,IFUGAO,Sixth Decile,Average Savings,70.62,thousand_pesos
2023,IFUGAO,Tenth Decile,Average Expenditure,347.04,thousand_pesos
2023,IFUGAO,Tenth Decile,Average Income,758.41,thousand_pesos
2023,IFUGAO,Tenth Decile,Average Savings,411.37,thousand_pesos
2023,IFUGAO,Third Decile,Average Expenditure,153.77,thousand_pesos
2023,IFUGAO,Third Decile,Average Income,208.61,thousand_pesos
2023,IFUGAO,Third Decile,Average Savings,54.84,thousand_pesos
2023,ILOCOS NORTE,All Income Groups,Average Expenditure,269.33,thousand_pesos
2023,ILOCOS NORTE,All Income Groups,Average Income,399.17,thousand_pesos
2023,ILOCOS NORTE,All Income Groups,Average Savings,129.83,thousand_pesos
2023,ILOCOS NORTE,Eighth Decile,Average Expenditure,253.84,thousand_pesos
2023,ILOCOS NORTE,Eighth Decile,Average Income,393.16,thousand_pesos
2023,ILOCOS NORTE,Eighth Decile,Average Savings,139.33,thousand_pesos
2023,ILOCOS NORTE,Fifth Decile,Average Expenditure,250.2,thousand_pesos
2023,ILOCOS NORTE,Fifth Decile,Average Income,357.28,thousand_pesos
2023,ILOCOS NORTE,Fifth Decile,Average Savings,107.07,thousand_pesos
2023,ILOCOS NORTE,First Decile,Average Expenditure,221.58,thousand_pesos
2023,ILOCOS NORTE,First Decile,Average Income,271.23,thousand_pesos
2023,ILOCOS NORTE,First Decile,Average Savings,49.65,thousand_pesos
2023,ILOCOS NORTE,Fourth Decile,Average Expenditure,254.01,thousand_pesos
2023,ILOCOS NORTE,Fourth Decile,Average Income,346.31,thousand_pesos
2023,ILOCOS NORTE,Fourth Decile,Average Savings,92.3,thousand_pesos
2023,ILOCOS NORTE,Ninth Decile,Average Expenditure,269.94,thousand_pesos
2023,ILOCOS NORTE,Ninth Decile,Average Income,431.35,thousand_pesos
2023,ILOCOS NORTE,Ninth Decile,Average Savings,161.41,thousand_pesos
2023,ILOCOS NORTE,Second Decile,Average Expenditure,243.95,thousand_pesos
2023,ILOCOS NORTE,Second Decile,Average Income,310.56,thousand_pesos
2023,ILOCOS NORTE,Second Decile,Average Savings,66.62,thousand_pesos
2023,ILOCOS NORTE,Seventh Decile,Average Expenditure,271.42,thousand_pesos
2023,ILOCOS NORTE,Seventh Decile,Average Income,406.97,thousand_pesos
2023,ILOCOS NORTE,Seventh Decile,Average Savings,135.55,thousand_pesos
2023,ILOCOS NORTE,Sixth Decile,Average Expenditure,246.84,thousand_pesos
2023,ILOCOS NORTE,Sixth Decile,Average Income,366.51,thousand_pesos
2023,ILOCOS NORTE,Sixth Decile,Average Savings,119.67,thousand_pesos
2023,ILOCOS NORTE,Tenth Decile,Average Expenditure,445.17,thousand_pesos
2023,ILOCOS NORTE,Tenth Decile,Average Income,785.87,thousand_pesos
2023,ILOCOS NORTE,Tenth Decile,Average Savings,340.7,thousand_pesos
2023,ILOCOS NORTE,Third Decile,Average Expenditure,235.48,thousand_pesos
2023,ILOCOS NORTE,Third Decile,Average Income,320.33,thousand_pesos
2023,ILOCOS NORTE,Third Decile,Average Savings,84.85,thousand_pesos
2023,ILOCOS SUR,All Income Groups,Average Expenditure,206.83,thousand_pesos
2023,ILOCOS SUR,All Income Groups,Average Income,316.96,thousand_pesos
2023,ILOCOS SUR,All Income Groups,Average Savings,110.13,thousand_pesos
2023,ILOCOS SUR,Eighth Decile,Average Expenditure,225.05,thousand_pesos
2023,ILOCOS SUR,Eighth Decile,Average Income,340.51,thousand_pesos
2023,ILOCOS SUR,Eighth Decile,Average Savings,115.46,thousand_pesos
2023,ILOCOS SUR,Fifth Decile,Average Expenditure,179.48,thousand_pesos
2023,ILOCOS SUR,Fifth Decile,Average Income,247.89,thousand_pesos
2023,ILOCOS SUR,Fifth Decile,Average Savings,68.4,thousand_pesos
2023,ILOCOS SUR,First Decile,Average Expenditure,121.02,thousand_pesos
2023,ILOCOS SUR,First Decile,Average Income,151.39,thousand_pesos
2023,ILOCOS SUR,First Decile,Average Savings,30.37,thousand_pesos
2023,ILOCOS SUR,Fourth Decile,Average Expenditure,162.58,thousand_pesos
2023,ILOCOS SUR,Fourth Decile,Average Income,223.08,thousand_pesos
2023,ILOCOS SUR,Fourth Decile,Average Savings,60.5,thousand_pesos
2023,ILOCOS SUR,Ninth Decile,Average Expenditure,246.05,thousand_pesos
2023,ILOCOS SUR,Ninth Decile,Average Income,424.18,thousand_pesos
2023,ILOCOS SUR,Ninth Decile,Average Savings,178.12,thousand_pesos
2023,ILOCOS SUR,Second Decile,Average Expenditure,149.66,thousand_pesos
2023,ILOCOS SUR,Second Decile,Average Income,192.34,thousand_pesos
2023,ILOCOS SUR,Second Decile,Average Savings,42.68,thousand_pesos
2023,ILOCOS SUR,Seventh Decile,Average Expenditure,201.82,thousand_pesos
2023,ILOCOS SUR,Seventh Decile,Average Income,314.26,thousand_pesos
2023,ILOCOS SUR,Seventh Decile,Average Savings,112.44,thousand_pesos
2023,ILOCOS SUR,Sixth Decile,Average Expenditure,196.06,thousand_pesos
2023,ILOCOS SUR,Sixth Decile,Average Income,277.62,thousand_pesos
2023,ILOCOS SUR,Sixth Decile,Average Savings,81.56,thousand_pesos
2023,ILOCOS SUR,Tenth Decile,Average Expenditure,423.88,thousand_pesos
2023,ILOCOS SUR,Tenth Decile,Average Income,777.05,thousand_pesos
2023,ILOCOS SUR,Tenth Decile,Average Savings,353.17,thousand_pesos
2023,ILOCOS SUR,Third Decile,Average Expenditure,161.15,thousand_pesos
2023,ILOCOS SUR,Third Decile,Average Income,217.96,thousand_pesos
2023,ILOCOS SUR,Third Decile,Average Savings,56.8,thousand_pesos
2023,ILOILO (Excluding City of Iloilo),All Income Groups,Average Expenditure,191.24,thousand_pesos
2023,ILOILO (Excluding City of Iloilo),All Income Groups,Average Income,282.81,thousand_pesos
2023,ILOILO (Excluding City of Iloilo),All Income Groups,Average Savings,91.58,thousand_pesos
2023,ILOILO (Excluding City of Iloilo),Eighth Decile,Average Expenditure,210.48,thousand_pesos
2023,ILOILO (Excluding City of Iloilo),Eighth Decile,Average Income,296.06,thousand_pesos
2023,ILOILO (Excluding City of Iloilo),Eighth Decile,Average Savings,85.58,thousand_pesos
2023,ILOILO (Excluding City of Iloilo),Fifth Decile,Average Expenditure,150.87,thousand_pesos
2023,ILOILO (Excluding City of Iloilo),Fifth Decile,Average Income,210.45,thousand_pesos
2023,ILOILO (Excluding City of Iloilo),Fifth Decile,Average Savings,59.57,thousand_pesos
2023,ILOILO (Excluding City of Iloilo),First Decile,Average Expenditure,122.09,thousand_pesos
2023,ILOILO (Excluding City of Iloilo),First Decile,Average Income,130.79,thousand_pesos
2023,ILOILO (Excluding City of Iloilo),First Decile,Average Savings,8.7,thousand_pesos
2023,ILOILO (Excluding City of Iloilo),Fourth Decile,Average Expenditure,142.88,thousand_pesos
2023,ILOILO (Excluding City of Iloilo),Fourth Decile,Average Income,186.79,thousand_pesos
2023,ILOILO (Excluding City of Iloilo),Fourth Decile,Average Savings,43.91,thousand_pesos
2023,ILOILO (Excluding City of Iloilo),Ninth Decile,Average Expenditure,265.76,thousand_pesos
2023,ILOILO (Excluding City of Iloilo),Ninth Decile,Average Income,404.61,thousand_pesos
2023,ILOILO (Excluding City of Iloilo),Ninth Decile,Average Savings,138.85,thousand_pesos
2023,ILOILO (Excluding City of Iloilo),Second Decile,Average Expenditure,127.13,thousand_pesos
2023,ILOILO (Excluding City of Iloilo),Second Decile,Average Income,147.23,thousand_pesos
2023,ILOILO (Excluding City of Iloilo),Second Decile,Average Savings,20.09,thousand_pesos
2023,ILOILO (Excluding City of Iloilo),Seventh Decile,Average Expenditure,176.32,thousand_pesos
2023,ILOILO (Excluding City of Iloilo),Seventh Decile,Average Income,253.66,thousand_pesos
2023,ILOILO (Excluding City of Iloilo),Seventh Decile,Average Savings,77.33,thousand_pesos
2023,ILOILO (Excluding City of Iloilo),Sixth Decile,Average Expenditure,164.21,thousand_pesos
2023,ILOILO (Excluding City of Iloilo),Sixth Decile,Average Income,228.45,thousand_pesos
2023,ILOILO (Excluding City of Iloilo),Sixth Decile,Average Savings,64.24,thousand_pesos
2023,ILOILO (Excluding City of Iloilo),Tenth Decile,Average Expenditure,421.51,thousand_pesos
2023,ILOILO (Excluding City of Iloilo),Tenth Decile,Average Income,799.74,thousand_pesos
2023,ILOILO (Excluding City of Iloilo),Tenth Decile,Average Savings,378.23,thousand_pesos
2023,ILOILO (Excluding City of Iloilo),Third Decile,Average Expenditure,129.87,thousand_pesos
2023,ILOILO (Excluding City of Iloilo),Third Decile,Average Income,167.81,thousand_pesos
2023,ILOILO (Excluding City of Iloilo),Third Decile,Average Savings,37.94,thousand_pesos
2023,ISABELA,All Income Groups,Average Expenditure,180.23,thousand_pesos
2023,ISABELA,All Income Groups,Average Income,266.9,thousand_pesos
2023,ISABELA,All Income Groups,Average Savings,86.67,thousand_pesos
2023,ISABELA,Eighth Decile,Average Expenditure,197.52,thousand_pesos
2023,ISABELA,Eighth Decile,Average Income,298.53,thousand_pesos
2023,ISABELA,Eighth Decile,Average Savings,101.01,thousand_pesos
2023,ISABELA,Fifth Decile,Average Expenditure,156.19,thousand_pesos
2023,ISABELA,Fifth Decile,Average Income,215.66,thousand_pesos
2023,ISABELA,Fifth Decile,Average Savings,59.47,thousand_pesos
2023,ISABELA,First Decile,Average Expenditure,118.68,thousand_pesos
2023,ISABELA,First Decile,Average Income,144.43,thousand_pesos
2023,ISABELA,First Decile,Average Savings,25.76,thousand_pesos
2023,ISABELA,Fourth Decile,Average Expenditure,149.5,thousand_pesos
2023,ISABELA,Fourth Decile,Average Income,202.1,thousand_pesos
2023,ISABELA,Fourth Decile,Average Savings,52.61,thousand_pesos
2023,ISABELA,Ninth Decile,Average Expenditure,235.63,thousand_pesos
2023,ISABELA,Ninth Decile,Average Income,376.29,thousand_pesos
2023,ISABELA,Ninth Decile,Average Savings,140.66,thousand_pesos
2023,ISABELA,Second Decile,Average Expenditure,140.08,thousand_pesos
2023,ISABELA,Second Decile,Average Income,177.06,thousand_pesos
2023,ISABELA,Second Decile,Average Savings,36.98,thousand_pesos
2023,ISABELA,Seventh Decile,Average Expenditure,174.15,thousand_pesos
2023,ISABELA,Seventh Decile,Average Income,255.54,thousand_pesos
2023,ISABELA,Seventh Decile,Average Savings,81.39,thousand_pesos
2023,ISABELA,Sixth Decile,Average Expenditure,160.59,thousand_pesos
2023,ISABELA,Sixth Decile,Average Income,229.97,thousand_pesos
2023,ISABELA,Sixth Decile,Average Savings,69.38,thousand_pesos
2023,ISABELA,Tenth Decile,Average Expenditure,328.73,thousand_pesos
2023,ISABELA,Tenth Decile,Average Income,585.32,thousand_pesos
2023,ISABELA,Tenth Decile,Average Savings,256.59,thousand_pesos
2023,ISABELA,Third Decile,Average Expenditure,140.69,thousand_pesos
2023,ISABELA,Third Decile,Average Income,182.94,thousand_pesos
2023,ISABELA,Third Decile,Average Savings,42.25,thousand_pesos
2023,KALINGA,All Income Groups,Average Expenditure,244.13,thousand_pesos
2023,KALINGA,All Income Groups,Average Income,348.83,thousand_pesos
2023,KALINGA,All Income Groups,Average Savings,104.7,thousand_pesos
2023,KALINGA,Eighth Decile,Average Expenditure,258.58,thousand_pesos
2023,KALINGA,Eighth Decile,Average Income,362.28,thousand_pesos
2023,KALINGA,Eighth Decile,Average Savings,103.7,thousand_pesos
2023,KALINGA,Fifth Decile,Average Expenditure,210.31,thousand_pesos
2023,KALINGA,Fifth Decile,Average Income,268.05,thousand_pesos
2023,KALINGA,Fifth Decile,Average Savings,57.75,thousand_pesos
2023,KALINGA,First Decile,Average Expenditure,171.23,thousand_pesos
2023,KALINGA,First Decile,Average Income,192.56,thousand_pesos
2023,KALINGA,First Decile,Average Savings,21.33,thousand_pesos
2023,KALINGA,Fourth Decile,Average Expenditure,196.72,thousand_pesos
2023,KALINGA,Fourth Decile,Average Income,260.43,thousand_pesos
2023,KALINGA,Fourth Decile,Average Savings,63.71,thousand_pesos
2023,KALINGA,Ninth Decile,Average Expenditure,287.87,thousand_pesos
2023,KALINGA,Ninth Decile,Average Income,475.41,thousand_pesos
2023,KALINGA,Ninth Decile,Average Savings,187.54,thousand_pesos
2023,KALINGA,Second Decile,Average Expenditure,184.98,thousand_pesos
2023,KALINGA,Second Decile,Average Income,217.45,thousand_pesos
2023,KALINGA,Second Decile,Average Savings,32.47,thousand_pesos
2023,KALINGA,Seventh Decile,Average Expenditure,239.25,thousand_pesos
2023,KALINGA,Seventh Decile,Average Income,346.26,thousand_pesos
2023,KALINGA,Seventh Decile,Average Savings,107.01,thousand_pesos
2023,KALINGA,Sixth Decile,Average Expenditure,217.39,thousand_pesos
2023,KALINGA,Sixth Decile,Average Income,298.97,thousand_pesos
2023,KALINGA,Sixth Decile,Average Savings,81.58,thousand_pesos
2023,KALINGA,Tenth Decile,Average Expenditure,480.01,thousand_pesos
2023,KALINGA,Tenth Decile,Average Income,825.1,thousand_pesos
2023,KALINGA,Tenth Decile,Average Savings,345.09,thousand_pesos
2023,KALINGA,Third Decile,Average Expenditure,193.83,thousand_pesos
2023,KALINGA,Third Decile,Average Income,239.25,thousand_pesos
2023,KALINGA,Third Decile,Average Savings,45.42,thousand_pesos
2023,LA UNION,All Income Groups,Average Expenditure,231.15,thousand_pesos
2023,LA UNION,All Income Groups,Average Income,350.55,thousand_pesos
2023,LA UNION,All Income Groups,Average Savings,119.4,thousand_pesos
2023,LA UNION,Eighth Decile,Average Expenditure,261.76,thousand_pesos
2023,LA UNION,Eighth Decile,Average Income,396.88,thousand_pesos
2023,LA UNION,Eighth Decile,Average Savings,135.12,thousand_pesos
2023,LA UNION,Fifth Decile,Average Expenditure,180.6,thousand_pesos
2023,LA UNION,Fifth Decile,Average Income,254.92,thousand_pesos
2023,LA UNION,Fifth Decile,Average Savings,74.32,thousand_pesos
2023,LA UNION,First Decile,Average Expenditure,119.51,thousand_pesos
2023,LA UNION,First Decile,Average Income,144.9,thousand_pesos
2023,LA UNION,First Decile,Average Savings,25.39,thousand_pesos
2023,LA UNION,Fourth Decile,Average Expenditure,169.52,thousand_pesos
2023,LA UNION,Fourth Decile,Average Income,227.11,thousand_pesos
2023,LA UNION,Fourth Decile,Average Savings,57.59,thousand_pesos
2023,LA UNION,Ninth Decile,Average Expenditure,322.37,thousand_pesos
2023,LA UNION,Ninth Decile,Average Income,506.44,thousand_pesos
2023,LA UNION,Ninth Decile,Average Savings,184.07,thousand_pesos
2023,LA UNION,Second Decile,Average Expenditure,145.6,thousand_pesos
2023,LA UNION,Second Decile,Average Income,184.69,thousand_pesos
2023,LA UNION,Second Decile,Average Savings,39.1,thousand_pesos
2023,LA UNION,Seventh Decile,Average Expenditure,223.57,thousand_pesos
2023,LA UNION,Seventh Decile,Average Income,341.59,thousand_pesos
2023,LA UNION,Seventh Decile,Average Savings,118.02,thousand_pesos
2023,LA UNION,Sixth Decile,Average Expenditure,219.49,thousand_pesos
2023,LA UNION,Sixth Decile,Average Income,304.09,thousand_pesos
2023,LA UNION,Sixth Decile,Average Savings,84.59,thousand_pesos
2023,LA UNION,Tenth Decile,Average Expenditure,504.26,thousand_pesos
2023,LA UNION,Tenth Decile,Average Income,929.53,thousand_pesos
2023,LA UNION,Tenth Decile,Average Savings,425.27,thousand_pesos
2023,LA UNION,Third Decile,Average Expenditure,163.58,thousand_pesos
2023,LA UNION,Third Decile,Average Income,212.64,thousand_pesos
2023,LA UNION,Third Decile,Average Savings,49.06,thousand_pesos
2023,LAGUNA,All Income Groups,Average Expenditure,296.29,thousand_pesos
2023,LAGUNA,All Income Groups,Average Income,393.84,thousand_pesos
2023,LAGUNA,All Income Groups,Average Savings,97.55,thousand_pesos
2023,LAGUNA,Eighth Decile,Average Expenditure,332.69,thousand_pesos
2023,LAGUNA,Eighth Decile,Average Income,457.27,thousand_pesos
2023,LAGUNA,Eighth Decile,Average Savings,124.58,thousand_pesos
2023,LAGUNA,Fifth Decile,Average Expenditure,257.98,thousand_pesos
2023,LAGUNA,Fifth Decile,Average Income,317.4,thousand_pesos
2023,LAGUNA,Fifth Decile,Average Savings,59.42,thousand_pesos
2023,LAGUNA,First Decile,Average Expenditure,166.64,thousand_pesos
2023,LAGUNA,First Decile,Average Income,181.52,thousand_pesos
2023,LAGUNA,First Decile,Average Savings,14.88,thousand_pesos
2023,LAGUNA,Fourth Decile,Average Expenditure,239.68,thousand_pesos
2023,LAGUNA,Fourth Decile,Average Income,293.18,thousand_pesos
2023,LAGUNA,Fourth Decile,Average Savings,53.5,thousand_pesos
2023,LAGUNA,Ninth Decile,Average Expenditure,379.68,thousand_pesos
2023,LAGUNA,Ninth Decile,Average Income,521.58,thousand_pesos
2023,LAGUNA,Ninth Decile,Average Savings,141.9,thousand_pesos
2023,LAGUNA,Second Decile,Average Expenditure,204.87,thousand_pesos
2023,LAGUNA,Second Decile,Average Income,232.52,thousand_pesos
2023,LAGUNA,Second Decile,Average Savings,27.65,thousand_pesos
2023,LAGUNA,Seventh Decile,Average Expenditure,296.33,thousand_pesos
2023,LAGUNA,Seventh Decile,Average Income,386.87,thousand_pesos
2023,LAGUNA,Seventh Decile,Average Savings,90.54,thousand_pesos
2023,LAGUNA,Sixth Decile,Average Expenditure,295.6,thousand_pesos
2023,LAGUNA,Sixth Decile,Average Income,379.68,thousand_pesos
2023,LAGUNA,Sixth Decile,Average Savings,84.08,thousand_pesos
2023,LAGUNA,Tenth Decile,Average Expenditure,567.7,thousand_pesos
2023,LAGUNA,Tenth Decile,Average Income,911.42,thousand_pesos
2023,LAGUNA,Tenth Decile,Average Savings,343.72,thousand_pesos
2023,LAGUNA,Third Decile,Average Expenditure,220.22,thousand_pesos
2023,LAGUNA,Third Decile,Average Income,254.18,thousand_pesos
2023,LAGUNA,Third Decile,Average Savings,33.96,thousand_pesos
2023,LANAO DEL NORTE (Excluding City of Iligan),All Income Groups,Average Expenditure,164.15,thousand_pesos
2023,LANAO DEL NORTE (Excluding City of Iligan),All Income Groups,Average Income,226.16,thousand_pesos
2023,LANAO DEL NORTE (Excluding City of Iligan),All Income Groups,Average Savings,62.01,thousand_pesos
2023,LANAO DEL NORTE (Excluding City of Iligan),Eighth Decile,Average Expenditure,162.0,thousand_pesos
2023,LANAO DEL NORTE (Excluding City of Iligan),Eighth Decile,Average Income,215.61,thousand_pesos
2023,LANAO DEL NORTE (Excluding City of Iligan),Eighth Decile,Average Savings,53.61,thousand_pesos
2023,LANAO DEL NORTE (Excluding City of Iligan),Fifth Decile,Average Expenditure,131.67,thousand_pesos
2023,LANAO DEL NORTE (Excluding City of Iligan),Fifth Decile,Average Income,159.97,thousand_pesos
2023,LANAO DEL NORTE (Excluding City of Iligan),Fifth Decile,Average Savings,28.3,thousand_pesos
2023,LANAO DEL NORTE (Excluding City of Iligan),First Decile,Average Expenditure,92.43,thousand_pesos
2023,LANAO DEL NORTE (Excluding City of Iligan),First Decile,Average Income,108.97,thousand_pesos
2023,LANAO DEL NORTE (Excluding City of Iligan),First Decile,Average Savings,16.54,thousand_pesos
2023,LANAO DEL NORTE (Excluding City of Iligan),Fourth Decile,Average Expenditure,117.48,thousand_pesos
2023,LANAO DEL NORTE (Excluding City of Iligan),Fourth Decile,Average Income,141.14,thousand_pesos
2023,LANAO DEL NORTE (Excluding City of Iligan),Fourth Decile,Average Savings,23.65,thousand_pesos
2023,LANAO DEL NORTE (Excluding City of Iligan),Ninth Decile,Average Expenditure,213.81,thousand_pesos
2023,LANAO DEL NORTE (Excluding City of Iligan),Ninth Decile,Average Income,280.05,thousand_pesos
2023,LANAO DEL NORTE (Excluding City of Iligan),Ninth Decile,Average Savings,66.24,thousand_pesos
2023,LANAO DEL NORTE (Excluding City of Iligan),Second Decile,Average Expenditure,102.86,thousand_pesos
2023,LANAO DEL NORTE (Excluding City of Iligan),Second Decile,Average Income,123.73,thousand_pesos
2023,LANAO DEL NORTE (Excluding City of Iligan),Second Decile,Average Savings,20.88,thousand_pesos
2023,LANAO DEL NORTE (Excluding City of Iligan),Seventh Decile,Average Expenditure,138.32,thousand_pesos
2023,LANAO DEL NORTE (Excluding City of Iligan),Seventh Decile,Average Income,174.15,thousand_pesos
2023,LANAO DEL NORTE (Excluding City of Iligan),Seventh Decile,Average Savings,35.83,thousand_pesos
2023,LANAO DEL NORTE (Excluding City of Iligan),Sixth Decile,Average Expenditure,123.27,thousand_pesos
2023,LANAO DEL NORTE (Excluding City of Iligan),Sixth Decile,Average Income,156.8,thousand_pesos
2023,LANAO DEL NORTE (Excluding City of Iligan),Sixth Decile,Average Savings,33.53,thousand_pesos
2023,LANAO DEL NORTE (Excluding City of Iligan),Tenth Decile,Average Expenditure,447.73,thousand_pesos
2023,LANAO DEL NORTE (Excluding City of Iligan),Tenth Decile,Average Income,766.38,thousand_pesos
2023,LANAO DEL NORTE (Excluding City of Iligan),Tenth Decile,Average Savings,318.65,thousand_pesos
2023,LANAO DEL NORTE (Excluding City of Iligan),Third Decile,Average Expenditure,111.19,thousand_pesos
2023,LANAO DEL NORTE (Excluding City of Iligan),Third Decile,Average Income,133.44,thousand_pesos
2023,LANAO DEL NORTE (Excluding City of Iligan),Third Decile,Average Savings,22.26,thousand_pesos
2023,LANAO DEL SUR,All Income Groups,Average Expenditure,193.51,thousand_pesos
2023,LANAO DEL SUR,All Income Groups,Average Income,229.47,thousand_pesos
2023,LANAO DEL SUR,All Income Groups,Average Savings,35.97,thousand_pesos
2023,LANAO DEL SUR,Eighth Decile,Average Expenditure,179.51,thousand_pesos
2023,LANAO DEL SUR,Eighth Decile,Average Income,214.2,thousand_pesos
2023,LANAO DEL SUR,Eighth Decile,Average Savings,34.69,thousand_pesos
2023,LANAO DEL SUR,Fifth Decile,Average Expenditure,183.03,thousand_pesos
2023,LANAO DEL SUR,Fifth Decile,Average Income,211.43,thousand_pesos
2023,LANAO DEL SUR,Fifth Decile,Average Savings,28.4,thousand_pesos
2023,LANAO DEL SUR,First Decile,Average Expenditure,183.3,thousand_pesos
2023,LANAO DEL SUR,First Decile,Average Income,200.06,thousand_pesos
2023,LANAO DEL SUR,First Decile,Average Savings,16.77,thousand_pesos
2023,LANAO DEL SUR,Fourth Decile,Average Expenditure,182.1,thousand_pesos
2023,LANAO DEL SUR,Fourth Decile,Average Income,208.07,thousand_pesos
2023,LANAO DEL SUR,Fourth Decile,Average Savings,25.97,thousand_pesos
2023,LANAO DEL SUR,Ninth Decile,Average Expenditure,188.46,thousand_pesos
2023,LANAO DEL SUR,Ninth Decile,Average Income,228.83,thousand_pesos
2023,LANAO DEL SUR,Ninth Decile,Average Savings,40.37,thousand_pesos
2023,LANAO DEL SUR,Second Decile,Average Expenditure,188.1,thousand_pesos
2023,LANAO DEL SUR,Second Decile,Average Income,207.54,thousand_pesos
2023,LANAO DEL SUR,Second Decile,Average Savings,19.45,thousand_pesos
2023,LANAO DEL SUR,Seventh Decile,Average Expenditure,171.14,thousand_pesos
2023,LANAO DEL SUR,Seventh Decile,Average Income,201.21,thousand_pesos
2023,LANAO DEL SUR,Seventh Decile,Average Savings,30.07,thousand_pesos
2023,LANAO DEL SUR,Sixth Decile,Average Expenditure,174.15,thousand_pesos
2023,LANAO DEL SUR,Sixth Decile,Average Income,204.93,thousand_pesos
2023,LANAO DEL SUR,Sixth Decile,Average Savings,30.78,thousand_pesos
2023,LANAO DEL SUR,Tenth Decile,Average Expenditure,302.96,thousand_pesos
2023,LANAO DEL SUR,Tenth Decile,Average Income,414.1,thousand_pesos
2023,LANAO DEL SUR,Tenth Decile,Average Savings,111.14,thousand_pesos
2023,LANAO DEL SUR,Third Decile,Average Expenditure,182.24,thousand_pesos
2023,LANAO DEL SUR,Third Decile,Average Income,204.15,thousand_pesos
2023,LANAO DEL SUR,Third Decile,Average Savings,21.91,thousand_pesos
2023,LEYTE (Excluding City of Tacloban),All Income Groups,Average Expenditure,175.66,thousand_pesos
2023,LEYTE (Excluding City of Tacloban),All Income Groups,Average Income,222.79,thousand_pesos
2023,LEYTE (Excluding City of Tacloban),All Income Groups,Average Savings,47.13,thousand_pesos
2023,LEYTE (Excluding City of Tacloban),Eighth Decile,Average Expenditure,170.24,thousand_pesos
2023,LEYTE (Excluding City of Tacloban),Eighth Decile,Average Income,217.36,thousand_pesos
2023,LEYTE (Excluding City of Tacloban),Eighth Decile,Average Savings,47.13,thousand_pesos
2023,LEYTE (Excluding City of Tacloban),Fifth Decile,Average Expenditure,137.53,thousand_pesos
2023,LEYTE (Excluding City of Tacloban),Fifth Decile,Average Income,166.03,thousand_pesos
2023,LEYTE (Excluding City of Tacloban),Fifth Decile,Average Savings,28.5,thousand_pesos
2023,LEYTE (Excluding City of Tacloban),First Decile,Average Expenditure,101.17,thousand_pesos
2023,LEYTE (Excluding City of Tacloban),First Decile,Average Income,112.82,thousand_pesos
2023,LEYTE (Excluding City of Tacloban),First Decile,Average Savings,11.65,thousand_pesos
2023,LEYTE (Excluding City of Tacloban),Fourth Decile,Average Expenditure,133.24,thousand_pesos
2023,LEYTE (Excluding City of Tacloban),Fourth Decile,Average Income,160.37,thousand_pesos
2023,LEYTE (Excluding City of Tacloban),Fourth Decile,Average Savings,27.13,thousand_pesos
2023,LEYTE (Excluding City of Tacloban),Ninth Decile,Average Expenditure,245.41,thousand_pesos
2023,LEYTE (Excluding City of Tacloban),Ninth Decile,Average Income,319.28,thousand_pesos
2023,LEYTE (Excluding City of Tacloban),Ninth Decile,Average Savings,73.87,thousand_pesos
2023,LEYTE (Excluding City of Tacloban),Second Decile,Average Expenditure,116.13,thousand_pesos
2023,LEYTE (Excluding City of Tacloban),Second Decile,Average Income,132.31,thousand_pesos
2023,LEYTE (Excluding City of Tacloban),Second Decile,Average Savings,16.18,thousand_pesos
2023,LEYTE (Excluding City of Tacloban),Seventh Decile,Average Expenditure,156.01,thousand_pesos
2023,LEYTE (Excluding City of Tacloban),Seventh Decile,Average Income,193.63,thousand_pesos
2023,LEYTE (Excluding City of Tacloban),Seventh Decile,Average Savings,37.63,thousand_pesos
2023,LEYTE (Excluding City of Tacloban),Sixth Decile,Average Expenditure,145.91,thousand_pesos
2023,LEYTE (Excluding City of Tacloban),Sixth Decile,Average Income,176.98,thousand_pesos
2023,LEYTE (Excluding City of Tacloban),Sixth Decile,Average Savings,31.07,thousand_pesos
2023,LEYTE (Excluding City of Tacloban),Tenth Decile,Average Expenditure,426.57,thousand_pesos
2023,LEYTE (Excluding City of Tacloban),Tenth Decile,Average Income,604.14,thousand_pesos
2023,LEYTE (Excluding City of Tacloban),Tenth Decile,Average Savings,177.58,thousand_pesos
2023,LEYTE (Excluding City of Tacloban),Third Decile,Average Expenditure,123.05,thousand_pesos
2023,LEYTE (Excluding City of Tacloban),Third Decile,Average Income,142.92,thousand_pesos
2023,LEYTE (Excluding City of Tacloban),Third Decile,Average Savings,19.87,thousand_pesos
2023,MAGUINDANAO,All Income Groups,Average Expenditure,134.98,thousand_pesos
2023,MAGUINDANAO,All Income Groups,Average Income,139.06,thousand_pesos
2023,MAGUINDANAO,All Income Groups,Average Savings,4.08,thousand_pesos
2023,MAGUINDANAO,Eighth Decile,Average Expenditure,133.31,thousand_pesos
2023,MAGUINDANAO,Eighth Decile,Average Income,137.89,thousand_pesos
2023,MAGUINDANAO,Eighth Decile,Average Savings,4.58,thousand_pesos
2023,MAGUINDANAO,Fifth Decile,Average Expenditure,131.34,thousand_pesos
2023,MAGUINDANAO,Fifth Decile,Average Income,133.25,thousand_pesos
2023,MAGUINDANAO,Fifth Decile,Average Savings,1.92,thousand_pesos
2023,MAGUINDANAO,First Decile,Average Expenditure,120.45,thousand_pesos
2023,MAGUINDANAO,First Decile,Average Income,113.6,thousand_pesos
2023,MAGUINDANAO,First Decile,Average Savings,-6.84,thousand_pesos
2023,MAGUINDANAO,Fourth Decile,Average Expenditure,127.72,thousand_pesos
2023,MAGUINDANAO,Fourth Decile,Average Income,124.65,thousand_pesos
2023,MAGUINDANAO,Fourth Decile,Average Savings,-3.07,thousand_pesos
2023,MAGUINDANAO,Ninth Decile,Average Expenditure,139.59,thousand_pesos
2023,MAGUINDANAO,Ninth Decile,Average Income,148.46,thousand_pesos
2023,MAGUINDANAO,Ninth Decile,Average Savings,8.86,thousand_pesos
2023,MAGUINDANAO,Second Decile,Average Expenditure,124.95,thousand_pesos
2023,MAGUINDANAO,Second Decile,Average Income,123.43,thousand_pesos
2023,MAGUINDANAO,Second Decile,Average Savings,-1.52,thousand_pesos
2023,MAGUINDANAO,Seventh Decile,Average Expenditure,131.56,thousand_pesos
2023,MAGUINDANAO,Seventh Decile,Average Income,134.33,thousand_pesos
2023,MAGUINDANAO,Seventh Decile,Average Savings,2.77,thousand_pesos
2023,MAGUINDANAO,Sixth Decile,Average Expenditure,131.89,thousand_pesos
2023,MAGUINDANAO,Sixth Decile,Average Income,132.2,thousand_pesos
2023,MAGUINDANAO,Sixth Decile,Average Savings,0.31,thousand_pesos
2023,MAGUINDANAO,Tenth Decile,Average Expenditure,185.03,thousand_pesos
2023,MAGUINDANAO,Tenth Decile,Average Income,220.4,thousand_pesos
2023,MAGUINDANAO,Tenth Decile,Average Savings,35.37,thousand_pesos
2023,MAGUINDANAO,Third Decile,Average Expenditure,123.76,thousand_pesos
2023,MAGUINDANAO,Third Decile,Average Income,122.04,thousand_pesos
2023,MAGUINDANAO,Third Decile,Average Savings,-1.72,thousand_pesos
2023,MARINDUQUE,All Income Groups,Average Expenditure,198.64,thousand_pesos
2023,MARINDUQUE,All Income Groups,Average Income,250.0,thousand_pesos
2023,MARINDUQUE,All Income Groups,Average Savings,51.36,thousand_pesos
2023,MARINDUQUE,Eighth Decile,Average Expenditure,197.34,thousand_pesos
2023,MARINDUQUE,Eighth Decile,Average Income,255.16,thousand_pesos
2023,MARINDUQUE,Eighth Decile,Average Savings,57.82,thousand_pesos
2023,MARINDUQUE,Fifth Decile,Average Expenditure,155.35,thousand_pesos
2023,MARINDUQUE,Fifth Decile,Average Income,178.92,thousand_pesos
2023,MARINDUQUE,Fifth Decile,Average Savings,23.57,thousand_pesos
2023,MARINDUQUE,First Decile,Average Expenditure,137.59,thousand_pesos
2023,MARINDUQUE,First Decile,Average Income,138.35,thousand_pesos
2023,MARINDUQUE,First Decile,Average Savings,0.76,thousand_pesos
2023,MARINDUQUE,Fourth Decile,Average Expenditure,167.08,thousand_pesos
2023,MARINDUQUE,Fourth Decile,Average Income,186.17,thousand_pesos
2023,MARINDUQUE,Fourth Decile,Average Savings,19.09,thousand_pesos
2023,MARINDUQUE,Ninth Decile,Average Expenditure,245.76,thousand_pesos
2023,MARINDUQUE,Ninth Decile,Average Income,325.37,thousand_pesos
2023,MARINDUQUE,Ninth Decile,Average Savings,79.61,thousand_pesos
2023,MARINDUQUE,Second Decile,Average Expenditure,153.26,thousand_pesos
2023,MARINDUQUE,Second Decile,Average Income,156.2,thousand_pesos
2023,MARINDUQUE,Second Decile,Average Savings,2.94,thousand_pesos
2023,MARINDUQUE,Seventh Decile,Average Expenditure,172.5,thousand_pesos
2023,MARINDUQUE,Seventh Decile,Average Income,222.57,thousand_pesos
2023,MARINDUQUE,Seventh Decile,Average Savings,50.08,thousand_pesos
2023,MARINDUQUE,Sixth Decile,Average Expenditure,167.46,thousand_pesos
2023,MARINDUQUE,Sixth Decile,Average Income,196.0,thousand_pesos
2023,MARINDUQUE,Sixth Decile,Average Savings,28.54,thousand_pesos
2023,MARINDUQUE,Tenth Decile,Average Expenditure,438.27,thousand_pesos
2023,MARINDUQUE,Tenth Decile,Average Income,672.64,thousand_pesos
2023,MARINDUQUE,Tenth Decile,Average Savings,234.37,thousand_pesos
2023,MARINDUQUE,Third Decile,Average Expenditure,151.15,thousand_pesos
2023,MARINDUQUE,Third Decile,Average Income,167.36,thousand_pesos
2023,MARINDUQUE,Third Decile,Average Savings,16.21,thousand_pesos
2023,MASBATE,All Income Groups,Average Expenditure,164.01,thousand_pesos
2023,MASBATE,All Income Groups,Average Income,223.46,thousand_pesos
2023,MASBATE,All Income Groups,Average Savings,59.44,thousand_pesos
2023,MASBATE,Eighth Decile,Average Expenditure,153.82,thousand_pesos
2023,MASBATE,Eighth Decile,Average Income,211.07,thousand_pesos
2023,MASBATE,Eighth Decile,Average Savings,57.25,thousand_pesos
2023,MASBATE,Fifth Decile,Average Expenditure,131.49,thousand_pesos
2023,MASBATE,Fifth Decile,Average Income,176.15,thousand_pesos
2023,MASBATE,Fifth Decile,Average Savings,44.67,thousand_pesos
2023,MASBATE,First Decile,Average Expenditure,109.42,thousand_pesos
2023,MASBATE,First Decile,Average Income,129.14,thousand_pesos
2023,MASBATE,First Decile,Average Savings,19.72,thousand_pesos
2023,MASBATE,Fourth Decile,Average Expenditure,128.4,thousand_pesos
2023,MASBATE,Fourth Decile,Average Income,166.38,thousand_pesos
2023,MASBATE,Fourth Decile,Average Savings,37.98,thousand_pesos
2023,MASBATE,Ninth Decile,Average Expenditure,200.72,thousand_pesos
2023,MASBATE,Ninth Decile,Average Income,262.34,thousand_pesos
2023,MASBATE,Ninth Decile,Average Savings,61.62,thousand_pesos
2023,MASBATE,Second Decile,Average Expenditure,113.16,thousand_pesos
2023,MASBATE,Second Decile,Average Income,142.32,thousand_pesos
2023,MASBATE,Second Decile,Average Savings,29.16,thousand_pesos
2023,MASBATE,Seventh Decile,Average Expenditure,144.08,thousand_pesos
2023,MASBATE,Seventh Decile,Average Income,186.51,thousand_pesos
2023,MASBATE,Seventh Decile,Average Savings,42.44,thousand_pesos
2023,MASBATE,Sixth Decile,Average Expenditure,151.55,thousand_pesos
2023,MASBATE,Sixth Decile,Average Income,197.58,thousand_pesos
2023,MASBATE,Sixth Decile,Average Savings,46.03,thousand_pesos
2023,MASBATE,Tenth Decile,Average Expenditure,390.12,thousand_pesos
2023,MASBATE,Tenth Decile,Average Income,615.27,thousand_pesos
2023,MASBATE,Tenth Decile,Average Savings,225.16,thousand_pesos
2023,MASBATE,Third Decile,Average Expenditure,115.95,thousand_pesos
2023,MASBATE,Third Decile,Average Income,145.4,thousand_pesos
2023,MASBATE,Third Decile,Average Savings,29.45,thousand_pesos
2023,MIMAROPA REGION,All Income Groups,Average Expenditure,169.14,thousand_pesos
2023,MIMAROPA REGION,All Income Groups,Average Income,238.29,thousand_pesos
2023,MIMAROPA REGION,All Income Groups,Average Savings,69.16,thousand_pesos
2023,MIMAROPA REGION,Eighth Decile,Average Expenditure,179.91,thousand_pesos
2023,MIMAROPA REGION,Eighth Decile,Average Income,249.66,thousand_pesos
2023,MIMAROPA REGION,Eighth Decile,Average Savings,69.75,thousand_pesos
2023,MIMAROPA REGION,Fifth Decile,Average Expenditure,138.7,thousand_pesos
2023,MIMAROPA REGION,Fifth Decile,Average Income,175.21,thousand_pesos
2023,MIMAROPA REGION,Fifth Decile,Average Savings,36.51,thousand_pesos
2023,MIMAROPA REGION,First Decile,Average Expenditure,91.56,thousand_pesos
2023,MIMAROPA REGION,First Decile,Average Income,103.69,thousand_pesos
2023,MIMAROPA REGION,First Decile,Average Savings,12.14,thousand_pesos
2023,MIMAROPA REGION,Fourth Decile,Average Expenditure,122.44,thousand_pesos
2023,MIMAROPA REGION,Fourth Decile,Average Income,153.41,thousand_pesos
2023,MIMAROPA REGION,Fourth Decile,Average Savings,30.97,thousand_pesos
2023,MIMAROPA REGION,Ninth Decile,Average Expenditure,211.74,thousand_pesos
2023,MIMAROPA REGION,Ninth Decile,Average Income,307.26,thousand_pesos
2023,MIMAROPA REGION,Ninth Decile,Average Savings,95.52,thousand_pesos
2023,MIMAROPA REGION,Second Decile,Average Expenditure,118.2,thousand_pesos
2023,MIMAROPA REGION,Second Decile,Average Income,139.31,thousand_pesos
2023,MIMAROPA REGION,Second Decile,Average Savings,21.11,thousand_pesos
2023,MIMAROPA REGION,Seventh Decile,Average Expenditure,156.72,thousand_pesos
2023,MIMAROPA REGION,Seventh Decile,Average Income,207.1,thousand_pesos
2023,MIMAROPA REGION,Seventh Decile,Average Savings,50.39,thousand_pesos
2023,MIMAROPA REGION,Sixth Decile,Average Expenditure,143.24,thousand_pesos
2023,MIMAROPA REGION,Sixth Decile,Average Income,185.74,thousand_pesos
2023,MIMAROPA REGION,Sixth Decile,Average Savings,42.5,thousand_pesos
2023,MIMAROPA REGION,Tenth Decile,Average Expenditure,408.1,thousand_pesos
2023,MIMAROPA REGION,Tenth Decile,Average Income,716.07,thousand_pesos
2023,MIMAROPA REGION,Tenth Decile,Average Savings,307.98,thousand_pesos
2023,MIMAROPA REGION,Third Decile,Average Expenditure,120.65,thousand_pesos
2023,MIMAROPA REGION,Third Decile,Average Income,145.26,thousand_pesos
2023,MIMAROPA REGION,Third Decile,Average Savings,24.61,thousand_pesos
2023,MISAMIS OCCIDENTAL,All Income Groups,Average Expenditure,216.92,thousand_pesos
2023,MISAMIS OCCIDENTAL,All Income Groups,Average Income,251.63,thousand_pesos
2023,MISAMIS OCCIDENTAL,All Income Groups,Average Savings,34.71,thousand_pesos
2023,MISAMIS OCCIDENTAL,Eighth Decile,Average Expenditure,216.45,thousand_pesos
2023,MISAMIS OCCIDENTAL,Eighth Decile,Average Income,244.27,thousand_pesos
2023,MISAMIS OCCIDENTAL,Eighth Decile,Average Savings,27.81,thousand_pesos
2023,MISAMIS OCCIDENTAL,Fifth Decile,Average Expenditure,161.08,thousand_pesos
2023,MISAMIS OCCIDENTAL,Fifth Decile,Average Income,177.36,thousand_pesos
2023,MISAMIS OCCIDENTAL,Fifth Decile,Average Savings,16.28,thousand_pesos
2023,MISAMIS OCCIDENTAL,First Decile,Average Expenditure,105.93,thousand_pesos
2023,MISAMIS OCCIDENTAL,First Decile,Average Income,111.38,thousand_pesos
2023,MISAMIS OCCIDENTAL,First Decile,Average Savings,5.45,thousand_pesos
2023,MISAMIS OCCIDENTAL,Fourth Decile,Average Expenditure,148.25,thousand_pesos
2023,MISAMIS OCCIDENTAL,Fourth Decile,Average Income,160.32,thousand_pesos
2023,MISAMIS OCCIDENTAL,Fourth Decile,Average Savings,12.07,thousand_pesos
2023,MISAMIS OCCIDENTAL,Ninth Decile,Average Expenditure,309.72,thousand_pesos
2023,MISAMIS OCCIDENTAL,Ninth Decile,Average Income,380.38,thousand_pesos
2023,MISAMIS OCCIDENTAL,Ninth Decile,Average Savings,70.66,thousand_pesos
2023,MISAMIS OCCIDENTAL,Second Decile,Average Expenditure,134.95,thousand_pesos
2023,MISAMIS OCCIDENTAL,Second Decile,Average Income,144.27,thousand_pesos
2023,MISAMIS OCCIDENTAL,Second Decile,Average Savings,9.32,thousand_pesos
2023,MISAMIS OCCIDENTAL,Seventh Decile,Average Expenditure,178.17,thousand_pesos
2023,MISAMIS OCCIDENTAL,Seventh Decile,Average Income,197.72,thousand_pesos
2023,MISAMIS OCCIDENTAL,Seventh Decile,Average Savings,19.55,thousand_pesos
2023,MISAMIS OCCIDENTAL,Sixth Decile,Average Expenditure,167.51,thousand_pesos
2023,MISAMIS OCCIDENTAL,Sixth Decile,Average Income,179.8,thousand_pesos
2023,MISAMIS OCCIDENTAL,Sixth Decile,Average Savings,12.3,thousand_pesos
2023,MISAMIS OCCIDENTAL,Tenth Decile,Average Expenditure,612.06,thousand_pesos
2023,MISAMIS OCCIDENTAL,Tenth Decile,Average Income,777.0,thousand_pesos
2023,MISAMIS OCCIDENTAL,Tenth Decile,Average Savings,164.94,thousand_pesos
2023,MISAMIS OCCIDENTAL,Third Decile,Average Expenditure,134.24,thousand_pesos
2023,MISAMIS OCCIDENTAL,Third Decile,Average Income,142.76,thousand_pesos
2023,MISAMIS OCCIDENTAL,Third Decile,Average Savings,8.52,thousand_pesos
2023,MISAMIS ORIENTAL (Excluding City of Cagayan de Oro),All Income Groups,Average Expenditure,172.38,thousand_pesos
2023,MISAMIS ORIENTAL (Excluding City of Cagayan de Oro),All Income Groups,Average Income,254.01,thousand_pesos
2023,MISAMIS ORIENTAL (Excluding City of Cagayan de Oro),All Income Groups,Average Savings,81.63,thousand_pesos
2023,MISAMIS ORIENTAL (Excluding City of Cagayan de Oro),Eighth Decile,Average Expenditure,179.01,thousand_pesos
2023,MISAMIS ORIENTAL (Excluding City of Cagayan de Oro),Eighth Decile,Average Income,256.95,thousand_pesos
2023,MISAMIS ORIENTAL (Excluding City of Cagayan de Oro),Eighth Decile,Average Savings,77.94,thousand_pesos
2023,MISAMIS ORIENTAL (Excluding City of Cagayan de Oro),Fifth Decile,Average Expenditure,145.88,thousand_pesos
2023,MISAMIS ORIENTAL (Excluding City of Cagayan de Oro),Fifth Decile,Average Income,207.8,thousand_pesos
2023,MISAMIS ORIENTAL (Excluding City of Cagayan de Oro),Fifth Decile,Average Savings,61.92,thousand_pesos
2023,MISAMIS ORIENTAL (Excluding City of Cagayan de Oro),First Decile,Average Expenditure,109.78,thousand_pesos
2023,MISAMIS ORIENTAL (Excluding City of Cagayan de Oro),First Decile,Average Income,136.49,thousand_pesos
2023,MISAMIS ORIENTAL (Excluding City of Cagayan de Oro),First Decile,Average Savings,26.71,thousand_pesos
2023,MISAMIS ORIENTAL (Excluding City of Cagayan de Oro),Fourth Decile,Average Expenditure,130.62,thousand_pesos
2023,MISAMIS ORIENTAL (Excluding City of Cagayan de Oro),Fourth Decile,Average Income,182.31,thousand_pesos
2023,MISAMIS ORIENTAL (Excluding City of Cagayan de Oro),Fourth Decile,Average Savings,51.69,thousand_pesos
2023,MISAMIS ORIENTAL (Excluding City of Cagayan de Oro),Ninth Decile,Average Expenditure,231.74,thousand_pesos
2023,MISAMIS ORIENTAL (Excluding City of Cagayan de Oro),Ninth Decile,Average Income,350.7,thousand_pesos
2023,MISAMIS ORIENTAL (Excluding City of Cagayan de Oro),Ninth Decile,Average Savings,118.96,thousand_pesos
2023,MISAMIS ORIENTAL (Excluding City of Cagayan de Oro),Second Decile,Average Expenditure,121.02,thousand_pesos
2023,MISAMIS ORIENTAL (Excluding City of Cagayan de Oro),Second Decile,Average Income,159.51,thousand_pesos
2023,MISAMIS ORIENTAL (Excluding City of Cagayan de Oro),Second Decile,Average Savings,38.49,thousand_pesos
2023,MISAMIS ORIENTAL (Excluding City of Cagayan de Oro),Seventh Decile,Average Expenditure,161.48,thousand_pesos
2023,MISAMIS ORIENTAL (Excluding City of Cagayan de Oro),Seventh Decile,Average Income,240.13,thousand_pesos
2023,MISAMIS ORIENTAL (Excluding City of Cagayan de Oro),Seventh Decile,Average Savings,78.65,thousand_pesos
2023,MISAMIS ORIENTAL (Excluding City of Cagayan de Oro),Sixth Decile,Average Expenditure,144.55,thousand_pesos
2023,MISAMIS ORIENTAL (Excluding City of Cagayan de Oro),Sixth Decile,Average Income,205.16,thousand_pesos
2023,MISAMIS ORIENTAL (Excluding City of Cagayan de Oro),Sixth Decile,Average Savings,60.61,thousand_pesos
2023,MISAMIS ORIENTAL (Excluding City of Cagayan de Oro),Tenth Decile,Average Expenditure,369.59,thousand_pesos
2023,MISAMIS ORIENTAL (Excluding City of Cagayan de Oro),Tenth Decile,Average Income,621.03,thousand_pesos
2023,MISAMIS ORIENTAL (Excluding City of Cagayan de Oro),Tenth Decile,Average Savings,251.44,thousand_pesos
2023,MISAMIS ORIENTAL (Excluding City of Cagayan de Oro),Third Decile,Average Expenditure,129.27,thousand_pesos
2023,MISAMIS ORIENTAL (Excluding City of Cagayan de Oro),Third Decile,Average Income,178.39,thousand_pesos
2023,MISAMIS ORIENTAL (Excluding City of Cagayan de Oro),Third Decile,Average Savings,49.12,thousand_pesos
2023,MOUNTAIN PROVINCE,All Income Groups,Average Expenditure,193.0,thousand_pesos
2023,MOUNTAIN PROVINCE,All Income Groups,Average Income,278.73,thousand_pesos
2023,MOUNTAIN PROVINCE,All Income Groups,Average Savings,85.72,thousand_pesos
2023,MOUNTAIN PROVINCE,Eighth Decile,Average Expenditure,199.98,thousand_pesos
2023,MOUNTAIN PROVINCE,Eighth Decile,Average Income,301.72,thousand_pesos
2023,MOUNTAIN PROVINCE,Eighth Decile,Average Savings,101.75,thousand_pesos
2023,MOUNTAIN PROVINCE,Fifth Decile,Average Expenditure,162.35,thousand_pesos
2023,MOUNTAIN PROVINCE,Fifth Decile,Average Income,214.41,thousand_pesos
2023,MOUNTAIN PROVINCE,Fifth Decile,Average Savings,52.07,thousand_pesos
2023,MOUNTAIN PROVINCE,First Decile,Average Expenditure,151.56,thousand_pesos
2023,MOUNTAIN PROVINCE,First Decile,Average Income,163.66,thousand_pesos
2023,MOUNTAIN PROVINCE,First Decile,Average Savings,12.1,thousand_pesos
2023,MOUNTAIN PROVINCE,Fourth Decile,Average Expenditure,152.86,thousand_pesos
2023,MOUNTAIN PROVINCE,Fourth Decile,Average Income,201.39,thousand_pesos
2023,MOUNTAIN PROVINCE,Fourth Decile,Average Savings,48.54,thousand_pesos
2023,MOUNTAIN PROVINCE,Ninth Decile,Average Expenditure,234.63,thousand_pesos
2023,MOUNTAIN PROVINCE,Ninth Decile,Average Income,383.57,thousand_pesos
2023,MOUNTAIN PROVINCE,Ninth Decile,Average Savings,148.94,thousand_pesos
2023,MOUNTAIN PROVINCE,Second Decile,Average Expenditure,147.88,thousand_pesos
2023,MOUNTAIN PROVINCE,Second Decile,Average Income,177.91,thousand_pesos
2023,MOUNTAIN PROVINCE,Second Decile,Average Savings,30.03,thousand_pesos
2023,MOUNTAIN PROVINCE,Seventh Decile,Average Expenditure,186.73,thousand_pesos
2023,MOUNTAIN PROVINCE,Seventh Decile,Average Income,271.28,thousand_pesos
2023,MOUNTAIN PROVINCE,Seventh Decile,Average Savings,84.55,thousand_pesos
2023,MOUNTAIN PROVINCE,Sixth Decile,Average Expenditure,166.22,thousand_pesos
2023,MOUNTAIN PROVINCE,Sixth Decile,Average Income,216.81,thousand_pesos
2023,MOUNTAIN PROVINCE,Sixth Decile,Average Savings,50.58,thousand_pesos
2023,MOUNTAIN PROVINCE,Tenth Decile,Average Expenditure,371.41,thousand_pesos
2023,MOUNTAIN PROVINCE,Tenth Decile,Average Income,659.3,thousand_pesos
2023,MOUNTAIN PROVINCE,Tenth Decile,Average Savings,287.9,thousand_pesos
2023,MOUNTAIN PROVINCE,Third Decile,Average Expenditure,155.58,thousand_pesos
2023,MOUNTAIN PROVINCE,Third Decile,Average Income,195.34,thousand_pesos
2023,MOUNTAIN PROVINCE,Third Decile,Average Savings,39.76,thousand_pesos
2023,Maguindanao del Norte1/,All Income Groups,Average Expenditure,138.96,thousand_pesos
2023,Maguindanao del Norte1/,All Income Groups,Average Income,144.29,thousand_pesos
2023,Maguindanao del Norte1/,All Income Groups,Average Savings,5.33,thousand_pesos
2023,Maguindanao del Norte1/,Eighth Decile,Average Expenditure,136.5,thousand_pesos
2023,Maguindanao del Norte1/,Eighth Decile,Average Income,139.68,thousand_pesos
2023,Maguindanao del Norte1/,Eighth Decile,Average Savings,3.18,thousand_pesos
2023,Maguindanao del Norte1/,Fifth Decile,Average Expenditure,130.8,thousand_pesos
2023,Maguindanao del Norte1/,Fifth Decile,Average Income,133.82,thousand_pesos
2023,Maguindanao del Norte1/,Fifth Decile,Average Savings,3.01,thousand_pesos
2023,Maguindanao del Norte1/,First Decile,Average Expenditure,121.25,thousand_pesos
2023,Maguindanao del Norte1/,First Decile,Average Income,118.34,thousand_pesos
2023,Maguindanao del Norte1/,First Decile,Average Savings,-2.92,thousand_pesos
2023,Maguindanao del Norte1/,Fourth Decile,Average Expenditure,128.47,thousand_pesos
2023,Maguindanao del Norte1/,Fourth Decile,Average Income,124.18,thousand_pesos
2023,Maguindanao del Norte1/,Fourth Decile,Average Savings,-4.29,thousand_pesos
2023,Maguindanao del Norte1/,Ninth Decile,Average Expenditure,147.53,thousand_pesos
2023,Maguindanao del Norte1/,Ninth Decile,Average Income,155.9,thousand_pesos
2023,Maguindanao del Norte1/,Ninth Decile,Average Savings,8.37,thousand_pesos
2023,Maguindanao del Norte1/,Second Decile,Average Expenditure,125.7,thousand_pesos
2023,Maguindanao del Norte1/,Second Decile,Average Income,124.35,thousand_pesos
2023,Maguindanao del Norte1/,Second Decile,Average Savings,-1.35,thousand_pesos
2023,Maguindanao del Norte1/,Seventh Decile,Average Expenditure,132.32,thousand_pesos
2023,Maguindanao del Norte1/,Seventh Decile,Average Income,136.25,thousand_pesos
2023,Maguindanao del Norte1/,Seventh Decile,Average Savings,3.94,thousand_pesos
2023,Maguindanao del Norte1/,Sixth Decile,Average Expenditure,137.59,thousand_pesos
2023,Maguindanao del Norte1/,Sixth Decile,Average Income,136.75,thousand_pesos
2023,Maguindanao del Norte1/,Sixth Decile,Average Savings,-0.84,thousand_pesos
2023,Maguindanao del Norte1/,Tenth Decile,Average Expenditure,205.97,thousand_pesos
2023,Maguindanao del Norte1/,Tenth Decile,Average Income,250.48,thousand_pesos
2023,Maguindanao del Norte1/,Tenth Decile,Average Savings,44.51,thousand_pesos
2023,Maguindanao del Norte1/,Third Decile,Average Expenditure,123.29,thousand_pesos
2023,Maguindanao del Norte1/,Third Decile,Average Income,122.96,thousand_pesos
2023,Maguindanao del Norte1/,Third Decile,Average Savings,-0.33,thousand_pesos
2023,Maguindanao del Sur1/,All Income Groups,Average Expenditure,131.45,thousand_pesos
2023,Maguindanao del Sur1/,All Income Groups,Average Income,134.41,thousand_pesos
2023,Maguindanao del Sur1/,All Income Groups,Average Savings,2.96,thousand_pesos
2023,Maguindanao del Sur1/,Eighth Decile,Average Expenditure,130.47,thousand_pesos
2023,Maguindanao del Sur1/,Eighth Decile,Average Income,136.3,thousand_pesos
2023,Maguindanao del Sur1/,Eighth Decile,Average Savings,5.83,thousand_pesos
2023,Maguindanao del Sur1/,Fifth Decile,Average Expenditure,131.81,thousand_pesos
2023,Maguindanao del Sur1/,Fifth Decile,Average Income,132.75,thousand_pesos
2023,Maguindanao del Sur1/,Fifth Decile,Average Savings,0.94,thousand_pesos
2023,Maguindanao del Sur1/,First Decile,Average Expenditure,119.73,thousand_pesos
2023,Maguindanao del Sur1/,First Decile,Average Income,109.42,thousand_pesos
2023,Maguindanao del Sur1/,First Decile,Average Savings,-10.31,thousand_pesos
2023,Maguindanao del Sur1/,Fourth Decile,Average Expenditure,127.05,thousand_pesos
2023,Maguindanao del Sur1/,Fourth Decile,Average Income,125.07,thousand_pesos
2023,Maguindanao del Sur1/,Fourth Decile,Average Savings,-1.98,thousand_pesos
2023,Maguindanao del Sur1/,Ninth Decile,Average Expenditure,132.52,thousand_pesos
2023,Maguindanao del Sur1/,Ninth Decile,Average Income,141.83,thousand_pesos
2023,Maguindanao del Sur1/,Ninth Decile,Average Savings,9.3,thousand_pesos
2023,Maguindanao del Sur1/,Second Decile,Average Expenditure,124.29,thousand_pesos
2023,Maguindanao del Sur1/,Second Decile,Average Income,122.62,thousand_pesos
2023,Maguindanao del Sur1/,Second Decile,Average Savings,-1.67,thousand_pesos
2023,Maguindanao del Sur1/,Seventh Decile,Average Expenditure,130.89,thousand_pesos
2023,Maguindanao del Sur1/,Seventh Decile,Average Income,132.64,thousand_pesos
2023,Maguindanao del Sur1/,Seventh Decile,Average Savings,1.75,thousand_pesos
2023,Maguindanao del Sur1/,Sixth Decile,Average Expenditure,126.84,thousand_pesos
2023,Maguindanao del Sur1/,Sixth Decile,Average Income,128.17,thousand_pesos
2023,Maguindanao del Sur1/,Sixth Decile,Average Savings,1.32,thousand_pesos
2023,Maguindanao del Sur1/,Tenth Decile,Average Expenditure,166.49,thousand_pesos
2023,Maguindanao del Sur1/,Tenth Decile,Average Income,193.78,thousand_pesos
2023,Maguindanao del Sur1/,Tenth Decile,Average Savings,27.29,thousand_pesos
2023,Maguindanao del Sur1/,Third Decile,Average Expenditure,124.19,thousand_pesos
2023,Maguindanao del Sur1/,Third Decile,Average Income,121.22,thousand_pesos
2023,Maguindanao del Sur1/,Third Decile,Average Savings,-2.97,thousand_pesos
2023,NATIONAL CAPITAL REGION,All Income Groups,Average Expenditure,343.19,thousand_pesos
2023,NATIONAL CAPITAL REGION,All Income Groups,Average Income,457.68,thousand_pesos
2023,NATIONAL CAPITAL REGION,All Income Groups,Average Savings,114.49,thousand_pesos
2023,NATIONAL CAPITAL REGION,Eighth Decile,Average Expenditure,367.87,thousand_pesos
2023,NATIONAL CAPITAL REGION,Eighth Decile,Average Income,511.83,thousand_pesos
2023,NATIONAL CAPITAL REGION,Eighth Decile,Average Savings,143.96,thousand_pesos
2023,NATIONAL CAPITAL REGION,Fifth Decile,Average Expenditure,299.21,thousand_pesos
2023,NATIONAL CAPITAL REGION,Fifth Decile,Average Income,379.77,thousand_pesos
2023,NATIONAL CAPITAL REGION,Fifth Decile,Average Savings,80.56,thousand_pesos
2023,NATIONAL CAPITAL REGION,First Decile,Average Expenditure,219.44,thousand_pesos
2023,NATIONAL CAPITAL REGION,First Decile,Average Income,231.78,thousand_pesos
2023,NATIONAL CAPITAL REGION,First Decile,Average Savings,12.35,thousand_pesos
2023,NATIONAL CAPITAL REGION,Fourth Decile,Average Expenditure,281.17,thousand_pesos
2023,NATIONAL CAPITAL REGION,Fourth Decile,Average Income,348.19,thousand_pesos
2023,NATIONAL CAPITAL REGION,Fourth Decile,Average Savings,67.02,thousand_pesos
2023,NATIONAL CAPITAL REGION,Ninth Decile,Average Expenditure,404.66,thousand_pesos
2023,NATIONAL CAPITAL REGION,Ninth Decile,Average Income,574.99,thousand_pesos
2023,NATIONAL CAPITAL REGION,Ninth Decile,Average Savings,170.33,thousand_pesos
2023,NATIONAL CAPITAL REGION,Second Decile,Average Expenditure,252.79,thousand_pesos
2023,NATIONAL CAPITAL REGION,Second Decile,Average Income,288.03,thousand_pesos
2023,NATIONAL CAPITAL REGION,Second Decile,Average Savings,35.24,thousand_pesos
2023,NATIONAL CAPITAL REGION,Seventh Decile,Average Expenditure,345.27,thousand_pesos
2023,NATIONAL CAPITAL REGION,Seventh Decile,Average Income,461.7,thousand_pesos
2023,NATIONAL CAPITAL REGION,Seventh Decile,Average Savings,116.42,thousand_pesos
2023,NATIONAL CAPITAL REGION,Sixth Decile,Average Expenditure,320.56,thousand_pesos
2023,NATIONAL CAPITAL REGION,Sixth Decile,Average Income,417.65,thousand_pesos
2023,NATIONAL CAPITAL REGION,Sixth Decile,Average Savings,97.1,thousand_pesos
2023,NATIONAL CAPITAL REGION,Tenth Decile,Average Expenditure,675.82,thousand_pesos
2023,NATIONAL CAPITAL REGION,Tenth Decile,Average Income,1048.62,thousand_pesos
2023,NATIONAL CAPITAL REGION,Tenth Decile,Average Savings,372.8,thousand_pesos
2023,NATIONAL CAPITAL REGION,Third Decile,Average Expenditure,264.93,thousand_pesos
2023,NATIONAL CAPITAL REGION,Third Decile,Average Income,313.99,thousand_pesos
2023,NATIONAL CAPITAL REGION,Third Decile,Average Savings,49.06,thousand_pesos
2023,NEGROS ISLAND REGION (NIR),All Income Groups,Average Expenditure,181.67,thousand_pesos
2023,NEGROS ISLAND REGION (NIR),All Income Groups,Average Income,237.34,thousand_pesos
2023,NEGROS ISLAND REGION (NIR),All Income Groups,Average Savings,55.67,thousand_pesos
2023,NEGROS ISLAND REGION (NIR),Eighth Decile,Average Expenditure,199.13,thousand_pesos
2023,NEGROS ISLAND REGION (NIR),Eighth Decile,Average Income,269.11,thousand_pesos
2023,NEGROS ISLAND REGION (NIR),Eighth Decile,Average Savings,69.99,thousand_pesos
2023,NEGROS ISLAND REGION (NIR),Fifth Decile,Average Expenditure,147.38,thousand_pesos
2023,NEGROS ISLAND REGION (NIR),Fifth Decile,Average Income,175.47,thousand_pesos
2023,NEGROS ISLAND REGION (NIR),Fifth Decile,Average Savings,28.1,thousand_pesos
2023,NEGROS ISLAND REGION (NIR),First Decile,Average Expenditure,95.48,thousand_pesos
2023,NEGROS ISLAND REGION (NIR),First Decile,Average Income,99.69,thousand_pesos
2023,NEGROS ISLAND REGION (NIR),First Decile,Average Savings,4.21,thousand_pesos
2023,NEGROS ISLAND REGION (NIR),Fourth Decile,Average Expenditure,138.86,thousand_pesos
2023,NEGROS ISLAND REGION (NIR),Fourth Decile,Average Income,161.49,thousand_pesos
2023,NEGROS ISLAND REGION (NIR),Fourth Decile,Average Savings,22.63,thousand_pesos
2023,NEGROS ISLAND REGION (NIR),Ninth Decile,Average Expenditure,243.01,thousand_pesos
2023,NEGROS ISLAND REGION (NIR),Ninth Decile,Average Income,340.43,thousand_pesos
2023,NEGROS ISLAND REGION (NIR),Ninth Decile,Average Savings,97.43,thousand_pesos
2023,NEGROS ISLAND REGION (NIR),Second Decile,Average Expenditure,109.3,thousand_pesos
2023,NEGROS ISLAND REGION (NIR),Second Decile,Average Income,122.05,thousand_pesos
2023,NEGROS ISLAND REGION (NIR),Second Decile,Average Savings,12.75,thousand_pesos
2023,NEGROS ISLAND REGION (NIR),Seventh Decile,Average Expenditure,182.65,thousand_pesos
2023,NEGROS ISLAND REGION (NIR),Seventh Decile,Average Income,229.73,thousand_pesos
2023,NEGROS ISLAND REGION (NIR),Seventh Decile,Average Savings,47.08,thousand_pesos
2023,NEGROS ISLAND REGION (NIR),Sixth Decile,Average Expenditure,159.88,thousand_pesos
2023,NEGROS ISLAND REGION (NIR),Sixth Decile,Average Income,196.01,thousand_pesos
2023,NEGROS ISLAND REGION (NIR),Sixth Decile,Average Savings,36.14,thousand_pesos
2023,NEGROS ISLAND REGION (NIR),Tenth Decile,Average Expenditure,410.05,thousand_pesos
2023,NEGROS ISLAND REGION (NIR),Tenth Decile,Average Income,631.52,thousand_pesos
2023,NEGROS ISLAND REGION (NIR),Tenth Decile,Average Savings,221.47,thousand_pesos
2023,NEGROS ISLAND REGION (NIR),Third Decile,Average Expenditure,130.67,thousand_pesos
2023,NEGROS ISLAND REGION (NIR),Third Decile,Average Income,147.35,thousand_pesos
2023,NEGROS ISLAND REGION (NIR),Third Decile,Average Savings,16.67,thousand_pesos
2023,NEGROS OCCIDENTAL (Excluding City of Bacolod),All Income Groups,Average Expenditure,179.52,thousand_pesos
2023,NEGROS OCCIDENTAL (Excluding City of Bacolod),All Income Groups,Average Income,215.49,thousand_pesos
2023,NEGROS OCCIDENTAL (Excluding City of Bacolod),All Income Groups,Average Savings,35.97,thousand_pesos
2023,NEGROS OCCIDENTAL (Excluding City of Bacolod),Eighth Decile,Average Expenditure,198.28,thousand_pesos
2023,NEGROS OCCIDENTAL (Excluding City of Bacolod),Eighth Decile,Average Income,243.12,thousand_pesos
2023,NEGROS OCCIDENTAL (Excluding City of Bacolod),Eighth Decile,Average Savings,44.84,thousand_pesos
2023,NEGROS OCCIDENTAL (Excluding City of Bacolod),Fifth Decile,Average Expenditure,144.82,thousand_pesos
2023,NEGROS OCCIDENTAL (Excluding City of Bacolod),Fifth Decile,Average Income,166.04,thousand_pesos
2023,NEGROS OCCIDENTAL (Excluding City of Bacolod),Fifth Decile,Average Savings,21.21,thousand_pesos
2023,NEGROS OCCIDENTAL (Excluding City of Bacolod),First Decile,Average Expenditure,105.08,thousand_pesos
2023,NEGROS OCCIDENTAL (Excluding City of Bacolod),First Decile,Average Income,111.3,thousand_pesos
2023,NEGROS OCCIDENTAL (Excluding City of Bacolod),First Decile,Average Savings,6.22,thousand_pesos
2023,NEGROS OCCIDENTAL (Excluding City of Bacolod),Fourth Decile,Average Expenditure,144.16,thousand_pesos
2023,NEGROS OCCIDENTAL (Excluding City of Bacolod),Fourth Decile,Average Income,163.65,thousand_pesos
2023,NEGROS OCCIDENTAL (Excluding City of Bacolod),Fourth Decile,Average Savings,19.49,thousand_pesos
2023,NEGROS OCCIDENTAL (Excluding City of Bacolod),Ninth Decile,Average Expenditure,208.49,thousand_pesos
2023,NEGROS OCCIDENTAL (Excluding City of Bacolod),Ninth Decile,Average Income,256.35,thousand_pesos
2023,NEGROS OCCIDENTAL (Excluding City of Bacolod),Ninth Decile,Average Savings,47.86,thousand_pesos
2023,NEGROS OCCIDENTAL (Excluding City of Bacolod),Second Decile,Average Expenditure,116.24,thousand_pesos
2023,NEGROS OCCIDENTAL (Excluding City of Bacolod),Second Decile,Average Income,126.9,thousand_pesos
2023,NEGROS OCCIDENTAL (Excluding City of Bacolod),Second Decile,Average Savings,10.67,thousand_pesos
2023,NEGROS OCCIDENTAL (Excluding City of Bacolod),Seventh Decile,Average Expenditure,178.89,thousand_pesos
2023,NEGROS OCCIDENTAL (Excluding City of Bacolod),Seventh Decile,Average Income,210.9,thousand_pesos
2023,NEGROS OCCIDENTAL (Excluding City of Bacolod),Seventh Decile,Average Savings,32.01,thousand_pesos
2023,NEGROS OCCIDENTAL (Excluding City of Bacolod),Sixth Decile,Average Expenditure,154.05,thousand_pesos
2023,NEGROS OCCIDENTAL (Excluding City of Bacolod),Sixth Decile,Average Income,178.48,thousand_pesos
2023,NEGROS OCCIDENTAL (Excluding City of Bacolod),Sixth Decile,Average Savings,24.43,thousand_pesos
2023,NEGROS OCCIDENTAL (Excluding City of Bacolod),Tenth Decile,Average Expenditure,405.73,thousand_pesos
2023,NEGROS OCCIDENTAL (Excluding City of Bacolod),Tenth Decile,Average Income,544.81,thousand_pesos
2023,NEGROS OCCIDENTAL (Excluding City of Bacolod),Tenth Decile,Average Savings,139.08,thousand_pesos
2023,NEGROS OCCIDENTAL (Excluding City of Bacolod),Third Decile,Average Expenditure,138.59,thousand_pesos
2023,NEGROS OCCIDENTAL (Excluding City of Bacolod),Third Decile,Average Income,152.04,thousand_pesos
2023,NEGROS OCCIDENTAL (Excluding City of Bacolod),Third Decile,Average Savings,13.45,thousand_pesos
2023,NEGROS ORIENTAL,All Income Groups,Average Expenditure,150.47,thousand_pesos
2023,NEGROS ORIENTAL,All Income Groups,Average Income,235.12,thousand_pesos
2023,NEGROS ORIENTAL,All Income Groups,Average Savings,84.65,thousand_pesos
2023,NEGROS ORIENTAL,Eighth Decile,Average Expenditure,161.39,thousand_pesos
2023,NEGROS ORIENTAL,Eighth Decile,Average Income,279.68,thousand_pesos
2023,NEGROS ORIENTAL,Eighth Decile,Average Savings,118.28,thousand_pesos
2023,NEGROS ORIENTAL,Fifth Decile,Average Expenditure,115.51,thousand_pesos
2023,NEGROS ORIENTAL,Fifth Decile,Average Income,150.28,thousand_pesos
2023,NEGROS ORIENTAL,Fifth Decile,Average Savings,34.76,thousand_pesos
2023,NEGROS ORIENTAL,First Decile,Average Expenditure,83.03,thousand_pesos
2023,NEGROS ORIENTAL,First Decile,Average Income,80.55,thousand_pesos
2023,NEGROS ORIENTAL,First Decile,Average Savings,-2.48,thousand_pesos
2023,NEGROS ORIENTAL,Fourth Decile,Average Expenditure,111.52,thousand_pesos
2023,NEGROS ORIENTAL,Fourth Decile,Average Income,134.98,thousand_pesos
2023,NEGROS ORIENTAL,Fourth Decile,Average Savings,23.46,thousand_pesos
2023,NEGROS ORIENTAL,Ninth Decile,Average Expenditure,185.21,thousand_pesos
2023,NEGROS ORIENTAL,Ninth Decile,Average Income,345.41,thousand_pesos
2023,NEGROS ORIENTAL,Ninth Decile,Average Savings,160.19,thousand_pesos
2023,NEGROS ORIENTAL,Second Decile,Average Expenditure,90.97,thousand_pesos
2023,NEGROS ORIENTAL,Second Decile,Average Income,101.32,thousand_pesos
2023,NEGROS ORIENTAL,Second Decile,Average Savings,10.36,thousand_pesos
2023,NEGROS ORIENTAL,Seventh Decile,Average Expenditure,135.26,thousand_pesos
2023,NEGROS ORIENTAL,Seventh Decile,Average Income,207.6,thousand_pesos
2023,NEGROS ORIENTAL,Seventh Decile,Average Savings,72.34,thousand_pesos
2023,NEGROS ORIENTAL,Sixth Decile,Average Expenditure,125.14,thousand_pesos
2023,NEGROS ORIENTAL,Sixth Decile,Average Income,177.73,thousand_pesos
2023,NEGROS ORIENTAL,Sixth Decile,Average Savings,52.6,thousand_pesos
2023,NEGROS ORIENTAL,Tenth Decile,Average Expenditure,401.66,thousand_pesos
2023,NEGROS ORIENTAL,Tenth Decile,Average Income,757.71,thousand_pesos
2023,NEGROS ORIENTAL,Tenth Decile,Average Savings,356.05,thousand_pesos
2023,NEGROS ORIENTAL,Third Decile,Average Expenditure,94.42,thousand_pesos
2023,NEGROS ORIENTAL,Third Decile,Average Income,114.38,thousand_pesos
2023,NEGROS ORIENTAL,Third Decile,Average Savings,19.96,thousand_pesos
2023,NORTHERN SAMAR,All Income Groups,Average Expenditure,158.47,thousand_pesos
2023,NORTHERN SAMAR,All Income Groups,Average Income,264.25,thousand_pesos
2023,NORTHERN SAMAR,All Income Groups,Average Savings,105.78,thousand_pesos
2023,NORTHERN SAMAR,Eighth Decile,Average Expenditure,167.73,thousand_pesos
2023,NORTHERN SAMAR,Eighth Decile,Average Income,282.57,thousand_pesos
2023,NORTHERN SAMAR,Eighth Decile,Average Savings,114.83,thousand_pesos
2023,NORTHERN SAMAR,Fifth Decile,Average Expenditure,134.67,thousand_pesos
2023,NORTHERN SAMAR,Fifth Decile,Average Income,204.64,thousand_pesos
2023,NORTHERN SAMAR,Fifth Decile,Average Savings,69.97,thousand_pesos
2023,NORTHERN SAMAR,First Decile,Average Expenditure,101.85,thousand_pesos
2023,NORTHERN SAMAR,First Decile,Average Income,125.5,thousand_pesos
2023,NORTHERN SAMAR,First Decile,Average Savings,23.65,thousand_pesos
2023,NORTHERN SAMAR,Fourth Decile,Average Expenditure,134.2,thousand_pesos
2023,NORTHERN SAMAR,Fourth Decile,Average Income,197.03,thousand_pesos
2023,NORTHERN SAMAR,Fourth Decile,Average Savings,62.83,thousand_pesos
2023,NORTHERN SAMAR,Ninth Decile,Average Expenditure,197.72,thousand_pesos
2023,NORTHERN SAMAR,Ninth Decile,Average Income,365.61,thousand_pesos
2023,NORTHERN SAMAR,Ninth Decile,Average Savings,167.89,thousand_pesos
2023,NORTHERN SAMAR,Second Decile,Average Expenditure,113.53,thousand_pesos
2023,NORTHERN SAMAR,Second Decile,Average Income,152.42,thousand_pesos
2023,NORTHERN SAMAR,Second Decile,Average Savings,38.88,thousand_pesos
2023,NORTHERN SAMAR,Seventh Decile,Average Expenditure,147.65,thousand_pesos
2023,NORTHERN SAMAR,Seventh Decile,Average Income,242.3,thousand_pesos
2023,NORTHERN SAMAR,Seventh Decile,Average Savings,94.65,thousand_pesos
2023,NORTHERN SAMAR,Sixth Decile,Average Expenditure,143.14,thousand_pesos
2023,NORTHERN SAMAR,Sixth Decile,Average Income,225.73,thousand_pesos
2023,NORTHERN SAMAR,Sixth Decile,Average Savings,82.59,thousand_pesos
2023,NORTHERN SAMAR,Tenth Decile,Average Expenditure,324.54,thousand_pesos
2023,NORTHERN SAMAR,Tenth Decile,Average Income,674.94,thousand_pesos
2023,NORTHERN SAMAR,Tenth Decile,Average Savings,350.4,thousand_pesos
2023,NORTHERN SAMAR,Third Decile,Average Expenditure,118.73,thousand_pesos
2023,NORTHERN SAMAR,Third Decile,Average Income,169.42,thousand_pesos
2023,NORTHERN SAMAR,Third Decile,Average Savings,50.69,thousand_pesos
2023,NUEVA ECIJA,All Income Groups,Average Expenditure,227.63,thousand_pesos
2023,NUEVA ECIJA,All Income Groups,Average Income,288.44,thousand_pesos
2023,NUEVA ECIJA,All Income Groups,Average Savings,60.8,thousand_pesos
2023,NUEVA ECIJA,Eighth Decile,Average Expenditure,247.1,thousand_pesos
2023,NUEVA ECIJA,Eighth Decile,Average Income,334.11,thousand_pesos
2023,NUEVA ECIJA,Eighth Decile,Average Savings,87.01,thousand_pesos
2023,NUEVA ECIJA,Fifth Decile,Average Expenditure,199.46,thousand_pesos
2023,NUEVA ECIJA,Fifth Decile,Average Income,248.09,thousand_pesos
2023,NUEVA ECIJA,Fifth Decile,Average Savings,48.62,thousand_pesos
2023,NUEVA ECIJA,First Decile,Average Expenditure,165.97,thousand_pesos
2023,NUEVA ECIJA,First Decile,Average Income,170.44,thousand_pesos
2023,NUEVA ECIJA,First Decile,Average Savings,4.47,thousand_pesos
2023,NUEVA ECIJA,Fourth Decile,Average Expenditure,204.65,thousand_pesos
2023,NUEVA ECIJA,Fourth Decile,Average Income,246.01,thousand_pesos
2023,NUEVA ECIJA,Fourth Decile,Average Savings,41.37,thousand_pesos
2023,NUEVA ECIJA,Ninth Decile,Average Expenditure,263.2,thousand_pesos
2023,NUEVA ECIJA,Ninth Decile,Average Income,353.7,thousand_pesos
2023,NUEVA ECIJA,Ninth Decile,Average Savings,90.5,thousand_pesos
2023,NUEVA ECIJA,Second Decile,Average Expenditure,181.23,thousand_pesos
2023,NUEVA ECIJA,Second Decile,Average Income,203.74,thousand_pesos
2023,NUEVA ECIJA,Second Decile,Average Savings,22.51,thousand_pesos
2023,NUEVA ECIJA,Seventh Decile,Average Expenditure,231.47,thousand_pesos
2023,NUEVA ECIJA,Seventh Decile,Average Income,295.76,thousand_pesos
2023,NUEVA ECIJA,Seventh Decile,Average Savings,64.3,thousand_pesos
2023,NUEVA ECIJA,Sixth Decile,Average Expenditure,227.19,thousand_pesos
2023,NUEVA ECIJA,Sixth Decile,Average Income,279.36,thousand_pesos
2023,NUEVA ECIJA,Sixth Decile,Average Savings,52.18,thousand_pesos
2023,NUEVA ECIJA,Tenth Decile,Average Expenditure,366.0,thousand_pesos
2023,NUEVA ECIJA,Tenth Decile,Average Income,532.76,thousand_pesos
2023,NUEVA ECIJA,Tenth Decile,Average Savings,166.76,thousand_pesos
2023,NUEVA ECIJA,Third Decile,Average Expenditure,189.37,thousand_pesos
2023,NUEVA ECIJA,Third Decile,Average Income,219.02,thousand_pesos
2023,NUEVA ECIJA,Third Decile,Average Savings,29.65,thousand_pesos
2023,NUEVA VIZCAYA,All Income Groups,Average Expenditure,205.59,thousand_pesos
2023,NUEVA VIZCAYA,All Income Groups,Average Income,263.17,thousand_pesos
2023,NUEVA VIZCAYA,All Income Groups,Average Savings,57.57,thousand_pesos
2023,NUEVA VIZCAYA,Eighth Decile,Average Expenditure,228.17,thousand_pesos
2023,NUEVA VIZCAYA,Eighth Decile,Average Income,288.18,thousand_pesos
2023,NUEVA VIZCAYA,Eighth Decile,Average Savings,60.01,thousand_pesos
2023,NUEVA VIZCAYA,Fifth Decile,Average Expenditure,170.85,thousand_pesos
2023,NUEVA VIZCAYA,Fifth Decile,Average Income,210.75,thousand_pesos
2023,NUEVA VIZCAYA,Fifth Decile,Average Savings,39.9,thousand_pesos
2023,NUEVA VIZCAYA,First Decile,Average Expenditure,132.13,thousand_pesos
2023,NUEVA VIZCAYA,First Decile,Average Income,142.59,thousand_pesos
2023,NUEVA VIZCAYA,First Decile,Average Savings,10.45,thousand_pesos
2023,NUEVA VIZCAYA,Fourth Decile,Average Expenditure,168.57,thousand_pesos
2023,NUEVA VIZCAYA,Fourth Decile,Average Income,195.66,thousand_pesos
2023,NUEVA VIZCAYA,Fourth Decile,Average Savings,27.09,thousand_pesos
2023,NUEVA VIZCAYA,Ninth Decile,Average Expenditure,240.27,thousand_pesos
2023,NUEVA VIZCAYA,Ninth Decile,Average Income,327.7,thousand_pesos
2023,NUEVA VIZCAYA,Ninth Decile,Average Savings,87.43,thousand_pesos
2023,NUEVA VIZCAYA,Second Decile,Average Expenditure,140.56,thousand_pesos
2023,NUEVA VIZCAYA,Second Decile,Average Income,161.54,thousand_pesos
2023,NUEVA VIZCAYA,Second Decile,Average Savings,20.97,thousand_pesos
2023,NUEVA VIZCAYA,Seventh Decile,Average Expenditure,203.85,thousand_pesos
2023,NUEVA VIZCAYA,Seventh Decile,Average Income,261.78,thousand_pesos
2023,NUEVA VIZCAYA,Seventh Decile,Average Savings,57.93,thousand_pesos
2023,NUEVA VIZCAYA,Sixth Decile,Average Expenditure,187.28,thousand_pesos
2023,NUEVA VIZCAYA,Sixth Decile,Average Income,223.27,thousand_pesos
2023,NUEVA VIZCAYA,Sixth Decile,Average Savings,35.99,thousand_pesos
2023,NUEVA VIZCAYA,Tenth Decile,Average Expenditure,439.24,thousand_pesos
2023,NUEVA VIZCAYA,Tenth Decile,Average Income,648.23,thousand_pesos
2023,NUEVA VIZCAYA,Tenth Decile,Average Savings,208.99,thousand_pesos
2023,NUEVA VIZCAYA,Third Decile,Average Expenditure,144.58,thousand_pesos
2023,NUEVA VIZCAYA,Third Decile,Average Income,171.31,thousand_pesos
2023,NUEVA VIZCAYA,Third Decile,Average Savings,26.73,thousand_pesos
2023,OCCIDENTAL MINDORO,All Income Groups,Average Expenditure,169.53,thousand_pesos
2023,OCCIDENTAL MINDORO,All Income Groups,Average Income,239.9,thousand_pesos
2023,OCCIDENTAL MINDORO,All Income Groups,Average Savings,70.37,thousand_pesos
2023,OCCIDENTAL MINDORO,Eighth Decile,Average Expenditure,182.97,thousand_pesos
2023,OCCIDENTAL MINDORO,Eighth Decile,Average Income,250.04,thousand_pesos
2023,OCCIDENTAL MINDORO,Eighth Decile,Average Savings,67.06,thousand_pesos
2023,OCCIDENTAL MINDORO,Fifth Decile,Average Expenditure,129.1,thousand_pesos
2023,OCCIDENTAL MINDORO,Fifth Decile,Average Income,167.1,thousand_pesos
2023,OCCIDENTAL MINDORO,Fifth Decile,Average Savings,38.0,thousand_pesos
2023,OCCIDENTAL MINDORO,First Decile,Average Expenditure,78.44,thousand_pesos
2023,OCCIDENTAL MINDORO,First Decile,Average Income,87.35,thousand_pesos
2023,OCCIDENTAL MINDORO,First Decile,Average Savings,8.91,thousand_pesos
2023,OCCIDENTAL MINDORO,Fourth Decile,Average Expenditure,123.2,thousand_pesos
2023,OCCIDENTAL MINDORO,Fourth Decile,Average Income,150.28,thousand_pesos
2023,OCCIDENTAL MINDORO,Fourth Decile,Average Savings,27.07,thousand_pesos
2023,OCCIDENTAL MINDORO,Ninth Decile,Average Expenditure,217.59,thousand_pesos
2023,OCCIDENTAL MINDORO,Ninth Decile,Average Income,333.03,thousand_pesos
2023,OCCIDENTAL MINDORO,Ninth Decile,Average Savings,115.45,thousand_pesos
2023,OCCIDENTAL MINDORO,Second Decile,Average Expenditure,99.16,thousand_pesos
2023,OCCIDENTAL MINDORO,Second Decile,Average Income,120.34,thousand_pesos
2023,OCCIDENTAL MINDORO,Second Decile,Average Savings,21.17,thousand_pesos
2023,OCCIDENTAL MINDORO,Seventh Decile,Average Expenditure,151.15,thousand_pesos
2023,OCCIDENTAL MINDORO,Seventh Decile,Average Income,197.85,thousand_pesos
2023,OCCIDENTAL MINDORO,Seventh Decile,Average Savings,46.7,thousand_pesos
2023,OCCIDENTAL MINDORO,Sixth Decile,Average Expenditure,135.56,thousand_pesos
2023,OCCIDENTAL MINDORO,Sixth Decile,Average Income,171.27,thousand_pesos
2023,OCCIDENTAL MINDORO,Sixth Decile,Average Savings,35.71,thousand_pesos
2023,OCCIDENTAL MINDORO,Tenth Decile,Average Expenditure,459.01,thousand_pesos
2023,OCCIDENTAL MINDORO,Tenth Decile,Average Income,776.74,thousand_pesos
2023,OCCIDENTAL MINDORO,Tenth Decile,Average Savings,317.72,thousand_pesos
2023,OCCIDENTAL MINDORO,Third Decile,Average Expenditure,118.69,thousand_pesos
2023,OCCIDENTAL MINDORO,Third Decile,Average Income,144.29,thousand_pesos
2023,OCCIDENTAL MINDORO,Third Decile,Average Savings,25.6,thousand_pesos
2023,ORIENTAL MINDORO,All Income Groups,Average Expenditure,176.74,thousand_pesos
2023,ORIENTAL MINDORO,All Income Groups,Average Income,237.4,thousand_pesos
2023,ORIENTAL MINDORO,All Income Groups,Average Savings,60.66,thousand_pesos
2023,ORIENTAL MINDORO,Eighth Decile,Average Expenditure,177.33,thousand_pesos
2023,ORIENTAL MINDORO,Eighth Decile,Average Income,244.53,thousand_pesos
2023,ORIENTAL MINDORO,Eighth Decile,Average Savings,67.2,thousand_pesos
2023,ORIENTAL MINDORO,Fifth Decile,Average Expenditure,156.71,thousand_pesos
2023,ORIENTAL MINDORO,Fifth Decile,Average Income,201.46,thousand_pesos
2023,ORIENTAL MINDORO,Fifth Decile,Average Savings,44.75,thousand_pesos
2023,ORIENTAL MINDORO,First Decile,Average Expenditure,96.77,thousand_pesos
2023,ORIENTAL MINDORO,First Decile,Average Income,107.46,thousand_pesos
2023,ORIENTAL MINDORO,First Decile,Average Savings,10.69,thousand_pesos
2023,ORIENTAL MINDORO,Fourth Decile,Average Expenditure,138.37,thousand_pesos
2023,ORIENTAL MINDORO,Fourth Decile,Average Income,173.87,thousand_pesos
2023,ORIENTAL MINDORO,Fourth Decile,Average Savings,35.5,thousand_pesos
2023,ORIENTAL MINDORO,Ninth Decile,Average Expenditure,217.11,thousand_pesos
2023,ORIENTAL MINDORO,Ninth Decile,Average Income,296.53,thousand_pesos
2023,ORIENTAL MINDORO,Ninth Decile,Average Savings,79.42,thousand_pesos
2023,ORIENTAL MINDORO,Second Decile,Average Expenditure,127.22,thousand_pesos
2023,ORIENTAL MINDORO,Second Decile,Average Income,145.03,thousand_pesos
2023,ORIENTAL MINDORO,Second Decile,Average Savings,17.8,thousand_pesos
2023,ORIENTAL MINDORO,Seventh Decile,Average Expenditure,175.02,thousand_pesos
2023,ORIENTAL MINDORO,Seventh Decile,Average Income,230.48,thousand_pesos
2023,ORIENTAL MINDORO,Seventh Decile,Average Savings,55.46,thousand_pesos
2023,ORIENTAL MINDORO,Sixth Decile,Average Expenditure,143.51,thousand_pesos
2023,ORIENTAL MINDORO,Sixth Decile,Average Income,192.1,thousand_pesos
2023,ORIENTAL MINDORO,Sixth Decile,Average Savings,48.59,thousand_pesos
2023,ORIENTAL MINDORO,Tenth Decile,Average Expenditure,406.76,thousand_pesos
2023,ORIENTAL MINDORO,Tenth Decile,Average Income,624.14,thousand_pesos
2023,ORIENTAL MINDORO,Tenth Decile,Average Savings,217.38,thousand_pesos
2023,ORIENTAL MINDORO,Third Decile,Average Expenditure,126.77,thousand_pesos
2023,ORIENTAL MINDORO,Third Decile,Average Income,155.37,thousand_pesos
2023,ORIENTAL MINDORO,Third Decile,Average Savings,28.6,thousand_pesos
2023,PALAWAN (Excluding City of Puerto Princesa),All Income Groups,Average Expenditure,140.28,thousand_pesos
2023,PALAWAN (Excluding City of Puerto Princesa),All Income Groups,Average Income,217.84,thousand_pesos
2023,PALAWAN (Excluding City of Puerto Princesa),All Income Groups,Average Savings,77.57,thousand_pesos
2023,PALAWAN (Excluding City of Puerto Princesa),Eighth Decile,Average Expenditure,143.25,thousand_pesos
2023,PALAWAN (Excluding City of Puerto Princesa),Eighth Decile,Average Income,210.34,thousand_pesos
2023,PALAWAN (Excluding City of Puerto Princesa),Eighth Decile,Average Savings,67.09,thousand_pesos
2023,PALAWAN (Excluding City of Puerto Princesa),Fifth Decile,Average Expenditure,107.09,thousand_pesos
2023,PALAWAN (Excluding City of Puerto Princesa),Fifth Decile,Average Income,138.78,thousand_pesos
2023,PALAWAN (Excluding City of Puerto Princesa),Fifth Decile,Average Savings,31.68,thousand_pesos
2023,PALAWAN (Excluding City of Puerto Princesa),First Decile,Average Expenditure,85.63,thousand_pesos
2023,PALAWAN (Excluding City of Puerto Princesa),First Decile,Average Income,99.74,thousand_pesos
2023,PALAWAN (Excluding City of Puerto Princesa),First Decile,Average Savings,14.11,thousand_pesos
2023,PALAWAN (Excluding City of Puerto Princesa),Fourth Decile,Average Expenditure,107.78,thousand_pesos
2023,PALAWAN (Excluding City of Puerto Princesa),Fourth Decile,Average Income,141.31,thousand_pesos
2023,PALAWAN (Excluding City of Puerto Princesa),Fourth Decile,Average Savings,33.53,thousand_pesos
2023,PALAWAN (Excluding City of Puerto Princesa),Ninth Decile,Average Expenditure,175.72,thousand_pesos
2023,PALAWAN (Excluding City of Puerto Princesa),Ninth Decile,Average Income,272.56,thousand_pesos
2023,PALAWAN (Excluding City of Puerto Princesa),Ninth Decile,Average Savings,96.84,thousand_pesos
2023,PALAWAN (Excluding City of Puerto Princesa),Second Decile,Average Expenditure,96.59,thousand_pesos
2023,PALAWAN (Excluding City of Puerto Princesa),Second Decile,Average Income,123.45,thousand_pesos
2023,PALAWAN (Excluding City of Puerto Princesa),Second Decile,Average Savings,26.86,thousand_pesos
2023,PALAWAN (Excluding City of Puerto Princesa),Seventh Decile,Average Expenditure,132.96,thousand_pesos
2023,PALAWAN (Excluding City of Puerto Princesa),Seventh Decile,Average Income,185.89,thousand_pesos
2023,PALAWAN (Excluding City of Puerto Princesa),Seventh Decile,Average Savings,52.93,thousand_pesos
2023,PALAWAN (Excluding City of Puerto Princesa),Sixth Decile,Average Expenditure,122.88,thousand_pesos
2023,PALAWAN (Excluding City of Puerto Princesa),Sixth Decile,Average Income,168.26,thousand_pesos
2023,PALAWAN (Excluding City of Puerto Princesa),Sixth Decile,Average Savings,45.38,thousand_pesos
2023,PALAWAN (Excluding City of Puerto Princesa),Tenth Decile,Average Expenditure,321.62,thousand_pesos
2023,PALAWAN (Excluding City of Puerto Princesa),Tenth Decile,Average Income,694.89,thousand_pesos
2023,PALAWAN (Excluding City of Puerto Princesa),Tenth Decile,Average Savings,373.27,thousand_pesos
2023,PALAWAN (Excluding City of Puerto Princesa),Third Decile,Average Expenditure,107.53,thousand_pesos
2023,PALAWAN (Excluding City of Puerto Princesa),Third Decile,Average Income,139.68,thousand_pesos
2023,PALAWAN (Excluding City of Puerto Princesa),Third Decile,Average Savings,32.15,thousand_pesos
2023,PAMPANGA (Excluding City of Angeles),All Income Groups,Average Expenditure,306.46,thousand_pesos
2023,PAMPANGA (Excluding City of Angeles),All Income Groups,Average Income,384.59,thousand_pesos
2023,PAMPANGA (Excluding City of Angeles),All Income Groups,Average Savings,78.13,thousand_pesos
2023,PAMPANGA (Excluding City of Angeles),Eighth Decile,Average Expenditure,334.32,thousand_pesos
2023,PAMPANGA (Excluding City of Angeles),Eighth Decile,Average Income,424.86,thousand_pesos
2023,PAMPANGA (Excluding City of Angeles),Eighth Decile,Average Savings,90.54,thousand_pesos
2023,PAMPANGA (Excluding City of Angeles),Fifth Decile,Average Expenditure,273.53,thousand_pesos
2023,PAMPANGA (Excluding City of Angeles),Fifth Decile,Average Income,321.94,thousand_pesos
2023,PAMPANGA (Excluding City of Angeles),Fifth Decile,Average Savings,48.41,thousand_pesos
2023,PAMPANGA (Excluding City of Angeles),First Decile,Average Expenditure,234.21,thousand_pesos
2023,PAMPANGA (Excluding City of Angeles),First Decile,Average Income,250.96,thousand_pesos
2023,PAMPANGA (Excluding City of Angeles),First Decile,Average Savings,16.75,thousand_pesos
2023,PAMPANGA (Excluding City of Angeles),Fourth Decile,Average Expenditure,291.68,thousand_pesos
2023,PAMPANGA (Excluding City of Angeles),Fourth Decile,Average Income,342.74,thousand_pesos
2023,PAMPANGA (Excluding City of Angeles),Fourth Decile,Average Savings,51.07,thousand_pesos
2023,PAMPANGA (Excluding City of Angeles),Ninth Decile,Average Expenditure,345.04,thousand_pesos
2023,PAMPANGA (Excluding City of Angeles),Ninth Decile,Average Income,464.67,thousand_pesos
2023,PAMPANGA (Excluding City of Angeles),Ninth Decile,Average Savings,119.63,thousand_pesos
2023,PAMPANGA (Excluding City of Angeles),Second Decile,Average Expenditure,253.71,thousand_pesos
2023,PAMPANGA (Excluding City of Angeles),Second Decile,Average Income,285.58,thousand_pesos
2023,PAMPANGA (Excluding City of Angeles),Second Decile,Average Savings,31.87,thousand_pesos
2023,PAMPANGA (Excluding City of Angeles),Seventh Decile,Average Expenditure,321.76,thousand_pesos
2023,PAMPANGA (Excluding City of Angeles),Seventh Decile,Average Income,402.31,thousand_pesos
2023,PAMPANGA (Excluding City of Angeles),Seventh Decile,Average Savings,80.55,thousand_pesos
2023,PAMPANGA (Excluding City of Angeles),Sixth Decile,Average Expenditure,304.89,thousand_pesos
2023,PAMPANGA (Excluding City of Angeles),Sixth Decile,Average Income,372.18,thousand_pesos
2023,PAMPANGA (Excluding City of Angeles),Sixth Decile,Average Savings,67.29,thousand_pesos
2023,PAMPANGA (Excluding City of Angeles),Tenth Decile,Average Expenditure,428.85,thousand_pesos
2023,PAMPANGA (Excluding City of Angeles),Tenth Decile,Average Income,668.68,thousand_pesos
2023,PAMPANGA (Excluding City of Angeles),Tenth Decile,Average Savings,239.83,thousand_pesos
2023,PAMPANGA (Excluding City of Angeles),Third Decile,Average Expenditure,275.79,thousand_pesos
2023,PAMPANGA (Excluding City of Angeles),Third Decile,Average Income,310.17,thousand_pesos
2023,PAMPANGA (Excluding City of Angeles),Third Decile,Average Savings,34.38,thousand_pesos
2023,PANGASINAN,All Income Groups,Average Expenditure,188.2,thousand_pesos
2023,PANGASINAN,All Income Groups,Average Income,267.16,thousand_pesos
2023,PANGASINAN,All Income Groups,Average Savings,78.96,thousand_pesos
2023,PANGASINAN,Eighth Decile,Average Expenditure,196.34,thousand_pesos
2023,PANGASINAN,Eighth Decile,Average Income,275.03,thousand_pesos
2023,PANGASINAN,Eighth Decile,Average Savings,78.69,thousand_pesos
2023,PANGASINAN,Fifth Decile,Average Expenditure,161.82,thousand_pesos
2023,PANGASINAN,Fifth Decile,Average Income,208.86,thousand_pesos
2023,PANGASINAN,Fifth Decile,Average Savings,47.04,thousand_pesos
2023,PANGASINAN,First Decile,Average Expenditure,116.69,thousand_pesos
2023,PANGASINAN,First Decile,Average Income,134.25,thousand_pesos
2023,PANGASINAN,First Decile,Average Savings,17.57,thousand_pesos
2023,PANGASINAN,Fourth Decile,Average Expenditure,160.74,thousand_pesos
2023,PANGASINAN,Fourth Decile,Average Income,207.14,thousand_pesos
2023,PANGASINAN,Fourth Decile,Average Savings,46.41,thousand_pesos
2023,PANGASINAN,Ninth Decile,Average Expenditure,255.61,thousand_pesos
2023,PANGASINAN,Ninth Decile,Average Income,358.52,thousand_pesos
2023,PANGASINAN,Ninth Decile,Average Savings,102.92,thousand_pesos
2023,PANGASINAN,Second Decile,Average Expenditure,141.12,thousand_pesos
2023,PANGASINAN,Second Decile,Average Income,173.22,thousand_pesos
2023,PANGASINAN,Second Decile,Average Savings,32.1,thousand_pesos
2023,PANGASINAN,Seventh Decile,Average Expenditure,172.41,thousand_pesos
2023,PANGASINAN,Seventh Decile,Average Income,248.02,thousand_pesos
2023,PANGASINAN,Seventh Decile,Average Savings,75.61,thousand_pesos
2023,PANGASINAN,Sixth Decile,Average Expenditure,177.6,thousand_pesos
2023,PANGASINAN,Sixth Decile,Average Income,242.72,thousand_pesos
2023,PANGASINAN,Sixth Decile,Average Savings,65.12,thousand_pesos
2023,PANGASINAN,Tenth Decile,Average Expenditure,356.46,thousand_pesos
2023,PANGASINAN,Tenth Decile,Average Income,649.95,thousand_pesos
2023,PANGASINAN,Tenth Decile,Average Savings,293.49,thousand_pesos
2023,PANGASINAN,Third Decile,Average Expenditure,142.91,thousand_pesos
2023,PANGASINAN,Third Decile,Average Income,173.22,thousand_pesos
2023,PANGASINAN,Third Decile,Average Savings,30.31,thousand_pesos
2023,PHILIPPINES,All Income Groups,Average Expenditure,229.99,thousand_pesos
2023,PHILIPPINES,All Income Groups,Average Income,314.82,thousand_pesos
2023,PHILIPPINES,All Income Groups,Average Savings,84.83,thousand_pesos
2023,PHILIPPINES,Eighth Decile,Average Expenditure,270.86,thousand_pesos
2023,PHILIPPINES,Eighth Decile,Average Income,370.97,thousand_pesos
2023,PHILIPPINES,Eighth Decile,Average Savings,100.12,thousand_pesos
2023,PHILIPPINES,Fifth Decile,Average Expenditure,192.68,thousand_pesos
2023,PHILIPPINES,Fifth Decile,Average Income,242.5,thousand_pesos
2023,PHILIPPINES,Fifth Decile,Average Savings,49.82,thousand_pesos
2023,PHILIPPINES,First Decile,Average Expenditure,113.96,thousand_pesos
2023,PHILIPPINES,First Decile,Average Income,127.7,thousand_pesos
2023,PHILIPPINES,First Decile,Average Savings,13.74,thousand_pesos
2023,PHILIPPINES,Fourth Decile,Average Expenditure,174.33,thousand_pesos
2023,PHILIPPINES,Fourth Decile,Average Income,214.95,thousand_pesos
2023,PHILIPPINES,Fourth Decile,Average Savings,40.62,thousand_pesos
2023,PHILIPPINES,Ninth Decile,Average Expenditure,319.38,thousand_pesos
2023,PHILIPPINES,Ninth Decile,Average Income,456.81,thousand_pesos
2023,PHILIPPINES,Ninth Decile,Average Savings,137.43,thousand_pesos
2023,PHILIPPINES,Second Decile,Average Expenditure,137.86,thousand_pesos
2023,PHILIPPINES,Second Decile,Average Income,162.75,thousand_pesos
2023,PHILIPPINES,Second Decile,Average Savings,24.89,thousand_pesos
2023,PHILIPPINES,Seventh Decile,Average Expenditure,237.28,thousand_pesos
2023,PHILIPPINES,Seventh Decile,Average Income,313.49,thousand_pesos
2023,PHILIPPINES,Seventh Decile,Average Savings,76.21,thousand_pesos
2023,PHILIPPINES,Sixth Decile,Average Expenditure,213.46,thousand_pesos
2023,PHILIPPINES,Sixth Decile,Average Income,275.12,thousand_pesos
2023,PHILIPPINES,Sixth Decile,Average Savings,61.66,thousand_pesos
2023,PHILIPPINES,Tenth Decile,Average Expenditure,486.33,thousand_pesos
2023,PHILIPPINES,Tenth Decile,Average Income,798.1,thousand_pesos
2023,PHILIPPINES,Tenth Decile,Average Savings,311.78,thousand_pesos
2023,PHILIPPINES,Third Decile,Average Expenditure,153.73,thousand_pesos
2023,PHILIPPINES,Third Decile,Average Income,185.77,thousand_pesos
2023,PHILIPPINES,Third Decile,Average Savings,32.04,thousand_pesos
2023,Pasay City,All Income Groups,Average Expenditure,296.78,thousand_pesos
2023,Pasay City,All Income Groups,Average Income,425.41,thousand_pesos
2023,Pasay City,All Income Groups,Average Savings,128.63,thousand_pesos
2023,Pasay City,Eighth Decile,Average Expenditure,339.28,thousand_pesos
2023,Pasay City,Eighth Decile,Average Income,504.01,thousand_pesos
2023,Pasay City,Eighth Decile,Average Savings,164.73,thousand_pesos
2023,Pasay City,Fifth Decile,Average Expenditure,297.88,thousand_pesos
2023,Pasay City,Fifth Decile,Average Income,411.06,thousand_pesos
2023,Pasay City,Fifth Decile,Average Savings,113.19,thousand_pesos
2023,Pasay City,First Decile,Average Expenditure,227.11,thousand_pesos
2023,Pasay City,First Decile,Average Income,259.01,thousand_pesos
2023,Pasay City,First Decile,Average Savings,31.9,thousand_pesos
2023,Pasay City,Fourth Decile,Average Expenditure,266.88,thousand_pesos
2023,Pasay City,Fourth Decile,Average Income,360.23,thousand_pesos
2023,Pasay City,Fourth Decile,Average Savings,93.36,thousand_pesos
2023,Pasay City,Ninth Decile,Average Expenditure,329.28,thousand_pesos
2023,Pasay City,Ninth Decile,Average Income,507.38,thousand_pesos
2023,Pasay City,Ninth Decile,Average Savings,178.1,thousand_pesos
2023,Pasay City,Second Decile,Average Expenditure,248.19,thousand_pesos
2023,Pasay City,Second Decile,Average Income,292.37,thousand_pesos
2023,Pasay City,Second Decile,Average Savings,44.19,thousand_pesos
2023,Pasay City,Seventh Decile,Average Expenditure,304.65,thousand_pesos
2023,Pasay City,Seventh Decile,Average Income,463.08,thousand_pesos
2023,Pasay City,Seventh Decile,Average Savings,158.43,thousand_pesos
2023,Pasay City,Sixth Decile,Average Expenditure,314.48,thousand_pesos
2023,Pasay City,Sixth Decile,Average Income,436.75,thousand_pesos
2023,Pasay City,Sixth Decile,Average Savings,122.27,thousand_pesos
2023,Pasay City,Tenth Decile,Average Expenditure,382.5,thousand_pesos
2023,Pasay City,Tenth Decile,Average Income,698.7,thousand_pesos
2023,Pasay City,Tenth Decile,Average Savings,316.2,thousand_pesos
2023,Pasay City,Third Decile,Average Expenditure,256.25,thousand_pesos
2023,Pasay City,Third Decile,Average Income,317.68,thousand_pesos
2023,Pasay City,Third Decile,Average Savings,61.43,thousand_pesos
2023,Pateros,All Income Groups,Average Expenditure,324.07,thousand_pesos
2023,Pateros,All Income Groups,Average Income,449.88,thousand_pesos
2023,Pateros,All Income Groups,Average Savings,125.81,thousand_pesos
2023,Pateros,Eighth Decile,Average Expenditure,373.47,thousand_pesos
2023,Pateros,Eighth Decile,Average Income,525.02,thousand_pesos
2023,Pateros,Eighth Decile,Average Savings,151.55,thousand_pesos
2023,Pateros,Fifth Decile,Average Expenditure,326.29,thousand_pesos
2023,Pateros,Fifth Decile,Average Income,418.22,thousand_pesos
2023,Pateros,Fifth Decile,Average Savings,91.93,thousand_pesos
2023,Pateros,First Decile,Average Expenditure,208.03,thousand_pesos
2023,Pateros,First Decile,Average Income,222.16,thousand_pesos
2023,Pateros,First Decile,Average Savings,14.13,thousand_pesos
2023,Pateros,Fourth Decile,Average Expenditure,283.63,thousand_pesos
2023,Pateros,Fourth Decile,Average Income,373.06,thousand_pesos
2023,Pateros,Fourth Decile,Average Savings,89.43,thousand_pesos
2023,Pateros,Ninth Decile,Average Expenditure,427.02,thousand_pesos
2023,Pateros,Ninth Decile,Average Income,644.98,thousand_pesos
2023,Pateros,Ninth Decile,Average Savings,217.96,thousand_pesos
2023,Pateros,Second Decile,Average Expenditure,241.41,thousand_pesos
2023,Pateros,Second Decile,Average Income,277.29,thousand_pesos
2023,Pateros,Second Decile,Average Savings,35.88,thousand_pesos
2023,Pateros,Seventh Decile,Average Expenditure,334.0,thousand_pesos
2023,Pateros,Seventh Decile,Average Income,461.98,thousand_pesos
2023,Pateros,Seventh Decile,Average Savings,127.98,thousand_pesos
2023,Pateros,Sixth Decile,Average Expenditure,322.98,thousand_pesos
2023,Pateros,Sixth Decile,Average Income,445.49,thousand_pesos
2023,Pateros,Sixth Decile,Average Savings,122.51,thousand_pesos
2023,Pateros,Tenth Decile,Average Expenditure,475.0,thousand_pesos
2023,Pateros,Tenth Decile,Average Income,817.15,thousand_pesos
2023,Pateros,Tenth Decile,Average Savings,342.15,thousand_pesos
2023,Pateros,Third Decile,Average Expenditure,246.28,thousand_pesos
2023,Pateros,Third Decile,Average Income,306.8,thousand_pesos
2023,Pateros,Third Decile,Average Savings,60.51,thousand_pesos
2023,QUEZON (Excluding City of Lucena),All Income Groups,Average Expenditure,193.48,thousand_pesos
2023,QUEZON (Excluding City of Lucena),All Income Groups,Average Income,220.24,thousand_pesos
2023,QUEZON (Excluding City of Lucena),All Income Groups,Average Savings,26.76,thousand_pesos
2023,QUEZON (Excluding City of Lucena),Eighth Decile,Average Expenditure,215.89,thousand_pesos
2023,QUEZON (Excluding City of Lucena),Eighth Decile,Average Income,245.14,thousand_pesos
2023,QUEZON (Excluding City of Lucena),Eighth Decile,Average Savings,29.25,thousand_pesos
2023,QUEZON (Excluding City of Lucena),Fifth Decile,Average Expenditure,160.84,thousand_pesos
2023,QUEZON (Excluding City of Lucena),Fifth Decile,Average Income,171.21,thousand_pesos
2023,QUEZON (Excluding City of Lucena),Fifth Decile,Average Savings,10.36,thousand_pesos
2023,QUEZON (Excluding City of Lucena),First Decile,Average Expenditure,133.11,thousand_pesos
2023,QUEZON (Excluding City of Lucena),First Decile,Average Income,130.23,thousand_pesos
2023,QUEZON (Excluding City of Lucena),First Decile,Average Savings,-2.88,thousand_pesos
2023,QUEZON (Excluding City of Lucena),Fourth Decile,Average Expenditure,157.72,thousand_pesos
2023,QUEZON (Excluding City of Lucena),Fourth Decile,Average Income,169.96,thousand_pesos
2023,QUEZON (Excluding City of Lucena),Fourth Decile,Average Savings,12.24,thousand_pesos
2023,QUEZON (Excluding City of Lucena),Ninth Decile,Average Expenditure,225.56,thousand_pesos
2023,QUEZON (Excluding City of Lucena),Ninth Decile,Average Income,266.49,thousand_pesos
2023,QUEZON (Excluding City of Lucena),Ninth Decile,Average Savings,40.93,thousand_pesos
2023,QUEZON (Excluding City of Lucena),Second Decile,Average Expenditure,146.94,thousand_pesos
2023,QUEZON (Excluding City of Lucena),Second Decile,Average Income,149.76,thousand_pesos
2023,QUEZON (Excluding City of Lucena),Second Decile,Average Savings,2.83,thousand_pesos
2023,QUEZON (Excluding City of Lucena),Seventh Decile,Average Expenditure,186.85,thousand_pesos
2023,QUEZON (Excluding City of Lucena),Seventh Decile,Average Income,209.33,thousand_pesos
2023,QUEZON (Excluding City of Lucena),Seventh Decile,Average Savings,22.48,thousand_pesos
2023,QUEZON (Excluding City of Lucena),Sixth Decile,Average Expenditure,169.19,thousand_pesos
2023,QUEZON (Excluding City of Lucena),Sixth Decile,Average Income,184.3,thousand_pesos
2023,QUEZON (Excluding City of Lucena),Sixth Decile,Average Savings,15.11,thousand_pesos
2023,QUEZON (Excluding City of Lucena),Tenth Decile,Average Expenditure,390.07,thousand_pesos
2023,QUEZON (Excluding City of Lucena),Tenth Decile,Average Income,519.75,thousand_pesos
2023,QUEZON (Excluding City of Lucena),Tenth Decile,Average Savings,129.68,thousand_pesos
2023,QUEZON (Excluding City of Lucena),Third Decile,Average Expenditure,147.94,thousand_pesos
2023,QUEZON (Excluding City of Lucena),Third Decile,Average Income,155.23,thousand_pesos
2023,QUEZON (Excluding City of Lucena),Third Decile,Average Savings,7.29,thousand_pesos
2023,QUIRINO,All Income Groups,Average Expenditure,175.52,thousand_pesos
2023,QUIRINO,All Income Groups,Average Income,277.31,thousand_pesos
2023,QUIRINO,All Income Groups,Average Savings,101.8,thousand_pesos
2023,QUIRINO,Eighth Decile,Average Expenditure,192.05,thousand_pesos
2023,QUIRINO,Eighth Decile,Average Income,310.1,thousand_pesos
2023,QUIRINO,Eighth Decile,Average Savings,118.05,thousand_pesos
2023,QUIRINO,Fifth Decile,Average Expenditure,154.17,thousand_pesos
2023,QUIRINO,Fifth Decile,Average Income,219.22,thousand_pesos
2023,QUIRINO,Fifth Decile,Average Savings,65.05,thousand_pesos
2023,QUIRINO,First Decile,Average Expenditure,110.37,thousand_pesos
2023,QUIRINO,First Decile,Average Income,135.06,thousand_pesos
2023,QUIRINO,First Decile,Average Savings,24.69,thousand_pesos
2023,QUIRINO,Fourth Decile,Average Expenditure,126.62,thousand_pesos
2023,QUIRINO,Fourth Decile,Average Income,174.89,thousand_pesos
2023,QUIRINO,Fourth Decile,Average Savings,48.27,thousand_pesos
2023,QUIRINO,Ninth Decile,Average Expenditure,234.25,thousand_pesos
2023,QUIRINO,Ninth Decile,Average Income,380.56,thousand_pesos
2023,QUIRINO,Ninth Decile,Average Savings,146.31,thousand_pesos
2023,QUIRINO,Second Decile,Average Expenditure,119.33,thousand_pesos
2023,QUIRINO,Second Decile,Average Income,153.35,thousand_pesos
2023,QUIRINO,Second Decile,Average Savings,34.02,thousand_pesos
2023,QUIRINO,Seventh Decile,Average Expenditure,157.86,thousand_pesos
2023,QUIRINO,Seventh Decile,Average Income,245.58,thousand_pesos
2023,QUIRINO,Seventh Decile,Average Savings,87.72,thousand_pesos
2023,QUIRINO,Sixth Decile,Average Expenditure,147.86,thousand_pesos
2023,QUIRINO,Sixth Decile,Average Income,214.72,thousand_pesos
2023,QUIRINO,Sixth Decile,Average Savings,66.86,thousand_pesos
2023,QUIRINO,Tenth Decile,Average Expenditure,387.53,thousand_pesos
2023,QUIRINO,Tenth Decile,Average Income,766.09,thousand_pesos
2023,QUIRINO,Tenth Decile,Average Savings,378.57,thousand_pesos
2023,QUIRINO,Third Decile,Average Expenditure,124.19,thousand_pesos
2023,QUIRINO,Third Decile,Average Income,171.28,thousand_pesos
2023,QUIRINO,Third Decile,Average Savings,47.09,thousand_pesos
2023,Quezon City,All Income Groups,Average Expenditure,349.49,thousand_pesos
2023,Quezon City,All Income Groups,Average Income,428.43,thousand_pesos
2023,Quezon City,All Income Groups,Average Savings,78.94,thousand_pesos
2023,Quezon City,Eighth Decile,Average Expenditure,382.79,thousand_pesos
2023,Quezon City,Eighth Decile,Average Income,494.56,thousand_pesos
2023,Quezon City,Eighth Decile,Average Savings,111.77,thousand_pesos
2023,Quezon City,Fifth Decile,Average Expenditure,297.78,thousand_pesos
2023,Quezon City,Fifth Decile,Average Income,365.83,thousand_pesos
2023,Quezon City,Fifth Decile,Average Savings,68.05,thousand_pesos
2023,Quezon City,First Decile,Average Expenditure,232.21,thousand_pesos
2023,Quezon City,First Decile,Average Income,245.75,thousand_pesos
2023,Quezon City,First Decile,Average Savings,13.54,thousand_pesos
2023,Quezon City,Fourth Decile,Average Expenditure,283.07,thousand_pesos
2023,Quezon City,Fourth Decile,Average Income,347.49,thousand_pesos
2023,Quezon City,Fourth Decile,Average Savings,64.42,thousand_pesos
2023,Quezon City,Ninth Decile,Average Expenditure,411.26,thousand_pesos
2023,Quezon City,Ninth Decile,Average Income,532.56,thousand_pesos
2023,Quezon City,Ninth Decile,Average Savings,121.3,thousand_pesos
2023,Quezon City,Second Decile,Average Expenditure,260.8,thousand_pesos
2023,Quezon City,Second Decile,Average Income,299.6,thousand_pesos
2023,Quezon City,Second Decile,Average Savings,38.8,thousand_pesos
2023,Quezon City,Seventh Decile,Average Expenditure,353.37,thousand_pesos
2023,Quezon City,Seventh Decile,Average Income,440.48,thousand_pesos
2023,Quezon City,Seventh Decile,Average Savings,87.11,thousand_pesos
2023,Quezon City,Sixth Decile,Average Expenditure,306.01,thousand_pesos
2023,Quezon City,Sixth Decile,Average Income,377.1,thousand_pesos
2023,Quezon City,Sixth Decile,Average Savings,71.08,thousand_pesos
2023,Quezon City,Tenth Decile,Average Expenditure,712.69,thousand_pesos
2023,Quezon City,Tenth Decile,Average Income,879.2,thousand_pesos
2023,Quezon City,Tenth Decile,Average Savings,166.51,thousand_pesos
2023,Quezon City,Third Decile,Average Expenditure,252.42,thousand_pesos
2023,Quezon City,Third Decile,Average Income,298.39,thousand_pesos
2023,Quezon City,Third Decile,Average Savings,45.96,thousand_pesos
2023,REGION I - ILOCOS REGION,All Income Groups,Average Expenditure,207.17,thousand_pesos
2023,REGION I - ILOCOS REGION,All Income Groups,Average Income,302.76,thousand_pesos
2023,REGION I - ILOCOS REGION,All Income Groups,Average Savings,95.59,thousand_pesos
2023,REGION I - ILOCOS REGION,Eighth Decile,Average Expenditure,234.92,thousand_pesos
2023,REGION I - ILOCOS REGION,Eighth Decile,Average Income,340.12,thousand_pesos
2023,REGION I - ILOCOS REGION,Eighth Decile,Average Savings,105.2,thousand_pesos
2023,REGION I - ILOCOS REGION,Fifth Decile,Average Expenditure,181.35,thousand_pesos
2023,REGION I - ILOCOS REGION,Fifth Decile,Average Income,245.16,thousand_pesos
2023,REGION I - ILOCOS REGION,Fifth Decile,Average Savings,63.81,thousand_pesos
2023,REGION I - ILOCOS REGION,First Decile,Average Expenditure,119.4,thousand_pesos
2023,REGION I - ILOCOS REGION,First Decile,Average Income,141.98,thousand_pesos
2023,REGION I - ILOCOS REGION,First Decile,Average Savings,22.58,thousand_pesos
2023,REGION I - ILOCOS REGION,Fourth Decile,Average Expenditure,165.27,thousand_pesos
2023,REGION I - ILOCOS REGION,Fourth Decile,Average Income,216.2,thousand_pesos
2023,REGION I - ILOCOS REGION,Fourth Decile,Average Savings,50.93,thousand_pesos
2023,REGION I - ILOCOS REGION,Ninth Decile,Average Expenditure,263.76,thousand_pesos
2023,REGION I - ILOCOS REGION,Ninth Decile,Average Income,402.57,thousand_pesos
2023,REGION I - ILOCOS REGION,Ninth Decile,Average Savings,138.81,thousand_pesos
2023,REGION I - ILOCOS REGION,Second Decile,Average Expenditure,143.02,thousand_pesos
2023,REGION I - ILOCOS REGION,Second Decile,Average Income,173.69,thousand_pesos
2023,REGION I - ILOCOS REGION,Second Decile,Average Savings,30.67,thousand_pesos
2023,REGION I - ILOCOS REGION,Seventh Decile,Average Expenditure,206.26,thousand_pesos
2023,REGION I - ILOCOS REGION,Seventh Decile,Average Income,290.92,thousand_pesos
2023,REGION I - ILOCOS REGION,Seventh Decile,Average Savings,84.65,thousand_pesos
2023,REGION I - ILOCOS REGION,Sixth Decile,Average Expenditure,191.49,thousand_pesos
2023,REGION I - ILOCOS REGION,Sixth Decile,Average Income,269.07,thousand_pesos
2023,REGION I - ILOCOS REGION,Sixth Decile,Average Savings,77.58,thousand_pesos
2023,REGION I - ILOCOS REGION,Tenth Decile,Average Expenditure,407.67,thousand_pesos
2023,REGION I - ILOCOS REGION,Tenth Decile,Average Income,745.83,thousand_pesos
2023,REGION I - ILOCOS REGION,Tenth Decile,Average Savings,338.16,thousand_pesos
2023,REGION I - ILOCOS REGION,Third Decile,Average Expenditure,158.34,thousand_pesos
2023,REGION I - ILOCOS REGION,Third Decile,Average Income,201.7,thousand_pesos
2023,REGION I - ILOCOS REGION,Third Decile,Average Savings,43.36,thousand_pesos
2023,REGION II - CAGAYAN VALLEY,All Income Groups,Average Expenditure,190.73,thousand_pesos
2023,REGION II - CAGAYAN VALLEY,All Income Groups,Average Income,276.79,thousand_pesos
2023,REGION II - CAGAYAN VALLEY,All Income Groups,Average Savings,86.06,thousand_pesos
2023,REGION II - CAGAYAN VALLEY,Eighth Decile,Average Expenditure,209.29,thousand_pesos
2023,REGION II - CAGAYAN VALLEY,Eighth Decile,Average Income,306.85,thousand_pesos
2023,REGION II - CAGAYAN VALLEY,Eighth Decile,Average Savings,97.55,thousand_pesos
2023,REGION II - CAGAYAN VALLEY,Fifth Decile,Average Expenditure,163.32,thousand_pesos
2023,REGION II - CAGAYAN VALLEY,Fifth Decile,Average Income,216.15,thousand_pesos
2023,REGION II - CAGAYAN VALLEY,Fifth Decile,Average Savings,52.83,thousand_pesos
2023,REGION II - CAGAYAN VALLEY,First Decile,Average Expenditure,121.69,thousand_pesos
2023,REGION II - CAGAYAN VALLEY,First Decile,Average Income,139.74,thousand_pesos
2023,REGION II - CAGAYAN VALLEY,First Decile,Average Savings,18.04,thousand_pesos
2023,REGION II - CAGAYAN VALLEY,Fourth Decile,Average Expenditure,153.61,thousand_pesos
2023,REGION II - CAGAYAN VALLEY,Fourth Decile,Average Income,200.05,thousand_pesos
2023,REGION II - CAGAYAN VALLEY,Fourth Decile,Average Savings,46.44,thousand_pesos
2023,REGION II - CAGAYAN VALLEY,Ninth Decile,Average Expenditure,242.53,thousand_pesos
2023,REGION II - CAGAYAN VALLEY,Ninth Decile,Average Income,375.91,thousand_pesos
2023,REGION II - CAGAYAN VALLEY,Ninth Decile,Average Savings,133.37,thousand_pesos
2023,REGION II - CAGAYAN VALLEY,Second Decile,Average Expenditure,142.37,thousand_pesos
2023,REGION II - CAGAYAN VALLEY,Second Decile,Average Income,173.51,thousand_pesos
2023,REGION II - CAGAYAN VALLEY,Second Decile,Average Savings,31.14,thousand_pesos
2023,REGION II - CAGAYAN VALLEY,Seventh Decile,Average Expenditure,185.15,thousand_pesos
2023,REGION II - CAGAYAN VALLEY,Seventh Decile,Average Income,258.23,thousand_pesos
2023,REGION II - CAGAYAN VALLEY,Seventh Decile,Average Savings,73.08,thousand_pesos
2023,REGION II - CAGAYAN VALLEY,Sixth Decile,Average Expenditure,170.95,thousand_pesos
2023,REGION II - CAGAYAN VALLEY,Sixth Decile,Average Income,236.05,thousand_pesos
2023,REGION II - CAGAYAN VALLEY,Sixth Decile,Average Savings,65.1,thousand_pesos
2023,REGION II - CAGAYAN VALLEY,Tenth Decile,Average Expenditure,371.09,thousand_pesos
2023,REGION II - CAGAYAN VALLEY,Tenth Decile,Average Income,675.54,thousand_pesos
2023,REGION II - CAGAYAN VALLEY,Tenth Decile,Average Savings,304.45,thousand_pesos
2023,REGION II - CAGAYAN VALLEY,Third Decile,Average Expenditure,146.94,thousand_pesos
2023,REGION II - CAGAYAN VALLEY,Third Decile,Average Income,185.14,thousand_pesos
2023,REGION II - CAGAYAN VALLEY,Third Decile,Average Savings,38.21,thousand_pesos
2023,REGION III - CENTRAL LUZON,All Income Groups,Average Expenditure,266.22,thousand_pesos
2023,REGION III - CENTRAL LUZON,All Income Groups,Average Income,334.44,thousand_pesos
2023,REGION III - CENTRAL LUZON,All Income Groups,Average Savings,68.21,thousand_pesos
2023,REGION III - CENTRAL LUZON,Eighth Decile,Average Expenditure,297.76,thousand_pesos
2023,REGION III - CENTRAL LUZON,Eighth Decile,Average Income,382.19,thousand_pesos
2023,REGION III - CENTRAL LUZON,Eighth Decile,Average Savings,84.43,thousand_pesos
2023,REGION III - CENTRAL LUZON,Fifth Decile,Average Expenditure,244.73,thousand_pesos
2023,REGION III - CENTRAL LUZON,Fifth Decile,Average Income,292.48,thousand_pesos
2023,REGION III - CENTRAL LUZON,Fifth Decile,Average Savings,47.75,thousand_pesos
2023,REGION III - CENTRAL LUZON,First Decile,Average Expenditure,168.43,thousand_pesos
2023,REGION III - CENTRAL LUZON,First Decile,Average Income,178.12,thousand_pesos
2023,REGION III - CENTRAL LUZON,First Decile,Average Savings,9.69,thousand_pesos
2023,REGION III - CENTRAL LUZON,Fourth Decile,Average Expenditure,231.83,thousand_pesos
2023,REGION III - CENTRAL LUZON,Fourth Decile,Average Income,273.58,thousand_pesos
2023,REGION III - CENTRAL LUZON,Fourth Decile,Average Savings,41.75,thousand_pesos
2023,REGION III - CENTRAL LUZON,Ninth Decile,Average Expenditure,331.41,thousand_pesos
2023,REGION III - CENTRAL LUZON,Ninth Decile,Average Income,438.06,thousand_pesos
2023,REGION III - CENTRAL LUZON,Ninth Decile,Average Savings,106.66,thousand_pesos
2023,REGION III - CENTRAL LUZON,Second Decile,Average Expenditure,198.89,thousand_pesos
2023,REGION III - CENTRAL LUZON,Second Decile,Average Income,223.38,thousand_pesos
2023,REGION III - CENTRAL LUZON,Second Decile,Average Savings,24.5,thousand_pesos
2023,REGION III - CENTRAL LUZON,Seventh Decile,Average Expenditure,278.16,thousand_pesos
2023,REGION III - CENTRAL LUZON,Seventh Decile,Average Income,349.99,thousand_pesos
2023,REGION III - CENTRAL LUZON,Seventh Decile,Average Savings,71.84,thousand_pesos
2023,REGION III - CENTRAL LUZON,Sixth Decile,Average Expenditure,262.12,thousand_pesos
2023,REGION III - CENTRAL LUZON,Sixth Decile,Average Income,319.55,thousand_pesos
2023,REGION III - CENTRAL LUZON,Sixth Decile,Average Savings,57.43,thousand_pesos
2023,REGION III - CENTRAL LUZON,Tenth Decile,Average Expenditure,429.96,thousand_pesos
2023,REGION III - CENTRAL LUZON,Tenth Decile,Average Income,634.18,thousand_pesos
2023,REGION III - CENTRAL LUZON,Tenth Decile,Average Savings,204.21,thousand_pesos
2023,REGION III - CENTRAL LUZON,Third Decile,Average Expenditure,218.79,thousand_pesos
2023,REGION III - CENTRAL LUZON,Third Decile,Average Income,252.57,thousand_pesos
2023,REGION III - CENTRAL LUZON,Third Decile,Average Savings,33.79,thousand_pesos
2023,REGION IVA - CALABARZON,All Income Groups,Average Expenditure,276.58,thousand_pesos
2023,REGION IVA - CALABARZON,All Income Groups,Average Income,380.15,thousand_pesos
2023,REGION IVA - CALABARZON,All Income Groups,Average Savings,103.58,thousand_pesos
2023,REGION IVA - CALABARZON,Eighth Decile,Average Expenditure,314.87,thousand_pesos
2023,REGION IVA - CALABARZON,Eighth Decile,Average Income,435.45,thousand_pesos
2023,REGION IVA - CALABARZON,Eighth Decile,Average Savings,120.58,thousand_pesos
2023,REGION IVA - CALABARZON,Fifth Decile,Average Expenditure,238.12,thousand_pesos
2023,REGION IVA - CALABARZON,Fifth Decile,Average Income,304.64,thousand_pesos
2023,REGION IVA - CALABARZON,Fifth Decile,Average Savings,66.53,thousand_pesos
2023,REGION IVA - CALABARZON,First Decile,Average Expenditure,152.6,thousand_pesos
2023,REGION IVA - CALABARZON,First Decile,Average Income,167.04,thousand_pesos
2023,REGION IVA - CALABARZON,First Decile,Average Savings,14.44,thousand_pesos
2023,REGION IVA - CALABARZON,Fourth Decile,Average Expenditure,218.12,thousand_pesos
2023,REGION IVA - CALABARZON,Fourth Decile,Average Income,272.55,thousand_pesos
2023,REGION IVA - CALABARZON,Fourth Decile,Average Savings,54.43,thousand_pesos
2023,REGION IVA - CALABARZON,Ninth Decile,Average Expenditure,364.65,thousand_pesos
2023,REGION IVA - CALABARZON,Ninth Decile,Average Income,530.82,thousand_pesos
2023,REGION IVA - CALABARZON,Ninth Decile,Average Savings,166.17,thousand_pesos
2023,REGION IVA - CALABARZON,Second Decile,Average Expenditure,178.86,thousand_pesos
2023,REGION IVA - CALABARZON,Second Decile,Average Income,208.52,thousand_pesos
2023,REGION IVA - CALABARZON,Second Decile,Average Savings,29.66,thousand_pesos
2023,REGION IVA - CALABARZON,Seventh Decile,Average Expenditure,292.1,thousand_pesos
2023,REGION IVA - CALABARZON,Seventh Decile,Average Income,393.62,thousand_pesos
2023,REGION IVA - CALABARZON,Seventh Decile,Average Savings,101.52,thousand_pesos
2023,REGION IVA - CALABARZON,Sixth Decile,Average Expenditure,257.51,thousand_pesos
2023,REGION IVA - CALABARZON,Sixth Decile,Average Income,336.98,thousand_pesos
2023,REGION IVA - CALABARZON,Sixth Decile,Average Savings,79.48,thousand_pesos
2023,REGION IVA - CALABARZON,Tenth Decile,Average Expenditure,545.48,thousand_pesos
2023,REGION IVA - CALABARZON,Tenth Decile,Average Income,908.36,thousand_pesos
2023,REGION IVA - CALABARZON,Tenth Decile,Average Savings,362.89,thousand_pesos
2023,REGION IVA - CALABARZON,Third Decile,Average Expenditure,203.05,thousand_pesos
2023,REGION IVA - CALABARZON,Third Decile,Average Income,242.76,thousand_pesos
2023,REGION IVA - CALABARZON,Third Decile,Average Savings,39.71,thousand_pesos
2023,REGION IX - ZAMBOANGA PENINSULA,All Income Groups,Average Expenditure,179.08,thousand_pesos
2023,REGION IX - ZAMBOANGA PENINSULA,All Income Groups,Average Income,229.18,thousand_pesos
2023,REGION IX - ZAMBOANGA PENINSULA,All Income Groups,Average Savings,50.09,thousand_pesos
2023,REGION IX - ZAMBOANGA PENINSULA,Eighth Decile,Average Expenditure,191.09,thousand_pesos
2023,REGION IX - ZAMBOANGA PENINSULA,Eighth Decile,Average Income,234.78,thousand_pesos
2023,REGION IX - ZAMBOANGA PENINSULA,Eighth Decile,Average Savings,43.69,thousand_pesos
2023,REGION IX - ZAMBOANGA PENINSULA,Fifth Decile,Average Expenditure,142.35,thousand_pesos
2023,REGION IX - ZAMBOANGA PENINSULA,Fifth Decile,Average Income,171.32,thousand_pesos
2023,REGION IX - ZAMBOANGA PENINSULA,Fifth Decile,Average Savings,28.97,thousand_pesos
2023,REGION IX - ZAMBOANGA PENINSULA,First Decile,Average Expenditure,95.4,thousand_pesos
2023,REGION IX - ZAMBOANGA PENINSULA,First Decile,Average Income,104.61,thousand_pesos
2023,REGION IX - ZAMBOANGA PENINSULA,First Decile,Average Savings,9.21,thousand_pesos
2023,REGION IX - ZAMBOANGA PENINSULA,Fourth Decile,Average Expenditure,129.07,thousand_pesos
2023,REGION IX - ZAMBOANGA PENINSULA,Fourth Decile,Average Income,154.3,thousand_pesos
2023,REGION IX - ZAMBOANGA PENINSULA,Fourth Decile,Average Savings,25.23,thousand_pesos
2023,REGION IX - ZAMBOANGA PENINSULA,Ninth Decile,Average Expenditure,233.43,thousand_pesos
2023,REGION IX - ZAMBOANGA PENINSULA,Ninth Decile,Average Income,301.37,thousand_pesos
2023,REGION IX - ZAMBOANGA PENINSULA,Ninth Decile,Average Savings,67.94,thousand_pesos
2023,REGION IX - ZAMBOANGA PENINSULA,Second Decile,Average Expenditure,111.34,thousand_pesos
2023,REGION IX - ZAMBOANGA PENINSULA,Second Decile,Average Income,127.7,thousand_pesos
2023,REGION IX - ZAMBOANGA PENINSULA,Second Decile,Average Savings,16.36,thousand_pesos
2023,REGION IX - ZAMBOANGA PENINSULA,Seventh Decile,Average Expenditure,171.25,thousand_pesos
2023,REGION IX - ZAMBOANGA PENINSULA,Seventh Decile,Average Income,207.59,thousand_pesos
2023,REGION IX - ZAMBOANGA PENINSULA,Seventh Decile,Average Savings,36.34,thousand_pesos
2023,REGION IX - ZAMBOANGA PENINSULA,Sixth Decile,Average Expenditure,152.87,thousand_pesos
2023,REGION IX - ZAMBOANGA PENINSULA,Sixth Decile,Average Income,186.89,thousand_pesos
2023,REGION IX - ZAMBOANGA PENINSULA,Sixth Decile,Average Savings,34.01,thousand_pesos
2023,REGION IX - ZAMBOANGA PENINSULA,Tenth Decile,Average Expenditure,441.16,thousand_pesos
2023,REGION IX - ZAMBOANGA PENINSULA,Tenth Decile,Average Income,659.23,thousand_pesos
2023,REGION IX - ZAMBOANGA PENINSULA,Tenth Decile,Average Savings,218.07,thousand_pesos
2023,REGION IX - ZAMBOANGA PENINSULA,Third Decile,Average Expenditure,122.59,thousand_pesos
2023,REGION IX - ZAMBOANGA PENINSULA,Third Decile,Average Income,143.48,thousand_pesos
2023,REGION IX - ZAMBOANGA PENINSULA,Third Decile,Average Savings,20.89,thousand_pesos
2023,REGION V - BICOL REGION,All Income Groups,Average Expenditure,180.59,thousand_pesos
2023,REGION V - BICOL REGION,All Income Groups,Average Income,256.22,thousand_pesos
2023,REGION V - BICOL REGION,All Income Groups,Average Savings,75.62,thousand_pesos
2023,REGION V - BICOL REGION,Eighth Decile,Average Expenditure,186.47,thousand_pesos
2023,REGION V - BICOL REGION,Eighth Decile,Average Income,256.78,thousand_pesos
2023,REGION V - BICOL REGION,Eighth Decile,Average Savings,70.3,thousand_pesos
2023,REGION V - BICOL REGION,Fifth Decile,Average Expenditure,141.1,thousand_pesos
2023,REGION V - BICOL REGION,Fifth Decile,Average Income,181.68,thousand_pesos
2023,REGION V - BICOL REGION,Fifth Decile,Average Savings,40.58,thousand_pesos
2023,REGION V - BICOL REGION,First Decile,Average Expenditure,106.89,thousand_pesos
2023,REGION V - BICOL REGION,First Decile,Average Income,126.74,thousand_pesos
2023,REGION V - BICOL REGION,First Decile,Average Savings,19.85,thousand_pesos
2023,REGION V - BICOL REGION,Fourth Decile,Average Expenditure,137.49,thousand_pesos
2023,REGION V - BICOL REGION,Fourth Decile,Average Income,176.28,thousand_pesos
2023,REGION V - BICOL REGION,Fourth Decile,Average Savings,38.79,thousand_pesos
2023,REGION V - BICOL REGION,Ninth Decile,Average Expenditure,241.75,thousand_pesos
2023,REGION V - BICOL REGION,Ninth Decile,Average Income,348.58,thousand_pesos
2023,REGION V - BICOL REGION,Ninth Decile,Average Savings,106.83,thousand_pesos
2023,REGION V - BICOL REGION,Second Decile,Average Expenditure,120.53,thousand_pesos
2023,REGION V - BICOL REGION,Second Decile,Average Income,147.01,thousand_pesos
2023,REGION V - BICOL REGION,Second Decile,Average Savings,26.48,thousand_pesos
2023,REGION V - BICOL REGION,Seventh Decile,Average Expenditure,164.49,thousand_pesos
2023,REGION V - BICOL REGION,Seventh Decile,Average Income,217.46,thousand_pesos
2023,REGION V - BICOL REGION,Seventh Decile,Average Savings,52.96,thousand_pesos
2023,REGION V - BICOL REGION,Sixth Decile,Average Expenditure,149.28,thousand_pesos
2023,REGION V - BICOL REGION,Sixth Decile,Average Income,198.44,thousand_pesos
2023,REGION V - BICOL REGION,Sixth Decile,Average Savings,49.15,thousand_pesos
2023,REGION V - BICOL REGION,Tenth Decile,Average Expenditure,429.34,thousand_pesos
2023,REGION V - BICOL REGION,Tenth Decile,Average Income,748.36,thousand_pesos
2023,REGION V - BICOL REGION,Tenth Decile,Average Savings,319.02,thousand_pesos
2023,REGION V - BICOL REGION,Third Decile,Average Expenditure,128.4,thousand_pesos
2023,REGION V - BICOL REGION,Third Decile,Average Income,160.53,thousand_pesos
2023,REGION V - BICOL REGION,Third Decile,Average Savings,32.13,thousand_pesos
2023,REGION VI - WESTERN VISAYAS,All Income Groups,Average Expenditure,204.76,thousand_pesos
2023,REGION VI - WESTERN VISAYAS,All Income Groups,Average Income,285.41,thousand_pesos
2023,REGION VI - WESTERN VISAYAS,All Income Groups,Average Savings,80.65,thousand_pesos
2023,REGION VI - WESTERN VISAYAS,Eighth Decile,Average Expenditure,218.48,thousand_pesos
2023,REGION VI - WESTERN VISAYAS,Eighth Decile,Average Income,300.15,thousand_pesos
2023,REGION VI - WESTERN VISAYAS,Eighth Decile,Average Savings,81.67,thousand_pesos
2023,REGION VI - WESTERN VISAYAS,Fifth Decile,Average Expenditure,170.08,thousand_pesos
2023,REGION VI - WESTERN VISAYAS,Fifth Decile,Average Income,215.4,thousand_pesos
2023,REGION VI - WESTERN VISAYAS,Fifth Decile,Average Savings,45.32,thousand_pesos
2023,REGION VI - WESTERN VISAYAS,First Decile,Average Expenditure,124.45,thousand_pesos
2023,REGION VI - WESTERN VISAYAS,First Decile,Average Income,133.47,thousand_pesos
2023,REGION VI - WESTERN VISAYAS,First Decile,Average Savings,9.01,thousand_pesos
2023,REGION VI - WESTERN VISAYAS,Fourth Decile,Average Expenditure,162.18,thousand_pesos
2023,REGION VI - WESTERN VISAYAS,Fourth Decile,Average Income,198.3,thousand_pesos
2023,REGION VI - WESTERN VISAYAS,Fourth Decile,Average Savings,36.12,thousand_pesos
2023,REGION VI - WESTERN VISAYAS,Ninth Decile,Average Expenditure,284.25,thousand_pesos
2023,REGION VI - WESTERN VISAYAS,Ninth Decile,Average Income,414.19,thousand_pesos
2023,REGION VI - WESTERN VISAYAS,Ninth Decile,Average Savings,129.94,thousand_pesos
2023,REGION VI - WESTERN VISAYAS,Second Decile,Average Expenditure,133.81,thousand_pesos
2023,REGION VI - WESTERN VISAYAS,Second Decile,Average Income,154.74,thousand_pesos
2023,REGION VI - WESTERN VISAYAS,Second Decile,Average Savings,20.93,thousand_pesos
2023,REGION VI - WESTERN VISAYAS,Seventh Decile,Average Expenditure,193.79,thousand_pesos
2023,REGION VI - WESTERN VISAYAS,Seventh Decile,Average Income,262.22,thousand_pesos
2023,REGION VI - WESTERN VISAYAS,Seventh Decile,Average Savings,68.43,thousand_pesos
2023,REGION VI - WESTERN VISAYAS,Sixth Decile,Average Expenditure,175.24,thousand_pesos
2023,REGION VI - WESTERN VISAYAS,Sixth Decile,Average Income,228.56,thousand_pesos
2023,REGION VI - WESTERN VISAYAS,Sixth Decile,Average Savings,53.32,thousand_pesos
2023,REGION VI - WESTERN VISAYAS,Tenth Decile,Average Expenditure,435.83,thousand_pesos
2023,REGION VI - WESTERN VISAYAS,Tenth Decile,Average Income,767.59,thousand_pesos
2023,REGION VI - WESTERN VISAYAS,Tenth Decile,Average Savings,331.76,thousand_pesos
2023,REGION VI - WESTERN VISAYAS,Third Decile,Average Expenditure,148.71,thousand_pesos
2023,REGION VI - WESTERN VISAYAS,Third Decile,Average Income,177.93,thousand_pesos
2023,REGION VI - WESTERN VISAYAS,Third Decile,Average Savings,29.22,thousand_pesos
2023,REGION VII - CENTRAL VISAYAS,All Income Groups,Average Expenditure,194.32,thousand_pesos
2023,REGION VII - CENTRAL VISAYAS,All Income Groups,Average Income,291.39,thousand_pesos
2023,REGION VII - CENTRAL VISAYAS,All Income Groups,Average Savings,97.06,thousand_pesos
2023,REGION VII - CENTRAL VISAYAS,Eighth Decile,Average Expenditure,224.02,thousand_pesos
2023,REGION VII - CENTRAL VISAYAS,Eighth Decile,Average Income,344.08,thousand_pesos
2023,REGION VII - CENTRAL VISAYAS,Eighth Decile,Average Savings,120.05,thousand_pesos
2023,REGION VII - CENTRAL VISAYAS,Fifth Decile,Average Expenditure,167.69,thousand_pesos
2023,REGION VII - CENTRAL VISAYAS,Fifth Decile,Average Income,240.61,thousand_pesos
2023,REGION VII - CENTRAL VISAYAS,Fifth Decile,Average Savings,72.92,thousand_pesos
2023,REGION VII - CENTRAL VISAYAS,First Decile,Average Expenditure,111.67,thousand_pesos
2023,REGION VII - CENTRAL VISAYAS,First Decile,Average Income,131.67,thousand_pesos
2023,REGION VII - CENTRAL VISAYAS,First Decile,Average Savings,20.0,thousand_pesos
2023,REGION VII - CENTRAL VISAYAS,Fourth Decile,Average Expenditure,151.28,thousand_pesos
2023,REGION VII - CENTRAL VISAYAS,Fourth Decile,Average Income,213.35,thousand_pesos
2023,REGION VII - CENTRAL VISAYAS,Fourth Decile,Average Savings,62.07,thousand_pesos
2023,REGION VII - CENTRAL VISAYAS,Ninth Decile,Average Expenditure,257.24,thousand_pesos
2023,REGION VII - CENTRAL VISAYAS,Ninth Decile,Average Income,399.35,thousand_pesos
2023,REGION VII - CENTRAL VISAYAS,Ninth Decile,Average Savings,142.11,thousand_pesos
2023,REGION VII - CENTRAL VISAYAS,Second Decile,Average Expenditure,127.19,thousand_pesos
2023,REGION VII - CENTRAL VISAYAS,Second Decile,Average Income,169.78,thousand_pesos
2023,REGION VII - CENTRAL VISAYAS,Second Decile,Average Savings,42.59,thousand_pesos
2023,REGION VII - CENTRAL VISAYAS,Seventh Decile,Average Expenditure,191.72,thousand_pesos
2023,REGION VII - CENTRAL VISAYAS,Seventh Decile,Average Income,289.35,thousand_pesos
2023,REGION VII - CENTRAL VISAYAS,Seventh Decile,Average Savings,97.63,thousand_pesos
2023,REGION VII - CENTRAL VISAYAS,Sixth Decile,Average Expenditure,174.8,thousand_pesos
2023,REGION VII - CENTRAL VISAYAS,Sixth Decile,Average Income,259.69,thousand_pesos
2023,REGION VII - CENTRAL VISAYAS,Sixth Decile,Average Savings,84.89,thousand_pesos
2023,REGION VII - CENTRAL VISAYAS,Tenth Decile,Average Expenditure,401.42,thousand_pesos
2023,REGION VII - CENTRAL VISAYAS,Tenth Decile,Average Income,681.93,thousand_pesos
2023,REGION VII - CENTRAL VISAYAS,Tenth Decile,Average Savings,280.51,thousand_pesos
2023,REGION VII - CENTRAL VISAYAS,Third Decile,Average Expenditure,135.96,thousand_pesos
2023,REGION VII - CENTRAL VISAYAS,Third Decile,Average Income,183.61,thousand_pesos
2023,REGION VII - CENTRAL VISAYAS,Third Decile,Average Savings,47.65,thousand_pesos
2023,REGION VIII - EASTERN VISAYAS,All Income Groups,Average Expenditure,178.17,thousand_pesos
2023,REGION VIII - EASTERN VISAYAS,All Income Groups,Average Income,238.26,thousand_pesos
2023,REGION VIII - EASTERN VISAYAS,All Income Groups,Average Savings,60.09,thousand_pesos
2023,REGION VIII - EASTERN VISAYAS,Eighth Decile,Average Expenditure,179.24,thousand_pesos
2023,REGION VIII - EASTERN VISAYAS,Eighth Decile,Average Income,238.37,thousand_pesos
2023,REGION VIII - EASTERN VISAYAS,Eighth Decile,Average Savings,59.13,thousand_pesos
2023,REGION VIII - EASTERN VISAYAS,Fifth Decile,Average Expenditure,142.48,thousand_pesos
2023,REGION VIII - EASTERN VISAYAS,Fifth Decile,Average Income,175.27,thousand_pesos
2023,REGION VIII - EASTERN VISAYAS,Fifth Decile,Average Savings,32.79,thousand_pesos
2023,REGION VIII - EASTERN VISAYAS,First Decile,Average Expenditure,103.76,thousand_pesos
2023,REGION VIII - EASTERN VISAYAS,First Decile,Average Income,114.3,thousand_pesos
2023,REGION VIII - EASTERN VISAYAS,First Decile,Average Savings,10.54,thousand_pesos
2023,REGION VIII - EASTERN VISAYAS,Fourth Decile,Average Expenditure,131.9,thousand_pesos
2023,REGION VIII - EASTERN VISAYAS,Fourth Decile,Average Income,160.84,thousand_pesos
2023,REGION VIII - EASTERN VISAYAS,Fourth Decile,Average Savings,28.94,thousand_pesos
2023,REGION VIII - EASTERN VISAYAS,Ninth Decile,Average Expenditure,242.57,thousand_pesos
2023,REGION VIII - EASTERN VISAYAS,Ninth Decile,Average Income,343.29,thousand_pesos
2023,REGION VIII - EASTERN VISAYAS,Ninth Decile,Average Savings,100.72,thousand_pesos
2023,REGION VIII - EASTERN VISAYAS,Second Decile,Average Expenditure,119.34,thousand_pesos
2023,REGION VIII - EASTERN VISAYAS,Second Decile,Average Income,136.27,thousand_pesos
2023,REGION VIII - EASTERN VISAYAS,Second Decile,Average Savings,16.93,thousand_pesos
2023,REGION VIII - EASTERN VISAYAS,Seventh Decile,Average Expenditure,158.83,thousand_pesos
2023,REGION VIII - EASTERN VISAYAS,Seventh Decile,Average Income,205.32,thousand_pesos
2023,REGION VIII - EASTERN VISAYAS,Seventh Decile,Average Savings,46.49,thousand_pesos
2023,REGION VIII - EASTERN VISAYAS,Sixth Decile,Average Expenditure,149.04,thousand_pesos
2023,REGION VIII - EASTERN VISAYAS,Sixth Decile,Average Income,188.63,thousand_pesos
2023,REGION VIII - EASTERN VISAYAS,Sixth Decile,Average Savings,39.59,thousand_pesos
2023,REGION VIII - EASTERN VISAYAS,Tenth Decile,Average Expenditure,426.33,thousand_pesos
2023,REGION VIII - EASTERN VISAYAS,Tenth Decile,Average Income,669.41,thousand_pesos
2023,REGION VIII - EASTERN VISAYAS,Tenth Decile,Average Savings,243.07,thousand_pesos
2023,REGION VIII - EASTERN VISAYAS,Third Decile,Average Expenditure,128.0,thousand_pesos
2023,REGION VIII - EASTERN VISAYAS,Third Decile,Average Income,150.57,thousand_pesos
2023,REGION VIII - EASTERN VISAYAS,Third Decile,Average Savings,22.56,thousand_pesos
2023,REGION X - NORTHERN MINDANAO,All Income Groups,Average Expenditure,147.39,thousand_pesos
2023,REGION X - NORTHERN MINDANAO,All Income Groups,Average Income,206.37,thousand_pesos
2023,REGION X - NORTHERN MINDANAO,All Income Groups,Average Savings,58.99,thousand_pesos
2023,REGION X - NORTHERN MINDANAO,Eighth Decile,Average Expenditure,146.38,thousand_pesos
2023,REGION X - NORTHERN MINDANAO,Eighth Decile,Average Income,195.23,thousand_pesos
2023,REGION X - NORTHERN MINDANAO,Eighth Decile,Average Savings,48.85,thousand_pesos
2023,REGION X - NORTHERN MINDANAO,Fifth Decile,Average Expenditure,109.35,thousand_pesos
2023,REGION X - NORTHERN MINDANAO,Fifth Decile,Average Income,138.15,thousand_pesos
2023,REGION X - NORTHERN MINDANAO,Fifth Decile,Average Savings,28.79,thousand_pesos
2023,REGION X - NORTHERN MINDANAO,First Decile,Average Expenditure,78.67,thousand_pesos
2023,REGION X - NORTHERN MINDANAO,First Decile,Average Income,80.93,thousand_pesos
2023,REGION X - NORTHERN MINDANAO,First Decile,Average Savings,2.26,thousand_pesos
2023,REGION X - NORTHERN MINDANAO,Fourth Decile,Average Expenditure,102.1,thousand_pesos
2023,REGION X - NORTHERN MINDANAO,Fourth Decile,Average Income,122.07,thousand_pesos
2023,REGION X - NORTHERN MINDANAO,Fourth Decile,Average Savings,19.97,thousand_pesos
2023,REGION X - NORTHERN MINDANAO,Ninth Decile,Average Expenditure,202.22,thousand_pesos
2023,REGION X - NORTHERN MINDANAO,Ninth Decile,Average Income,297.99,thousand_pesos
2023,REGION X - NORTHERN MINDANAO,Ninth Decile,Average Savings,95.78,thousand_pesos
2023,REGION X - NORTHERN MINDANAO,Second Decile,Average Expenditure,94.52,thousand_pesos
2023,REGION X - NORTHERN MINDANAO,Second Decile,Average Income,106.83,thousand_pesos
2023,REGION X - NORTHERN MINDANAO,Second Decile,Average Savings,12.31,thousand_pesos
2023,REGION X - NORTHERN MINDANAO,Seventh Decile,Average Expenditure,127.06,thousand_pesos
2023,REGION X - NORTHERN MINDANAO,Seventh Decile,Average Income,165.33,thousand_pesos
2023,REGION X - NORTHERN MINDANAO,Seventh Decile,Average Savings,38.27,thousand_pesos
2023,REGION X - NORTHERN MINDANAO,Sixth Decile,Average Expenditure,122.14,thousand_pesos
2023,REGION X - NORTHERN MINDANAO,Sixth Decile,Average Income,155.44,thousand_pesos
2023,REGION X - NORTHERN MINDANAO,Sixth Decile,Average Savings,33.31,thousand_pesos
2023,REGION X - NORTHERN MINDANAO,Tenth Decile,Average Expenditure,384.44,thousand_pesos
2023,REGION X - NORTHERN MINDANAO,Tenth Decile,Average Income,678.0,thousand_pesos
2023,REGION X - NORTHERN MINDANAO,Tenth Decile,Average Savings,293.56,thousand_pesos
2023,REGION X - NORTHERN MINDANAO,Third Decile,Average Expenditure,105.57,thousand_pesos
2023,REGION X - NORTHERN MINDANAO,Third Decile,Average Income,120.93,thousand_pesos
2023,REGION X - NORTHERN MINDANAO,Third Decile,Average Savings,15.36,thousand_pesos
2023,REGION XI - DAVAO REGION,All Income Groups,Average Expenditure,182.11,thousand_pesos
2023,REGION XI - DAVAO REGION,All Income Groups,Average Income,284.27,thousand_pesos
2023,REGION XI - DAVAO REGION,All Income Groups,Average Savings,102.16,thousand_pesos
2023,REGION XI - DAVAO REGION,Eighth Decile,Average Expenditure,201.62,thousand_pesos
2023,REGION XI - DAVAO REGION,Eighth Decile,Average Income,307.6,thousand_pesos
2023,REGION XI - DAVAO REGION,Eighth Decile,Average Savings,105.97,thousand_pesos
2023,REGION XI - DAVAO REGION,Fifth Decile,Average Expenditure,149.69,thousand_pesos
2023,REGION XI - DAVAO REGION,Fifth Decile,Average Income,209.31,thousand_pesos
2023,REGION XI - DAVAO REGION,Fifth Decile,Average Savings,59.62,thousand_pesos
2023,REGION XI - DAVAO REGION,First Decile,Average Expenditure,98.98,thousand_pesos
2023,REGION XI - DAVAO REGION,First Decile,Average Income,120.79,thousand_pesos
2023,REGION XI - DAVAO REGION,First Decile,Average Savings,21.81,thousand_pesos
2023,REGION XI - DAVAO REGION,Fourth Decile,Average Expenditure,137.32,thousand_pesos
2023,REGION XI - DAVAO REGION,Fourth Decile,Average Income,183.4,thousand_pesos
2023,REGION XI - DAVAO REGION,Fourth Decile,Average Savings,46.08,thousand_pesos
2023,REGION XI - DAVAO REGION,Ninth Decile,Average Expenditure,249.35,thousand_pesos
2023,REGION XI - DAVAO REGION,Ninth Decile,Average Income,403.98,thousand_pesos
2023,REGION XI - DAVAO REGION,Ninth Decile,Average Savings,154.63,thousand_pesos
2023,REGION XI - DAVAO REGION,Second Decile,Average Expenditure,118.71,thousand_pesos
2023,REGION XI - DAVAO REGION,Second Decile,Average Income,151.57,thousand_pesos
2023,REGION XI - DAVAO REGION,Second Decile,Average Savings,32.86,thousand_pesos
2023,REGION XI - DAVAO REGION,Seventh Decile,Average Expenditure,175.96,thousand_pesos
2023,REGION XI - DAVAO REGION,Seventh Decile,Average Income,259.53,thousand_pesos
2023,REGION XI - DAVAO REGION,Seventh Decile,Average Savings,83.57,thousand_pesos
2023,REGION XI - DAVAO REGION,Sixth Decile,Average Expenditure,159.23,thousand_pesos
2023,REGION XI - DAVAO REGION,Sixth Decile,Average Income,229.1,thousand_pesos
2023,REGION XI - DAVAO REGION,Sixth Decile,Average Savings,69.87,thousand_pesos
2023,REGION XI - DAVAO REGION,Tenth Decile,Average Expenditure,403.66,thousand_pesos
2023,REGION XI - DAVAO REGION,Tenth Decile,Average Income,812.79,thousand_pesos
2023,REGION XI - DAVAO REGION,Tenth Decile,Average Savings,409.13,thousand_pesos
2023,REGION XI - DAVAO REGION,Third Decile,Average Expenditure,126.38,thousand_pesos
2023,REGION XI - DAVAO REGION,Third Decile,Average Income,164.14,thousand_pesos
2023,REGION XI - DAVAO REGION,Third Decile,Average Savings,37.77,thousand_pesos
2023,REGION XII - SOCCSKSARGEN2/,All Income Groups,Average Expenditure,180.34,thousand_pesos
2023,REGION XII - SOCCSKSARGEN2/,All Income Groups,Average Income,251.72,thousand_pesos
2023,REGION XII - SOCCSKSARGEN2/,All Income Groups,Average Savings,71.39,thousand_pesos
2023,REGION XII - SOCCSKSARGEN2/,Eighth Decile,Average Expenditure,197.88,thousand_pesos
2023,REGION XII - SOCCSKSARGEN2/,Eighth Decile,Average Income,258.29,thousand_pesos
2023,REGION XII - SOCCSKSARGEN2/,Eighth Decile,Average Savings,60.41,thousand_pesos
2023,REGION XII - SOCCSKSARGEN2/,Fifth Decile,Average Expenditure,144.6,thousand_pesos
2023,REGION XII - SOCCSKSARGEN2/,Fifth Decile,Average Income,174.75,thousand_pesos
2023,REGION XII - SOCCSKSARGEN2/,Fifth Decile,Average Savings,30.15,thousand_pesos
2023,REGION XII - SOCCSKSARGEN2/,First Decile,Average Expenditure,99.76,thousand_pesos
2023,REGION XII - SOCCSKSARGEN2/,First Decile,Average Income,100.43,thousand_pesos
2023,REGION XII - SOCCSKSARGEN2/,First Decile,Average Savings,0.67,thousand_pesos
2023,REGION XII - SOCCSKSARGEN2/,Fourth Decile,Average Expenditure,133.96,thousand_pesos
2023,REGION XII - SOCCSKSARGEN2/,Fourth Decile,Average Income,156.63,thousand_pesos
2023,REGION XII - SOCCSKSARGEN2/,Fourth Decile,Average Savings,22.67,thousand_pesos
2023,REGION XII - SOCCSKSARGEN2/,Ninth Decile,Average Expenditure,223.53,thousand_pesos
2023,REGION XII - SOCCSKSARGEN2/,Ninth Decile,Average Income,317.2,thousand_pesos
2023,REGION XII - SOCCSKSARGEN2/,Ninth Decile,Average Savings,93.67,thousand_pesos
2023,REGION XII - SOCCSKSARGEN2/,Second Decile,Average Expenditure,114.87,thousand_pesos
2023,REGION XII - SOCCSKSARGEN2/,Second Decile,Average Income,124.49,thousand_pesos
2023,REGION XII - SOCCSKSARGEN2/,Second Decile,Average Savings,9.62,thousand_pesos
2023,REGION XII - SOCCSKSARGEN2/,Seventh Decile,Average Expenditure,174.09,thousand_pesos
2023,REGION XII - SOCCSKSARGEN2/,Seventh Decile,Average Income,224.75,thousand_pesos
2023,REGION XII - SOCCSKSARGEN2/,Seventh Decile,Average Savings,50.67,thousand_pesos
2023,REGION XII - SOCCSKSARGEN2/,Sixth Decile,Average Expenditure,154.99,thousand_pesos
2023,REGION XII - SOCCSKSARGEN2/,Sixth Decile,Average Income,192.16,thousand_pesos
2023,REGION XII - SOCCSKSARGEN2/,Sixth Decile,Average Savings,37.17,thousand_pesos
2023,REGION XII - SOCCSKSARGEN2/,Tenth Decile,Average Expenditure,426.26,thousand_pesos
2023,REGION XII - SOCCSKSARGEN2/,Tenth Decile,Average Income,808.03,thousand_pesos
2023,REGION XII - SOCCSKSARGEN2/,Tenth Decile,Average Savings,381.77,thousand_pesos
2023,REGION XII - SOCCSKSARGEN2/,Third Decile,Average Expenditure,125.43,thousand_pesos
2023,REGION XII - SOCCSKSARGEN2/,Third Decile,Average Income,143.37,thousand_pesos
2023,REGION XII - SOCCSKSARGEN2/,Third Decile,Average Savings,17.94,thousand_pesos
2023,RIZAL,All Income Groups,Average Expenditure,329.2,thousand_pesos
2023,RIZAL,All Income Groups,Average Income,451.03,thousand_pesos
2023,RIZAL,All Income Groups,Average Savings,121.82,thousand_pesos
2023,RIZAL,Eighth Decile,Average Expenditure,373.32,thousand_pesos
2023,RIZAL,Eighth Decile,Average Income,509.05,thousand_pesos
2023,RIZAL,Eighth Decile,Average Savings,135.73,thousand_pesos
2023,RIZAL,Fifth Decile,Average Expenditure,259.33,thousand_pesos
2023,RIZAL,Fifth Decile,Average Income,322.71,thousand_pesos
2023,RIZAL,Fifth Decile,Average Savings,63.38,thousand_pesos
2023,RIZAL,First Decile,Average Expenditure,173.62,thousand_pesos
2023,RIZAL,First Decile,Average Income,193.44,thousand_pesos
2023,RIZAL,First Decile,Average Savings,19.82,thousand_pesos
2023,RIZAL,Fourth Decile,Average Expenditure,251.4,thousand_pesos
2023,RIZAL,Fourth Decile,Average Income,311.76,thousand_pesos
2023,RIZAL,Fourth Decile,Average Savings,60.36,thousand_pesos
2023,RIZAL,Ninth Decile,Average Expenditure,425.26,thousand_pesos
2023,RIZAL,Ninth Decile,Average Income,599.84,thousand_pesos
2023,RIZAL,Ninth Decile,Average Savings,174.58,thousand_pesos
2023,RIZAL,Second Decile,Average Expenditure,210.28,thousand_pesos
2023,RIZAL,Second Decile,Average Income,239.4,thousand_pesos
2023,RIZAL,Second Decile,Average Savings,29.12,thousand_pesos
2023,RIZAL,Seventh Decile,Average Expenditure,345.78,thousand_pesos
2023,RIZAL,Seventh Decile,Average Income,460.14,thousand_pesos
2023,RIZAL,Seventh Decile,Average Savings,114.36,thousand_pesos
2023,RIZAL,Sixth Decile,Average Expenditure,289.87,thousand_pesos
2023,RIZAL,Sixth Decile,Average Income,364.98,thousand_pesos
2023,RIZAL,Sixth Decile,Average Savings,75.1,thousand_pesos
2023,RIZAL,Tenth Decile,Average Expenditure,731.56,thousand_pesos
2023,RIZAL,Tenth Decile,Average Income,1230.31,thousand_pesos
2023,RIZAL,Tenth Decile,Average Savings,498.76,thousand_pesos
2023,RIZAL,Third Decile,Average Expenditure,230.02,thousand_pesos
2023,RIZAL,Third Decile,Average Income,275.68,thousand_pesos
2023,RIZAL,Third Decile,Average Savings,45.66,thousand_pesos
2023,ROMBLON,All Income Groups,Average Expenditure,173.37,thousand_pesos
2023,ROMBLON,All Income Groups,Average Income,213.54,thousand_pesos
2023,ROMBLON,All Income Groups,Average Savings,40.16,thousand_pesos
2023,ROMBLON,Eighth Decile,Average Expenditure,166.59,thousand_pesos
2023,ROMBLON,Eighth Decile,Average Income,194.99,thousand_pesos
2023,ROMBLON,Eighth Decile,Average Savings,28.4,thousand_pesos
2023,ROMBLON,Fifth Decile,Average Expenditure,135.61,thousand_pesos
2023,ROMBLON,Fifth Decile,Average Income,147.21,thousand_pesos
2023,ROMBLON,Fifth Decile,Average Savings,11.61,thousand_pesos
2023,ROMBLON,First Decile,Average Expenditure,117.58,thousand_pesos
2023,ROMBLON,First Decile,Average Income,121.74,thousand_pesos
2023,ROMBLON,First Decile,Average Savings,4.16,thousand_pesos
2023,ROMBLON,Fourth Decile,Average Expenditure,126.01,thousand_pesos
2023,ROMBLON,Fourth Decile,Average Income,134.0,thousand_pesos
2023,ROMBLON,Fourth Decile,Average Savings,7.99,thousand_pesos
2023,ROMBLON,Ninth Decile,Average Expenditure,217.03,thousand_pesos
2023,ROMBLON,Ninth Decile,Average Income,275.85,thousand_pesos
2023,ROMBLON,Ninth Decile,Average Savings,58.82,thousand_pesos
2023,ROMBLON,Second Decile,Average Expenditure,129.1,thousand_pesos
2023,ROMBLON,Second Decile,Average Income,135.09,thousand_pesos
2023,ROMBLON,Second Decile,Average Savings,6.0,thousand_pesos
2023,ROMBLON,Seventh Decile,Average Expenditure,139.64,thousand_pesos
2023,ROMBLON,Seventh Decile,Average Income,157.55,thousand_pesos
2023,ROMBLON,Seventh Decile,Average Savings,17.91,thousand_pesos
2023,ROMBLON,Sixth Decile,Average Expenditure,132.47,thousand_pesos
2023,ROMBLON,Sixth Decile,Average Income,147.77,thousand_pesos
2023,ROMBLON,Sixth Decile,Average Savings,15.3,thousand_pesos
2023,ROMBLON,Tenth Decile,Average Expenditure,436.54,thousand_pesos
2023,ROMBLON,Tenth Decile,Average Income,679.45,thousand_pesos
2023,ROMBLON,Tenth Decile,Average Savings,242.91,thousand_pesos
2023,ROMBLON,Third Decile,Average Expenditure,132.28,thousand_pesos
2023,ROMBLON,Third Decile,Average Income,140.15,thousand_pesos
2023,ROMBLON,Third Decile,Average Savings,7.88,thousand_pesos
2023,SAMAR,All Income Groups,Average Expenditure,159.71,thousand_pesos
2023,SAMAR,All Income Groups,Average Income,206.27,thousand_pesos
2023,SAMAR,All Income Groups,Average Savings,46.56,thousand_pesos
2023,SAMAR,Eighth Decile,Average Expenditure,155.9,thousand_pesos
2023,SAMAR,Eighth Decile,Average Income,197.98,thousand_pesos
2023,SAMAR,Eighth Decile,Average Savings,42.07,thousand_pesos
2023,SAMAR,Fifth Decile,Average Expenditure,129.38,thousand_pesos
2023,SAMAR,Fifth Decile,Average Income,149.39,thousand_pesos
2023,SAMAR,Fifth Decile,Average Savings,20.01,thousand_pesos
2023,SAMAR,First Decile,Average Expenditure,95.62,thousand_pesos
2023,SAMAR,First Decile,Average Income,100.17,thousand_pesos
2023,SAMAR,First Decile,Average Savings,4.55,thousand_pesos
2023,SAMAR,Fourth Decile,Average Expenditure,126.72,thousand_pesos
2023,SAMAR,Fourth Decile,Average Income,147.47,thousand_pesos
2023,SAMAR,Fourth Decile,Average Savings,20.75,thousand_pesos
2023,SAMAR,Ninth Decile,Average Expenditure,201.48,thousand_pesos
2023,SAMAR,Ninth Decile,Average Income,269.93,thousand_pesos
2023,SAMAR,Ninth Decile,Average Savings,68.45,thousand_pesos
2023,SAMAR,Second Decile,Average Expenditure,110.08,thousand_pesos
2023,SAMAR,Second Decile,Average Income,119.12,thousand_pesos
2023,SAMAR,Second Decile,Average Savings,9.05,thousand_pesos
2023,SAMAR,Seventh Decile,Average Expenditure,135.22,thousand_pesos
2023,SAMAR,Seventh Decile,Average Income,169.95,thousand_pesos
2023,SAMAR,Seventh Decile,Average Savings,34.73,thousand_pesos
2023,SAMAR,Sixth Decile,Average Expenditure,135.68,thousand_pesos
2023,SAMAR,Sixth Decile,Average Income,156.97,thousand_pesos
2023,SAMAR,Sixth Decile,Average Savings,21.29,thousand_pesos
2023,SAMAR,Tenth Decile,Average Expenditure,389.82,thousand_pesos
2023,SAMAR,Tenth Decile,Average Income,621.39,thousand_pesos
2023,SAMAR,Tenth Decile,Average Savings,231.57,thousand_pesos
2023,SAMAR,Third Decile,Average Expenditure,116.64,thousand_pesos
2023,SAMAR,Third Decile,Average Income,129.5,thousand_pesos
2023,SAMAR,Third Decile,Average Savings,12.86,thousand_pesos
2023,SARANGANI,All Income Groups,Average Expenditure,144.67,thousand_pesos
2023,SARANGANI,All Income Groups,Average Income,181.44,thousand_pesos
2023,SARANGANI,All Income Groups,Average Savings,36.78,thousand_pesos
2023,SARANGANI,Eighth Decile,Average Expenditure,154.43,thousand_pesos
2023,SARANGANI,Eighth Decile,Average Income,201.29,thousand_pesos
2023,SARANGANI,Eighth Decile,Average Savings,46.86,thousand_pesos
2023,SARANGANI,Fifth Decile,Average Expenditure,124.3,thousand_pesos
2023,SARANGANI,Fifth Decile,Average Income,143.96,thousand_pesos
2023,SARANGANI,Fifth Decile,Average Savings,19.66,thousand_pesos
2023,SARANGANI,First Decile,Average Expenditure,87.37,thousand_pesos
2023,SARANGANI,First Decile,Average Income,87.02,thousand_pesos
2023,SARANGANI,First Decile,Average Savings,-0.35,thousand_pesos
2023,SARANGANI,Fourth Decile,Average Expenditure,116.59,thousand_pesos
2023,SARANGANI,Fourth Decile,Average Income,129.3,thousand_pesos
2023,SARANGANI,Fourth Decile,Average Savings,12.71,thousand_pesos
2023,SARANGANI,Ninth Decile,Average Expenditure,199.75,thousand_pesos
2023,SARANGANI,Ninth Decile,Average Income,259.23,thousand_pesos
2023,SARANGANI,Ninth Decile,Average Savings,59.48,thousand_pesos
2023,SARANGANI,Second Decile,Average Expenditure,102.52,thousand_pesos
2023,SARANGANI,Second Decile,Average Income,111.95,thousand_pesos
2023,SARANGANI,Second Decile,Average Savings,9.42,thousand_pesos
2023,SARANGANI,Seventh Decile,Average Expenditure,133.91,thousand_pesos
2023,SARANGANI,Seventh Decile,Average Income,162.79,thousand_pesos
2023,SARANGANI,Seventh Decile,Average Savings,28.88,thousand_pesos
2023,SARANGANI,Sixth Decile,Average Expenditure,125.21,thousand_pesos
2023,SARANGANI,Sixth Decile,Average Income,148.85,thousand_pesos
2023,SARANGANI,Sixth Decile,Average Savings,23.64,thousand_pesos
2023,SARANGANI,Tenth Decile,Average Expenditure,293.61,thousand_pesos
2023,SARANGANI,Tenth Decile,Average Income,449.4,thousand_pesos
2023,SARANGANI,Tenth Decile,Average Savings,155.79,thousand_pesos
2023,SARANGANI,Third Decile,Average Expenditure,108.37,thousand_pesos
2023,SARANGANI,Third Decile,Average Income,119.58,thousand_pesos
2023,SARANGANI,Third Decile,Average Savings,11.21,thousand_pesos
2023,SIQUIJOR,All Income Groups,Average Expenditure,205.22,thousand_pesos
2023,SIQUIJOR,All Income Groups,Average Income,316.36,thousand_pesos
2023,SIQUIJOR,All Income Groups,Average Savings,111.14,thousand_pesos
2023,SIQUIJOR,Eighth Decile,Average Expenditure,227.45,thousand_pesos
2023,SIQUIJOR,Eighth Decile,Average Income,336.41,thousand_pesos
2023,SIQUIJOR,Eighth Decile,Average Savings,108.96,thousand_pesos
2023,SIQUIJOR,Fifth Decile,Average Expenditure,136.47,thousand_pesos
2023,SIQUIJOR,Fifth Decile,Average Income,197.86,thousand_pesos
2023,SIQUIJOR,Fifth Decile,Average Savings,61.38,thousand_pesos
2023,SIQUIJOR,First Decile,Average Expenditure,134.69,thousand_pesos
2023,SIQUIJOR,First Decile,Average Income,151.4,thousand_pesos
2023,SIQUIJOR,First Decile,Average Savings,16.71,thousand_pesos
2023,SIQUIJOR,Fourth Decile,Average Expenditure,152.2,thousand_pesos
2023,SIQUIJOR,Fourth Decile,Average Income,195.54,thousand_pesos
2023,SIQUIJOR,Fourth Decile,Average Savings,43.35,thousand_pesos
2023,SIQUIJOR,Ninth Decile,Average Expenditure,247.14,thousand_pesos
2023,SIQUIJOR,Ninth Decile,Average Income,385.12,thousand_pesos
2023,SIQUIJOR,Ninth Decile,Average Savings,137.98,thousand_pesos
2023,SIQUIJOR,Second Decile,Average Expenditure,138.15,thousand_pesos
2023,SIQUIJOR,Second Decile,Average Income,159.31,thousand_pesos
2023,SIQUIJOR,Second Decile,Average Savings,21.16,thousand_pesos
2023,SIQUIJOR,Seventh Decile,Average Expenditure,188.65,thousand_pesos
2023,SIQUIJOR,Seventh Decile,Average Income,278.39,thousand_pesos
2023,SIQUIJOR,Seventh Decile,Average Savings,89.74,thousand_pesos
2023,SIQUIJOR,Sixth Decile,Average Expenditure,180.42,thousand_pesos
2023,SIQUIJOR,Sixth Decile,Average Income,259.02,thousand_pesos
2023,SIQUIJOR,Sixth Decile,Average Savings,78.59,thousand_pesos
2023,SIQUIJOR,Tenth Decile,Average Expenditure,508.38,thousand_pesos
2023,SIQUIJOR,Tenth Decile,Average Income,1012.93,thousand_pesos
2023,SIQUIJOR,Tenth Decile,Average Savings,504.55,thousand_pesos
2023,SIQUIJOR,Third Decile,Average Expenditure,134.71,thousand_pesos
2023,SIQUIJOR,Third Decile,Average Income,177.89,thousand_pesos
2023,SIQUIJOR,Third Decile,Average Savings,43.18,thousand_pesos
2023,SORSOGON,All Income Groups,Average Expenditure,181.38,thousand_pesos
2023,SORSOGON,All Income Groups,Average Income,213.49,thousand_pesos
2023,SORSOGON,All Income Groups,Average Savings,32.11,thousand_pesos
2023,SORSOGON,Eighth Decile,Average Expenditure,172.3,thousand_pesos
2023,SORSOGON,Eighth Decile,Average Income,197.5,thousand_pesos
2023,SORSOGON,Eighth Decile,Average Savings,25.2,thousand_pesos
2023,SORSOGON,Fifth Decile,Average Expenditure,153.79,thousand_pesos
2023,SORSOGON,Fifth Decile,Average Income,165.09,thousand_pesos
2023,SORSOGON,Fifth Decile,Average Savings,11.3,thousand_pesos
2023,SORSOGON,First Decile,Average Expenditure,122.27,thousand_pesos
2023,SORSOGON,First Decile,Average Income,128.02,thousand_pesos
2023,SORSOGON,First Decile,Average Savings,5.75,thousand_pesos
2023,SORSOGON,Fourth Decile,Average Expenditure,140.17,thousand_pesos
2023,SORSOGON,Fourth Decile,Average Income,150.49,thousand_pesos
2023,SORSOGON,Fourth Decile,Average Savings,10.32,thousand_pesos
2023,SORSOGON,Ninth Decile,Average Expenditure,224.05,thousand_pesos
2023,SORSOGON,Ninth Decile,Average Income,270.87,thousand_pesos
2023,SORSOGON,Ninth Decile,Average Savings,46.82,thousand_pesos
2023,SORSOGON,Second Decile,Average Expenditure,129.99,thousand_pesos
2023,SORSOGON,Second Decile,Average Income,138.2,thousand_pesos
2023,SORSOGON,Second Decile,Average Savings,8.21,thousand_pesos
2023,SORSOGON,Seventh Decile,Average Expenditure,160.96,thousand_pesos
2023,SORSOGON,Seventh Decile,Average Income,174.18,thousand_pesos
2023,SORSOGON,Seventh Decile,Average Savings,13.22,thousand_pesos
2023,SORSOGON,Sixth Decile,Average Expenditure,150.67,thousand_pesos
2023,SORSOGON,Sixth Decile,Average Income,167.32,thousand_pesos
2023,SORSOGON,Sixth Decile,Average Savings,16.65,thousand_pesos
2023,SORSOGON,Tenth Decile,Average Expenditure,421.33,thousand_pesos
2023,SORSOGON,Tenth Decile,Average Income,595.43,thousand_pesos
2023,SORSOGON,Tenth Decile,Average Savings,174.1,thousand_pesos
2023,SORSOGON,Third Decile,Average Expenditure,137.16,thousand_pesos
2023,SORSOGON,Third Decile,Average Income,145.99,thousand_pesos
2023,SORSOGON,Third Decile,Average Savings,8.83,thousand_pesos
2023,SOUTH COTABATO (Excluding City of General Santos),All Income Groups,Average Expenditure,177.65,thousand_pesos
2023,SOUTH COTABATO (Excluding City of General Santos),All Income Groups,Average Income,224.47,thousand_pesos
2023,SOUTH COTABATO (Excluding City of General Santos),All Income Groups,Average Savings,46.82,thousand_pesos
2023,SOUTH COTABATO (Excluding City of General Santos),Eighth Decile,Average Expenditure,197.06,thousand_pesos
2023,SOUTH COTABATO (Excluding City of General Santos),Eighth Decile,Average Income,247.15,thousand_pesos
2023,SOUTH COTABATO (Excluding City of General Santos),Eighth Decile,Average Savings,50.09,thousand_pesos
2023,SOUTH COTABATO (Excluding City of General Santos),Fifth Decile,Average Expenditure,146.8,thousand_pesos
2023,SOUTH COTABATO (Excluding City of General Santos),Fifth Decile,Average Income,174.38,thousand_pesos
2023,SOUTH COTABATO (Excluding City of General Santos),Fifth Decile,Average Savings,27.58,thousand_pesos
2023,SOUTH COTABATO (Excluding City of General Santos),First Decile,Average Expenditure,94.7,thousand_pesos
2023,SOUTH COTABATO (Excluding City of General Santos),First Decile,Average Income,102.03,thousand_pesos
2023,SOUTH COTABATO (Excluding City of General Santos),First Decile,Average Savings,7.33,thousand_pesos
2023,SOUTH COTABATO (Excluding City of General Santos),Fourth Decile,Average Expenditure,135.47,thousand_pesos
2023,SOUTH COTABATO (Excluding City of General Santos),Fourth Decile,Average Income,158.39,thousand_pesos
2023,SOUTH COTABATO (Excluding City of General Santos),Fourth Decile,Average Savings,22.91,thousand_pesos
2023,SOUTH COTABATO (Excluding City of General Santos),Ninth Decile,Average Expenditure,218.57,thousand_pesos
2023,SOUTH COTABATO (Excluding City of General Santos),Ninth Decile,Average Income,285.97,thousand_pesos
2023,SOUTH COTABATO (Excluding City of General Santos),Ninth Decile,Average Savings,67.41,thousand_pesos
2023,SOUTH COTABATO (Excluding City of General Santos),Second Decile,Average Expenditure,110.07,thousand_pesos
2023,SOUTH COTABATO (Excluding City of General Santos),Second Decile,Average Income,126.46,thousand_pesos
2023,SOUTH COTABATO (Excluding City of General Santos),Second Decile,Average Savings,16.38,thousand_pesos
2023,SOUTH COTABATO (Excluding City of General Santos),Seventh Decile,Average Expenditure,166.07,thousand_pesos
2023,SOUTH COTABATO (Excluding City of General Santos),Seventh Decile,Average Income,205.14,thousand_pesos
2023,SOUTH COTABATO (Excluding City of General Santos),Seventh Decile,Average Savings,39.07,thousand_pesos
2023,SOUTH COTABATO (Excluding City of General Santos),Sixth Decile,Average Expenditure,154.84,thousand_pesos
2023,SOUTH COTABATO (Excluding City of General Santos),Sixth Decile,Average Income,187.09,thousand_pesos
2023,SOUTH COTABATO (Excluding City of General Santos),Sixth Decile,Average Savings,32.25,thousand_pesos
2023,SOUTH COTABATO (Excluding City of General Santos),Tenth Decile,Average Expenditure,426.73,thousand_pesos
2023,SOUTH COTABATO (Excluding City of General Santos),Tenth Decile,Average Income,612.19,thousand_pesos
2023,SOUTH COTABATO (Excluding City of General Santos),Tenth Decile,Average Savings,185.46,thousand_pesos
2023,SOUTH COTABATO (Excluding City of General Santos),Third Decile,Average Expenditure,124.35,thousand_pesos
2023,SOUTH COTABATO (Excluding City of General Santos),Third Decile,Average Income,143.1,thousand_pesos
2023,SOUTH COTABATO (Excluding City of General Santos),Third Decile,Average Savings,18.75,thousand_pesos
2023,SOUTHERN LEYTE,All Income Groups,Average Expenditure,205.42,thousand_pesos
2023,SOUTHERN LEYTE,All Income Groups,Average Income,270.51,thousand_pesos
2023,SOUTHERN LEYTE,All Income Groups,Average Savings,65.09,thousand_pesos
2023,SOUTHERN LEYTE,Eighth Decile,Average Expenditure,210.86,thousand_pesos
2023,SOUTHERN LEYTE,Eighth Decile,Average Income,280.17,thousand_pesos
2023,SOUTHERN LEYTE,Eighth Decile,Average Savings,69.32,thousand_pesos
2023,SOUTHERN LEYTE,Fifth Decile,Average Expenditure,169.55,thousand_pesos
2023,SOUTHERN LEYTE,Fifth Decile,Average Income,199.78,thousand_pesos
2023,SOUTHERN LEYTE,Fifth Decile,Average Savings,30.23,thousand_pesos
2023,SOUTHERN LEYTE,First Decile,Average Expenditure,139.85,thousand_pesos
2023,SOUTHERN LEYTE,First Decile,Average Income,154.7,thousand_pesos
2023,SOUTHERN LEYTE,First Decile,Average Savings,14.85,thousand_pesos
2023,SOUTHERN LEYTE,Fourth Decile,Average Expenditure,160.8,thousand_pesos
2023,SOUTHERN LEYTE,Fourth Decile,Average Income,186.52,thousand_pesos
2023,SOUTHERN LEYTE,Fourth Decile,Average Savings,25.73,thousand_pesos
2023,SOUTHERN LEYTE,Ninth Decile,Average Expenditure,271.7,thousand_pesos
2023,SOUTHERN LEYTE,Ninth Decile,Average Income,374.55,thousand_pesos
2023,SOUTHERN LEYTE,Ninth Decile,Average Savings,102.86,thousand_pesos
2023,SOUTHERN LEYTE,Second Decile,Average Expenditure,138.49,thousand_pesos
2023,SOUTHERN LEYTE,Second Decile,Average Income,158.12,thousand_pesos
2023,SOUTHERN LEYTE,Second Decile,Average Savings,19.63,thousand_pesos
2023,SOUTHERN LEYTE,Seventh Decile,Average Expenditure,185.71,thousand_pesos
2023,SOUTHERN LEYTE,Seventh Decile,Average Income,235.16,thousand_pesos
2023,SOUTHERN LEYTE,Seventh Decile,Average Savings,49.45,thousand_pesos
2023,SOUTHERN LEYTE,Sixth Decile,Average Expenditure,167.54,thousand_pesos
2023,SOUTHERN LEYTE,Sixth Decile,Average Income,203.64,thousand_pesos
2023,SOUTHERN LEYTE,Sixth Decile,Average Savings,36.11,thousand_pesos
2023,SOUTHERN LEYTE,Tenth Decile,Average Expenditure,447.45,thousand_pesos
2023,SOUTHERN LEYTE,Tenth Decile,Average Income,726.2,thousand_pesos
2023,SOUTHERN LEYTE,Tenth Decile,Average Savings,278.75,thousand_pesos
2023,SOUTHERN LEYTE,Third Decile,Average Expenditure,161.37,thousand_pesos
2023,SOUTHERN LEYTE,Third Decile,Average Income,184.53,thousand_pesos
2023,SOUTHERN LEYTE,Third Decile,Average Savings,23.15,thousand_pesos
2023,SULTAN KUDARAT,All Income Groups,Average Expenditure,162.39,thousand_pesos
2023,SULTAN KUDARAT,All Income Groups,Average Income,261.88,thousand_pesos
2023,SULTAN KUDARAT,All Income Groups,Average Savings,99.49,thousand_pesos
2023,SULTAN KUDARAT,Eighth Decile,Average Expenditure,174.61,thousand_pesos
2023,SULTAN KUDARAT,Eighth Decile,Average Income,223.17,thousand_pesos
2023,SULTAN KUDARAT,Eighth Decile,Average Savings,48.56,thousand_pesos
2023,SULTAN KUDARAT,Fifth Decile,Average Expenditure,123.08,thousand_pesos
2023,SULTAN KUDARAT,Fifth Decile,Average Income,141.37,thousand_pesos
2023,SULTAN KUDARAT,Fifth Decile,Average Savings,18.29,thousand_pesos
2023,SULTAN KUDARAT,First Decile,Average Expenditure,91.94,thousand_pesos
2023,SULTAN KUDARAT,First Decile,Average Income,91.04,thousand_pesos
2023,SULTAN KUDARAT,First Decile,Average Savings,-0.89,thousand_pesos
2023,SULTAN KUDARAT,Fourth Decile,Average Expenditure,122.43,thousand_pesos
2023,SULTAN KUDARAT,Fourth Decile,Average Income,134.69,thousand_pesos
2023,SULTAN KUDARAT,Fourth Decile,Average Savings,12.26,thousand_pesos
2023,SULTAN KUDARAT,Ninth Decile,Average Expenditure,199.72,thousand_pesos
2023,SULTAN KUDARAT,Ninth Decile,Average Income,279.22,thousand_pesos
2023,SULTAN KUDARAT,Ninth Decile,Average Savings,79.51,thousand_pesos
2023,SULTAN KUDARAT,Second Decile,Average Expenditure,106.08,thousand_pesos
2023,SULTAN KUDARAT,Second Decile,Average Income,109.55,thousand_pesos
2023,SULTAN KUDARAT,Second Decile,Average Savings,3.47,thousand_pesos
2023,SULTAN KUDARAT,Seventh Decile,Average Expenditure,146.16,thousand_pesos
2023,SULTAN KUDARAT,Seventh Decile,Average Income,176.89,thousand_pesos
2023,SULTAN KUDARAT,Seventh Decile,Average Savings,30.73,thousand_pesos
2023,SULTAN KUDARAT,Sixth Decile,Average Expenditure,131.8,thousand_pesos
2023,SULTAN KUDARAT,Sixth Decile,Average Income,156.63,thousand_pesos
2023,SULTAN KUDARAT,Sixth Decile,Average Savings,24.83,thousand_pesos
2023,SULTAN KUDARAT,Tenth Decile,Average Expenditure,413.41,thousand_pesos
2023,SULTAN KUDARAT,Tenth Decile,Average Income,1186.1,thousand_pesos
2023,SULTAN KUDARAT,Tenth Decile,Average Savings,772.69,thousand_pesos
2023,SULTAN KUDARAT,Third Decile,Average Expenditure,113.71,thousand_pesos
2023,SULTAN KUDARAT,Third Decile,Average Income,117.42,thousand_pesos
2023,SULTAN KUDARAT,Third Decile,Average Savings,3.71,thousand_pesos
2023,SULU,All Income Groups,Average Expenditure,142.55,thousand_pesos
2023,SULU,All Income Groups,Average Income,203.29,thousand_pesos
2023,SULU,All Income Groups,Average Savings,60.74,thousand_pesos
2023,SULU,Eighth Decile,Average Expenditure,145.0,thousand_pesos
2023,SULU,Eighth Decile,Average Income,209.9,thousand_pesos
2023,SULU,Eighth Decile,Average Savings,64.89,thousand_pesos
2023,SULU,Fifth Decile,Average Expenditure,133.46,thousand_pesos
2023,SULU,Fifth Decile,Average Income,184.48,thousand_pesos
2023,SULU,Fifth Decile,Average Savings,51.02,thousand_pesos
2023,SULU,First Decile,Average Expenditure,124.49,thousand_pesos
2023,SULU,First Decile,Average Income,157.58,thousand_pesos
2023,SULU,First Decile,Average Savings,33.09,thousand_pesos
2023,SULU,Fourth Decile,Average Expenditure,131.48,thousand_pesos
2023,SULU,Fourth Decile,Average Income,178.47,thousand_pesos
2023,SULU,Fourth Decile,Average Savings,46.99,thousand_pesos
2023,SULU,Ninth Decile,Average Expenditure,159.41,thousand_pesos
2023,SULU,Ninth Decile,Average Income,246.2,thousand_pesos
2023,SULU,Ninth Decile,Average Savings,86.79,thousand_pesos
2023,SULU,Second Decile,Average Expenditure,132.9,thousand_pesos
2023,SULU,Second Decile,Average Income,173.63,thousand_pesos
2023,SULU,Second Decile,Average Savings,40.74,thousand_pesos
2023,SULU,Seventh Decile,Average Expenditure,144.1,thousand_pesos
2023,SULU,Seventh Decile,Average Income,208.99,thousand_pesos
2023,SULU,Seventh Decile,Average Savings,64.89,thousand_pesos
2023,SULU,Sixth Decile,Average Expenditure,125.25,thousand_pesos
2023,SULU,Sixth Decile,Average Income,179.87,thousand_pesos
2023,SULU,Sixth Decile,Average Savings,54.62,thousand_pesos
2023,SULU,Tenth Decile,Average Expenditure,197.59,thousand_pesos
2023,SULU,Tenth Decile,Average Income,317.96,thousand_pesos
2023,SULU,Tenth Decile,Average Savings,120.37,thousand_pesos
2023,SULU,Third Decile,Average Expenditure,131.49,thousand_pesos
2023,SULU,Third Decile,Average Income,175.17,thousand_pesos
2023,SULU,Third Decile,Average Savings,43.68,thousand_pesos
2023,SURIGAO DEL NORTE,All Income Groups,Average Expenditure,186.25,thousand_pesos
2023,SURIGAO DEL NORTE,All Income Groups,Average Income,297.41,thousand_pesos
2023,SURIGAO DEL NORTE,All Income Groups,Average Savings,111.16,thousand_pesos
2023,SURIGAO DEL NORTE,Eighth Decile,Average Expenditure,190.15,thousand_pesos
2023,SURIGAO DEL NORTE,Eighth Decile,Average Income,285.5,thousand_pesos
2023,SURIGAO DEL NORTE,Eighth Decile,Average Savings,95.35,thousand_pesos
2023,SURIGAO DEL NORTE,Fifth Decile,Average Expenditure,156.25,thousand_pesos
2023,SURIGAO DEL NORTE,Fifth Decile,Average Income,228.6,thousand_pesos
2023,SURIGAO DEL NORTE,Fifth Decile,Average Savings,72.35,thousand_pesos
2023,SURIGAO DEL NORTE,First Decile,Average Expenditure,107.0,thousand_pesos
2023,SURIGAO DEL NORTE,First Decile,Average Income,144.46,thousand_pesos
2023,SURIGAO DEL NORTE,First Decile,Average Savings,37.46,thousand_pesos
2023,SURIGAO DEL NORTE,Fourth Decile,Average Expenditure,137.41,thousand_pesos
2023,SURIGAO DEL NORTE,Fourth Decile,Average Income,193.43,thousand_pesos
2023,SURIGAO DEL NORTE,Fourth Decile,Average Savings,56.02,thousand_pesos
2023,SURIGAO DEL NORTE,Ninth Decile,Average Expenditure,250.6,thousand_pesos
2023,SURIGAO DEL NORTE,Ninth Decile,Average Income,421.58,thousand_pesos
2023,SURIGAO DEL NORTE,Ninth Decile,Average Savings,170.98,thousand_pesos
2023,SURIGAO DEL NORTE,Second Decile,Average Expenditure,119.38,thousand_pesos
2023,SURIGAO DEL NORTE,Second Decile,Average Income,169.59,thousand_pesos
2023,SURIGAO DEL NORTE,Second Decile,Average Savings,50.21,thousand_pesos
2023,SURIGAO DEL NORTE,Seventh Decile,Average Expenditure,171.54,thousand_pesos
2023,SURIGAO DEL NORTE,Seventh Decile,Average Income,271.18,thousand_pesos
2023,SURIGAO DEL NORTE,Seventh Decile,Average Savings,99.64,thousand_pesos
2023,SURIGAO DEL NORTE,Sixth Decile,Average Expenditure,150.18,thousand_pesos
2023,SURIGAO DEL NORTE,Sixth Decile,Average Income,223.99,thousand_pesos
2023,SURIGAO DEL NORTE,Sixth Decile,Average Savings,73.81,thousand_pesos
2023,SURIGAO DEL NORTE,Tenth Decile,Average Expenditure,439.04,thousand_pesos
2023,SURIGAO DEL NORTE,Tenth Decile,Average Income,833.89,thousand_pesos
2023,SURIGAO DEL NORTE,Tenth Decile,Average Savings,394.85,thousand_pesos
2023,SURIGAO DEL NORTE,Third Decile,Average Expenditure,140.49,thousand_pesos
2023,SURIGAO DEL NORTE,Third Decile,Average Income,200.86,thousand_pesos
2023,SURIGAO DEL NORTE,Third Decile,Average Savings,60.38,thousand_pesos
2023,SURIGAO DEL SUR,All Income Groups,Average Expenditure,180.62,thousand_pesos
2023,SURIGAO DEL SUR,All Income Groups,Average Income,220.86,thousand_pesos
2023,SURIGAO DEL SUR,All Income Groups,Average Savings,40.23,thousand_pesos
2023,SURIGAO DEL SUR,Eighth Decile,Average Expenditure,179.19,thousand_pesos
2023,SURIGAO DEL SUR,Eighth Decile,Average Income,205.6,thousand_pesos
2023,SURIGAO DEL SUR,Eighth Decile,Average Savings,26.4,thousand_pesos
2023,SURIGAO DEL SUR,Fifth Decile,Average Expenditure,160.45,thousand_pesos
2023,SURIGAO DEL SUR,Fifth Decile,Average Income,180.72,thousand_pesos
2023,SURIGAO DEL SUR,Fifth Decile,Average Savings,20.27,thousand_pesos
2023,SURIGAO DEL SUR,First Decile,Average Expenditure,132.39,thousand_pesos
2023,SURIGAO DEL SUR,First Decile,Average Income,139.91,thousand_pesos
2023,SURIGAO DEL SUR,First Decile,Average Savings,7.53,thousand_pesos
2023,SURIGAO DEL SUR,Fourth Decile,Average Expenditure,154.18,thousand_pesos
2023,SURIGAO DEL SUR,Fourth Decile,Average Income,169.87,thousand_pesos
2023,SURIGAO DEL SUR,Fourth Decile,Average Savings,15.69,thousand_pesos
2023,SURIGAO DEL SUR,Ninth Decile,Average Expenditure,210.72,thousand_pesos
2023,SURIGAO DEL SUR,Ninth Decile,Average Income,272.17,thousand_pesos
2023,SURIGAO DEL SUR,Ninth Decile,Average Savings,61.45,thousand_pesos
2023,SURIGAO DEL SUR,Second Decile,Average Expenditure,137.31,thousand_pesos
2023,SURIGAO DEL SUR,Second Decile,Average Income,147.97,thousand_pesos
2023,SURIGAO DEL SUR,Second Decile,Average Savings,10.66,thousand_pesos
2023,SURIGAO DEL SUR,Seventh Decile,Average Expenditure,174.87,thousand_pesos
2023,SURIGAO DEL SUR,Seventh Decile,Average Income,204.29,thousand_pesos
2023,SURIGAO DEL SUR,Seventh Decile,Average Savings,29.42,thousand_pesos
2023,SURIGAO DEL SUR,Sixth Decile,Average Expenditure,160.58,thousand_pesos
2023,SURIGAO DEL SUR,Sixth Decile,Average Income,180.72,thousand_pesos
2023,SURIGAO DEL SUR,Sixth Decile,Average Savings,20.14,thousand_pesos
2023,SURIGAO DEL SUR,Tenth Decile,Average Expenditure,349.54,thousand_pesos
2023,SURIGAO DEL SUR,Tenth Decile,Average Income,546.46,thousand_pesos
2023,SURIGAO DEL SUR,Tenth Decile,Average Savings,196.92,thousand_pesos
2023,SURIGAO DEL SUR,Third Decile,Average Expenditure,146.38,thousand_pesos
2023,SURIGAO DEL SUR,Third Decile,Average Income,159.73,thousand_pesos
2023,SURIGAO DEL SUR,Third Decile,Average Savings,13.35,thousand_pesos
2023,TARLAC,All Income Groups,Average Expenditure,267.09,thousand_pesos
2023,TARLAC,All Income Groups,Average Income,327.82,thousand_pesos
2023,TARLAC,All Income Groups,Average Savings,60.74,thousand_pesos
2023,TARLAC,Eighth Decile,Average Expenditure,287.27,thousand_pesos
2023,TARLAC,Eighth Decile,Average Income,353.2,thousand_pesos
2023,TARLAC,Eighth Decile,Average Savings,65.93,thousand_pesos
2023,TARLAC,Fifth Decile,Average Expenditure,243.6,thousand_pesos
2023,TARLAC,Fifth Decile,Average Income,289.14,thousand_pesos
2023,TARLAC,Fifth Decile,Average Savings,45.54,thousand_pesos
2023,TARLAC,First Decile,Average Expenditure,152.68,thousand_pesos
2023,TARLAC,First Decile,Average Income,162.24,thousand_pesos
2023,TARLAC,First Decile,Average Savings,9.56,thousand_pesos
2023,TARLAC,Fourth Decile,Average Expenditure,227.04,thousand_pesos
2023,TARLAC,Fourth Decile,Average Income,265.8,thousand_pesos
2023,TARLAC,Fourth Decile,Average Savings,38.76,thousand_pesos
2023,TARLAC,Ninth Decile,Average Expenditure,345.4,thousand_pesos
2023,TARLAC,Ninth Decile,Average Income,442.58,thousand_pesos
2023,TARLAC,Ninth Decile,Average Savings,97.19,thousand_pesos
2023,TARLAC,Second Decile,Average Expenditure,197.83,thousand_pesos
2023,TARLAC,Second Decile,Average Income,226.82,thousand_pesos
2023,TARLAC,Second Decile,Average Savings,28.99,thousand_pesos
2023,TARLAC,Seventh Decile,Average Expenditure,262.85,thousand_pesos
2023,TARLAC,Seventh Decile,Average Income,313.63,thousand_pesos
2023,TARLAC,Seventh Decile,Average Savings,50.78,thousand_pesos
2023,TARLAC,Sixth Decile,Average Expenditure,266.65,thousand_pesos
2023,TARLAC,Sixth Decile,Average Income,313.97,thousand_pesos
2023,TARLAC,Sixth Decile,Average Savings,47.32,thousand_pesos
2023,TARLAC,Tenth Decile,Average Expenditure,469.87,thousand_pesos
2023,TARLAC,Tenth Decile,Average Income,663.32,thousand_pesos
2023,TARLAC,Tenth Decile,Average Savings,193.46,thousand_pesos
2023,TARLAC,Third Decile,Average Expenditure,216.55,thousand_pesos
2023,TARLAC,Third Decile,Average Income,245.77,thousand_pesos
2023,TARLAC,Third Decile,Average Savings,29.22,thousand_pesos
2023,TAWI-TAWI,All Income Groups,Average Expenditure,109.34,thousand_pesos
2023,TAWI-TAWI,All Income Groups,Average Income,169.34,thousand_pesos
2023,TAWI-TAWI,All Income Groups,Average Savings,60.01,thousand_pesos
2023,TAWI-TAWI,Eighth Decile,Average Expenditure,115.91,thousand_pesos
2023,TAWI-TAWI,Eighth Decile,Average Income,187.23,thousand_pesos
2023,TAWI-TAWI,Eighth Decile,Average Savings,71.32,thousand_pesos
2023,TAWI-TAWI,Fifth Decile,Average Expenditure,110.19,thousand_pesos
2023,TAWI-TAWI,Fifth Decile,Average Income,149.73,thousand_pesos
2023,TAWI-TAWI,Fifth Decile,Average Savings,39.55,thousand_pesos
2023,TAWI-TAWI,First Decile,Average Expenditure,90.42,thousand_pesos
2023,TAWI-TAWI,First Decile,Average Income,115.63,thousand_pesos
2023,TAWI-TAWI,First Decile,Average Savings,25.21,thousand_pesos
2023,TAWI-TAWI,Fourth Decile,Average Expenditure,105.9,thousand_pesos
2023,TAWI-TAWI,Fourth Decile,Average Income,143.48,thousand_pesos
2023,TAWI-TAWI,Fourth Decile,Average Savings,37.57,thousand_pesos
2023,TAWI-TAWI,Ninth Decile,Average Expenditure,119.13,thousand_pesos
2023,TAWI-TAWI,Ninth Decile,Average Income,217.24,thousand_pesos
2023,TAWI-TAWI,Ninth Decile,Average Savings,98.11,thousand_pesos
2023,TAWI-TAWI,Second Decile,Average Expenditure,96.7,thousand_pesos
2023,TAWI-TAWI,Second Decile,Average Income,124.37,thousand_pesos
2023,TAWI-TAWI,Second Decile,Average Savings,27.67,thousand_pesos
2023,TAWI-TAWI,Seventh Decile,Average Expenditure,111.84,thousand_pesos
2023,TAWI-TAWI,Seventh Decile,Average Income,167.74,thousand_pesos
2023,TAWI-TAWI,Seventh Decile,Average Savings,55.9,thousand_pesos
2023,TAWI-TAWI,Sixth Decile,Average Expenditure,112.43,thousand_pesos
2023,TAWI-TAWI,Sixth Decile,Average Income,159.22,thousand_pesos
2023,TAWI-TAWI,Sixth Decile,Average Savings,46.79,thousand_pesos
2023,TAWI-TAWI,Tenth Decile,Average Expenditure,127.44,thousand_pesos
2023,TAWI-TAWI,Tenth Decile,Average Income,289.16,thousand_pesos
2023,TAWI-TAWI,Tenth Decile,Average Savings,161.72,thousand_pesos
2023,TAWI-TAWI,Third Decile,Average Expenditure,103.07,thousand_pesos
2023,TAWI-TAWI,Third Decile,Average Income,138.47,thousand_pesos
2023,TAWI-TAWI,Third Decile,Average Savings,35.39,thousand_pesos
2023,ZAMBALES (Excluding City of Olongapo),All Income Groups,Average Expenditure,229.4,thousand_pesos
2023,ZAMBALES (Excluding City of Olongapo),All Income Groups,Average Income,269.94,thousand_pesos
2023,ZAMBALES (Excluding City of Olongapo),All Income Groups,Average Savings,40.54,thousand_pesos
2023,ZAMBALES (Excluding City of Olongapo),Eighth Decile,Average Expenditure,255.38,thousand_pesos
2023,ZAMBALES (Excluding City of Olongapo),Eighth Decile,Average Income,297.62,thousand_pesos
2023,ZAMBALES (Excluding City of Olongapo),Eighth Decile,Average Savings,42.24,thousand_pesos
2023,ZAMBALES (Excluding City of Olongapo),Fifth Decile,Average Expenditure,212.3,thousand_pesos
2023,ZAMBALES (Excluding City of Olongapo),Fifth Decile,Average Income,238.56,thousand_pesos
2023,ZAMBALES (Excluding City of Olongapo),Fifth Decile,Average Savings,26.25,thousand_pesos
2023,ZAMBALES (Excluding City of Olongapo),First Decile,Average Expenditure,149.56,thousand_pesos
2023,ZAMBALES (Excluding City of Olongapo),First Decile,Average Income,151.87,thousand_pesos
2023,ZAMBALES (Excluding City of Olongapo),First Decile,Average Savings,2.31,thousand_pesos
2023,ZAMBALES (Excluding City of Olongapo),Fourth Decile,Average Expenditure,192.17,thousand_pesos
2023,ZAMBALES (Excluding City of Olongapo),Fourth Decile,Average Income,215.45,thousand_pesos
2023,ZAMBALES (Excluding City of Olongapo),Fourth Decile,Average Savings,23.28,thousand_pesos
2023,ZAMBALES (Excluding City of Olongapo),Ninth Decile,Average Expenditure,284.03,thousand_pesos
2023,ZAMBALES (Excluding City of Olongapo),Ninth Decile,Average Income,350.64,thousand_pesos
2023,ZAMBALES (Excluding City of Olongapo),Ninth Decile,Average Savings,66.61,thousand_pesos
2023,ZAMBALES (Excluding City of Olongapo),Second Decile,Average Expenditure,168.08,thousand_pesos
2023,ZAMBALES (Excluding City of Olongapo),Second Decile,Average Income,179.27,thousand_pesos
2023,ZAMBALES (Excluding City of Olongapo),Second Decile,Average Savings,11.19,thousand_pesos
2023,ZAMBALES (Excluding City of Olongapo),Seventh Decile,Average Expenditure,264.16,thousand_pesos
2023,ZAMBALES (Excluding City of Olongapo),Seventh Decile,Average Income,301.69,thousand_pesos
2023,ZAMBALES (Excluding City of Olongapo),Seventh Decile,Average Savings,37.53,thousand_pesos
2023,ZAMBALES (Excluding City of Olongapo),Sixth Decile,Average Expenditure,206.04,thousand_pesos
2023,ZAMBALES (Excluding City of Olongapo),Sixth Decile,Average Income,241.17,thousand_pesos
2023,ZAMBALES (Excluding City of Olongapo),Sixth Decile,Average Savings,35.14,thousand_pesos
2023,ZAMBALES (Excluding City of Olongapo),Tenth Decile,Average Expenditure,369.1,thousand_pesos
2023,ZAMBALES (Excluding City of Olongapo),Tenth Decile,Average Income,520.99,thousand_pesos
2023,ZAMBALES (Excluding City of Olongapo),Tenth Decile,Average Savings,151.89,thousand_pesos
2023,ZAMBALES (Excluding City of Olongapo),Third Decile,Average Expenditure,192.48,thousand_pesos
2023,ZAMBALES (Excluding City of Olongapo),Third Decile,Average Income,200.74,thousand_pesos
2023,ZAMBALES (Excluding City of Olongapo),Third Decile,Average Savings,8.26,thousand_pesos
2023,ZAMBOANGA DEL NORTE,All Income Groups,Average Expenditure,165.73,thousand_pesos
2023,ZAMBOANGA DEL NORTE,All Income Groups,Average Income,211.73,thousand_pesos
2023,ZAMBOANGA DEL NORTE,All Income Groups,Average Savings,46.0,thousand_pesos
2023,ZAMBOANGA DEL NORTE,Eighth Decile,Average Expenditure,158.72,thousand_pesos
2023,ZAMBOANGA DEL NORTE,Eighth Decile,Average Income,200.11,thousand_pesos
2023,ZAMBOANGA DEL NORTE,Eighth Decile,Average Savings,41.39,thousand_pesos
2023,ZAMBOANGA DEL NORTE,Fifth Decile,Average Expenditure,128.14,thousand_pesos
2023,ZAMBOANGA DEL NORTE,Fifth Decile,Average Income,154.51,thousand_pesos
2023,ZAMBOANGA DEL NORTE,Fifth Decile,Average Savings,26.37,thousand_pesos
2023,ZAMBOANGA DEL NORTE,First Decile,Average Expenditure,101.78,thousand_pesos
2023,ZAMBOANGA DEL NORTE,First Decile,Average Income,114.43,thousand_pesos
2023,ZAMBOANGA DEL NORTE,First Decile,Average Savings,12.65,thousand_pesos
2023,ZAMBOANGA DEL NORTE,Fourth Decile,Average Expenditure,124.53,thousand_pesos
2023,ZAMBOANGA DEL NORTE,Fourth Decile,Average Income,148.45,thousand_pesos
2023,ZAMBOANGA DEL NORTE,Fourth Decile,Average Savings,23.92,thousand_pesos
2023,ZAMBOANGA DEL NORTE,Ninth Decile,Average Expenditure,189.31,thousand_pesos
2023,ZAMBOANGA DEL NORTE,Ninth Decile,Average Income,248.51,thousand_pesos
2023,ZAMBOANGA DEL NORTE,Ninth Decile,Average Savings,59.21,thousand_pesos
2023,ZAMBOANGA DEL NORTE,Second Decile,Average Expenditure,105.99,thousand_pesos
2023,ZAMBOANGA DEL NORTE,Second Decile,Average Income,122.56,thousand_pesos
2023,ZAMBOANGA DEL NORTE,Second Decile,Average Savings,16.57,thousand_pesos
2023,ZAMBOANGA DEL NORTE,Seventh Decile,Average Expenditure,137.41,thousand_pesos
2023,ZAMBOANGA DEL NORTE,Seventh Decile,Average Income,174.05,thousand_pesos
2023,ZAMBOANGA DEL NORTE,Seventh Decile,Average Savings,36.64,thousand_pesos
2023,ZAMBOANGA DEL NORTE,Sixth Decile,Average Expenditure,134.21,thousand_pesos
2023,ZAMBOANGA DEL NORTE,Sixth Decile,Average Income,163.65,thousand_pesos
2023,ZAMBOANGA DEL NORTE,Sixth Decile,Average Savings,29.43,thousand_pesos
2023,ZAMBOANGA DEL NORTE,Tenth Decile,Average Expenditure,455.82,thousand_pesos
2023,ZAMBOANGA DEL NORTE,Tenth Decile,Average Income,647.87,thousand_pesos
2023,ZAMBOANGA DEL NORTE,Tenth Decile,Average Savings,192.05,thousand_pesos
2023,ZAMBOANGA DEL NORTE,Third Decile,Average Expenditure,120.11,thousand_pesos
2023,ZAMBOANGA DEL NORTE,Third Decile,Average Income,141.18,thousand_pesos
2023,ZAMBOANGA DEL NORTE,Third Decile,Average Savings,21.07,thousand_pesos
2023,ZAMBOANGA DEL SUR (Excluding City of Zamboanga),All Income Groups,Average Expenditure,147.39,thousand_pesos
2023,ZAMBOANGA DEL SUR (Excluding City of Zamboanga),All Income Groups,Average Income,206.37,thousand_pesos
2023,ZAMBOANGA DEL SUR (Excluding City of Zamboanga),All Income Groups,Average Savings,58.99,thousand_pesos
2023,ZAMBOANGA DEL SUR (Excluding City of Zamboanga),Eighth Decile,Average Expenditure,146.38,thousand_pesos
2023,ZAMBOANGA DEL SUR (Excluding City of Zamboanga),Eighth Decile,Average Income,195.23,thousand_pesos
2023,ZAMBOANGA DEL SUR (Excluding City of Zamboanga),Eighth Decile,Average Savings,48.85,thousand_pesos
2023,ZAMBOANGA DEL SUR (Excluding City of Zamboanga),Fifth Decile,Average Expenditure,109.35,thousand_pesos
2023,ZAMBOANGA DEL SUR (Excluding City of Zamboanga),Fifth Decile,Average Income,138.15,thousand_pesos
2023,ZAMBOANGA DEL SUR (Excluding City of Zamboanga),Fifth Decile,Average Savings,28.79,thousand_pesos
2023,ZAMBOANGA DEL SUR (Excluding City of Zamboanga),First Decile,Average Expenditure,78.67,thousand_pesos
2023,ZAMBOANGA DEL SUR (Excluding City of Zamboanga),First Decile,Average Income,80.93,thousand_pesos
2023,ZAMBOANGA DEL SUR (Excluding City of Zamboanga),First Decile,Average Savings,2.26,thousand_pesos
2023,ZAMBOANGA DEL SUR (Excluding City of Zamboanga),Fourth Decile,Average Expenditure,102.1,thousand_pesos
2023,ZAMBOANGA DEL SUR (Excluding City of Zamboanga),Fourth Decile,Average Income,122.07,thousand_pesos
2023,ZAMBOANGA DEL SUR (Excluding City of Zamboanga),Fourth Decile,Average Savings,19.97,thousand_pesos
2023,ZAMBOANGA DEL SUR (Excluding City of Zamboanga),Ninth Decile,Average Expenditure,202.22,thousand_pesos
2023,ZAMBOANGA DEL SUR (Excluding City of Zamboanga),Ninth Decile,Average Income,297.99,thousand_pesos
2023,ZAMBOANGA DEL SUR (Excluding City of Zamboanga),Ninth Decile,Average Savings,95.78,thousand_pesos
2023,ZAMBOANGA DEL SUR (Excluding City of Zamboanga),Second Decile,Average Expenditure,94.52,thousand_pesos
2023,ZAMBOANGA DEL SUR (Excluding City of Zamboanga),Second Decile,Average Income,106.83,thousand_pesos
2023,ZAMBOANGA DEL SUR (Excluding City of Zamboanga),Second Decile,Average Savings,12.31,thousand_pesos
2023,ZAMBOANGA DEL SUR (Excluding City of Zamboanga),Seventh Decile,Average Expenditure,127.06,thousand_pesos
2023,ZAMBOANGA DEL SUR (Excluding City of Zamboanga),Seventh Decile,Average Income,165.33,thousand_pesos
2023,ZAMBOANGA DEL SUR (Excluding City of Zamboanga),Seventh Decile,Average Savings,38.27,thousand_pesos
2023,ZAMBOANGA DEL SUR (Excluding City of Zamboanga),Sixth Decile,Average Expenditure,122.14,thousand_pesos
2023,ZAMBOANGA DEL SUR (Excluding City of Zamboanga),Sixth Decile,Average Income,155.44,thousand_pesos
2023,ZAMBOANGA DEL SUR (Excluding City of Zamboanga),Sixth Decile,Average Savings,33.31,thousand_pesos
2023,ZAMBOANGA DEL SUR (Excluding City of Zamboanga),Tenth Decile,Average Expenditure,384.44,thousand_pesos
2023,ZAMBOANGA DEL SUR (Excluding City of Zamboanga),Tenth Decile,Average Income,678.0,thousand_pesos
2023,ZAMBOANGA DEL SUR (Excluding City of Zamboanga),Tenth Decile,Average Savings,293.56,thousand_pesos
2023,ZAMBOANGA DEL SUR (Excluding City of Zamboanga),Third Decile,Average Expenditure,105.57,thousand_pesos
2023,ZAMBOANGA DEL SUR (Excluding City of Zamboanga),Third Decile,Average Income,120.93,thousand_pesos
2023,ZAMBOANGA DEL SUR (Excluding City of Zamboanga),Third Decile,Average Savings,15.36,thousand_pesos
2023,ZAMBOANGA SIBUGAY,All Income Groups,Average Expenditure,177.71,thousand_pesos
2023,ZAMBOANGA SIBUGAY,All Income Groups,Average Income,233.11,thousand_pesos
2023,ZAMBOANGA SIBUGAY,All Income Groups,Average Savings,55.4,thousand_pesos
2023,ZAMBOANGA SIBUGAY,Eighth Decile,Average Expenditure,180.46,thousand_pesos
2023,ZAMBOANGA SIBUGAY,Eighth Decile,Average Income,222.14,thousand_pesos
2023,ZAMBOANGA SIBUGAY,Eighth Decile,Average Savings,41.68,thousand_pesos
2023,ZAMBOANGA SIBUGAY,Fifth Decile,Average Expenditure,125.24,thousand_pesos
2023,ZAMBOANGA SIBUGAY,Fifth Decile,Average Income,141.32,thousand_pesos
2023,ZAMBOANGA SIBUGAY,Fifth Decile,Average Savings,16.08,thousand_pesos
2023,ZAMBOANGA SIBUGAY,First Decile,Average Expenditure,101.54,thousand_pesos
2023,ZAMBOANGA SIBUGAY,First Decile,Average Income,110.04,thousand_pesos
2023,ZAMBOANGA SIBUGAY,First Decile,Average Savings,8.5,thousand_pesos
2023,ZAMBOANGA SIBUGAY,Fourth Decile,Average Expenditure,118.55,thousand_pesos
2023,ZAMBOANGA SIBUGAY,Fourth Decile,Average Income,133.91,thousand_pesos
2023,ZAMBOANGA SIBUGAY,Fourth Decile,Average Savings,15.36,thousand_pesos
2023,ZAMBOANGA SIBUGAY,Ninth Decile,Average Expenditure,237.07,thousand_pesos
2023,ZAMBOANGA SIBUGAY,Ninth Decile,Average Income,310.72,thousand_pesos
2023,ZAMBOANGA SIBUGAY,Ninth Decile,Average Savings,73.65,thousand_pesos
2023,ZAMBOANGA SIBUGAY,Second Decile,Average Expenditure,111.88,thousand_pesos
2023,ZAMBOANGA SIBUGAY,Second Decile,Average Income,123.82,thousand_pesos
2023,ZAMBOANGA SIBUGAY,Second Decile,Average Savings,11.94,thousand_pesos
2023,ZAMBOANGA SIBUGAY,Seventh Decile,Average Expenditure,155.01,thousand_pesos
2023,ZAMBOANGA SIBUGAY,Seventh Decile,Average Income,182.76,thousand_pesos
2023,ZAMBOANGA SIBUGAY,Seventh Decile,Average Savings,27.75,thousand_pesos
2023,ZAMBOANGA SIBUGAY,Sixth Decile,Average Expenditure,134.71,thousand_pesos
2023,ZAMBOANGA SIBUGAY,Sixth Decile,Average Income,157.67,thousand_pesos
2023,ZAMBOANGA SIBUGAY,Sixth Decile,Average Savings,22.96,thousand_pesos
2023,ZAMBOANGA SIBUGAY,Tenth Decile,Average Expenditure,496.02,thousand_pesos
2023,ZAMBOANGA SIBUGAY,Tenth Decile,Average Income,819.65,thousand_pesos
2023,ZAMBOANGA SIBUGAY,Tenth Decile,Average Savings,323.63,thousand_pesos
2023,ZAMBOANGA SIBUGAY,Third Decile,Average Expenditure,115.8,thousand_pesos
2023,ZAMBOANGA SIBUGAY,Third Decile,Average Income,127.6,thousand_pesos
2023,ZAMBOANGA SIBUGAY,Third Decile,Average Savings,11.8,thousand_pesos
