date,area,value,unit,base_year
2018-01-01,PHILIPPINES,1.03,peso,2018
2018-01-01,..National Capital Region (NCR),1.03,peso,2018
2018-01-01,..Areas Outside National Capital Region (AONCR),1.03,peso,2018
2018-01-01,..Cordillera Administrative Region (CAR),1.03,peso,2018
2018-01-01,....Abra,1.02,peso,2018
2018-01-01,....Benguet,1.02,peso,2018
2018-01-01,....Ifugao,1.03,peso,2018
2018-01-01,....Kalinga,1.04,peso,2018
2018-01-01,....Mountain Province,1.02,peso,2018
2018-01-01,....Apayao,1.04,peso,2018
2018-01-01,....City of Baguio,1.03,peso,2018
2018-01-01,..Region I (Ilocos Region),1.03,peso,2018
2018-01-01,....Ilocos Norte,1.05,peso,2018
2018-01-01,....Ilocos Sur,1.01,peso,2018
2018-01-01,....La Union,1.02,peso,2018
2018-01-01,....Pangasinan,1.03,peso,2018
2018-01-01,..Region II (Cagayan Valley),1.04,peso,2018
2018-01-01,....Batanes,1.05,peso,2018
2018-01-01,....Cagayan,1.03,peso,2018
2018-01-01,....Isabela,1.03,peso,2018
2018-01-01,....Nueva Vizcaya,1.05,peso,2018
2018-01-01,....Quirino,1.04,peso,2018
2018-01-01,..Region III (Central Luzon),1.02,peso,2018
2018-01-01,....Bataan,1.01,peso,2018
2018-01-01,....Bulacan,1.02,peso,2018
2018-01-01,....Nueva Ecija,1.02,peso,2018
2018-01-01,....Pampanga,1.01,peso,2018
2018-01-01,....Tarlac,1.03,peso,2018
2018-01-01,....Zambales,1.03,peso,2018
2018-01-01,....Aurora,1.03,peso,2018
2018-01-01,....City of Angeles,1.01,peso,2018
2018-01-01,....City of Olongapo,1.03,peso,2018
2018-01-01,..Region IV-A (CALABARZON),1.03,peso,2018
2018-01-01,....Batangas,1.03,peso,2018
2018-01-01,....Cavite,1.03,peso,2018
2018-01-01,....Laguna,1.03,peso,2018
2018-01-01,....Quezon,1.02,peso,2018
2018-01-01,....Rizal,1.02,peso,2018
2018-01-01,....City of Lucena (Capital),1.02,peso,2018
2018-01-01,..MIMAROPA Region,1.03,peso,2018
2018-01-01,....Marinduque,1.02,peso,2018
2018-01-01,....Occidental Mindoro,1.03,peso,2018
2018-01-01,....Oriental Mindoro,1.02,peso,2018
2018-01-01,....Palawan,1.04,peso,2018
2018-01-01,....Romblon,1.02,peso,2018
2018-01-01,....City of Puerto Princesa (Capital),1.03,peso,2018
2018-01-01,..Region V (Bicol Region),1.03,peso,2018
2018-01-01,....Albay,1.03,peso,2018
2018-01-01,....Camarines Norte,1.03,peso,2018
2018-01-01,....Camarines Sur,1.03,peso,2018
2018-01-01,....Catanduanes,1.03,peso,2018
2018-01-01,....Masbate,1.03,peso,2018
2018-01-01,....Sorsogon,1.03,peso,2018
2018-01-01,..Region VI (Western Visayas),1.03,peso,2018
2018-01-01,....Aklan,1.02,peso,2018
2018-01-01,....Antique,1.03,peso,2018
2018-01-01,....Capiz,1.04,peso,2018
2018-01-01,....Iloilo,1.02,peso,2018
2018-01-01,....Guimaras,1.03,peso,2018
2018-01-01,....City of Iloilo (Capital),1.02,peso,2018
2018-01-01,..Region VII (Central Visayas),1.03,peso,2018
2018-01-01,....Bohol,1.03,peso,2018
2018-01-01,....Cebu,1.03,peso,2018
2018-01-01,....City of Cebu (Capital),1.03,peso,2018
2018-01-01,....City of Lapu-Lapu,1.03,peso,2018
2018-01-01,....City of Mandaue,1.03,peso,2018
2018-01-01,..Region VIII (Eastern Visayas),1.03,peso,2018
2018-01-01,....Eastern Samar,1.02,peso,2018
2018-01-01,....Leyte,1.04,peso,2018
2018-01-01,....Northern Samar,1.03,peso,2018
2018-01-01,....Samar,1.05,peso,2018
2018-01-01,....Southern Leyte,1.02,peso,2018
2018-01-01,....Biliran,1.01,peso,2018
2018-01-01,....City of Tacloban (Capital),1.04,peso,2018
2018-01-01,..Region IX (Zamboanga Peninsula),1.03,peso,2018
2018-01-01,....Zamboanga del Norte,1.03,peso,2018
2018-01-01,....Zamboanga del Sur,1.03,peso,2018
2018-01-01,....Zamboanga Sibugay,1.03,peso,2018
2018-01-01,....City of Zamboanga,1.03,peso,2018
2018-01-01,....City of Isabela,1.02,peso,2018
2018-01-01,..Region X (Northern Mindanao),1.03,peso,2018
2018-01-01,....Bukidnon,1.04,peso,2018
2018-01-01,....Camiguin,1.03,peso,2018
2018-01-01,....Lanao del Norte,1.03,peso,2018
2018-01-01,....Misamis Occidental,1.03,peso,2018
2018-01-01,....Misamis Oriental,1.03,peso,2018
2018-01-01,....City of Iligan,1.03,peso,2018
2018-01-01,....City of Cagayan de Oro (Capital),1.03,peso,2018
2018-01-01,..Region XI (Davao Region),1.03,peso,2018
2018-01-01,....Davao del Norte,1.02,peso,2018
2018-01-01,....Davao del Sur,1.03,peso,2018
2018-01-01,....Davao Oriental,1.02,peso,2018
2018-01-01,....Davao de Oro,1.03,peso,2018
2018-01-01,....Davao Occidental,1.05,peso,2018
2018-01-01,....City of Davao,1.02,peso,2018
2018-01-01,..Region XII (SOCCSKSARGEN),1.03,peso,2018
2018-01-01,....Cotabato,1.03,peso,2018
2018-01-01,....South Cotabato,1.03,peso,2018
2018-01-01,....Sultan Kudarat,1.02,peso,2018
2018-01-01,....Sarangani,1.02,peso,2018
2018-01-01,....City of General Santos,1.03,peso,2018
2018-01-01,..Bangsamoro Autonomous Region in Muslim Mindanao (BARMM),1.04,peso,2018
2018-01-01,....City of Cotabato,1.04,peso,2018
2018-01-01,....Basilan,1.04,peso,2018
2018-01-01,....Lanao del Sur,1.02,peso,2018
2018-01-01,....Maguindanao,1.05,peso,2018
2018-01-01,....Sulu,1.04,peso,2018
2018-01-01,....Tawi-tawi,1.06,peso,2018
2018-01-01,..Region XIII (Caraga),1.02,peso,2018
2018-01-01,....Agusan del Norte,1.02,peso,2018
2018-01-01,....Agusan del Sur,1.02,peso,2018
2018-01-01,....Surigao del Norte,1.03,peso,2018
2018-01-01,....Surigao del Sur,1.02,peso,2018
2018-01-01,....Dinagat Islands,1.04,peso,2018
2018-01-01,....City of Butuan (Capital),1.02,peso,2018
2018-01-01,..Negros Island Region (NIR),1.04,peso,2018
2018-01-01,....Negros Occidental,1.04,peso,2018
2018-01-01,....City of Bacolod (Capital),1.03,peso,2018
2018-01-01,....Negros Oriental,1.04,peso,2018
2018-01-01,....Siquijor,1.03,peso,2018
2018-02-01,PHILIPPINES,1.02,peso,2018
2018-02-01,..National Capital Region (NCR),1.02,peso,2018
2018-02-01,..Areas Outside National Capital Region (AONCR),1.02,peso,2018
2018-02-01,..Cordillera Administrative Region (CAR),1.02,peso,2018
2018-02-01,....Abra,1.03,peso,2018
2018-02-01,....Benguet,1.01,peso,2018
2018-02-01,....Ifugao,1.03,peso,2018
2018-02-01,....Kalinga,1.03,peso,2018
2018-02-01,....Mountain Province,1.02,peso,2018
2018-02-01,....Apayao,1.03,peso,2018
2018-02-01,....City of Baguio,1.02,peso,2018
2018-02-01,..Region I (Ilocos Region),1.03,peso,2018
2018-02-01,....Ilocos Norte,1.04,peso,2018
2018-02-01,....Ilocos Sur,1.01,peso,2018
2018-02-01,....La Union,1.02,peso,2018
2018-02-01,....Pangasinan,1.03,peso,2018
2018-02-01,..Region II (Cagayan Valley),1.03,peso,2018
2018-02-01,....Batanes,1.04,peso,2018
2018-02-01,....Cagayan,1.02,peso,2018
2018-02-01,....Isabela,1.02,peso,2018
2018-02-01,....Nueva Vizcaya,1.04,peso,2018
2018-02-01,....Quirino,1.03,peso,2018
2018-02-01,..Region III (Central Luzon),1.01,peso,2018
2018-02-01,....Bataan,1.01,peso,2018
2018-02-01,....Bulacan,1.01,peso,2018
2018-02-01,....Nueva Ecija,1.01,peso,2018
2018-02-01,....Pampanga,1.01,peso,2018
2018-02-01,....Tarlac,1.02,peso,2018
2018-02-01,....Zambales,1.02,peso,2018
2018-02-01,....Aurora,1.02,peso,2018
2018-02-01,....City of Angeles,1.01,peso,2018
2018-02-01,....City of Olongapo,1.02,peso,2018
2018-02-01,..Region IV-A (CALABARZON),1.02,peso,2018
2018-02-01,....Batangas,1.03,peso,2018
2018-02-01,....Cavite,1.02,peso,2018
2018-02-01,....Laguna,1.02,peso,2018
2018-02-01,....Quezon,1.02,peso,2018
2018-02-01,....Rizal,1.02,peso,2018
2018-02-01,....City of Lucena (Capital),1.02,peso,2018
2018-02-01,..MIMAROPA Region,1.03,peso,2018
2018-02-01,....Marinduque,1.02,peso,2018
2018-02-01,....Occidental Mindoro,1.03,peso,2018
2018-02-01,....Oriental Mindoro,1.02,peso,2018
2018-02-01,....Palawan,1.03,peso,2018
2018-02-01,....Romblon,1.01,peso,2018
2018-02-01,....City of Puerto Princesa (Capital),1.02,peso,2018
2018-02-01,..Region V (Bicol Region),1.02,peso,2018
2018-02-01,....Albay,1.02,peso,2018
2018-02-01,....Camarines Norte,1.03,peso,2018
2018-02-01,....Camarines Sur,1.03,peso,2018
2018-02-01,....Catanduanes,1.02,peso,2018
2018-02-01,....Masbate,1.03,peso,2018
2018-02-01,....Sorsogon,1.02,peso,2018
2018-02-01,..Region VI (Western Visayas),1.02,peso,2018
2018-02-01,....Aklan,1.01,peso,2018
2018-02-01,....Antique,1.02,peso,2018
2018-02-01,....Capiz,1.02,peso,2018
2018-02-01,....Iloilo,1.02,peso,2018
2018-02-01,....Guimaras,1.03,peso,2018
2018-02-01,....City of Iloilo (Capital),1.02,peso,2018
2018-02-01,..Region VII (Central Visayas),1.02,peso,2018
2018-02-01,....Bohol,1.03,peso,2018
2018-02-01,....Cebu,1.02,peso,2018
2018-02-01,....City of Cebu (Capital),1.02,peso,2018
2018-02-01,....City of Lapu-Lapu,1.02,peso,2018
2018-02-01,....City of Mandaue,1.02,peso,2018
2018-02-01,..Region VIII (Eastern Visayas),1.02,peso,2018
2018-02-01,....Eastern Samar,1.02,peso,2018
2018-02-01,....Leyte,1.03,peso,2018
2018-02-01,....Northern Samar,1.02,peso,2018
2018-02-01,....Samar,1.03,peso,2018
2018-02-01,....Southern Leyte,1.01,peso,2018
2018-02-01,....Biliran,1.02,peso,2018
2018-02-01,....City of Tacloban (Capital),1.03,peso,2018
2018-02-01,..Region IX (Zamboanga Peninsula),1.02,peso,2018
2018-02-01,....Zamboanga del Norte,1.03,peso,2018
2018-02-01,....Zamboanga del Sur,1.02,peso,2018
2018-02-01,....Zamboanga Sibugay,1.02,peso,2018
2018-02-01,....City of Zamboanga,1.01,peso,2018
2018-02-01,....City of Isabela,1.01,peso,2018
2018-02-01,..Region X (Northern Mindanao),1.02,peso,2018
2018-02-01,....Bukidnon,1.03,peso,2018
2018-02-01,....Camiguin,1.02,peso,2018
2018-02-01,....Lanao del Norte,1.02,peso,2018
2018-02-01,....Misamis Occidental,1.02,peso,2018
2018-02-01,....Misamis Oriental,1.03,peso,2018
2018-02-01,....City of Iligan,1.02,peso,2018
2018-02-01,....City of Cagayan de Oro (Capital),1.02,peso,2018
2018-02-01,..Region XI (Davao Region),1.03,peso,2018
2018-02-01,....Davao del Norte,1.02,peso,2018
2018-02-01,....Davao del Sur,1.03,peso,2018
2018-02-01,....Davao Oriental,1.01,peso,2018
2018-02-01,....Davao de Oro,1.02,peso,2018
2018-02-01,....Davao Occidental,1.05,peso,2018
2018-02-01,....City of Davao,1.03,peso,2018
2018-02-01,..Region XII (SOCCSKSARGEN),1.02,peso,2018
2018-02-01,....Cotabato,1.02,peso,2018
2018-02-01,....South Cotabato,1.02,peso,2018
2018-02-01,....Sultan Kudarat,1.03,peso,2018
2018-02-01,....Sarangani,1.02,peso,2018
2018-02-01,....City of General Santos,1.02,peso,2018
2018-02-01,..Bangsamoro Autonomous Region in Muslim Mindanao (BARMM),1.03,peso,2018
2018-02-01,....City of Cotabato,1.04,peso,2018
2018-02-01,....Basilan,1.02,peso,2018
2018-02-01,....Lanao del Sur,1.02,peso,2018
2018-02-01,....Maguindanao,1.03,peso,2018
2018-02-01,....Sulu,1.04,peso,2018
2018-02-01,....Tawi-tawi,1.05,peso,2018
2018-02-01,..Region XIII (Caraga),1.02,peso,2018
2018-02-01,....Agusan del Norte,1.02,peso,2018
2018-02-01,....Agusan del Sur,1.01,peso,2018
2018-02-01,....Surigao del Norte,1.02,peso,2018
2018-02-01,....Surigao del Sur,1.02,peso,2018
2018-02-01,....Dinagat Islands,1.02,peso,2018
2018-02-01,....City of Butuan (Capital),1.01,peso,2018
2018-02-01,..Negros Island Region (NIR),1.03,peso,2018
2018-02-01,....Negros Occidental,1.02,peso,2018
2018-02-01,....City of Bacolod (Capital),1.02,peso,2018
2018-02-01,....Negros Oriental,1.03,peso,2018
2018-02-01,....Siquijor,1.02,peso,2018
2018-03-01,PHILIPPINES,1.02,peso,2018
2018-03-01,..National Capital Region (NCR),1.01,peso,2018
2018-03-01,..Areas Outside National Capital Region (AONCR),1.02,peso,2018
2018-03-01,..Cordillera Administrative Region (CAR),1.02,peso,2018
2018-03-01,....Abra,1.03,peso,2018
2018-03-01,....Benguet,1.01,peso,2018
2018-03-01,....Ifugao,1.02,peso,2018
2018-03-01,....Kalinga,1.03,peso,2018
2018-03-01,....Mountain Province,1.02,peso,2018
2018-03-01,....Apayao,1.03,peso,2018
2018-03-01,....City of Baguio,1.01,peso,2018
2018-03-01,..Region I (Ilocos Region),1.02,peso,2018
2018-03-01,....Ilocos Norte,1.04,peso,2018
2018-03-01,....Ilocos Sur,1.01,peso,2018
2018-03-01,....La Union,1.02,peso,2018
2018-03-01,....Pangasinan,1.02,peso,2018
2018-03-01,..Region II (Cagayan Valley),1.02,peso,2018
2018-03-01,....Batanes,1.04,peso,2018
2018-03-01,....Cagayan,1.02,peso,2018
2018-03-01,....Isabela,1.02,peso,2018
2018-03-01,....Nueva Vizcaya,1.03,peso,2018
2018-03-01,....Quirino,1.03,peso,2018
2018-03-01,..Region III (Central Luzon),1.01,peso,2018
2018-03-01,....Bataan,1.01,peso,2018
2018-03-01,....Bulacan,1.01,peso,2018
2018-03-01,....Nueva Ecija,1.01,peso,2018
2018-03-01,....Pampanga,1.01,peso,2018
2018-03-01,....Tarlac,1.02,peso,2018
2018-03-01,....Zambales,1.02,peso,2018
2018-03-01,....Aurora,1.02,peso,2018
2018-03-01,....City of Angeles,1.01,peso,2018
2018-03-01,....City of Olongapo,1.02,peso,2018
2018-03-01,..Region IV-A (CALABARZON),1.01,peso,2018
2018-03-01,....Batangas,1.02,peso,2018
2018-03-01,....Cavite,1.02,peso,2018
2018-03-01,....Laguna,1.01,peso,2018
2018-03-01,....Quezon,1.02,peso,2018
2018-03-01,....Rizal,1.01,peso,2018
2018-03-01,....City of Lucena (Capital),1.01,peso,2018
2018-03-01,..MIMAROPA Region,1.02,peso,2018
2018-03-01,....Marinduque,1.02,peso,2018
2018-03-01,....Occidental Mindoro,1.02,peso,2018
2018-03-01,....Oriental Mindoro,1.02,peso,2018
2018-03-01,....Palawan,1.02,peso,2018
2018-03-01,....Romblon,1.02,peso,2018
2018-03-01,....City of Puerto Princesa (Capital),1.02,peso,2018
2018-03-01,..Region V (Bicol Region),1.02,peso,2018
2018-03-01,....Albay,1.02,peso,2018
2018-03-01,....Camarines Norte,1.02,peso,2018
2018-03-01,....Camarines Sur,1.02,peso,2018
2018-03-01,....Catanduanes,1.02,peso,2018
2018-03-01,....Masbate,1.02,peso,2018
2018-03-01,....Sorsogon,1.03,peso,2018
2018-03-01,..Region VI (Western Visayas),1.02,peso,2018
2018-03-01,....Aklan,1.01,peso,2018
2018-03-01,....Antique,1.02,peso,2018
2018-03-01,....Capiz,1.02,peso,2018
2018-03-01,....Iloilo,1.02,peso,2018
2018-03-01,....Guimaras,1.02,peso,2018
2018-03-01,....City of Iloilo (Capital),1.02,peso,2018
2018-03-01,..Region VII (Central Visayas),1.01,peso,2018
2018-03-01,....Bohol,1.02,peso,2018
2018-03-01,....Cebu,1.01,peso,2018
2018-03-01,....City of Cebu (Capital),1.01,peso,2018
2018-03-01,....City of Lapu-Lapu,1.01,peso,2018
2018-03-01,....City of Mandaue,1.01,peso,2018
2018-03-01,..Region VIII (Eastern Visayas),1.02,peso,2018
2018-03-01,....Eastern Samar,1.02,peso,2018
2018-03-01,....Leyte,1.02,peso,2018
2018-03-01,....Northern Samar,1.02,peso,2018
2018-03-01,....Samar,1.01,peso,2018
2018-03-01,....Southern Leyte,1.02,peso,2018
2018-03-01,....Biliran,1.01,peso,2018
2018-03-01,....City of Tacloban (Capital),1.02,peso,2018
2018-03-01,..Region IX (Zamboanga Peninsula),1.02,peso,2018
2018-03-01,....Zamboanga del Norte,1.02,peso,2018
2018-03-01,....Zamboanga del Sur,1.02,peso,2018
2018-03-01,....Zamboanga Sibugay,1.02,peso,2018
2018-03-01,....City of Zamboanga,1.01,peso,2018
2018-03-01,....City of Isabela,1.01,peso,2018
2018-03-01,..Region X (Northern Mindanao),1.02,peso,2018
2018-03-01,....Bukidnon,1.03,peso,2018
2018-03-01,....Camiguin,1.02,peso,2018
2018-03-01,....Lanao del Norte,1.02,peso,2018
2018-03-01,....Misamis Occidental,1.02,peso,2018
2018-03-01,....Misamis Oriental,1.03,peso,2018
2018-03-01,....City of Iligan,1.02,peso,2018
2018-03-01,....City of Cagayan de Oro (Capital),1.02,peso,2018
2018-03-01,..Region XI (Davao Region),1.03,peso,2018
2018-03-01,....Davao del Norte,1.02,peso,2018
2018-03-01,....Davao del Sur,1.03,peso,2018
2018-03-01,....Davao Oriental,1.02,peso,2018
2018-03-01,....Davao de Oro,1.02,peso,2018
2018-03-01,....Davao Occidental,1.04,peso,2018
2018-03-01,....City of Davao,1.03,peso,2018
2018-03-01,..Region XII (SOCCSKSARGEN),1.02,peso,2018
2018-03-01,....Cotabato,1.02,peso,2018
2018-03-01,....South Cotabato,1.02,peso,2018
2018-03-01,....Sultan Kudarat,1.03,peso,2018
2018-03-01,....Sarangani,1.02,peso,2018
2018-03-01,....City of General Santos,1.02,peso,2018
2018-03-01,..Bangsamoro Autonomous Region in Muslim Mindanao (BARMM),1.02,peso,2018
2018-03-01,....City of Cotabato,1.02,peso,2018
2018-03-01,....Basilan,1.03,peso,2018
2018-03-01,....Lanao del Sur,1.01,peso,2018
2018-03-01,....Maguindanao,1.02,peso,2018
2018-03-01,....Sulu,1.03,peso,2018
2018-03-01,....Tawi-tawi,1.05,peso,2018
2018-03-01,..Region XIII (Caraga),1.02,peso,2018
2018-03-01,....Agusan del Norte,1.02,peso,2018
2018-03-01,....Agusan del Sur,1.02,peso,2018
2018-03-01,....Surigao del Norte,1.02,peso,2018
2018-03-01,....Surigao del Sur,1.01,peso,2018
2018-03-01,....Dinagat Islands,1.02,peso,2018
2018-03-01,....City of Butuan (Capital),1.02,peso,2018
2018-03-01,..Negros Island Region (NIR),1.02,peso,2018
2018-03-01,....Negros Occidental,1.02,peso,2018
2018-03-01,....City of Bacolod (Capital),1.02,peso,2018
2018-03-01,....Negros Oriental,1.03,peso,2018
2018-03-01,....Siquijor,1.01,peso,2018
2018-04-01,PHILIPPINES,1.01,peso,2018
2018-04-01,..National Capital Region (NCR),1.01,peso,2018
2018-04-01,..Areas Outside National Capital Region (AONCR),1.01,peso,2018
2018-04-01,..Cordillera Administrative Region (CAR),1.01,peso,2018
2018-04-01,....Abra,1.02,peso,2018
2018-04-01,....Benguet,1.01,peso,2018
2018-04-01,....Ifugao,1.02,peso,2018
2018-04-01,....Kalinga,1.01,peso,2018
2018-04-01,....Mountain Province,1.01,peso,2018
2018-04-01,....Apayao,1.03,peso,2018
2018-04-01,....City of Baguio,1.01,peso,2018
2018-04-01,..Region I (Ilocos Region),1.02,peso,2018
2018-04-01,....Ilocos Norte,1.03,peso,2018
2018-04-01,....Ilocos Sur,1.0,peso,2018
2018-04-01,....La Union,1.02,peso,2018
2018-04-01,....Pangasinan,1.02,peso,2018
2018-04-01,..Region II (Cagayan Valley),1.02,peso,2018
2018-04-01,....Batanes,1.01,peso,2018
2018-04-01,....Cagayan,1.02,peso,2018
2018-04-01,....Isabela,1.02,peso,2018
2018-04-01,....Nueva Vizcaya,1.02,peso,2018
2018-04-01,....Quirino,1.02,peso,2018
2018-04-01,..Region III (Central Luzon),1.01,peso,2018
2018-04-01,....Bataan,1.01,peso,2018
2018-04-01,....Bulacan,1.02,peso,2018
2018-04-01,....Nueva Ecija,1.01,peso,2018
2018-04-01,....Pampanga,1.01,peso,2018
2018-04-01,....Tarlac,1.02,peso,2018
2018-04-01,....Zambales,1.01,peso,2018
2018-04-01,....Aurora,1.01,peso,2018
2018-04-01,....City of Angeles,1.01,peso,2018
2018-04-01,....City of Olongapo,1.01,peso,2018
2018-04-01,..Region IV-A (CALABARZON),1.01,peso,2018
2018-04-01,....Batangas,1.02,peso,2018
2018-04-01,....Cavite,1.01,peso,2018
2018-04-01,....Laguna,1.01,peso,2018
2018-04-01,....Quezon,1.01,peso,2018
2018-04-01,....Rizal,1.01,peso,2018
2018-04-01,....City of Lucena (Capital),1.01,peso,2018
2018-04-01,..MIMAROPA Region,1.02,peso,2018
2018-04-01,....Marinduque,1.01,peso,2018
2018-04-01,....Occidental Mindoro,1.02,peso,2018
2018-04-01,....Oriental Mindoro,1.02,peso,2018
2018-04-01,....Palawan,1.02,peso,2018
2018-04-01,....Romblon,1.02,peso,2018
2018-04-01,....City of Puerto Princesa (Capital),1.02,peso,2018
2018-04-01,..Region V (Bicol Region),1.02,peso,2018
2018-04-01,....Albay,1.01,peso,2018
2018-04-01,....Camarines Norte,1.02,peso,2018
2018-04-01,....Camarines Sur,1.02,peso,2018
2018-04-01,....Catanduanes,1.01,peso,2018
2018-04-01,....Masbate,1.01,peso,2018
2018-04-01,....Sorsogon,1.02,peso,2018
2018-04-01,..Region VI (Western Visayas),1.01,peso,2018
2018-04-01,....Aklan,1.0,peso,2018
2018-04-01,....Antique,1.01,peso,2018
2018-04-01,....Capiz,1.01,peso,2018
2018-04-01,....Iloilo,1.01,peso,2018
2018-04-01,....Guimaras,1.01,peso,2018
2018-04-01,....City of Iloilo (Capital),1.01,peso,2018
2018-04-01,..Region VII (Central Visayas),1.0,peso,2018
2018-04-01,....Bohol,1.01,peso,2018
2018-04-01,....Cebu,1.0,peso,2018
2018-04-01,....City of Cebu (Capital),1.0,peso,2018
2018-04-01,....City of Lapu-Lapu,1.0,peso,2018
2018-04-01,....City of Mandaue,1.0,peso,2018
2018-04-01,..Region VIII (Eastern Visayas),1.01,peso,2018
2018-04-01,....Eastern Samar,1.01,peso,2018
2018-04-01,....Leyte,1.01,peso,2018
2018-04-01,....Northern Samar,1.02,peso,2018
2018-04-01,....Samar,1.0,peso,2018
2018-04-01,....Southern Leyte,1.02,peso,2018
2018-04-01,....Biliran,1.01,peso,2018
2018-04-01,....City of Tacloban (Capital),1.01,peso,2018
2018-04-01,..Region IX (Zamboanga Peninsula),1.02,peso,2018
2018-04-01,....Zamboanga del Norte,1.02,peso,2018
2018-04-01,....Zamboanga del Sur,1.01,peso,2018
2018-04-01,....Zamboanga Sibugay,1.02,peso,2018
2018-04-01,....City of Zamboanga,1.01,peso,2018
2018-04-01,....City of Isabela,1.01,peso,2018
2018-04-01,..Region X (Northern Mindanao),1.02,peso,2018
2018-04-01,....Bukidnon,1.02,peso,2018
2018-04-01,....Camiguin,1.02,peso,2018
2018-04-01,....Lanao del Norte,1.02,peso,2018
2018-04-01,....Misamis Occidental,1.02,peso,2018
2018-04-01,....Misamis Oriental,1.02,peso,2018
2018-04-01,....City of Iligan,1.02,peso,2018
2018-04-01,....City of Cagayan de Oro (Capital),1.02,peso,2018
2018-04-01,..Region XI (Davao Region),1.02,peso,2018
2018-04-01,....Davao del Norte,1.01,peso,2018
2018-04-01,....Davao del Sur,1.02,peso,2018
2018-04-01,....Davao Oriental,1.01,peso,2018
2018-04-01,....Davao de Oro,1.02,peso,2018
2018-04-01,....Davao Occidental,1.04,peso,2018
2018-04-01,....City of Davao,1.02,peso,2018
2018-04-01,..Region XII (SOCCSKSARGEN),1.02,peso,2018
2018-04-01,....Cotabato,1.01,peso,2018
2018-04-01,....South Cotabato,1.02,peso,2018
2018-04-01,....Sultan Kudarat,1.02,peso,2018
2018-04-01,....Sarangani,1.01,peso,2018
2018-04-01,....City of General Santos,1.02,peso,2018
2018-04-01,..Bangsamoro Autonomous Region in Muslim Mindanao (BARMM),1.02,peso,2018
2018-04-01,....City of Cotabato,1.02,peso,2018
2018-04-01,....Basilan,1.02,peso,2018
2018-04-01,....Lanao del Sur,1.01,peso,2018
2018-04-01,....Maguindanao,1.02,peso,2018
2018-04-01,....Sulu,1.03,peso,2018
2018-04-01,....Tawi-tawi,1.04,peso,2018
2018-04-01,..Region XIII (Caraga),1.01,peso,2018
2018-04-01,....Agusan del Norte,1.01,peso,2018
2018-04-01,....Agusan del Sur,1.01,peso,2018
2018-04-01,....Surigao del Norte,1.02,peso,2018
2018-04-01,....Surigao del Sur,1.01,peso,2018
2018-04-01,....Dinagat Islands,1.01,peso,2018
2018-04-01,....City of Butuan (Capital),1.01,peso,2018
2018-04-01,..Negros Island Region (NIR),1.02,peso,2018
2018-04-01,....Negros Occidental,1.01,peso,2018
2018-04-01,....City of Bacolod (Capital),1.01,peso,2018
2018-04-01,....Negros Oriental,1.03,peso,2018
2018-04-01,....Siquijor,1.01,peso,2018
2018-05-01,PHILIPPINES,1.01,peso,2018
2018-05-01,..National Capital Region (NCR),1.01,peso,2018
2018-05-01,..Areas Outside National Capital Region (AONCR),1.01,peso,2018
2018-05-01,..Cordillera Administrative Region (CAR),1.01,peso,2018
2018-05-01,....Abra,1.02,peso,2018
2018-05-01,....Benguet,1.0,peso,2018
2018-05-01,....Ifugao,1.01,peso,2018
2018-05-01,....Kalinga,1.01,peso,2018
2018-05-01,....Mountain Province,1.01,peso,2018
2018-05-01,....Apayao,1.02,peso,2018
2018-05-01,....City of Baguio,1.01,peso,2018
2018-05-01,..Region I (Ilocos Region),1.01,peso,2018
2018-05-01,....Ilocos Norte,1.03,peso,2018
2018-05-01,....Ilocos Sur,1.0,peso,2018
2018-05-01,....La Union,1.02,peso,2018
2018-05-01,....Pangasinan,1.01,peso,2018
2018-05-01,..Region II (Cagayan Valley),1.02,peso,2018
2018-05-01,....Batanes,0.99,peso,2018
2018-05-01,....Cagayan,1.02,peso,2018
2018-05-01,....Isabela,1.02,peso,2018
2018-05-01,....Nueva Vizcaya,1.01,peso,2018
2018-05-01,....Quirino,1.02,peso,2018
2018-05-01,..Region III (Central Luzon),1.01,peso,2018
2018-05-01,....Bataan,1.01,peso,2018
2018-05-01,....Bulacan,1.01,peso,2018
2018-05-01,....Nueva Ecija,1.01,peso,2018
2018-05-01,....Pampanga,1.01,peso,2018
2018-05-01,....Tarlac,1.02,peso,2018
2018-05-01,....Zambales,1.01,peso,2018
2018-05-01,....Aurora,1.01,peso,2018
2018-05-01,....City of Angeles,1.01,peso,2018
2018-05-01,....City of Olongapo,1.01,peso,2018
2018-05-01,..Region IV-A (CALABARZON),1.01,peso,2018
2018-05-01,....Batangas,1.01,peso,2018
2018-05-01,....Cavite,1.01,peso,2018
2018-05-01,....Laguna,1.01,peso,2018
2018-05-01,....Quezon,1.01,peso,2018
2018-05-01,....Rizal,1.01,peso,2018
2018-05-01,....City of Lucena (Capital),1.01,peso,2018
2018-05-01,..MIMAROPA Region,1.02,peso,2018
2018-05-01,....Marinduque,1.02,peso,2018
2018-05-01,....Occidental Mindoro,1.02,peso,2018
2018-05-01,....Oriental Mindoro,1.02,peso,2018
2018-05-01,....Palawan,1.02,peso,2018
2018-05-01,....Romblon,1.01,peso,2018
2018-05-01,....City of Puerto Princesa (Capital),1.02,peso,2018
2018-05-01,..Region V (Bicol Region),1.01,peso,2018
2018-05-01,....Albay,1.01,peso,2018
2018-05-01,....Camarines Norte,1.01,peso,2018
2018-05-01,....Camarines Sur,1.01,peso,2018
2018-05-01,....Catanduanes,1.01,peso,2018
2018-05-01,....Masbate,1.01,peso,2018
2018-05-01,....Sorsogon,1.01,peso,2018
2018-05-01,..Region VI (Western Visayas),1.01,peso,2018
2018-05-01,....Aklan,1.01,peso,2018
2018-05-01,....Antique,1.01,peso,2018
2018-05-01,....Capiz,1.01,peso,2018
2018-05-01,....Iloilo,1.01,peso,2018
2018-05-01,....Guimaras,1.0,peso,2018
2018-05-01,....City of Iloilo (Capital),1.01,peso,2018
2018-05-01,..Region VII (Central Visayas),1.0,peso,2018
2018-05-01,....Bohol,1.01,peso,2018
2018-05-01,....Cebu,0.99,peso,2018
2018-05-01,....City of Cebu (Capital),1.0,peso,2018
2018-05-01,....City of Lapu-Lapu,1.0,peso,2018
2018-05-01,....City of Mandaue,1.0,peso,2018
2018-05-01,..Region VIII (Eastern Visayas),1.01,peso,2018
2018-05-01,....Eastern Samar,1.01,peso,2018
2018-05-01,....Leyte,1.01,peso,2018
2018-05-01,....Northern Samar,1.01,peso,2018
2018-05-01,....Samar,1.0,peso,2018
2018-05-01,....Southern Leyte,1.02,peso,2018
2018-05-01,....Biliran,1.0,peso,2018
2018-05-01,....City of Tacloban (Capital),1.01,peso,2018
2018-05-01,..Region IX (Zamboanga Peninsula),1.01,peso,2018
2018-05-01,....Zamboanga del Norte,1.02,peso,2018
2018-05-01,....Zamboanga del Sur,1.01,peso,2018
2018-05-01,....Zamboanga Sibugay,1.02,peso,2018
2018-05-01,....City of Zamboanga,1.01,peso,2018
2018-05-01,....City of Isabela,1.01,peso,2018
2018-05-01,..Region X (Northern Mindanao),1.02,peso,2018
2018-05-01,....Bukidnon,1.02,peso,2018
2018-05-01,....Camiguin,1.02,peso,2018
2018-05-01,....Lanao del Norte,1.01,peso,2018
2018-05-01,....Misamis Occidental,1.02,peso,2018
2018-05-01,....Misamis Oriental,1.02,peso,2018
2018-05-01,....City of Iligan,1.02,peso,2018
2018-05-01,....City of Cagayan de Oro (Capital),1.02,peso,2018
2018-05-01,..Region XI (Davao Region),1.02,peso,2018
2018-05-01,....Davao del Norte,1.01,peso,2018
2018-05-01,....Davao del Sur,1.02,peso,2018
2018-05-01,....Davao Oriental,1.0,peso,2018
2018-05-01,....Davao de Oro,1.01,peso,2018
2018-05-01,....Davao Occidental,1.04,peso,2018
2018-05-01,....City of Davao,1.02,peso,2018
2018-05-01,..Region XII (SOCCSKSARGEN),1.01,peso,2018
2018-05-01,....Cotabato,1.01,peso,2018
2018-05-01,....South Cotabato,1.01,peso,2018
2018-05-01,....Sultan Kudarat,1.01,peso,2018
2018-05-01,....Sarangani,1.01,peso,2018
2018-05-01,....City of General Santos,1.01,peso,2018
2018-05-01,..Bangsamoro Autonomous Region in Muslim Mindanao (BARMM),1.02,peso,2018
2018-05-01,....City of Cotabato,1.02,peso,2018
2018-05-01,....Basilan,1.02,peso,2018
2018-05-01,....Lanao del Sur,1.01,peso,2018
2018-05-01,....Maguindanao,1.02,peso,2018
2018-05-01,....Sulu,1.03,peso,2018
2018-05-01,....Tawi-tawi,1.03,peso,2018
2018-05-01,..Region XIII (Caraga),1.01,peso,2018
2018-05-01,....Agusan del Norte,1.01,peso,2018
2018-05-01,....Agusan del Sur,1.01,peso,2018
2018-05-01,....Surigao del Norte,1.01,peso,2018
2018-05-01,....Surigao del Sur,1.01,peso,2018
2018-05-01,....Dinagat Islands,1.01,peso,2018
2018-05-01,....City of Butuan (Capital),1.01,peso,2018
2018-05-01,..Negros Island Region (NIR),1.01,peso,2018
2018-05-01,....Negros Occidental,1.01,peso,2018
2018-05-01,....City of Bacolod (Capital),1.01,peso,2018
2018-05-01,....Negros Oriental,1.0,peso,2018
2018-05-01,....Siquijor,1.0,peso,2018
2018-06-01,PHILIPPINES,1.01,peso,2018
2018-06-01,..National Capital Region (NCR),1.0,peso,2018
2018-06-01,..Areas Outside National Capital Region (AONCR),1.01,peso,2018
2018-06-01,..Cordillera Administrative Region (CAR),1.0,peso,2018
2018-06-01,....Abra,1.01,peso,2018
2018-06-01,....Benguet,1.0,peso,2018
2018-06-01,....Ifugao,1.01,peso,2018
2018-06-01,....Kalinga,1.01,peso,2018
2018-06-01,....Mountain Province,1.01,peso,2018
2018-06-01,....Apayao,1.01,peso,2018
2018-06-01,....City of Baguio,1.0,peso,2018
2018-06-01,..Region I (Ilocos Region),1.0,peso,2018
2018-06-01,....Ilocos Norte,1.0,peso,2018
2018-06-01,....Ilocos Sur,0.99,peso,2018
2018-06-01,....La Union,1.01,peso,2018
2018-06-01,....Pangasinan,1.0,peso,2018
2018-06-01,..Region II (Cagayan Valley),1.01,peso,2018
2018-06-01,....Batanes,0.99,peso,2018
2018-06-01,....Cagayan,1.01,peso,2018
2018-06-01,....Isabela,1.01,peso,2018
2018-06-01,....Nueva Vizcaya,1.0,peso,2018
2018-06-01,....Quirino,1.01,peso,2018
2018-06-01,..Region III (Central Luzon),1.01,peso,2018
2018-06-01,....Bataan,1.01,peso,2018
2018-06-01,....Bulacan,1.01,peso,2018
2018-06-01,....Nueva Ecija,1.01,peso,2018
2018-06-01,....Pampanga,1.0,peso,2018
2018-06-01,....Tarlac,1.01,peso,2018
2018-06-01,....Zambales,1.0,peso,2018
2018-06-01,....Aurora,1.01,peso,2018
2018-06-01,....City of Angeles,1.0,peso,2018
2018-06-01,....City of Olongapo,1.0,peso,2018
2018-06-01,..Region IV-A (CALABARZON),1.01,peso,2018
2018-06-01,....Batangas,1.01,peso,2018
2018-06-01,....Cavite,1.01,peso,2018
2018-06-01,....Laguna,1.01,peso,2018
2018-06-01,....Quezon,1.01,peso,2018
2018-06-01,....Rizal,1.01,peso,2018
2018-06-01,....City of Lucena (Capital),1.01,peso,2018
2018-06-01,..MIMAROPA Region,1.02,peso,2018
2018-06-01,....Marinduque,1.02,peso,2018
2018-06-01,....Occidental Mindoro,1.01,peso,2018
2018-06-01,....Oriental Mindoro,1.02,peso,2018
2018-06-01,....Palawan,1.02,peso,2018
2018-06-01,....Romblon,1.01,peso,2018
2018-06-01,....City of Puerto Princesa (Capital),1.02,peso,2018
2018-06-01,..Region V (Bicol Region),1.01,peso,2018
2018-06-01,....Albay,1.01,peso,2018
2018-06-01,....Camarines Norte,1.01,peso,2018
2018-06-01,....Camarines Sur,1.01,peso,2018
2018-06-01,....Catanduanes,1.01,peso,2018
2018-06-01,....Masbate,1.0,peso,2018
2018-06-01,....Sorsogon,1.0,peso,2018
2018-06-01,..Region VI (Western Visayas),1.01,peso,2018
2018-06-01,....Aklan,1.01,peso,2018
2018-06-01,....Antique,1.0,peso,2018
2018-06-01,....Capiz,1.0,peso,2018
2018-06-01,....Iloilo,1.01,peso,2018
2018-06-01,....Guimaras,1.01,peso,2018
2018-06-01,....City of Iloilo (Capital),1.0,peso,2018
2018-06-01,..Region VII (Central Visayas),1.0,peso,2018
2018-06-01,....Bohol,1.0,peso,2018
2018-06-01,....Cebu,0.99,peso,2018
2018-06-01,....City of Cebu (Capital),1.0,peso,2018
2018-06-01,....City of Lapu-Lapu,1.0,peso,2018
2018-06-01,....City of Mandaue,1.0,peso,2018
2018-06-01,..Region VIII (Eastern Visayas),1.0,peso,2018
2018-06-01,....Eastern Samar,1.0,peso,2018
2018-06-01,....Leyte,1.0,peso,2018
2018-06-01,....Northern Samar,1.01,peso,2018
2018-06-01,....Samar,1.0,peso,2018
2018-06-01,....Southern Leyte,1.01,peso,2018
2018-06-01,....Biliran,0.99,peso,2018
2018-06-01,....City of Tacloban (Capital),1.0,peso,2018
2018-06-01,..Region IX (Zamboanga Peninsula),1.01,peso,2018
2018-06-01,....Zamboanga del Norte,1.01,peso,2018
2018-06-01,....Zamboanga del Sur,1.01,peso,2018
2018-06-01,....Zamboanga Sibugay,1.0,peso,2018
2018-06-01,....City of Zamboanga,1.01,peso,2018
2018-06-01,....City of Isabela,1.0,peso,2018
2018-06-01,..Region X (Northern Mindanao),1.01,peso,2018
2018-06-01,....Bukidnon,1.01,peso,2018
2018-06-01,....Camiguin,1.01,peso,2018
2018-06-01,....Lanao del Norte,1.01,peso,2018
2018-06-01,....Misamis Occidental,1.01,peso,2018
2018-06-01,....Misamis Oriental,1.01,peso,2018
2018-06-01,....City of Iligan,1.01,peso,2018
2018-06-01,....City of Cagayan de Oro (Capital),1.01,peso,2018
2018-06-01,..Region XI (Davao Region),1.01,peso,2018
2018-06-01,....Davao del Norte,1.0,peso,2018
2018-06-01,....Davao del Sur,1.01,peso,2018
2018-06-01,....Davao Oriental,1.0,peso,2018
2018-06-01,....Davao de Oro,1.01,peso,2018
2018-06-01,....Davao Occidental,1.02,peso,2018
2018-06-01,....City of Davao,1.01,peso,2018
2018-06-01,..Region XII (SOCCSKSARGEN),1.0,peso,2018
2018-06-01,....Cotabato,1.0,peso,2018
2018-06-01,....South Cotabato,1.01,peso,2018
2018-06-01,....Sultan Kudarat,1.01,peso,2018
2018-06-01,....Sarangani,1.01,peso,2018
2018-06-01,....City of General Santos,1.0,peso,2018
2018-06-01,..Bangsamoro Autonomous Region in Muslim Mindanao (BARMM),1.0,peso,2018
2018-06-01,....City of Cotabato,1.0,peso,2018
2018-06-01,....Basilan,1.0,peso,2018
2018-06-01,....Lanao del Sur,0.99,peso,2018
2018-06-01,....Maguindanao,1.0,peso,2018
2018-06-01,....Sulu,1.03,peso,2018
2018-06-01,....Tawi-tawi,1.02,peso,2018
2018-06-01,..Region XIII (Caraga),1.01,peso,2018
2018-06-01,....Agusan del Norte,1.01,peso,2018
2018-06-01,....Agusan del Sur,1.01,peso,2018
2018-06-01,....Surigao del Norte,1.01,peso,2018
2018-06-01,....Surigao del Sur,1.01,peso,2018
2018-06-01,....Dinagat Islands,1.0,peso,2018
2018-06-01,....City of Butuan (Capital),1.0,peso,2018
2018-06-01,..Negros Island Region (NIR),1.0,peso,2018
2018-06-01,....Negros Occidental,1.01,peso,2018
2018-06-01,....City of Bacolod (Capital),1.0,peso,2018
2018-06-01,....Negros Oriental,0.99,peso,2018
2018-06-01,....Siquijor,1.0,peso,2018
2018-07-01,PHILIPPINES,1.0,peso,2018
2018-07-01,..National Capital Region (NCR),1.0,peso,2018
2018-07-01,..Areas Outside National Capital Region (AONCR),1.0,peso,2018
2018-07-01,..Cordillera Administrative Region (CAR),1.0,peso,2018
2018-07-01,....Abra,1.0,peso,2018
2018-07-01,....Benguet,1.0,peso,2018
2018-07-01,....Ifugao,1.0,peso,2018
2018-07-01,....Kalinga,1.0,peso,2018
2018-07-01,....Mountain Province,1.0,peso,2018
2018-07-01,....Apayao,1.0,peso,2018
2018-07-01,....City of Baguio,1.0,peso,2018
2018-07-01,..Region I (Ilocos Region),1.0,peso,2018
2018-07-01,....Ilocos Norte,0.99,peso,2018
2018-07-01,....Ilocos Sur,1.01,peso,2018
2018-07-01,....La Union,1.0,peso,2018
2018-07-01,....Pangasinan,1.0,peso,2018
2018-07-01,..Region II (Cagayan Valley),1.0,peso,2018
2018-07-01,....Batanes,0.99,peso,2018
2018-07-01,....Cagayan,1.01,peso,2018
2018-07-01,....Isabela,0.99,peso,2018
2018-07-01,....Nueva Vizcaya,1.0,peso,2018
2018-07-01,....Quirino,0.99,peso,2018
2018-07-01,..Region III (Central Luzon),1.0,peso,2018
2018-07-01,....Bataan,1.0,peso,2018
2018-07-01,....Bulacan,1.0,peso,2018
2018-07-01,....Nueva Ecija,1.01,peso,2018
2018-07-01,....Pampanga,1.0,peso,2018
2018-07-01,....Tarlac,1.0,peso,2018
2018-07-01,....Zambales,1.0,peso,2018
2018-07-01,....Aurora,1.0,peso,2018
2018-07-01,....City of Angeles,1.0,peso,2018
2018-07-01,....City of Olongapo,1.0,peso,2018
2018-07-01,..Region IV-A (CALABARZON),0.99,peso,2018
2018-07-01,....Batangas,0.99,peso,2018
2018-07-01,....Cavite,0.99,peso,2018
2018-07-01,....Laguna,1.0,peso,2018
2018-07-01,....Quezon,1.0,peso,2018
2018-07-01,....Rizal,1.0,peso,2018
2018-07-01,....City of Lucena (Capital),1.0,peso,2018
2018-07-01,..MIMAROPA Region,1.01,peso,2018
2018-07-01,....Marinduque,1.01,peso,2018
2018-07-01,....Occidental Mindoro,1.0,peso,2018
2018-07-01,....Oriental Mindoro,1.02,peso,2018
2018-07-01,....Palawan,1.02,peso,2018
2018-07-01,....Romblon,1.01,peso,2018
2018-07-01,....City of Puerto Princesa (Capital),1.01,peso,2018
2018-07-01,..Region V (Bicol Region),1.0,peso,2018
2018-07-01,....Albay,1.0,peso,2018
2018-07-01,....Camarines Norte,0.99,peso,2018
2018-07-01,....Camarines Sur,1.01,peso,2018
2018-07-01,....Catanduanes,0.99,peso,2018
2018-07-01,....Masbate,1.0,peso,2018
2018-07-01,....Sorsogon,0.99,peso,2018
2018-07-01,..Region VI (Western Visayas),1.0,peso,2018
2018-07-01,....Aklan,1.0,peso,2018
2018-07-01,....Antique,0.99,peso,2018
2018-07-01,....Capiz,1.0,peso,2018
2018-07-01,....Iloilo,1.0,peso,2018
2018-07-01,....Guimaras,1.0,peso,2018
2018-07-01,....City of Iloilo (Capital),1.0,peso,2018
2018-07-01,..Region VII (Central Visayas),0.99,peso,2018
2018-07-01,....Bohol,0.99,peso,2018
2018-07-01,....Cebu,1.0,peso,2018
2018-07-01,....City of Cebu (Capital),0.99,peso,2018
2018-07-01,....City of Lapu-Lapu,0.99,peso,2018
2018-07-01,....City of Mandaue,0.99,peso,2018
2018-07-01,..Region VIII (Eastern Visayas),1.0,peso,2018
2018-07-01,....Eastern Samar,1.0,peso,2018
2018-07-01,....Leyte,1.0,peso,2018
2018-07-01,....Northern Samar,1.0,peso,2018
2018-07-01,....Samar,1.0,peso,2018
2018-07-01,....Southern Leyte,1.0,peso,2018
2018-07-01,....Biliran,0.99,peso,2018
2018-07-01,....City of Tacloban (Capital),1.0,peso,2018
2018-07-01,..Region IX (Zamboanga Peninsula),1.0,peso,2018
2018-07-01,....Zamboanga del Norte,1.01,peso,2018
2018-07-01,....Zamboanga del Sur,1.0,peso,2018
2018-07-01,....Zamboanga Sibugay,1.0,peso,2018
2018-07-01,....City of Zamboanga,1.0,peso,2018
2018-07-01,....City of Isabela,1.0,peso,2018
2018-07-01,..Region X (Northern Mindanao),1.0,peso,2018
2018-07-01,....Bukidnon,1.0,peso,2018
2018-07-01,....Camiguin,1.0,peso,2018
2018-07-01,....Lanao del Norte,1.0,peso,2018
2018-07-01,....Misamis Occidental,1.0,peso,2018
2018-07-01,....Misamis Oriental,1.0,peso,2018
2018-07-01,....City of Iligan,1.0,peso,2018
2018-07-01,....City of Cagayan de Oro (Capital),1.0,peso,2018
2018-07-01,..Region XI (Davao Region),1.0,peso,2018
2018-07-01,....Davao del Norte,1.0,peso,2018
2018-07-01,....Davao del Sur,0.99,peso,2018
2018-07-01,....Davao Oriental,1.0,peso,2018
2018-07-01,....Davao de Oro,1.0,peso,2018
2018-07-01,....Davao Occidental,1.0,peso,2018
2018-07-01,....City of Davao,1.0,peso,2018
2018-07-01,..Region XII (SOCCSKSARGEN),1.0,peso,2018
2018-07-01,....Cotabato,1.0,peso,2018
2018-07-01,....South Cotabato,0.99,peso,2018
2018-07-01,....Sultan Kudarat,1.0,peso,2018
2018-07-01,....Sarangani,1.0,peso,2018
2018-07-01,....City of General Santos,0.99,peso,2018
2018-07-01,..Bangsamoro Autonomous Region in Muslim Mindanao (BARMM),1.0,peso,2018
2018-07-01,....City of Cotabato,0.99,peso,2018
2018-07-01,....Basilan,1.0,peso,2018
2018-07-01,....Lanao del Sur,0.99,peso,2018
2018-07-01,....Maguindanao,0.98,peso,2018
2018-07-01,....Sulu,1.03,peso,2018
2018-07-01,....Tawi-tawi,1.02,peso,2018
2018-07-01,..Region XIII (Caraga),1.0,peso,2018
2018-07-01,....Agusan del Norte,1.0,peso,2018
2018-07-01,....Agusan del Sur,1.01,peso,2018
2018-07-01,....Surigao del Norte,1.0,peso,2018
2018-07-01,....Surigao del Sur,1.01,peso,2018
2018-07-01,....Dinagat Islands,0.99,peso,2018
2018-07-01,....City of Butuan (Capital),1.0,peso,2018
2018-07-01,..Negros Island Region (NIR),1.0,peso,2018
2018-07-01,....Negros Occidental,1.0,peso,2018
2018-07-01,....City of Bacolod (Capital),1.0,peso,2018
2018-07-01,....Negros Oriental,0.98,peso,2018
2018-07-01,....Siquijor,0.99,peso,2018
2018-08-01,PHILIPPINES,0.99,peso,2018
2018-08-01,..National Capital Region (NCR),0.99,peso,2018
2018-08-01,..Areas Outside National Capital Region (AONCR),0.99,peso,2018
2018-08-01,..Cordillera Administrative Region (CAR),0.99,peso,2018
2018-08-01,....Abra,0.99,peso,2018
2018-08-01,....Benguet,0.99,peso,2018
2018-08-01,....Ifugao,1.0,peso,2018
2018-08-01,....Kalinga,0.99,peso,2018
2018-08-01,....Mountain Province,1.0,peso,2018
2018-08-01,....Apayao,0.99,peso,2018
2018-08-01,....City of Baguio,0.99,peso,2018
2018-08-01,..Region I (Ilocos Region),0.99,peso,2018
2018-08-01,....Ilocos Norte,0.98,peso,2018
2018-08-01,....Ilocos Sur,1.01,peso,2018
2018-08-01,....La Union,0.99,peso,2018
2018-08-01,....Pangasinan,0.99,peso,2018
2018-08-01,..Region II (Cagayan Valley),0.98,peso,2018
2018-08-01,....Batanes,0.99,peso,2018
2018-08-01,....Cagayan,0.98,peso,2018
2018-08-01,....Isabela,0.98,peso,2018
2018-08-01,....Nueva Vizcaya,0.98,peso,2018
2018-08-01,....Quirino,0.98,peso,2018
2018-08-01,..Region III (Central Luzon),0.99,peso,2018
2018-08-01,....Bataan,1.0,peso,2018
2018-08-01,....Bulacan,0.99,peso,2018
2018-08-01,....Nueva Ecija,1.0,peso,2018
2018-08-01,....Pampanga,1.0,peso,2018
2018-08-01,....Tarlac,0.99,peso,2018
2018-08-01,....Zambales,0.99,peso,2018
2018-08-01,....Aurora,0.99,peso,2018
2018-08-01,....City of Angeles,1.0,peso,2018
2018-08-01,....City of Olongapo,0.99,peso,2018
2018-08-01,..Region IV-A (CALABARZON),0.99,peso,2018
2018-08-01,....Batangas,0.99,peso,2018
2018-08-01,....Cavite,0.99,peso,2018
2018-08-01,....Laguna,0.99,peso,2018
2018-08-01,....Quezon,0.99,peso,2018
2018-08-01,....Rizal,0.99,peso,2018
2018-08-01,....City of Lucena (Capital),0.99,peso,2018
2018-08-01,..MIMAROPA Region,1.0,peso,2018
2018-08-01,....Marinduque,1.0,peso,2018
2018-08-01,....Occidental Mindoro,0.99,peso,2018
2018-08-01,....Oriental Mindoro,1.0,peso,2018
2018-08-01,....Palawan,1.0,peso,2018
2018-08-01,....Romblon,1.0,peso,2018
2018-08-01,....City of Puerto Princesa (Capital),1.0,peso,2018
2018-08-01,..Region V (Bicol Region),0.99,peso,2018
2018-08-01,....Albay,0.99,peso,2018
2018-08-01,....Camarines Norte,0.98,peso,2018
2018-08-01,....Camarines Sur,0.99,peso,2018
2018-08-01,....Catanduanes,0.99,peso,2018
2018-08-01,....Masbate,0.98,peso,2018
2018-08-01,....Sorsogon,0.98,peso,2018
2018-08-01,..Region VI (Western Visayas),0.98,peso,2018
2018-08-01,....Aklan,0.99,peso,2018
2018-08-01,....Antique,0.98,peso,2018
2018-08-01,....Capiz,0.99,peso,2018
2018-08-01,....Iloilo,0.98,peso,2018
2018-08-01,....Guimaras,0.98,peso,2018
2018-08-01,....City of Iloilo (Capital),0.99,peso,2018
2018-08-01,..Region VII (Central Visayas),0.99,peso,2018
2018-08-01,....Bohol,0.99,peso,2018
2018-08-01,....Cebu,1.0,peso,2018
2018-08-01,....City of Cebu (Capital),0.99,peso,2018
2018-08-01,....City of Lapu-Lapu,0.99,peso,2018
2018-08-01,....City of Mandaue,0.99,peso,2018
2018-08-01,..Region VIII (Eastern Visayas),0.99,peso,2018
2018-08-01,....Eastern Samar,1.0,peso,2018
2018-08-01,....Leyte,0.99,peso,2018
2018-08-01,....Northern Samar,0.99,peso,2018
2018-08-01,....Samar,1.0,peso,2018
2018-08-01,....Southern Leyte,1.0,peso,2018
2018-08-01,....Biliran,0.99,peso,2018
2018-08-01,....City of Tacloban (Capital),0.99,peso,2018
2018-08-01,..Region IX (Zamboanga Peninsula),0.99,peso,2018
2018-08-01,....Zamboanga del Norte,0.99,peso,2018
2018-08-01,....Zamboanga del Sur,0.99,peso,2018
2018-08-01,....Zamboanga Sibugay,0.99,peso,2018
2018-08-01,....City of Zamboanga,0.99,peso,2018
2018-08-01,....City of Isabela,1.0,peso,2018
2018-08-01,..Region X (Northern Mindanao),0.99,peso,2018
2018-08-01,....Bukidnon,0.99,peso,2018
2018-08-01,....Camiguin,0.99,peso,2018
2018-08-01,....Lanao del Norte,0.99,peso,2018
2018-08-01,....Misamis Occidental,0.99,peso,2018
2018-08-01,....Misamis Oriental,0.99,peso,2018
2018-08-01,....City of Iligan,0.99,peso,2018
2018-08-01,....City of Cagayan de Oro (Capital),0.99,peso,2018
2018-08-01,..Region XI (Davao Region),0.99,peso,2018
2018-08-01,....Davao del Norte,0.99,peso,2018
2018-08-01,....Davao del Sur,0.99,peso,2018
2018-08-01,....Davao Oriental,0.99,peso,2018
2018-08-01,....Davao de Oro,0.99,peso,2018
2018-08-01,....Davao Occidental,0.99,peso,2018
2018-08-01,....City of Davao,0.99,peso,2018
2018-08-01,..Region XII (SOCCSKSARGEN),0.98,peso,2018
2018-08-01,....Cotabato,0.98,peso,2018
2018-08-01,....South Cotabato,0.97,peso,2018
2018-08-01,....Sultan Kudarat,0.98,peso,2018
2018-08-01,....Sarangani,0.98,peso,2018
2018-08-01,....City of General Santos,0.97,peso,2018
2018-08-01,..Bangsamoro Autonomous Region in Muslim Mindanao (BARMM),0.99,peso,2018
2018-08-01,....City of Cotabato,0.98,peso,2018
2018-08-01,....Basilan,1.0,peso,2018
2018-08-01,....Lanao del Sur,0.99,peso,2018
2018-08-01,....Maguindanao,0.96,peso,2018
2018-08-01,....Sulu,1.03,peso,2018
2018-08-01,....Tawi-tawi,0.99,peso,2018
2018-08-01,..Region XIII (Caraga),0.99,peso,2018
2018-08-01,....Agusan del Norte,0.99,peso,2018
2018-08-01,....Agusan del Sur,0.99,peso,2018
2018-08-01,....Surigao del Norte,0.99,peso,2018
2018-08-01,....Surigao del Sur,1.0,peso,2018
2018-08-01,....Dinagat Islands,0.99,peso,2018
2018-08-01,....City of Butuan (Capital),0.99,peso,2018
2018-08-01,..Negros Island Region (NIR),0.99,peso,2018
2018-08-01,....Negros Occidental,0.99,peso,2018
2018-08-01,....City of Bacolod (Capital),0.99,peso,2018
2018-08-01,....Negros Oriental,0.98,peso,2018
2018-08-01,....Siquijor,0.99,peso,2018
2018-09-01,PHILIPPINES,0.98,peso,2018
2018-09-01,..National Capital Region (NCR),0.98,peso,2018
2018-09-01,..Areas Outside National Capital Region (AONCR),0.98,peso,2018
2018-09-01,..Cordillera Administrative Region (CAR),0.98,peso,2018
2018-09-01,....Abra,0.97,peso,2018
2018-09-01,....Benguet,0.98,peso,2018
2018-09-01,....Ifugao,0.99,peso,2018
2018-09-01,....Kalinga,0.98,peso,2018
2018-09-01,....Mountain Province,0.98,peso,2018
2018-09-01,....Apayao,0.98,peso,2018
2018-09-01,....City of Baguio,0.98,peso,2018
2018-09-01,..Region I (Ilocos Region),0.97,peso,2018
2018-09-01,....Ilocos Norte,0.96,peso,2018
2018-09-01,....Ilocos Sur,0.99,peso,2018
2018-09-01,....La Union,0.97,peso,2018
2018-09-01,....Pangasinan,0.97,peso,2018
2018-09-01,..Region II (Cagayan Valley),0.97,peso,2018
2018-09-01,....Batanes,0.99,peso,2018
2018-09-01,....Cagayan,0.97,peso,2018
2018-09-01,....Isabela,0.97,peso,2018
2018-09-01,....Nueva Vizcaya,0.97,peso,2018
2018-09-01,....Quirino,0.98,peso,2018
2018-09-01,..Region III (Central Luzon),0.98,peso,2018
2018-09-01,....Bataan,0.99,peso,2018
2018-09-01,....Bulacan,0.98,peso,2018
2018-09-01,....Nueva Ecija,0.98,peso,2018
2018-09-01,....Pampanga,0.99,peso,2018
2018-09-01,....Tarlac,0.98,peso,2018
2018-09-01,....Zambales,0.98,peso,2018
2018-09-01,....Aurora,0.98,peso,2018
2018-09-01,....City of Angeles,0.99,peso,2018
2018-09-01,....City of Olongapo,0.99,peso,2018
2018-09-01,..Region IV-A (CALABARZON),0.98,peso,2018
2018-09-01,....Batangas,0.98,peso,2018
2018-09-01,....Cavite,0.98,peso,2018
2018-09-01,....Laguna,0.98,peso,2018
2018-09-01,....Quezon,0.98,peso,2018
2018-09-01,....Rizal,0.98,peso,2018
2018-09-01,....City of Lucena (Capital),0.98,peso,2018
2018-09-01,..MIMAROPA Region,0.97,peso,2018
2018-09-01,....Marinduque,0.98,peso,2018
2018-09-01,....Occidental Mindoro,0.98,peso,2018
2018-09-01,....Oriental Mindoro,0.97,peso,2018
2018-09-01,....Palawan,0.97,peso,2018
2018-09-01,....Romblon,0.98,peso,2018
2018-09-01,....City of Puerto Princesa (Capital),0.98,peso,2018
2018-09-01,..Region V (Bicol Region),0.97,peso,2018
2018-09-01,....Albay,0.98,peso,2018
2018-09-01,....Camarines Norte,0.97,peso,2018
2018-09-01,....Camarines Sur,0.97,peso,2018
2018-09-01,....Catanduanes,0.98,peso,2018
2018-09-01,....Masbate,0.97,peso,2018
2018-09-01,....Sorsogon,0.98,peso,2018
2018-09-01,..Region VI (Western Visayas),0.98,peso,2018
2018-09-01,....Aklan,0.98,peso,2018
2018-09-01,....Antique,0.97,peso,2018
2018-09-01,....Capiz,0.98,peso,2018
2018-09-01,....Iloilo,0.97,peso,2018
2018-09-01,....Guimaras,0.97,peso,2018
2018-09-01,....City of Iloilo (Capital),0.98,peso,2018
2018-09-01,..Region VII (Central Visayas),0.99,peso,2018
2018-09-01,....Bohol,0.98,peso,2018
2018-09-01,....Cebu,0.99,peso,2018
2018-09-01,....City of Cebu (Capital),0.98,peso,2018
2018-09-01,....City of Lapu-Lapu,0.98,peso,2018
2018-09-01,....City of Mandaue,0.98,peso,2018
2018-09-01,..Region VIII (Eastern Visayas),0.98,peso,2018
2018-09-01,....Eastern Samar,0.99,peso,2018
2018-09-01,....Leyte,0.98,peso,2018
2018-09-01,....Northern Samar,0.98,peso,2018
2018-09-01,....Samar,0.98,peso,2018
2018-09-01,....Southern Leyte,0.97,peso,2018
2018-09-01,....Biliran,0.99,peso,2018
2018-09-01,....City of Tacloban (Capital),0.98,peso,2018
2018-09-01,..Region IX (Zamboanga Peninsula),0.97,peso,2018
2018-09-01,....Zamboanga del Norte,0.97,peso,2018
2018-09-01,....Zamboanga del Sur,0.97,peso,2018
2018-09-01,....Zamboanga Sibugay,0.97,peso,2018
2018-09-01,....City of Zamboanga,0.98,peso,2018
2018-09-01,....City of Isabela,1.0,peso,2018
2018-09-01,..Region X (Northern Mindanao),0.98,peso,2018
2018-09-01,....Bukidnon,0.97,peso,2018
2018-09-01,....Camiguin,0.98,peso,2018
2018-09-01,....Lanao del Norte,0.98,peso,2018
2018-09-01,....Misamis Occidental,0.98,peso,2018
2018-09-01,....Misamis Oriental,0.97,peso,2018
2018-09-01,....City of Iligan,0.98,peso,2018
2018-09-01,....City of Cagayan de Oro (Capital),0.98,peso,2018
2018-09-01,..Region XI (Davao Region),0.97,peso,2018
2018-09-01,....Davao del Norte,0.98,peso,2018
2018-09-01,....Davao del Sur,0.96,peso,2018
2018-09-01,....Davao Oriental,0.98,peso,2018
2018-09-01,....Davao de Oro,0.98,peso,2018
2018-09-01,....Davao Occidental,0.94,peso,2018
2018-09-01,....City of Davao,0.97,peso,2018
2018-09-01,..Region XII (SOCCSKSARGEN),0.97,peso,2018
2018-09-01,....Cotabato,0.98,peso,2018
2018-09-01,....South Cotabato,0.97,peso,2018
2018-09-01,....Sultan Kudarat,0.97,peso,2018
2018-09-01,....Sarangani,0.98,peso,2018
2018-09-01,....City of General Santos,0.97,peso,2018
2018-09-01,..Bangsamoro Autonomous Region in Muslim Mindanao (BARMM),0.97,peso,2018
2018-09-01,....City of Cotabato,0.98,peso,2018
2018-09-01,....Basilan,0.98,peso,2018
2018-09-01,....Lanao del Sur,0.98,peso,2018
2018-09-01,....Maguindanao,0.97,peso,2018
2018-09-01,....Sulu,0.98,peso,2018
2018-09-01,....Tawi-tawi,0.96,peso,2018
2018-09-01,..Region XIII (Caraga),0.98,peso,2018
2018-09-01,....Agusan del Norte,0.97,peso,2018
2018-09-01,....Agusan del Sur,0.98,peso,2018
2018-09-01,....Surigao del Norte,0.97,peso,2018
2018-09-01,....Surigao del Sur,0.98,peso,2018
2018-09-01,....Dinagat Islands,0.98,peso,2018
2018-09-01,....City of Butuan (Capital),0.98,peso,2018
2018-09-01,..Negros Island Region (NIR),0.98,peso,2018
2018-09-01,....Negros Occidental,0.98,peso,2018
2018-09-01,....City of Bacolod (Capital),0.98,peso,2018
2018-09-01,....Negros Oriental,0.97,peso,2018
2018-09-01,....Siquijor,0.99,peso,2018
2018-10-01,PHILIPPINES,0.98,peso,2018
2018-10-01,..National Capital Region (NCR),0.98,peso,2018
2018-10-01,..Areas Outside National Capital Region (AONCR),0.98,peso,2018
2018-10-01,..Cordillera Administrative Region (CAR),0.98,peso,2018
2018-10-01,....Abra,0.97,peso,2018
2018-10-01,....Benguet,0.98,peso,2018
2018-10-01,....Ifugao,0.97,peso,2018
2018-10-01,....Kalinga,0.97,peso,2018
2018-10-01,....Mountain Province,0.97,peso,2018
2018-10-01,....Apayao,0.96,peso,2018
2018-10-01,....City of Baguio,0.98,peso,2018
2018-10-01,..Region I (Ilocos Region),0.97,peso,2018
2018-10-01,....Ilocos Norte,0.96,peso,2018
2018-10-01,....Ilocos Sur,0.98,peso,2018
2018-10-01,....La Union,0.97,peso,2018
2018-10-01,....Pangasinan,0.97,peso,2018
2018-10-01,..Region II (Cagayan Valley),0.97,peso,2018
2018-10-01,....Batanes,0.98,peso,2018
2018-10-01,....Cagayan,0.97,peso,2018
2018-10-01,....Isabela,0.97,peso,2018
2018-10-01,....Nueva Vizcaya,0.96,peso,2018
2018-10-01,....Quirino,0.97,peso,2018
2018-10-01,..Region III (Central Luzon),0.98,peso,2018
2018-10-01,....Bataan,0.99,peso,2018
2018-10-01,....Bulacan,0.98,peso,2018
2018-10-01,....Nueva Ecija,0.98,peso,2018
2018-10-01,....Pampanga,0.99,peso,2018
2018-10-01,....Tarlac,0.98,peso,2018
2018-10-01,....Zambales,0.97,peso,2018
2018-10-01,....Aurora,0.97,peso,2018
2018-10-01,....City of Angeles,0.99,peso,2018
2018-10-01,....City of Olongapo,0.98,peso,2018
2018-10-01,..Region IV-A (CALABARZON),0.98,peso,2018
2018-10-01,....Batangas,0.97,peso,2018
2018-10-01,....Cavite,0.98,peso,2018
2018-10-01,....Laguna,0.98,peso,2018
2018-10-01,....Quezon,0.98,peso,2018
2018-10-01,....Rizal,0.98,peso,2018
2018-10-01,....City of Lucena (Capital),0.98,peso,2018
2018-10-01,..MIMAROPA Region,0.96,peso,2018
2018-10-01,....Marinduque,0.97,peso,2018
2018-10-01,....Occidental Mindoro,0.97,peso,2018
2018-10-01,....Oriental Mindoro,0.95,peso,2018
2018-10-01,....Palawan,0.95,peso,2018
2018-10-01,....Romblon,0.97,peso,2018
2018-10-01,....City of Puerto Princesa (Capital),0.96,peso,2018
2018-10-01,..Region V (Bicol Region),0.97,peso,2018
2018-10-01,....Albay,0.97,peso,2018
2018-10-01,....Camarines Norte,0.97,peso,2018
2018-10-01,....Camarines Sur,0.97,peso,2018
2018-10-01,....Catanduanes,0.97,peso,2018
2018-10-01,....Masbate,0.97,peso,2018
2018-10-01,....Sorsogon,0.98,peso,2018
2018-10-01,..Region VI (Western Visayas),0.98,peso,2018
2018-10-01,....Aklan,0.98,peso,2018
2018-10-01,....Antique,0.97,peso,2018
2018-10-01,....Capiz,0.98,peso,2018
2018-10-01,....Iloilo,0.98,peso,2018
2018-10-01,....Guimaras,0.98,peso,2018
2018-10-01,....City of Iloilo (Capital),0.98,peso,2018
2018-10-01,..Region VII (Central Visayas),0.98,peso,2018
2018-10-01,....Bohol,0.97,peso,2018
2018-10-01,....Cebu,0.99,peso,2018
2018-10-01,....City of Cebu (Capital),0.99,peso,2018
2018-10-01,....City of Lapu-Lapu,0.99,peso,2018
2018-10-01,....City of Mandaue,0.98,peso,2018
2018-10-01,..Region VIII (Eastern Visayas),0.97,peso,2018
2018-10-01,....Eastern Samar,0.99,peso,2018
2018-10-01,....Leyte,0.97,peso,2018
2018-10-01,....Northern Samar,0.97,peso,2018
2018-10-01,....Samar,0.97,peso,2018
2018-10-01,....Southern Leyte,0.97,peso,2018
2018-10-01,....Biliran,0.99,peso,2018
2018-10-01,....City of Tacloban (Capital),0.97,peso,2018
2018-10-01,..Region IX (Zamboanga Peninsula),0.97,peso,2018
2018-10-01,....Zamboanga del Norte,0.97,peso,2018
2018-10-01,....Zamboanga del Sur,0.97,peso,2018
2018-10-01,....Zamboanga Sibugay,0.97,peso,2018
2018-10-01,....City of Zamboanga,0.97,peso,2018
2018-10-01,....City of Isabela,1.01,peso,2018
2018-10-01,..Region X (Northern Mindanao),0.97,peso,2018
2018-10-01,....Bukidnon,0.97,peso,2018
2018-10-01,....Camiguin,0.97,peso,2018
2018-10-01,....Lanao del Norte,0.97,peso,2018
2018-10-01,....Misamis Occidental,0.97,peso,2018
2018-10-01,....Misamis Oriental,0.97,peso,2018
2018-10-01,....City of Iligan,0.97,peso,2018
2018-10-01,....City of Cagayan de Oro (Capital),0.97,peso,2018
2018-10-01,..Region XI (Davao Region),0.97,peso,2018
2018-10-01,....Davao del Norte,0.98,peso,2018
2018-10-01,....Davao del Sur,0.96,peso,2018
2018-10-01,....Davao Oriental,0.98,peso,2018
2018-10-01,....Davao de Oro,0.96,peso,2018
2018-10-01,....Davao Occidental,0.95,peso,2018
2018-10-01,....City of Davao,0.97,peso,2018
2018-10-01,..Region XII (SOCCSKSARGEN),0.97,peso,2018
2018-10-01,....Cotabato,0.98,peso,2018
2018-10-01,....South Cotabato,0.97,peso,2018
2018-10-01,....Sultan Kudarat,0.97,peso,2018
2018-10-01,....Sarangani,0.98,peso,2018
2018-10-01,....City of General Santos,0.97,peso,2018
2018-10-01,..Bangsamoro Autonomous Region in Muslim Mindanao (BARMM),0.97,peso,2018
2018-10-01,....City of Cotabato,0.98,peso,2018
2018-10-01,....Basilan,0.98,peso,2018
2018-10-01,....Lanao del Sur,0.99,peso,2018
2018-10-01,....Maguindanao,0.98,peso,2018
2018-10-01,....Sulu,0.95,peso,2018
2018-10-01,....Tawi-tawi,0.95,peso,2018
2018-10-01,..Region XIII (Caraga),0.97,peso,2018
2018-10-01,....Agusan del Norte,0.97,peso,2018
2018-10-01,....Agusan del Sur,0.97,peso,2018
2018-10-01,....Surigao del Norte,0.97,peso,2018
2018-10-01,....Surigao del Sur,0.97,peso,2018
2018-10-01,....Dinagat Islands,0.98,peso,2018
2018-10-01,....City of Butuan (Capital),0.98,peso,2018
2018-10-01,..Negros Island Region (NIR),0.97,peso,2018
2018-10-01,....Negros Occidental,0.97,peso,2018
2018-10-01,....City of Bacolod (Capital),0.98,peso,2018
2018-10-01,....Negros Oriental,0.97,peso,2018
2018-10-01,....Siquijor,0.98,peso,2018
2018-11-01,PHILIPPINES,0.98,peso,2018
2018-11-01,..National Capital Region (NCR),0.98,peso,2018
2018-11-01,..Areas Outside National Capital Region (AONCR),0.98,peso,2018
2018-11-01,..Cordillera Administrative Region (CAR),0.98,peso,2018
2018-11-01,....Abra,0.97,peso,2018
2018-11-01,....Benguet,0.99,peso,2018
2018-11-01,....Ifugao,0.97,peso,2018
2018-11-01,....Kalinga,0.97,peso,2018
2018-11-01,....Mountain Province,0.98,peso,2018
2018-11-01,....Apayao,0.96,peso,2018
2018-11-01,....City of Baguio,0.98,peso,2018
2018-11-01,..Region I (Ilocos Region),0.98,peso,2018
2018-11-01,....Ilocos Norte,0.96,peso,2018
2018-11-01,....Ilocos Sur,0.98,peso,2018
2018-11-01,....La Union,0.97,peso,2018
2018-11-01,....Pangasinan,0.98,peso,2018
2018-11-01,..Region II (Cagayan Valley),0.97,peso,2018
2018-11-01,....Batanes,0.97,peso,2018
2018-11-01,....Cagayan,0.97,peso,2018
2018-11-01,....Isabela,0.97,peso,2018
2018-11-01,....Nueva Vizcaya,0.97,peso,2018
2018-11-01,....Quirino,0.97,peso,2018
2018-11-01,..Region III (Central Luzon),0.98,peso,2018
2018-11-01,....Bataan,0.98,peso,2018
2018-11-01,....Bulacan,0.98,peso,2018
2018-11-01,....Nueva Ecija,0.98,peso,2018
2018-11-01,....Pampanga,0.99,peso,2018
2018-11-01,....Tarlac,0.97,peso,2018
2018-11-01,....Zambales,0.98,peso,2018
2018-11-01,....Aurora,0.98,peso,2018
2018-11-01,....City of Angeles,0.99,peso,2018
2018-11-01,....City of Olongapo,0.98,peso,2018
2018-11-01,..Region IV-A (CALABARZON),0.98,peso,2018
2018-11-01,....Batangas,0.98,peso,2018
2018-11-01,....Cavite,0.98,peso,2018
2018-11-01,....Laguna,0.98,peso,2018
2018-11-01,....Quezon,0.98,peso,2018
2018-11-01,....Rizal,0.98,peso,2018
2018-11-01,....City of Lucena (Capital),0.98,peso,2018
2018-11-01,..MIMAROPA Region,0.97,peso,2018
2018-11-01,....Marinduque,0.97,peso,2018
2018-11-01,....Occidental Mindoro,0.97,peso,2018
2018-11-01,....Oriental Mindoro,0.97,peso,2018
2018-11-01,....Palawan,0.96,peso,2018
2018-11-01,....Romblon,0.97,peso,2018
2018-11-01,....City of Puerto Princesa (Capital),0.97,peso,2018
2018-11-01,..Region V (Bicol Region),0.98,peso,2018
2018-11-01,....Albay,0.98,peso,2018
2018-11-01,....Camarines Norte,0.98,peso,2018
2018-11-01,....Camarines Sur,0.97,peso,2018
2018-11-01,....Catanduanes,0.98,peso,2018
2018-11-01,....Masbate,0.98,peso,2018
2018-11-01,....Sorsogon,0.98,peso,2018
2018-11-01,..Region VI (Western Visayas),0.99,peso,2018
2018-11-01,....Aklan,1.0,peso,2018
2018-11-01,....Antique,0.99,peso,2018
2018-11-01,....Capiz,0.98,peso,2018
2018-11-01,....Iloilo,0.99,peso,2018
2018-11-01,....Guimaras,0.98,peso,2018
2018-11-01,....City of Iloilo (Capital),0.99,peso,2018
2018-11-01,..Region VII (Central Visayas),0.99,peso,2018
2018-11-01,....Bohol,0.98,peso,2018
2018-11-01,....Cebu,0.99,peso,2018
2018-11-01,....City of Cebu (Capital),0.99,peso,2018
2018-11-01,....City of Lapu-Lapu,0.99,peso,2018
2018-11-01,....City of Mandaue,0.99,peso,2018
2018-11-01,..Region VIII (Eastern Visayas),0.98,peso,2018
2018-11-01,....Eastern Samar,0.97,peso,2018
2018-11-01,....Leyte,0.98,peso,2018
2018-11-01,....Northern Samar,0.98,peso,2018
2018-11-01,....Samar,0.98,peso,2018
2018-11-01,....Southern Leyte,0.98,peso,2018
2018-11-01,....Biliran,1.0,peso,2018
2018-11-01,....City of Tacloban (Capital),0.98,peso,2018
2018-11-01,..Region IX (Zamboanga Peninsula),0.98,peso,2018
2018-11-01,....Zamboanga del Norte,0.97,peso,2018
2018-11-01,....Zamboanga del Sur,0.98,peso,2018
2018-11-01,....Zamboanga Sibugay,0.98,peso,2018
2018-11-01,....City of Zamboanga,0.98,peso,2018
2018-11-01,....City of Isabela,0.97,peso,2018
2018-11-01,..Region X (Northern Mindanao),0.97,peso,2018
2018-11-01,....Bukidnon,0.97,peso,2018
2018-11-01,....Camiguin,0.97,peso,2018
2018-11-01,....Lanao del Norte,0.98,peso,2018
2018-11-01,....Misamis Occidental,0.97,peso,2018
2018-11-01,....Misamis Oriental,0.97,peso,2018
2018-11-01,....City of Iligan,0.97,peso,2018
2018-11-01,....City of Cagayan de Oro (Capital),0.97,peso,2018
2018-11-01,..Region XI (Davao Region),0.98,peso,2018
2018-11-01,....Davao del Norte,0.98,peso,2018
2018-11-01,....Davao del Sur,0.98,peso,2018
2018-11-01,....Davao Oriental,0.99,peso,2018
2018-11-01,....Davao de Oro,0.97,peso,2018
2018-11-01,....Davao Occidental,0.95,peso,2018
2018-11-01,....City of Davao,0.98,peso,2018
2018-11-01,..Region XII (SOCCSKSARGEN),0.99,peso,2018
2018-11-01,....Cotabato,0.99,peso,2018
2018-11-01,....South Cotabato,0.99,peso,2018
2018-11-01,....Sultan Kudarat,0.98,peso,2018
2018-11-01,....Sarangani,0.98,peso,2018
2018-11-01,....City of General Santos,0.99,peso,2018
2018-11-01,..Bangsamoro Autonomous Region in Muslim Mindanao (BARMM),0.97,peso,2018
2018-11-01,....City of Cotabato,0.97,peso,2018
2018-11-01,....Basilan,0.97,peso,2018
2018-11-01,....Lanao del Sur,0.99,peso,2018
2018-11-01,....Maguindanao,0.99,peso,2018
2018-11-01,....Sulu,0.93,peso,2018
2018-11-01,....Tawi-tawi,0.93,peso,2018
2018-11-01,..Region XIII (Caraga),0.98,peso,2018
2018-11-01,....Agusan del Norte,0.97,peso,2018
2018-11-01,....Agusan del Sur,0.98,peso,2018
2018-11-01,....Surigao del Norte,0.98,peso,2018
2018-11-01,....Surigao del Sur,0.98,peso,2018
2018-11-01,....Dinagat Islands,0.99,peso,2018
2018-11-01,....City of Butuan (Capital),0.98,peso,2018
2018-11-01,..Negros Island Region (NIR),0.98,peso,2018
2018-11-01,....Negros Occidental,0.97,peso,2018
2018-11-01,....City of Bacolod (Capital),0.98,peso,2018
2018-11-01,....Negros Oriental,0.98,peso,2018
2018-11-01,....Siquijor,0.99,peso,2018
2018-12-01,PHILIPPINES,0.99,peso,2018
2018-12-01,..National Capital Region (NCR),0.99,peso,2018
2018-12-01,..Areas Outside National Capital Region (AONCR),0.99,peso,2018
2018-12-01,..Cordillera Administrative Region (CAR),0.99,peso,2018
2018-12-01,....Abra,0.97,peso,2018
2018-12-01,....Benguet,1.0,peso,2018
2018-12-01,....Ifugao,0.97,peso,2018
2018-12-01,....Kalinga,0.98,peso,2018
2018-12-01,....Mountain Province,0.98,peso,2018
2018-12-01,....Apayao,0.96,peso,2018
2018-12-01,....City of Baguio,0.99,peso,2018
2018-12-01,..Region I (Ilocos Region),0.98,peso,2018
2018-12-01,....Ilocos Norte,0.97,peso,2018
2018-12-01,....Ilocos Sur,0.99,peso,2018
2018-12-01,....La Union,0.99,peso,2018
2018-12-01,....Pangasinan,0.99,peso,2018
2018-12-01,..Region II (Cagayan Valley),0.98,peso,2018
2018-12-01,....Batanes,0.97,peso,2018
2018-12-01,....Cagayan,0.98,peso,2018
2018-12-01,....Isabela,0.98,peso,2018
2018-12-01,....Nueva Vizcaya,0.98,peso,2018
2018-12-01,....Quirino,0.97,peso,2018
2018-12-01,..Region III (Central Luzon),0.99,peso,2018
2018-12-01,....Bataan,0.99,peso,2018
2018-12-01,....Bulacan,0.99,peso,2018
2018-12-01,....Nueva Ecija,0.98,peso,2018
2018-12-01,....Pampanga,0.99,peso,2018
2018-12-01,....Tarlac,0.97,peso,2018
2018-12-01,....Zambales,0.98,peso,2018
2018-12-01,....Aurora,0.98,peso,2018
2018-12-01,....City of Angeles,0.99,peso,2018
2018-12-01,....City of Olongapo,0.98,peso,2018
2018-12-01,..Region IV-A (CALABARZON),0.99,peso,2018
2018-12-01,....Batangas,0.98,peso,2018
2018-12-01,....Cavite,0.99,peso,2018
2018-12-01,....Laguna,0.99,peso,2018
2018-12-01,....Quezon,1.0,peso,2018
2018-12-01,....Rizal,0.99,peso,2018
2018-12-01,....City of Lucena (Capital),1.0,peso,2018
2018-12-01,..MIMAROPA Region,0.97,peso,2018
2018-12-01,....Marinduque,0.98,peso,2018
2018-12-01,....Occidental Mindoro,0.97,peso,2018
2018-12-01,....Oriental Mindoro,0.98,peso,2018
2018-12-01,....Palawan,0.97,peso,2018
2018-12-01,....Romblon,0.98,peso,2018
2018-12-01,....City of Puerto Princesa (Capital),0.97,peso,2018
2018-12-01,..Region V (Bicol Region),0.99,peso,2018
2018-12-01,....Albay,0.99,peso,2018
2018-12-01,....Camarines Norte,0.99,peso,2018
2018-12-01,....Camarines Sur,0.98,peso,2018
2018-12-01,....Catanduanes,0.99,peso,2018
2018-12-01,....Masbate,0.99,peso,2018
2018-12-01,....Sorsogon,0.98,peso,2018
2018-12-01,..Region VI (Western Visayas),0.99,peso,2018
2018-12-01,....Aklan,1.0,peso,2018
2018-12-01,....Antique,1.0,peso,2018
2018-12-01,....Capiz,0.98,peso,2018
2018-12-01,....Iloilo,0.99,peso,2018
2018-12-01,....Guimaras,0.98,peso,2018
2018-12-01,....City of Iloilo (Capital),0.99,peso,2018
2018-12-01,..Region VII (Central Visayas),0.99,peso,2018
2018-12-01,....Bohol,0.99,peso,2018
2018-12-01,....Cebu,0.99,peso,2018
2018-12-01,....City of Cebu (Capital),1.0,peso,2018
2018-12-01,....City of Lapu-Lapu,1.0,peso,2018
2018-12-01,....City of Mandaue,1.0,peso,2018
2018-12-01,..Region VIII (Eastern Visayas),0.99,peso,2018
2018-12-01,....Eastern Samar,0.98,peso,2018
2018-12-01,....Leyte,0.99,peso,2018
2018-12-01,....Northern Samar,0.98,peso,2018
2018-12-01,....Samar,1.0,peso,2018
2018-12-01,....Southern Leyte,0.98,peso,2018
2018-12-01,....Biliran,1.01,peso,2018
2018-12-01,....City of Tacloban (Capital),0.99,peso,2018
2018-12-01,..Region IX (Zamboanga Peninsula),0.99,peso,2018
2018-12-01,....Zamboanga del Norte,0.97,peso,2018
2018-12-01,....Zamboanga del Sur,0.99,peso,2018
2018-12-01,....Zamboanga Sibugay,0.99,peso,2018
2018-12-01,....City of Zamboanga,0.99,peso,2018
2018-12-01,....City of Isabela,0.97,peso,2018
2018-12-01,..Region X (Northern Mindanao),0.97,peso,2018
2018-12-01,....Bukidnon,0.97,peso,2018
2018-12-01,....Camiguin,0.97,peso,2018
2018-12-01,....Lanao del Norte,0.98,peso,2018
2018-12-01,....Misamis Occidental,0.98,peso,2018
2018-12-01,....Misamis Oriental,0.97,peso,2018
2018-12-01,....City of Iligan,0.97,peso,2018
2018-12-01,....City of Cagayan de Oro (Capital),0.97,peso,2018
2018-12-01,..Region XI (Davao Region),0.99,peso,2018
2018-12-01,....Davao del Norte,1.0,peso,2018
2018-12-01,....Davao del Sur,0.98,peso,2018
2018-12-01,....Davao Oriental,1.0,peso,2018
2018-12-01,....Davao de Oro,0.99,peso,2018
2018-12-01,....Davao Occidental,0.96,peso,2018
2018-12-01,....City of Davao,0.98,peso,2018
2018-12-01,..Region XII (SOCCSKSARGEN),0.99,peso,2018
2018-12-01,....Cotabato,1.0,peso,2018
2018-12-01,....South Cotabato,0.99,peso,2018
2018-12-01,....Sultan Kudarat,0.98,peso,2018
2018-12-01,....Sarangani,0.99,peso,2018
2018-12-01,....City of General Santos,0.99,peso,2018
2018-12-01,..Bangsamoro Autonomous Region in Muslim Mindanao (BARMM),0.97,peso,2018
2018-12-01,....City of Cotabato,0.98,peso,2018
2018-12-01,....Basilan,0.94,peso,2018
2018-12-01,....Lanao del Sur,1.0,peso,2018
2018-12-01,....Maguindanao,0.99,peso,2018
2018-12-01,....Sulu,0.9,peso,2018
2018-12-01,....Tawi-tawi,0.94,peso,2018
2018-12-01,..Region XIII (Caraga),0.99,peso,2018
2018-12-01,....Agusan del Norte,1.0,peso,2018
2018-12-01,....Agusan del Sur,0.99,peso,2018
2018-12-01,....Surigao del Norte,0.98,peso,2018
2018-12-01,....Surigao del Sur,1.0,peso,2018
2018-12-01,....Dinagat Islands,0.98,peso,2018
2018-12-01,....City of Butuan (Capital),1.0,peso,2018
2018-12-01,..Negros Island Region (NIR),0.98,peso,2018
2018-12-01,....Negros Occidental,0.98,peso,2018
2018-12-01,....City of Bacolod (Capital),0.98,peso,2018
2018-12-01,....Negros Oriental,0.99,peso,2018
2018-12-01,....Siquijor,0.99,peso,2018
2019-01-01,PHILIPPINES,0.99,peso,2018
2019-01-01,..National Capital Region (NCR),0.99,peso,2018
2019-01-01,..Areas Outside National Capital Region (AONCR),0.99,peso,2018
2019-01-01,..Cordillera Administrative Region (CAR),0.99,peso,2018
2019-01-01,....Abra,0.98,peso,2018
2019-01-01,....Benguet,1.0,peso,2018
2019-01-01,....Ifugao,0.96,peso,2018
2019-01-01,....Kalinga,0.98,peso,2018
2019-01-01,....Mountain Province,0.99,peso,2018
2019-01-01,....Apayao,0.96,peso,2018
2019-01-01,....City of Baguio,0.99,peso,2018
2019-01-01,..Region I (Ilocos Region),0.99,peso,2018
2019-01-01,....Ilocos Norte,0.98,peso,2018
2019-01-01,....Ilocos Sur,1.0,peso,2018
2019-01-01,....La Union,0.99,peso,2018
2019-01-01,....Pangasinan,0.98,peso,2018
2019-01-01,..Region II (Cagayan Valley),0.98,peso,2018
2019-01-01,....Batanes,0.97,peso,2018
2019-01-01,....Cagayan,0.98,peso,2018
2019-01-01,....Isabela,0.98,peso,2018
2019-01-01,....Nueva Vizcaya,0.98,peso,2018
2019-01-01,....Quirino,0.98,peso,2018
2019-01-01,..Region III (Central Luzon),0.98,peso,2018
2019-01-01,....Bataan,0.99,peso,2018
2019-01-01,....Bulacan,1.0,peso,2018
2019-01-01,....Nueva Ecija,0.98,peso,2018
2019-01-01,....Pampanga,0.98,peso,2018
2019-01-01,....Tarlac,0.98,peso,2018
2019-01-01,....Zambales,0.97,peso,2018
2019-01-01,....Aurora,0.97,peso,2018
2019-01-01,....City of Angeles,0.98,peso,2018
2019-01-01,....City of Olongapo,0.97,peso,2018
2019-01-01,..Region IV-A (CALABARZON),0.99,peso,2018
2019-01-01,....Batangas,0.98,peso,2018
2019-01-01,....Cavite,0.99,peso,2018
2019-01-01,....Laguna,0.99,peso,2018
2019-01-01,....Quezon,0.99,peso,2018
2019-01-01,....Rizal,0.99,peso,2018
2019-01-01,....City of Lucena (Capital),0.99,peso,2018
2019-01-01,..MIMAROPA Region,0.97,peso,2018
2019-01-01,....Marinduque,0.98,peso,2018
2019-01-01,....Occidental Mindoro,0.97,peso,2018
2019-01-01,....Oriental Mindoro,0.98,peso,2018
2019-01-01,....Palawan,0.96,peso,2018
2019-01-01,....Romblon,0.98,peso,2018
2019-01-01,....City of Puerto Princesa (Capital),0.97,peso,2018
2019-01-01,..Region V (Bicol Region),0.98,peso,2018
2019-01-01,....Albay,0.99,peso,2018
2019-01-01,....Camarines Norte,0.99,peso,2018
2019-01-01,....Camarines Sur,0.98,peso,2018
2019-01-01,....Catanduanes,0.99,peso,2018
2019-01-01,....Masbate,0.99,peso,2018
2019-01-01,....Sorsogon,0.98,peso,2018
2019-01-01,..Region VI (Western Visayas),0.99,peso,2018
2019-01-01,....Aklan,1.0,peso,2018
2019-01-01,....Antique,1.0,peso,2018
2019-01-01,....Capiz,0.98,peso,2018
2019-01-01,....Iloilo,1.0,peso,2018
2019-01-01,....Guimaras,0.98,peso,2018
2019-01-01,....City of Iloilo (Capital),0.99,peso,2018
2019-01-01,..Region VII (Central Visayas),0.99,peso,2018
2019-01-01,....Bohol,0.99,peso,2018
2019-01-01,....Cebu,0.99,peso,2018
2019-01-01,....City of Cebu (Capital),0.99,peso,2018
2019-01-01,....City of Lapu-Lapu,0.99,peso,2018
2019-01-01,....City of Mandaue,0.99,peso,2018
2019-01-01,..Region VIII (Eastern Visayas),0.98,peso,2018
2019-01-01,....Eastern Samar,0.97,peso,2018
2019-01-01,....Leyte,0.98,peso,2018
2019-01-01,....Northern Samar,0.99,peso,2018
2019-01-01,....Samar,1.0,peso,2018
2019-01-01,....Southern Leyte,0.99,peso,2018
2019-01-01,....Biliran,0.99,peso,2018
2019-01-01,....City of Tacloban (Capital),0.98,peso,2018
2019-01-01,..Region IX (Zamboanga Peninsula),0.99,peso,2018
2019-01-01,....Zamboanga del Norte,0.98,peso,2018
2019-01-01,....Zamboanga del Sur,0.99,peso,2018
2019-01-01,....Zamboanga Sibugay,0.99,peso,2018
2019-01-01,....City of Zamboanga,0.99,peso,2018
2019-01-01,....City of Isabela,0.98,peso,2018
2019-01-01,..Region X (Northern Mindanao),0.97,peso,2018
2019-01-01,....Bukidnon,0.97,peso,2018
2019-01-01,....Camiguin,0.97,peso,2018
2019-01-01,....Lanao del Norte,0.97,peso,2018
2019-01-01,....Misamis Occidental,0.97,peso,2018
2019-01-01,....Misamis Oriental,0.97,peso,2018
2019-01-01,....City of Iligan,0.97,peso,2018
2019-01-01,....City of Cagayan de Oro (Capital),0.97,peso,2018
2019-01-01,..Region XI (Davao Region),0.98,peso,2018
2019-01-01,....Davao del Norte,0.99,peso,2018
2019-01-01,....Davao del Sur,0.98,peso,2018
2019-01-01,....Davao Oriental,1.0,peso,2018
2019-01-01,....Davao de Oro,0.98,peso,2018
2019-01-01,....Davao Occidental,0.96,peso,2018
2019-01-01,....City of Davao,0.98,peso,2018
2019-01-01,..Region XII (SOCCSKSARGEN),0.98,peso,2018
2019-01-01,....Cotabato,0.98,peso,2018
2019-01-01,....South Cotabato,0.98,peso,2018
2019-01-01,....Sultan Kudarat,0.98,peso,2018
2019-01-01,....Sarangani,0.99,peso,2018
2019-01-01,....City of General Santos,0.98,peso,2018
2019-01-01,..Bangsamoro Autonomous Region in Muslim Mindanao (BARMM),0.97,peso,2018
2019-01-01,....City of Cotabato,0.99,peso,2018
2019-01-01,....Basilan,0.93,peso,2018
2019-01-01,....Lanao del Sur,0.99,peso,2018
2019-01-01,....Maguindanao,1.0,peso,2018
2019-01-01,....Sulu,0.89,peso,2018
2019-01-01,....Tawi-tawi,0.93,peso,2018
2019-01-01,..Region XIII (Caraga),0.99,peso,2018
2019-01-01,....Agusan del Norte,1.0,peso,2018
2019-01-01,....Agusan del Sur,0.99,peso,2018
2019-01-01,....Surigao del Norte,0.97,peso,2018
2019-01-01,....Surigao del Sur,0.99,peso,2018
2019-01-01,....Dinagat Islands,0.98,peso,2018
2019-01-01,....City of Butuan (Capital),1.0,peso,2018
2019-01-01,..Negros Island Region (NIR),0.99,peso,2018
2019-01-01,....Negros Occidental,0.98,peso,2018
2019-01-01,....City of Bacolod (Capital),0.99,peso,2018
2019-01-01,....Negros Oriental,0.99,peso,2018
2019-01-01,....Siquijor,0.99,peso,2018
2019-02-01,PHILIPPINES,0.98,peso,2018
2019-02-01,..National Capital Region (NCR),0.98,peso,2018
2019-02-01,..Areas Outside National Capital Region (AONCR),0.98,peso,2018
2019-02-01,..Cordillera Administrative Region (CAR),0.99,peso,2018
2019-02-01,....Abra,0.98,peso,2018
2019-02-01,....Benguet,1.0,peso,2018
2019-02-01,....Ifugao,0.96,peso,2018
2019-02-01,....Kalinga,0.97,peso,2018
2019-02-01,....Mountain Province,0.98,peso,2018
2019-02-01,....Apayao,0.97,peso,2018
2019-02-01,....City of Baguio,0.99,peso,2018
2019-02-01,..Region I (Ilocos Region),0.98,peso,2018
2019-02-01,....Ilocos Norte,0.98,peso,2018
2019-02-01,....Ilocos Sur,1.0,peso,2018
2019-02-01,....La Union,0.99,peso,2018
2019-02-01,....Pangasinan,0.98,peso,2018
2019-02-01,..Region II (Cagayan Valley),0.98,peso,2018
2019-02-01,....Batanes,0.98,peso,2018
2019-02-01,....Cagayan,0.98,peso,2018
2019-02-01,....Isabela,0.99,peso,2018
2019-02-01,....Nueva Vizcaya,0.98,peso,2018
2019-02-01,....Quirino,0.98,peso,2018
2019-02-01,..Region III (Central Luzon),0.98,peso,2018
2019-02-01,....Bataan,0.99,peso,2018
2019-02-01,....Bulacan,0.99,peso,2018
2019-02-01,....Nueva Ecija,0.98,peso,2018
2019-02-01,....Pampanga,0.98,peso,2018
2019-02-01,....Tarlac,0.98,peso,2018
2019-02-01,....Zambales,0.97,peso,2018
2019-02-01,....Aurora,0.97,peso,2018
2019-02-01,....City of Angeles,0.98,peso,2018
2019-02-01,....City of Olongapo,0.97,peso,2018
2019-02-01,..Region IV-A (CALABARZON),0.99,peso,2018
2019-02-01,....Batangas,0.98,peso,2018
2019-02-01,....Cavite,0.99,peso,2018
2019-02-01,....Laguna,0.99,peso,2018
2019-02-01,....Quezon,0.99,peso,2018
2019-02-01,....Rizal,0.98,peso,2018
2019-02-01,....City of Lucena (Capital),0.99,peso,2018
2019-02-01,..MIMAROPA Region,0.97,peso,2018
2019-02-01,....Marinduque,0.98,peso,2018
2019-02-01,....Occidental Mindoro,0.97,peso,2018
2019-02-01,....Oriental Mindoro,0.98,peso,2018
2019-02-01,....Palawan,0.96,peso,2018
2019-02-01,....Romblon,0.98,peso,2018
2019-02-01,....City of Puerto Princesa (Capital),0.96,peso,2018
2019-02-01,..Region V (Bicol Region),0.98,peso,2018
2019-02-01,....Albay,0.99,peso,2018
2019-02-01,....Camarines Norte,0.98,peso,2018
2019-02-01,....Camarines Sur,0.97,peso,2018
2019-02-01,....Catanduanes,0.99,peso,2018
2019-02-01,....Masbate,0.99,peso,2018
2019-02-01,....Sorsogon,0.98,peso,2018
2019-02-01,..Region VI (Western Visayas),0.99,peso,2018
2019-02-01,....Aklan,1.0,peso,2018
2019-02-01,....Antique,1.0,peso,2018
2019-02-01,....Capiz,0.98,peso,2018
2019-02-01,....Iloilo,1.0,peso,2018
2019-02-01,....Guimaras,0.98,peso,2018
2019-02-01,....City of Iloilo (Capital),0.99,peso,2018
2019-02-01,..Region VII (Central Visayas),0.99,peso,2018
2019-02-01,....Bohol,0.99,peso,2018
2019-02-01,....Cebu,1.0,peso,2018
2019-02-01,....City of Cebu (Capital),0.99,peso,2018
2019-02-01,....City of Lapu-Lapu,0.99,peso,2018
2019-02-01,....City of Mandaue,0.99,peso,2018
2019-02-01,..Region VIII (Eastern Visayas),0.98,peso,2018
2019-02-01,....Eastern Samar,0.97,peso,2018
2019-02-01,....Leyte,0.97,peso,2018
2019-02-01,....Northern Samar,0.99,peso,2018
2019-02-01,....Samar,1.0,peso,2018
2019-02-01,....Southern Leyte,0.99,peso,2018
2019-02-01,....Biliran,1.0,peso,2018
2019-02-01,....City of Tacloban (Capital),0.97,peso,2018
2019-02-01,..Region IX (Zamboanga Peninsula),0.99,peso,2018
2019-02-01,....Zamboanga del Norte,0.98,peso,2018
2019-02-01,....Zamboanga del Sur,0.99,peso,2018
2019-02-01,....Zamboanga Sibugay,1.0,peso,2018
2019-02-01,....City of Zamboanga,1.0,peso,2018
2019-02-01,....City of Isabela,0.97,peso,2018
2019-02-01,..Region X (Northern Mindanao),0.97,peso,2018
2019-02-01,....Bukidnon,0.97,peso,2018
2019-02-01,....Camiguin,0.97,peso,2018
2019-02-01,....Lanao del Norte,0.98,peso,2018
2019-02-01,....Misamis Occidental,0.97,peso,2018
2019-02-01,....Misamis Oriental,0.96,peso,2018
2019-02-01,....City of Iligan,0.97,peso,2018
2019-02-01,....City of Cagayan de Oro (Capital),0.97,peso,2018
2019-02-01,..Region XI (Davao Region),0.98,peso,2018
2019-02-01,....Davao del Norte,0.99,peso,2018
2019-02-01,....Davao del Sur,0.98,peso,2018
2019-02-01,....Davao Oriental,0.99,peso,2018
2019-02-01,....Davao de Oro,0.97,peso,2018
2019-02-01,....Davao Occidental,0.96,peso,2018
2019-02-01,....City of Davao,0.98,peso,2018
2019-02-01,..Region XII (SOCCSKSARGEN),0.98,peso,2018
2019-02-01,....Cotabato,0.99,peso,2018
2019-02-01,....South Cotabato,0.98,peso,2018
2019-02-01,....Sultan Kudarat,0.98,peso,2018
2019-02-01,....Sarangani,0.99,peso,2018
2019-02-01,....City of General Santos,0.98,peso,2018
2019-02-01,..Bangsamoro Autonomous Region in Muslim Mindanao (BARMM),0.97,peso,2018
2019-02-01,....City of Cotabato,0.99,peso,2018
2019-02-01,....Basilan,0.93,peso,2018
2019-02-01,....Lanao del Sur,0.99,peso,2018
2019-02-01,....Maguindanao,1.0,peso,2018
2019-02-01,....Sulu,0.95,peso,2018
2019-02-01,....Tawi-tawi,0.92,peso,2018
2019-02-01,..Region XIII (Caraga),0.99,peso,2018
2019-02-01,....Agusan del Norte,0.99,peso,2018
2019-02-01,....Agusan del Sur,0.98,peso,2018
2019-02-01,....Surigao del Norte,0.98,peso,2018
2019-02-01,....Surigao del Sur,0.99,peso,2018
2019-02-01,....Dinagat Islands,0.98,peso,2018
2019-02-01,....City of Butuan (Capital),1.0,peso,2018
2019-02-01,..Negros Island Region (NIR),0.99,peso,2018
2019-02-01,....Negros Occidental,0.98,peso,2018
2019-02-01,....City of Bacolod (Capital),0.99,peso,2018
2019-02-01,....Negros Oriental,1.0,peso,2018
2019-02-01,....Siquijor,1.0,peso,2018
2019-03-01,PHILIPPINES,0.98,peso,2018
2019-03-01,..National Capital Region (NCR),0.98,peso,2018
2019-03-01,..Areas Outside National Capital Region (AONCR),0.98,peso,2018
2019-03-01,..Cordillera Administrative Region (CAR),0.98,peso,2018
2019-03-01,....Abra,0.98,peso,2018
2019-03-01,....Benguet,1.0,peso,2018
2019-03-01,....Ifugao,0.96,peso,2018
2019-03-01,....Kalinga,0.97,peso,2018
2019-03-01,....Mountain Province,0.98,peso,2018
2019-03-01,....Apayao,0.97,peso,2018
2019-03-01,....City of Baguio,0.99,peso,2018
2019-03-01,..Region I (Ilocos Region),0.98,peso,2018
2019-03-01,....Ilocos Norte,0.98,peso,2018
2019-03-01,....Ilocos Sur,1.0,peso,2018
2019-03-01,....La Union,0.99,peso,2018
2019-03-01,....Pangasinan,0.98,peso,2018
2019-03-01,..Region II (Cagayan Valley),0.99,peso,2018
2019-03-01,....Batanes,0.98,peso,2018
2019-03-01,....Cagayan,0.99,peso,2018
2019-03-01,....Isabela,0.99,peso,2018
2019-03-01,....Nueva Vizcaya,0.99,peso,2018
2019-03-01,....Quirino,0.98,peso,2018
2019-03-01,..Region III (Central Luzon),0.98,peso,2018
2019-03-01,....Bataan,0.98,peso,2018
2019-03-01,....Bulacan,0.99,peso,2018
2019-03-01,....Nueva Ecija,0.98,peso,2018
2019-03-01,....Pampanga,0.98,peso,2018
2019-03-01,....Tarlac,0.98,peso,2018
2019-03-01,....Zambales,0.98,peso,2018
2019-03-01,....Aurora,0.97,peso,2018
2019-03-01,....City of Angeles,0.98,peso,2018
2019-03-01,....City of Olongapo,0.97,peso,2018
2019-03-01,..Region IV-A (CALABARZON),0.98,peso,2018
2019-03-01,....Batangas,0.98,peso,2018
2019-03-01,....Cavite,0.98,peso,2018
2019-03-01,....Laguna,0.99,peso,2018
2019-03-01,....Quezon,0.99,peso,2018
2019-03-01,....Rizal,0.98,peso,2018
2019-03-01,....City of Lucena (Capital),0.99,peso,2018
2019-03-01,..MIMAROPA Region,0.97,peso,2018
2019-03-01,....Marinduque,0.99,peso,2018
2019-03-01,....Occidental Mindoro,0.97,peso,2018
2019-03-01,....Oriental Mindoro,0.98,peso,2018
2019-03-01,....Palawan,0.96,peso,2018
2019-03-01,....Romblon,0.97,peso,2018
2019-03-01,....City of Puerto Princesa (Capital),0.97,peso,2018
2019-03-01,..Region V (Bicol Region),0.98,peso,2018
2019-03-01,....Albay,0.98,peso,2018
2019-03-01,....Camarines Norte,0.98,peso,2018
2019-03-01,....Camarines Sur,0.98,peso,2018
2019-03-01,....Catanduanes,0.99,peso,2018
2019-03-01,....Masbate,0.99,peso,2018
2019-03-01,....Sorsogon,0.97,peso,2018
2019-03-01,..Region VI (Western Visayas),0.99,peso,2018
2019-03-01,....Aklan,1.0,peso,2018
2019-03-01,....Antique,1.0,peso,2018
2019-03-01,....Capiz,0.98,peso,2018
2019-03-01,....Iloilo,1.0,peso,2018
2019-03-01,....Guimaras,0.98,peso,2018
2019-03-01,....City of Iloilo (Capital),1.0,peso,2018
2019-03-01,..Region VII (Central Visayas),0.99,peso,2018
2019-03-01,....Bohol,1.0,peso,2018
2019-03-01,....Cebu,0.99,peso,2018
2019-03-01,....City of Cebu (Capital),0.99,peso,2018
2019-03-01,....City of Lapu-Lapu,0.99,peso,2018
2019-03-01,....City of Mandaue,0.99,peso,2018
2019-03-01,..Region VIII (Eastern Visayas),0.98,peso,2018
2019-03-01,....Eastern Samar,0.99,peso,2018
2019-03-01,....Leyte,0.97,peso,2018
2019-03-01,....Northern Samar,0.99,peso,2018
2019-03-01,....Samar,0.99,peso,2018
2019-03-01,....Southern Leyte,1.0,peso,2018
2019-03-01,....Biliran,1.0,peso,2018
2019-03-01,....City of Tacloban (Capital),0.97,peso,2018
2019-03-01,..Region IX (Zamboanga Peninsula),0.99,peso,2018
2019-03-01,....Zamboanga del Norte,0.99,peso,2018
2019-03-01,....Zamboanga del Sur,0.99,peso,2018
2019-03-01,....Zamboanga Sibugay,1.0,peso,2018
2019-03-01,....City of Zamboanga,0.99,peso,2018
2019-03-01,....City of Isabela,0.97,peso,2018
2019-03-01,..Region X (Northern Mindanao),0.97,peso,2018
2019-03-01,....Bukidnon,0.97,peso,2018
2019-03-01,....Camiguin,0.97,peso,2018
2019-03-01,....Lanao del Norte,0.98,peso,2018
2019-03-01,....Misamis Occidental,0.97,peso,2018
2019-03-01,....Misamis Oriental,0.96,peso,2018
2019-03-01,....City of Iligan,0.97,peso,2018
2019-03-01,....City of Cagayan de Oro (Capital),0.97,peso,2018
2019-03-01,..Region XI (Davao Region),0.98,peso,2018
2019-03-01,....Davao del Norte,0.99,peso,2018
2019-03-01,....Davao del Sur,0.98,peso,2018
2019-03-01,....Davao Oriental,1.0,peso,2018
2019-03-01,....Davao de Oro,0.97,peso,2018
2019-03-01,....Davao Occidental,0.97,peso,2018
2019-03-01,....City of Davao,0.98,peso,2018
2019-03-01,..Region XII (SOCCSKSARGEN),0.98,peso,2018
2019-03-01,....Cotabato,0.99,peso,2018
2019-03-01,....South Cotabato,0.98,peso,2018
2019-03-01,....Sultan Kudarat,0.98,peso,2018
2019-03-01,....Sarangani,0.98,peso,2018
2019-03-01,....City of General Santos,0.98,peso,2018
2019-03-01,..Bangsamoro Autonomous Region in Muslim Mindanao (BARMM),0.97,peso,2018
2019-03-01,....City of Cotabato,0.99,peso,2018
2019-03-01,....Basilan,0.92,peso,2018
2019-03-01,....Lanao del Sur,0.99,peso,2018
2019-03-01,....Maguindanao,1.0,peso,2018
2019-03-01,....Sulu,0.95,peso,2018
2019-03-01,....Tawi-tawi,0.93,peso,2018
2019-03-01,..Region XIII (Caraga),0.98,peso,2018
2019-03-01,....Agusan del Norte,0.99,peso,2018
2019-03-01,....Agusan del Sur,0.98,peso,2018
2019-03-01,....Surigao del Norte,0.98,peso,2018
2019-03-01,....Surigao del Sur,0.99,peso,2018
2019-03-01,....Dinagat Islands,0.98,peso,2018
2019-03-01,....City of Butuan (Capital),0.99,peso,2018
2019-03-01,..Negros Island Region (NIR),0.98,peso,2018
2019-03-01,....Negros Occidental,0.98,peso,2018
2019-03-01,....City of Bacolod (Capital),0.98,peso,2018
2019-03-01,....Negros Oriental,0.99,peso,2018
2019-03-01,....Siquijor,0.99,peso,2018
2019-04-01,PHILIPPINES,0.98,peso,2018
2019-04-01,..National Capital Region (NCR),0.98,peso,2018
2019-04-01,..Areas Outside National Capital Region (AONCR),0.98,peso,2018
2019-04-01,..Cordillera Administrative Region (CAR),0.98,peso,2018
2019-04-01,....Abra,0.97,peso,2018
2019-04-01,....Benguet,0.99,peso,2018
2019-04-01,....Ifugao,0.96,peso,2018
2019-04-01,....Kalinga,0.98,peso,2018
2019-04-01,....Mountain Province,0.98,peso,2018
2019-04-01,....Apayao,0.97,peso,2018
2019-04-01,....City of Baguio,0.98,peso,2018
2019-04-01,..Region I (Ilocos Region),0.98,peso,2018
2019-04-01,....Ilocos Norte,0.98,peso,2018
2019-04-01,....Ilocos Sur,0.99,peso,2018
2019-04-01,....La Union,1.0,peso,2018
2019-04-01,....Pangasinan,0.98,peso,2018
2019-04-01,..Region II (Cagayan Valley),0.98,peso,2018
2019-04-01,....Batanes,0.98,peso,2018
2019-04-01,....Cagayan,0.97,peso,2018
2019-04-01,....Isabela,0.99,peso,2018
2019-04-01,....Nueva Vizcaya,0.98,peso,2018
2019-04-01,....Quirino,0.98,peso,2018
2019-04-01,..Region III (Central Luzon),0.98,peso,2018
2019-04-01,....Bataan,0.98,peso,2018
2019-04-01,....Bulacan,0.99,peso,2018
2019-04-01,....Nueva Ecija,0.98,peso,2018
2019-04-01,....Pampanga,0.98,peso,2018
2019-04-01,....Tarlac,0.98,peso,2018
2019-04-01,....Zambales,0.97,peso,2018
2019-04-01,....Aurora,0.97,peso,2018
2019-04-01,....City of Angeles,0.98,peso,2018
2019-04-01,....City of Olongapo,0.97,peso,2018
2019-04-01,..Region IV-A (CALABARZON),0.98,peso,2018
2019-04-01,....Batangas,0.98,peso,2018
2019-04-01,....Cavite,0.98,peso,2018
2019-04-01,....Laguna,0.99,peso,2018
2019-04-01,....Quezon,0.99,peso,2018
2019-04-01,....Rizal,0.98,peso,2018
2019-04-01,....City of Lucena (Capital),0.99,peso,2018
2019-04-01,..MIMAROPA Region,0.98,peso,2018
2019-04-01,....Marinduque,0.98,peso,2018
2019-04-01,....Occidental Mindoro,0.97,peso,2018
2019-04-01,....Oriental Mindoro,0.99,peso,2018
2019-04-01,....Palawan,0.97,peso,2018
2019-04-01,....Romblon,0.97,peso,2018
2019-04-01,....City of Puerto Princesa (Capital),0.97,peso,2018
2019-04-01,..Region V (Bicol Region),0.98,peso,2018
2019-04-01,....Albay,0.98,peso,2018
2019-04-01,....Camarines Norte,0.99,peso,2018
2019-04-01,....Camarines Sur,0.97,peso,2018
2019-04-01,....Catanduanes,1.0,peso,2018
2019-04-01,....Masbate,0.99,peso,2018
2019-04-01,....Sorsogon,0.97,peso,2018
2019-04-01,..Region VI (Western Visayas),0.99,peso,2018
2019-04-01,....Aklan,1.0,peso,2018
2019-04-01,....Antique,1.0,peso,2018
2019-04-01,....Capiz,0.98,peso,2018
2019-04-01,....Iloilo,0.99,peso,2018
2019-04-01,....Guimaras,0.97,peso,2018
2019-04-01,....City of Iloilo (Capital),0.99,peso,2018
2019-04-01,..Region VII (Central Visayas),0.99,peso,2018
2019-04-01,....Bohol,1.0,peso,2018
2019-04-01,....Cebu,0.98,peso,2018
2019-04-01,....City of Cebu (Capital),0.99,peso,2018
2019-04-01,....City of Lapu-Lapu,0.99,peso,2018
2019-04-01,....City of Mandaue,0.99,peso,2018
2019-04-01,..Region VIII (Eastern Visayas),0.98,peso,2018
2019-04-01,....Eastern Samar,1.0,peso,2018
2019-04-01,....Leyte,0.96,peso,2018
2019-04-01,....Northern Samar,0.99,peso,2018
2019-04-01,....Samar,0.99,peso,2018
2019-04-01,....Southern Leyte,1.0,peso,2018
2019-04-01,....Biliran,1.0,peso,2018
2019-04-01,....City of Tacloban (Capital),0.96,peso,2018
2019-04-01,..Region IX (Zamboanga Peninsula),0.99,peso,2018
2019-04-01,....Zamboanga del Norte,0.99,peso,2018
2019-04-01,....Zamboanga del Sur,0.99,peso,2018
2019-04-01,....Zamboanga Sibugay,1.0,peso,2018
2019-04-01,....City of Zamboanga,0.99,peso,2018
2019-04-01,....City of Isabela,0.97,peso,2018
2019-04-01,..Region X (Northern Mindanao),0.97,peso,2018
2019-04-01,....Bukidnon,0.97,peso,2018
2019-04-01,....Camiguin,0.97,peso,2018
2019-04-01,....Lanao del Norte,0.98,peso,2018
2019-04-01,....Misamis Occidental,0.97,peso,2018
2019-04-01,....Misamis Oriental,0.96,peso,2018
2019-04-01,....City of Iligan,0.97,peso,2018
2019-04-01,....City of Cagayan de Oro (Capital),0.97,peso,2018
2019-04-01,..Region XI (Davao Region),0.98,peso,2018
2019-04-01,....Davao del Norte,0.99,peso,2018
2019-04-01,....Davao del Sur,0.97,peso,2018
2019-04-01,....Davao Oriental,1.0,peso,2018
2019-04-01,....Davao de Oro,0.97,peso,2018
2019-04-01,....Davao Occidental,0.98,peso,2018
2019-04-01,....City of Davao,0.98,peso,2018
2019-04-01,..Region XII (SOCCSKSARGEN),0.98,peso,2018
2019-04-01,....Cotabato,1.0,peso,2018
2019-04-01,....South Cotabato,0.98,peso,2018
2019-04-01,....Sultan Kudarat,0.98,peso,2018
2019-04-01,....Sarangani,0.97,peso,2018
2019-04-01,....City of General Santos,0.98,peso,2018
2019-04-01,..Bangsamoro Autonomous Region in Muslim Mindanao (BARMM),0.97,peso,2018
2019-04-01,....City of Cotabato,0.98,peso,2018
2019-04-01,....Basilan,0.92,peso,2018
2019-04-01,....Lanao del Sur,0.99,peso,2018
2019-04-01,....Maguindanao,0.99,peso,2018
2019-04-01,....Sulu,0.94,peso,2018
2019-04-01,....Tawi-tawi,0.92,peso,2018
2019-04-01,..Region XIII (Caraga),0.98,peso,2018
2019-04-01,....Agusan del Norte,0.99,peso,2018
2019-04-01,....Agusan del Sur,0.98,peso,2018
2019-04-01,....Surigao del Norte,0.97,peso,2018
2019-04-01,....Surigao del Sur,0.99,peso,2018
2019-04-01,....Dinagat Islands,0.98,peso,2018
2019-04-01,....City of Butuan (Capital),0.99,peso,2018
2019-04-01,..Negros Island Region (NIR),0.98,peso,2018
2019-04-01,....Negros Occidental,0.98,peso,2018
2019-04-01,....City of Bacolod (Capital),0.98,peso,2018
2019-04-01,....Negros Oriental,1.0,peso,2018
2019-04-01,....Siquijor,0.99,peso,2018
2019-05-01,PHILIPPINES,0.98,peso,2018
2019-05-01,..National Capital Region (NCR),0.98,peso,2018
2019-05-01,..Areas Outside National Capital Region (AONCR),0.98,peso,2018
2019-05-01,..Cordillera Administrative Region (CAR),0.98,peso,2018
2019-05-01,....Abra,0.97,peso,2018
2019-05-01,....Benguet,0.99,peso,2018
2019-05-01,....Ifugao,0.96,peso,2018
2019-05-01,....Kalinga,0.97,peso,2018
2019-05-01,....Mountain Province,0.98,peso,2018
2019-05-01,....Apayao,0.97,peso,2018
2019-05-01,....City of Baguio,0.98,peso,2018
2019-05-01,..Region I (Ilocos Region),0.98,peso,2018
2019-05-01,....Ilocos Norte,0.98,peso,2018
2019-05-01,....Ilocos Sur,0.98,peso,2018
2019-05-01,....La Union,0.99,peso,2018
2019-05-01,....Pangasinan,0.98,peso,2018
2019-05-01,..Region II (Cagayan Valley),0.98,peso,2018
2019-05-01,....Batanes,0.97,peso,2018
2019-05-01,....Cagayan,0.97,peso,2018
2019-05-01,....Isabela,0.98,peso,2018
2019-05-01,....Nueva Vizcaya,0.98,peso,2018
2019-05-01,....Quirino,0.97,peso,2018
2019-05-01,..Region III (Central Luzon),0.98,peso,2018
2019-05-01,....Bataan,0.98,peso,2018
2019-05-01,....Bulacan,0.99,peso,2018
2019-05-01,....Nueva Ecija,0.97,peso,2018
2019-05-01,....Pampanga,0.97,peso,2018
2019-05-01,....Tarlac,0.97,peso,2018
2019-05-01,....Zambales,0.97,peso,2018
2019-05-01,....Aurora,0.97,peso,2018
2019-05-01,....City of Angeles,0.97,peso,2018
2019-05-01,....City of Olongapo,0.97,peso,2018
2019-05-01,..Region IV-A (CALABARZON),0.98,peso,2018
2019-05-01,....Batangas,0.98,peso,2018
2019-05-01,....Cavite,0.98,peso,2018
2019-05-01,....Laguna,0.99,peso,2018
2019-05-01,....Quezon,0.99,peso,2018
2019-05-01,....Rizal,0.98,peso,2018
2019-05-01,....City of Lucena (Capital),0.99,peso,2018
2019-05-01,..MIMAROPA Region,0.98,peso,2018
2019-05-01,....Marinduque,0.98,peso,2018
2019-05-01,....Occidental Mindoro,0.97,peso,2018
2019-05-01,....Oriental Mindoro,0.98,peso,2018
2019-05-01,....Palawan,0.97,peso,2018
2019-05-01,....Romblon,0.97,peso,2018
2019-05-01,....City of Puerto Princesa (Capital),0.97,peso,2018
2019-05-01,..Region V (Bicol Region),0.98,peso,2018
2019-05-01,....Albay,0.97,peso,2018
2019-05-01,....Camarines Norte,0.98,peso,2018
2019-05-01,....Camarines Sur,0.97,peso,2018
2019-05-01,....Catanduanes,0.99,peso,2018
2019-05-01,....Masbate,0.99,peso,2018
2019-05-01,....Sorsogon,0.96,peso,2018
2019-05-01,..Region VI (Western Visayas),0.99,peso,2018
2019-05-01,....Aklan,1.0,peso,2018
2019-05-01,....Antique,1.0,peso,2018
2019-05-01,....Capiz,0.97,peso,2018
2019-05-01,....Iloilo,0.99,peso,2018
2019-05-01,....Guimaras,0.97,peso,2018
2019-05-01,....City of Iloilo (Capital),0.99,peso,2018
2019-05-01,..Region VII (Central Visayas),0.99,peso,2018
2019-05-01,....Bohol,1.0,peso,2018
2019-05-01,....Cebu,0.98,peso,2018
2019-05-01,....City of Cebu (Capital),0.99,peso,2018
2019-05-01,....City of Lapu-Lapu,0.99,peso,2018
2019-05-01,....City of Mandaue,0.99,peso,2018
2019-05-01,..Region VIII (Eastern Visayas),0.98,peso,2018
2019-05-01,....Eastern Samar,1.0,peso,2018
2019-05-01,....Leyte,0.96,peso,2018
2019-05-01,....Northern Samar,1.0,peso,2018
2019-05-01,....Samar,1.01,peso,2018
2019-05-01,....Southern Leyte,1.0,peso,2018
2019-05-01,....Biliran,0.99,peso,2018
2019-05-01,....City of Tacloban (Capital),0.96,peso,2018
2019-05-01,..Region IX (Zamboanga Peninsula),0.99,peso,2018
2019-05-01,....Zamboanga del Norte,0.99,peso,2018
2019-05-01,....Zamboanga del Sur,0.99,peso,2018
2019-05-01,....Zamboanga Sibugay,1.0,peso,2018
2019-05-01,....City of Zamboanga,0.99,peso,2018
2019-05-01,....City of Isabela,0.96,peso,2018
2019-05-01,..Region X (Northern Mindanao),0.97,peso,2018
2019-05-01,....Bukidnon,0.97,peso,2018
2019-05-01,....Camiguin,0.96,peso,2018
2019-05-01,....Lanao del Norte,0.97,peso,2018
2019-05-01,....Misamis Occidental,0.97,peso,2018
2019-05-01,....Misamis Oriental,0.96,peso,2018
2019-05-01,....City of Iligan,0.96,peso,2018
2019-05-01,....City of Cagayan de Oro (Capital),0.96,peso,2018
2019-05-01,..Region XI (Davao Region),0.98,peso,2018
2019-05-01,....Davao del Norte,0.99,peso,2018
2019-05-01,....Davao del Sur,0.98,peso,2018
2019-05-01,....Davao Oriental,0.99,peso,2018
2019-05-01,....Davao de Oro,0.97,peso,2018
2019-05-01,....Davao Occidental,0.98,peso,2018
2019-05-01,....City of Davao,0.98,peso,2018
2019-05-01,..Region XII (SOCCSKSARGEN),0.98,peso,2018
2019-05-01,....Cotabato,0.99,peso,2018
2019-05-01,....South Cotabato,0.98,peso,2018
2019-05-01,....Sultan Kudarat,0.98,peso,2018
2019-05-01,....Sarangani,0.97,peso,2018
2019-05-01,....City of General Santos,0.98,peso,2018
2019-05-01,..Bangsamoro Autonomous Region in Muslim Mindanao (BARMM),0.96,peso,2018
2019-05-01,....City of Cotabato,0.97,peso,2018
2019-05-01,....Basilan,0.91,peso,2018
2019-05-01,....Lanao del Sur,0.99,peso,2018
2019-05-01,....Maguindanao,0.99,peso,2018
2019-05-01,....Sulu,0.93,peso,2018
2019-05-01,....Tawi-tawi,0.92,peso,2018
2019-05-01,..Region XIII (Caraga),0.98,peso,2018
2019-05-01,....Agusan del Norte,0.99,peso,2018
2019-05-01,....Agusan del Sur,0.99,peso,2018
2019-05-01,....Surigao del Norte,0.97,peso,2018
2019-05-01,....Surigao del Sur,0.98,peso,2018
2019-05-01,....Dinagat Islands,0.97,peso,2018
2019-05-01,....City of Butuan (Capital),0.99,peso,2018
2019-05-01,..Negros Island Region (NIR),0.98,peso,2018
2019-05-01,....Negros Occidental,0.97,peso,2018
2019-05-01,....City of Bacolod (Capital),0.97,peso,2018
2019-05-01,....Negros Oriental,0.98,peso,2018
2019-05-01,....Siquijor,0.98,peso,2018
2019-06-01,PHILIPPINES,0.98,peso,2018
2019-06-01,..National Capital Region (NCR),0.98,peso,2018
2019-06-01,..Areas Outside National Capital Region (AONCR),0.98,peso,2018
2019-06-01,..Cordillera Administrative Region (CAR),0.98,peso,2018
2019-06-01,....Abra,0.97,peso,2018
2019-06-01,....Benguet,0.99,peso,2018
2019-06-01,....Ifugao,0.96,peso,2018
2019-06-01,....Kalinga,0.97,peso,2018
2019-06-01,....Mountain Province,0.97,peso,2018
2019-06-01,....Apayao,0.96,peso,2018
2019-06-01,....City of Baguio,0.99,peso,2018
2019-06-01,..Region I (Ilocos Region),0.98,peso,2018
2019-06-01,....Ilocos Norte,0.98,peso,2018
2019-06-01,....Ilocos Sur,0.99,peso,2018
2019-06-01,....La Union,0.99,peso,2018
2019-06-01,....Pangasinan,0.98,peso,2018
2019-06-01,..Region II (Cagayan Valley),0.98,peso,2018
2019-06-01,....Batanes,0.97,peso,2018
2019-06-01,....Cagayan,0.97,peso,2018
2019-06-01,....Isabela,0.98,peso,2018
2019-06-01,....Nueva Vizcaya,0.98,peso,2018
2019-06-01,....Quirino,0.98,peso,2018
2019-06-01,..Region III (Central Luzon),0.98,peso,2018
2019-06-01,....Bataan,0.97,peso,2018
2019-06-01,....Bulacan,0.99,peso,2018
2019-06-01,....Nueva Ecija,0.97,peso,2018
2019-06-01,....Pampanga,0.97,peso,2018
2019-06-01,....Tarlac,0.98,peso,2018
2019-06-01,....Zambales,0.98,peso,2018
2019-06-01,....Aurora,0.97,peso,2018
2019-06-01,....City of Angeles,0.97,peso,2018
2019-06-01,....City of Olongapo,0.97,peso,2018
2019-06-01,..Region IV-A (CALABARZON),0.98,peso,2018
2019-06-01,....Batangas,0.98,peso,2018
2019-06-01,....Cavite,0.98,peso,2018
2019-06-01,....Laguna,0.99,peso,2018
2019-06-01,....Quezon,0.99,peso,2018
2019-06-01,....Rizal,0.98,peso,2018
2019-06-01,....City of Lucena (Capital),0.99,peso,2018
2019-06-01,..MIMAROPA Region,0.97,peso,2018
2019-06-01,....Marinduque,0.96,peso,2018
2019-06-01,....Occidental Mindoro,0.97,peso,2018
2019-06-01,....Oriental Mindoro,0.98,peso,2018
2019-06-01,....Palawan,0.97,peso,2018
2019-06-01,....Romblon,0.97,peso,2018
2019-06-01,....City of Puerto Princesa (Capital),0.97,peso,2018
2019-06-01,..Region V (Bicol Region),0.97,peso,2018
2019-06-01,....Albay,0.97,peso,2018
2019-06-01,....Camarines Norte,0.98,peso,2018
2019-06-01,....Camarines Sur,0.98,peso,2018
2019-06-01,....Catanduanes,0.99,peso,2018
2019-06-01,....Masbate,0.98,peso,2018
2019-06-01,....Sorsogon,0.97,peso,2018
2019-06-01,..Region VI (Western Visayas),0.98,peso,2018
2019-06-01,....Aklan,0.99,peso,2018
2019-06-01,....Antique,0.99,peso,2018
2019-06-01,....Capiz,0.97,peso,2018
2019-06-01,....Iloilo,0.99,peso,2018
2019-06-01,....Guimaras,0.96,peso,2018
2019-06-01,....City of Iloilo (Capital),0.99,peso,2018
2019-06-01,..Region VII (Central Visayas),0.99,peso,2018
2019-06-01,....Bohol,1.0,peso,2018
2019-06-01,....Cebu,0.99,peso,2018
2019-06-01,....City of Cebu (Capital),0.99,peso,2018
2019-06-01,....City of Lapu-Lapu,0.99,peso,2018
2019-06-01,....City of Mandaue,0.99,peso,2018
2019-06-01,..Region VIII (Eastern Visayas),0.98,peso,2018
2019-06-01,....Eastern Samar,1.0,peso,2018
2019-06-01,....Leyte,0.96,peso,2018
2019-06-01,....Northern Samar,1.0,peso,2018
2019-06-01,....Samar,1.0,peso,2018
2019-06-01,....Southern Leyte,1.0,peso,2018
2019-06-01,....Biliran,0.99,peso,2018
2019-06-01,....City of Tacloban (Capital),0.96,peso,2018
2019-06-01,..Region IX (Zamboanga Peninsula),0.99,peso,2018
2019-06-01,....Zamboanga del Norte,0.99,peso,2018
2019-06-01,....Zamboanga del Sur,1.0,peso,2018
2019-06-01,....Zamboanga Sibugay,1.0,peso,2018
2019-06-01,....City of Zamboanga,1.0,peso,2018
2019-06-01,....City of Isabela,0.96,peso,2018
2019-06-01,..Region X (Northern Mindanao),0.97,peso,2018
2019-06-01,....Bukidnon,0.97,peso,2018
2019-06-01,....Camiguin,0.97,peso,2018
2019-06-01,....Lanao del Norte,0.98,peso,2018
2019-06-01,....Misamis Occidental,0.97,peso,2018
2019-06-01,....Misamis Oriental,0.97,peso,2018
2019-06-01,....City of Iligan,0.97,peso,2018
2019-06-01,....City of Cagayan de Oro (Capital),0.97,peso,2018
2019-06-01,..Region XI (Davao Region),0.98,peso,2018
2019-06-01,....Davao del Norte,0.98,peso,2018
2019-06-01,....Davao del Sur,0.98,peso,2018
2019-06-01,....Davao Oriental,1.0,peso,2018
2019-06-01,....Davao de Oro,0.98,peso,2018
2019-06-01,....Davao Occidental,0.97,peso,2018
2019-06-01,....City of Davao,0.97,peso,2018
2019-06-01,..Region XII (SOCCSKSARGEN),0.98,peso,2018
2019-06-01,....Cotabato,0.99,peso,2018
2019-06-01,....South Cotabato,0.97,peso,2018
2019-06-01,....Sultan Kudarat,0.98,peso,2018
2019-06-01,....Sarangani,0.97,peso,2018
2019-06-01,....City of General Santos,0.98,peso,2018
2019-06-01,..Bangsamoro Autonomous Region in Muslim Mindanao (BARMM),0.96,peso,2018
2019-06-01,....City of Cotabato,0.96,peso,2018
2019-06-01,....Basilan,0.91,peso,2018
2019-06-01,....Lanao del Sur,0.98,peso,2018
2019-06-01,....Maguindanao,0.99,peso,2018
2019-06-01,....Sulu,0.92,peso,2018
2019-06-01,....Tawi-tawi,0.91,peso,2018
2019-06-01,..Region XIII (Caraga),0.98,peso,2018
2019-06-01,....Agusan del Norte,0.99,peso,2018
2019-06-01,....Agusan del Sur,0.99,peso,2018
2019-06-01,....Surigao del Norte,0.97,peso,2018
2019-06-01,....Surigao del Sur,0.99,peso,2018
2019-06-01,....Dinagat Islands,0.97,peso,2018
2019-06-01,....City of Butuan (Capital),0.99,peso,2018
2019-06-01,..Negros Island Region (NIR),0.97,peso,2018
2019-06-01,....Negros Occidental,0.97,peso,2018
2019-06-01,....City of Bacolod (Capital),0.97,peso,2018
2019-06-01,....Negros Oriental,0.98,peso,2018
2019-06-01,....Siquijor,0.98,peso,2018
2019-07-01,PHILIPPINES,0.98,peso,2018
2019-07-01,..National Capital Region (NCR),0.98,peso,2018
2019-07-01,..Areas Outside National Capital Region (AONCR),0.98,peso,2018
2019-07-01,..Cordillera Administrative Region (CAR),0.98,peso,2018
2019-07-01,....Abra,0.97,peso,2018
2019-07-01,....Benguet,0.99,peso,2018
2019-07-01,....Ifugao,0.97,peso,2018
2019-07-01,....Kalinga,0.97,peso,2018
2019-07-01,....Mountain Province,0.96,peso,2018
2019-07-01,....Apayao,0.96,peso,2018
2019-07-01,....City of Baguio,0.98,peso,2018
2019-07-01,..Region I (Ilocos Region),0.98,peso,2018
2019-07-01,....Ilocos Norte,0.98,peso,2018
2019-07-01,....Ilocos Sur,0.98,peso,2018
2019-07-01,....La Union,0.99,peso,2018
2019-07-01,....Pangasinan,0.98,peso,2018
2019-07-01,..Region II (Cagayan Valley),0.97,peso,2018
2019-07-01,....Batanes,0.97,peso,2018
2019-07-01,....Cagayan,0.97,peso,2018
2019-07-01,....Isabela,0.98,peso,2018
2019-07-01,....Nueva Vizcaya,0.98,peso,2018
2019-07-01,....Quirino,0.98,peso,2018
2019-07-01,..Region III (Central Luzon),0.97,peso,2018
2019-07-01,....Bataan,0.97,peso,2018
2019-07-01,....Bulacan,0.99,peso,2018
2019-07-01,....Nueva Ecija,0.97,peso,2018
2019-07-01,....Pampanga,0.97,peso,2018
2019-07-01,....Tarlac,0.97,peso,2018
2019-07-01,....Zambales,0.97,peso,2018
2019-07-01,....Aurora,0.96,peso,2018
2019-07-01,....City of Angeles,0.97,peso,2018
2019-07-01,....City of Olongapo,0.97,peso,2018
2019-07-01,..Region IV-A (CALABARZON),0.97,peso,2018
2019-07-01,....Batangas,0.97,peso,2018
2019-07-01,....Cavite,0.96,peso,2018
2019-07-01,....Laguna,0.99,peso,2018
2019-07-01,....Quezon,0.98,peso,2018
2019-07-01,....Rizal,0.98,peso,2018
2019-07-01,....City of Lucena (Capital),0.98,peso,2018
2019-07-01,..MIMAROPA Region,0.96,peso,2018
2019-07-01,....Marinduque,0.96,peso,2018
2019-07-01,....Occidental Mindoro,0.97,peso,2018
2019-07-01,....Oriental Mindoro,0.95,peso,2018
2019-07-01,....Palawan,0.97,peso,2018
2019-07-01,....Romblon,0.97,peso,2018
2019-07-01,....City of Puerto Princesa (Capital),0.97,peso,2018
2019-07-01,..Region V (Bicol Region),0.97,peso,2018
2019-07-01,....Albay,0.97,peso,2018
2019-07-01,....Camarines Norte,0.98,peso,2018
2019-07-01,....Camarines Sur,0.97,peso,2018
2019-07-01,....Catanduanes,0.99,peso,2018
2019-07-01,....Masbate,0.99,peso,2018
2019-07-01,....Sorsogon,0.97,peso,2018
2019-07-01,..Region VI (Western Visayas),0.98,peso,2018
2019-07-01,....Aklan,0.97,peso,2018
2019-07-01,....Antique,0.99,peso,2018
2019-07-01,....Capiz,0.96,peso,2018
2019-07-01,....Iloilo,0.99,peso,2018
2019-07-01,....Guimaras,0.97,peso,2018
2019-07-01,....City of Iloilo (Capital),0.99,peso,2018
2019-07-01,..Region VII (Central Visayas),0.99,peso,2018
2019-07-01,....Bohol,0.99,peso,2018
2019-07-01,....Cebu,0.99,peso,2018
2019-07-01,....City of Cebu (Capital),0.99,peso,2018
2019-07-01,....City of Lapu-Lapu,0.99,peso,2018
2019-07-01,....City of Mandaue,0.99,peso,2018
2019-07-01,..Region VIII (Eastern Visayas),0.98,peso,2018
2019-07-01,....Eastern Samar,1.0,peso,2018
2019-07-01,....Leyte,0.96,peso,2018
2019-07-01,....Northern Samar,1.01,peso,2018
2019-07-01,....Samar,1.01,peso,2018
2019-07-01,....Southern Leyte,1.0,peso,2018
2019-07-01,....Biliran,0.99,peso,2018
2019-07-01,....City of Tacloban (Capital),0.96,peso,2018
2019-07-01,..Region IX (Zamboanga Peninsula),0.99,peso,2018
2019-07-01,....Zamboanga del Norte,0.98,peso,2018
2019-07-01,....Zamboanga del Sur,1.0,peso,2018
2019-07-01,....Zamboanga Sibugay,1.01,peso,2018
2019-07-01,....City of Zamboanga,1.0,peso,2018
2019-07-01,....City of Isabela,0.96,peso,2018
2019-07-01,..Region X (Northern Mindanao),0.97,peso,2018
2019-07-01,....Bukidnon,0.97,peso,2018
2019-07-01,....Camiguin,0.97,peso,2018
2019-07-01,....Lanao del Norte,0.98,peso,2018
2019-07-01,....Misamis Occidental,0.97,peso,2018
2019-07-01,....Misamis Oriental,0.97,peso,2018
2019-07-01,....City of Iligan,0.97,peso,2018
2019-07-01,....City of Cagayan de Oro (Capital),0.97,peso,2018
2019-07-01,..Region XI (Davao Region),0.98,peso,2018
2019-07-01,....Davao del Norte,0.98,peso,2018
2019-07-01,....Davao del Sur,0.98,peso,2018
2019-07-01,....Davao Oriental,1.0,peso,2018
2019-07-01,....Davao de Oro,0.98,peso,2018
2019-07-01,....Davao Occidental,0.97,peso,2018
2019-07-01,....City of Davao,0.98,peso,2018
2019-07-01,..Region XII (SOCCSKSARGEN),0.98,peso,2018
2019-07-01,....Cotabato,0.99,peso,2018
2019-07-01,....South Cotabato,0.97,peso,2018
2019-07-01,....Sultan Kudarat,0.97,peso,2018
2019-07-01,....Sarangani,0.97,peso,2018
2019-07-01,....City of General Santos,0.97,peso,2018
2019-07-01,..Bangsamoro Autonomous Region in Muslim Mindanao (BARMM),0.96,peso,2018
2019-07-01,....City of Cotabato,0.96,peso,2018
2019-07-01,....Basilan,0.91,peso,2018
2019-07-01,....Lanao del Sur,0.98,peso,2018
2019-07-01,....Maguindanao,0.99,peso,2018
2019-07-01,....Sulu,0.92,peso,2018
2019-07-01,....Tawi-tawi,0.92,peso,2018
2019-07-01,..Region XIII (Caraga),0.98,peso,2018
2019-07-01,....Agusan del Norte,0.99,peso,2018
2019-07-01,....Agusan del Sur,0.98,peso,2018
2019-07-01,....Surigao del Norte,0.97,peso,2018
2019-07-01,....Surigao del Sur,0.98,peso,2018
2019-07-01,....Dinagat Islands,0.98,peso,2018
2019-07-01,....City of Butuan (Capital),0.99,peso,2018
2019-07-01,..Negros Island Region (NIR),0.97,peso,2018
2019-07-01,....Negros Occidental,0.97,peso,2018
2019-07-01,....City of Bacolod (Capital),0.97,peso,2018
2019-07-01,....Negros Oriental,0.98,peso,2018
2019-07-01,....Siquijor,0.99,peso,2018
2019-08-01,PHILIPPINES,0.98,peso,2018
2019-08-01,..National Capital Region (NCR),0.98,peso,2018
2019-08-01,..Areas Outside National Capital Region (AONCR),0.98,peso,2018
2019-08-01,..Cordillera Administrative Region (CAR),0.98,peso,2018
2019-08-01,....Abra,0.97,peso,2018
2019-08-01,....Benguet,0.99,peso,2018
2019-08-01,....Ifugao,0.97,peso,2018
2019-08-01,....Kalinga,0.96,peso,2018
2019-08-01,....Mountain Province,0.96,peso,2018
2019-08-01,....Apayao,0.96,peso,2018
2019-08-01,....City of Baguio,0.98,peso,2018
2019-08-01,..Region I (Ilocos Region),0.98,peso,2018
2019-08-01,....Ilocos Norte,0.98,peso,2018
2019-08-01,....Ilocos Sur,0.98,peso,2018
2019-08-01,....La Union,0.99,peso,2018
2019-08-01,....Pangasinan,0.98,peso,2018
2019-08-01,..Region II (Cagayan Valley),0.98,peso,2018
2019-08-01,....Batanes,0.97,peso,2018
2019-08-01,....Cagayan,0.97,peso,2018
2019-08-01,....Isabela,0.98,peso,2018
2019-08-01,....Nueva Vizcaya,0.97,peso,2018
2019-08-01,....Quirino,0.98,peso,2018
2019-08-01,..Region III (Central Luzon),0.97,peso,2018
2019-08-01,....Bataan,0.97,peso,2018
2019-08-01,....Bulacan,0.98,peso,2018
2019-08-01,....Nueva Ecija,0.96,peso,2018
2019-08-01,....Pampanga,0.96,peso,2018
2019-08-01,....Tarlac,0.97,peso,2018
2019-08-01,....Zambales,0.97,peso,2018
2019-08-01,....Aurora,0.96,peso,2018
2019-08-01,....City of Angeles,0.96,peso,2018
2019-08-01,....City of Olongapo,0.96,peso,2018
2019-08-01,..Region IV-A (CALABARZON),0.98,peso,2018
2019-08-01,....Batangas,0.97,peso,2018
2019-08-01,....Cavite,0.96,peso,2018
2019-08-01,....Laguna,0.99,peso,2018
2019-08-01,....Quezon,0.99,peso,2018
2019-08-01,....Rizal,0.98,peso,2018
2019-08-01,....City of Lucena (Capital),0.98,peso,2018
2019-08-01,..MIMAROPA Region,0.96,peso,2018
2019-08-01,....Marinduque,0.95,peso,2018
2019-08-01,....Occidental Mindoro,0.96,peso,2018
2019-08-01,....Oriental Mindoro,0.93,peso,2018
2019-08-01,....Palawan,0.97,peso,2018
2019-08-01,....Romblon,0.97,peso,2018
2019-08-01,....City of Puerto Princesa (Capital),0.97,peso,2018
2019-08-01,..Region V (Bicol Region),0.97,peso,2018
2019-08-01,....Albay,0.97,peso,2018
2019-08-01,....Camarines Norte,0.97,peso,2018
2019-08-01,....Camarines Sur,0.97,peso,2018
2019-08-01,....Catanduanes,0.98,peso,2018
2019-08-01,....Masbate,0.99,peso,2018
2019-08-01,....Sorsogon,0.97,peso,2018
2019-08-01,..Region VI (Western Visayas),0.98,peso,2018
2019-08-01,....Aklan,0.97,peso,2018
2019-08-01,....Antique,0.98,peso,2018
2019-08-01,....Capiz,0.96,peso,2018
2019-08-01,....Iloilo,0.99,peso,2018
2019-08-01,....Guimaras,0.96,peso,2018
2019-08-01,....City of Iloilo (Capital),0.98,peso,2018
2019-08-01,..Region VII (Central Visayas),0.99,peso,2018
2019-08-01,....Bohol,1.0,peso,2018
2019-08-01,....Cebu,0.99,peso,2018
2019-08-01,....City of Cebu (Capital),0.99,peso,2018
2019-08-01,....City of Lapu-Lapu,0.99,peso,2018
2019-08-01,....City of Mandaue,0.99,peso,2018
2019-08-01,..Region VIII (Eastern Visayas),0.99,peso,2018
2019-08-01,....Eastern Samar,1.0,peso,2018
2019-08-01,....Leyte,0.97,peso,2018
2019-08-01,....Northern Samar,1.01,peso,2018
2019-08-01,....Samar,1.0,peso,2018
2019-08-01,....Southern Leyte,1.0,peso,2018
2019-08-01,....Biliran,0.99,peso,2018
2019-08-01,....City of Tacloban (Capital),0.97,peso,2018
2019-08-01,..Region IX (Zamboanga Peninsula),0.99,peso,2018
2019-08-01,....Zamboanga del Norte,0.98,peso,2018
2019-08-01,....Zamboanga del Sur,0.99,peso,2018
2019-08-01,....Zamboanga Sibugay,1.0,peso,2018
2019-08-01,....City of Zamboanga,1.0,peso,2018
2019-08-01,....City of Isabela,0.97,peso,2018
2019-08-01,..Region X (Northern Mindanao),0.97,peso,2018
2019-08-01,....Bukidnon,0.97,peso,2018
2019-08-01,....Camiguin,0.97,peso,2018
2019-08-01,....Lanao del Norte,0.98,peso,2018
2019-08-01,....Misamis Occidental,0.98,peso,2018
2019-08-01,....Misamis Oriental,0.97,peso,2018
2019-08-01,....City of Iligan,0.97,peso,2018
2019-08-01,....City of Cagayan de Oro (Capital),0.97,peso,2018
2019-08-01,..Region XI (Davao Region),0.97,peso,2018
2019-08-01,....Davao del Norte,0.98,peso,2018
2019-08-01,....Davao del Sur,0.97,peso,2018
2019-08-01,....Davao Oriental,1.01,peso,2018
2019-08-01,....Davao de Oro,0.97,peso,2018
2019-08-01,....Davao Occidental,0.97,peso,2018
2019-08-01,....City of Davao,0.97,peso,2018
2019-08-01,..Region XII (SOCCSKSARGEN),0.97,peso,2018
2019-08-01,....Cotabato,0.99,peso,2018
2019-08-01,....South Cotabato,0.96,peso,2018
2019-08-01,....Sultan Kudarat,0.97,peso,2018
2019-08-01,....Sarangani,0.96,peso,2018
2019-08-01,....City of General Santos,0.97,peso,2018
2019-08-01,..Bangsamoro Autonomous Region in Muslim Mindanao (BARMM),0.96,peso,2018
2019-08-01,....City of Cotabato,0.96,peso,2018
2019-08-01,....Basilan,0.9,peso,2018
2019-08-01,....Lanao del Sur,0.98,peso,2018
2019-08-01,....Maguindanao,0.99,peso,2018
2019-08-01,....Sulu,0.9,peso,2018
2019-08-01,....Tawi-tawi,0.92,peso,2018
2019-08-01,..Region XIII (Caraga),0.98,peso,2018
2019-08-01,....Agusan del Norte,0.99,peso,2018
2019-08-01,....Agusan del Sur,0.98,peso,2018
2019-08-01,....Surigao del Norte,0.97,peso,2018
2019-08-01,....Surigao del Sur,0.98,peso,2018
2019-08-01,....Dinagat Islands,0.97,peso,2018
2019-08-01,....City of Butuan (Capital),0.99,peso,2018
2019-08-01,..Negros Island Region (NIR),0.97,peso,2018
2019-08-01,....Negros Occidental,0.96,peso,2018
2019-08-01,....City of Bacolod (Capital),0.96,peso,2018
2019-08-01,....Negros Oriental,0.98,peso,2018
2019-08-01,....Siquijor,0.98,peso,2018
2019-09-01,PHILIPPINES,0.97,peso,2018
2019-09-01,..National Capital Region (NCR),0.98,peso,2018
2019-09-01,..Areas Outside National Capital Region (AONCR),0.97,peso,2018
2019-09-01,..Cordillera Administrative Region (CAR),0.98,peso,2018
2019-09-01,....Abra,0.96,peso,2018
2019-09-01,....Benguet,0.99,peso,2018
2019-09-01,....Ifugao,0.97,peso,2018
2019-09-01,....Kalinga,0.97,peso,2018
2019-09-01,....Mountain Province,0.96,peso,2018
2019-09-01,....Apayao,0.96,peso,2018
2019-09-01,....City of Baguio,0.98,peso,2018
2019-09-01,..Region I (Ilocos Region),0.98,peso,2018
2019-09-01,....Ilocos Norte,0.98,peso,2018
2019-09-01,....Ilocos Sur,0.97,peso,2018
2019-09-01,....La Union,0.99,peso,2018
2019-09-01,....Pangasinan,0.97,peso,2018
2019-09-01,..Region II (Cagayan Valley),0.97,peso,2018
2019-09-01,....Batanes,0.97,peso,2018
2019-09-01,....Cagayan,0.97,peso,2018
2019-09-01,....Isabela,0.97,peso,2018
2019-09-01,....Nueva Vizcaya,0.97,peso,2018
2019-09-01,....Quirino,0.98,peso,2018
2019-09-01,..Region III (Central Luzon),0.97,peso,2018
2019-09-01,....Bataan,0.97,peso,2018
2019-09-01,....Bulacan,0.98,peso,2018
2019-09-01,....Nueva Ecija,0.96,peso,2018
2019-09-01,....Pampanga,0.97,peso,2018
2019-09-01,....Tarlac,0.96,peso,2018
2019-09-01,....Zambales,0.96,peso,2018
2019-09-01,....Aurora,0.95,peso,2018
2019-09-01,....City of Angeles,0.96,peso,2018
2019-09-01,....City of Olongapo,0.96,peso,2018
2019-09-01,..Region IV-A (CALABARZON),0.97,peso,2018
2019-09-01,....Batangas,0.97,peso,2018
2019-09-01,....Cavite,0.96,peso,2018
2019-09-01,....Laguna,0.99,peso,2018
2019-09-01,....Quezon,0.98,peso,2018
2019-09-01,....Rizal,0.97,peso,2018
2019-09-01,....City of Lucena (Capital),0.98,peso,2018
2019-09-01,..MIMAROPA Region,0.95,peso,2018
2019-09-01,....Marinduque,0.95,peso,2018
2019-09-01,....Occidental Mindoro,0.96,peso,2018
2019-09-01,....Oriental Mindoro,0.92,peso,2018
2019-09-01,....Palawan,0.97,peso,2018
2019-09-01,....Romblon,0.96,peso,2018
2019-09-01,....City of Puerto Princesa (Capital),0.97,peso,2018
2019-09-01,..Region V (Bicol Region),0.97,peso,2018
2019-09-01,....Albay,0.97,peso,2018
2019-09-01,....Camarines Norte,0.97,peso,2018
2019-09-01,....Camarines Sur,0.97,peso,2018
2019-09-01,....Catanduanes,0.98,peso,2018
2019-09-01,....Masbate,1.0,peso,2018
2019-09-01,....Sorsogon,0.98,peso,2018
2019-09-01,..Region VI (Western Visayas),0.98,peso,2018
2019-09-01,....Aklan,0.97,peso,2018
2019-09-01,....Antique,0.98,peso,2018
2019-09-01,....Capiz,0.96,peso,2018
2019-09-01,....Iloilo,0.99,peso,2018
2019-09-01,....Guimaras,0.95,peso,2018
2019-09-01,....City of Iloilo (Capital),0.98,peso,2018
2019-09-01,..Region VII (Central Visayas),0.99,peso,2018
2019-09-01,....Bohol,1.0,peso,2018
2019-09-01,....Cebu,0.99,peso,2018
2019-09-01,....City of Cebu (Capital),0.99,peso,2018
2019-09-01,....City of Lapu-Lapu,0.98,peso,2018
2019-09-01,....City of Mandaue,0.99,peso,2018
2019-09-01,..Region VIII (Eastern Visayas),0.99,peso,2018
2019-09-01,....Eastern Samar,1.0,peso,2018
2019-09-01,....Leyte,0.97,peso,2018
2019-09-01,....Northern Samar,1.0,peso,2018
2019-09-01,....Samar,1.01,peso,2018
2019-09-01,....Southern Leyte,1.0,peso,2018
2019-09-01,....Biliran,0.98,peso,2018
2019-09-01,....City of Tacloban (Capital),0.97,peso,2018
2019-09-01,..Region IX (Zamboanga Peninsula),1.0,peso,2018
2019-09-01,....Zamboanga del Norte,0.98,peso,2018
2019-09-01,....Zamboanga del Sur,1.0,peso,2018
2019-09-01,....Zamboanga Sibugay,1.0,peso,2018
2019-09-01,....City of Zamboanga,1.0,peso,2018
2019-09-01,....City of Isabela,0.96,peso,2018
2019-09-01,..Region X (Northern Mindanao),0.97,peso,2018
2019-09-01,....Bukidnon,0.97,peso,2018
2019-09-01,....Camiguin,0.97,peso,2018
2019-09-01,....Lanao del Norte,0.98,peso,2018
2019-09-01,....Misamis Occidental,0.98,peso,2018
2019-09-01,....Misamis Oriental,0.96,peso,2018
2019-09-01,....City of Iligan,0.97,peso,2018
2019-09-01,....City of Cagayan de Oro (Capital),0.97,peso,2018
2019-09-01,..Region XI (Davao Region),0.97,peso,2018
2019-09-01,....Davao del Norte,0.99,peso,2018
2019-09-01,....Davao del Sur,0.97,peso,2018
2019-09-01,....Davao Oriental,1.01,peso,2018
2019-09-01,....Davao de Oro,0.97,peso,2018
2019-09-01,....Davao Occidental,0.97,peso,2018
2019-09-01,....City of Davao,0.97,peso,2018
2019-09-01,..Region XII (SOCCSKSARGEN),0.98,peso,2018
2019-09-01,....Cotabato,0.99,peso,2018
2019-09-01,....South Cotabato,0.97,peso,2018
2019-09-01,....Sultan Kudarat,0.97,peso,2018
2019-09-01,....Sarangani,0.96,peso,2018
2019-09-01,....City of General Santos,0.97,peso,2018
2019-09-01,..Bangsamoro Autonomous Region in Muslim Mindanao (BARMM),0.96,peso,2018
2019-09-01,....City of Cotabato,0.97,peso,2018
2019-09-01,....Basilan,0.9,peso,2018
2019-09-01,....Lanao del Sur,0.97,peso,2018
2019-09-01,....Maguindanao,1.0,peso,2018
2019-09-01,....Sulu,0.9,peso,2018
2019-09-01,....Tawi-tawi,0.92,peso,2018
2019-09-01,..Region XIII (Caraga),0.98,peso,2018
2019-09-01,....Agusan del Norte,0.98,peso,2018
2019-09-01,....Agusan del Sur,0.98,peso,2018
2019-09-01,....Surigao del Norte,0.98,peso,2018
2019-09-01,....Surigao del Sur,0.98,peso,2018
2019-09-01,....Dinagat Islands,0.97,peso,2018
2019-09-01,....City of Butuan (Capital),0.98,peso,2018
2019-09-01,..Negros Island Region (NIR),0.97,peso,2018
2019-09-01,....Negros Occidental,0.96,peso,2018
2019-09-01,....City of Bacolod (Capital),0.96,peso,2018
2019-09-01,....Negros Oriental,0.98,peso,2018
2019-09-01,....Siquijor,0.98,peso,2018
2019-10-01,PHILIPPINES,0.97,peso,2018
2019-10-01,..National Capital Region (NCR),0.97,peso,2018
2019-10-01,..Areas Outside National Capital Region (AONCR),0.97,peso,2018
2019-10-01,..Cordillera Administrative Region (CAR),0.97,peso,2018
2019-10-01,....Abra,0.96,peso,2018
2019-10-01,....Benguet,0.98,peso,2018
2019-10-01,....Ifugao,0.96,peso,2018
2019-10-01,....Kalinga,0.96,peso,2018
2019-10-01,....Mountain Province,0.96,peso,2018
2019-10-01,....Apayao,0.96,peso,2018
2019-10-01,....City of Baguio,0.98,peso,2018
2019-10-01,..Region I (Ilocos Region),0.97,peso,2018
2019-10-01,....Ilocos Norte,0.97,peso,2018
2019-10-01,....Ilocos Sur,0.97,peso,2018
2019-10-01,....La Union,0.98,peso,2018
2019-10-01,....Pangasinan,0.97,peso,2018
2019-10-01,..Region II (Cagayan Valley),0.97,peso,2018
2019-10-01,....Batanes,0.97,peso,2018
2019-10-01,....Cagayan,0.98,peso,2018
2019-10-01,....Isabela,0.97,peso,2018
2019-10-01,....Nueva Vizcaya,0.97,peso,2018
2019-10-01,....Quirino,0.98,peso,2018
2019-10-01,..Region III (Central Luzon),0.96,peso,2018
2019-10-01,....Bataan,0.96,peso,2018
2019-10-01,....Bulacan,0.97,peso,2018
2019-10-01,....Nueva Ecija,0.96,peso,2018
2019-10-01,....Pampanga,0.96,peso,2018
2019-10-01,....Tarlac,0.96,peso,2018
2019-10-01,....Zambales,0.96,peso,2018
2019-10-01,....Aurora,0.95,peso,2018
2019-10-01,....City of Angeles,0.96,peso,2018
2019-10-01,....City of Olongapo,0.96,peso,2018
2019-10-01,..Region IV-A (CALABARZON),0.97,peso,2018
2019-10-01,....Batangas,0.97,peso,2018
2019-10-01,....Cavite,0.96,peso,2018
2019-10-01,....Laguna,0.98,peso,2018
2019-10-01,....Quezon,0.98,peso,2018
2019-10-01,....Rizal,0.96,peso,2018
2019-10-01,....City of Lucena (Capital),0.97,peso,2018
2019-10-01,..MIMAROPA Region,0.95,peso,2018
2019-10-01,....Marinduque,0.95,peso,2018
2019-10-01,....Occidental Mindoro,0.96,peso,2018
2019-10-01,....Oriental Mindoro,0.92,peso,2018
2019-10-01,....Palawan,0.96,peso,2018
2019-10-01,....Romblon,0.96,peso,2018
2019-10-01,....City of Puerto Princesa (Capital),0.96,peso,2018
2019-10-01,..Region V (Bicol Region),0.97,peso,2018
2019-10-01,....Albay,0.96,peso,2018
2019-10-01,....Camarines Norte,0.96,peso,2018
2019-10-01,....Camarines Sur,0.97,peso,2018
2019-10-01,....Catanduanes,0.97,peso,2018
2019-10-01,....Masbate,0.99,peso,2018
2019-10-01,....Sorsogon,0.97,peso,2018
2019-10-01,..Region VI (Western Visayas),0.98,peso,2018
2019-10-01,....Aklan,0.97,peso,2018
2019-10-01,....Antique,0.98,peso,2018
2019-10-01,....Capiz,0.96,peso,2018
2019-10-01,....Iloilo,0.99,peso,2018
2019-10-01,....Guimaras,0.95,peso,2018
2019-10-01,....City of Iloilo (Capital),0.98,peso,2018
2019-10-01,..Region VII (Central Visayas),0.99,peso,2018
2019-10-01,....Bohol,0.99,peso,2018
2019-10-01,....Cebu,0.99,peso,2018
2019-10-01,....City of Cebu (Capital),0.99,peso,2018
2019-10-01,....City of Lapu-Lapu,0.99,peso,2018
2019-10-01,....City of Mandaue,0.99,peso,2018
2019-10-01,..Region VIII (Eastern Visayas),0.99,peso,2018
2019-10-01,....Eastern Samar,0.99,peso,2018
2019-10-01,....Leyte,0.98,peso,2018
2019-10-01,....Northern Samar,1.0,peso,2018
2019-10-01,....Samar,0.99,peso,2018
2019-10-01,....Southern Leyte,1.0,peso,2018
2019-10-01,....Biliran,0.98,peso,2018
2019-10-01,....City of Tacloban (Capital),0.97,peso,2018
2019-10-01,..Region IX (Zamboanga Peninsula),0.99,peso,2018
2019-10-01,....Zamboanga del Norte,0.98,peso,2018
2019-10-01,....Zamboanga del Sur,1.0,peso,2018
2019-10-01,....Zamboanga Sibugay,1.0,peso,2018
2019-10-01,....City of Zamboanga,1.0,peso,2018
2019-10-01,....City of Isabela,0.96,peso,2018
2019-10-01,..Region X (Northern Mindanao),0.97,peso,2018
2019-10-01,....Bukidnon,0.97,peso,2018
2019-10-01,....Camiguin,0.97,peso,2018
2019-10-01,....Lanao del Norte,0.98,peso,2018
2019-10-01,....Misamis Occidental,0.98,peso,2018
2019-10-01,....Misamis Oriental,0.96,peso,2018
2019-10-01,....City of Iligan,0.97,peso,2018
2019-10-01,....City of Cagayan de Oro (Capital),0.97,peso,2018
2019-10-01,..Region XI (Davao Region),0.98,peso,2018
2019-10-01,....Davao del Norte,0.99,peso,2018
2019-10-01,....Davao del Sur,0.97,peso,2018
2019-10-01,....Davao Oriental,1.0,peso,2018
2019-10-01,....Davao de Oro,0.98,peso,2018
2019-10-01,....Davao Occidental,0.97,peso,2018
2019-10-01,....City of Davao,0.97,peso,2018
2019-10-01,..Region XII (SOCCSKSARGEN),0.98,peso,2018
2019-10-01,....Cotabato,0.99,peso,2018
2019-10-01,....South Cotabato,0.97,peso,2018
2019-10-01,....Sultan Kudarat,0.97,peso,2018
2019-10-01,....Sarangani,0.97,peso,2018
2019-10-01,....City of General Santos,0.98,peso,2018
2019-10-01,..Bangsamoro Autonomous Region in Muslim Mindanao (BARMM),0.96,peso,2018
2019-10-01,....City of Cotabato,0.97,peso,2018
2019-10-01,....Basilan,0.9,peso,2018
2019-10-01,....Lanao del Sur,0.97,peso,2018
2019-10-01,....Maguindanao,1.01,peso,2018
2019-10-01,....Sulu,0.89,peso,2018
2019-10-01,....Tawi-tawi,0.93,peso,2018
2019-10-01,..Region XIII (Caraga),0.98,peso,2018
2019-10-01,....Agusan del Norte,0.98,peso,2018
2019-10-01,....Agusan del Sur,0.98,peso,2018
2019-10-01,....Surigao del Norte,0.97,peso,2018
2019-10-01,....Surigao del Sur,0.98,peso,2018
2019-10-01,....Dinagat Islands,0.97,peso,2018
2019-10-01,....City of Butuan (Capital),0.98,peso,2018
2019-10-01,..Negros Island Region (NIR),0.97,peso,2018
2019-10-01,....Negros Occidental,0.96,peso,2018
2019-10-01,....City of Bacolod (Capital),0.96,peso,2018
2019-10-01,....Negros Oriental,0.98,peso,2018
2019-10-01,....Siquijor,0.98,peso,2018
2019-11-01,PHILIPPINES,0.97,peso,2018
2019-11-01,..National Capital Region (NCR),0.97,peso,2018
2019-11-01,..Areas Outside National Capital Region (AONCR),0.97,peso,2018
2019-11-01,..Cordillera Administrative Region (CAR),0.97,peso,2018
2019-11-01,....Abra,0.96,peso,2018
2019-11-01,....Benguet,0.98,peso,2018
2019-11-01,....Ifugao,0.95,peso,2018
2019-11-01,....Kalinga,0.96,peso,2018
2019-11-01,....Mountain Province,0.95,peso,2018
2019-11-01,....Apayao,0.96,peso,2018
2019-11-01,....City of Baguio,0.97,peso,2018
2019-11-01,..Region I (Ilocos Region),0.97,peso,2018
2019-11-01,....Ilocos Norte,0.97,peso,2018
2019-11-01,....Ilocos Sur,0.97,peso,2018
2019-11-01,....La Union,0.98,peso,2018
2019-11-01,....Pangasinan,0.97,peso,2018
2019-11-01,..Region II (Cagayan Valley),0.97,peso,2018
2019-11-01,....Batanes,0.97,peso,2018
2019-11-01,....Cagayan,0.98,peso,2018
2019-11-01,....Isabela,0.97,peso,2018
2019-11-01,....Nueva Vizcaya,0.97,peso,2018
2019-11-01,....Quirino,0.97,peso,2018
2019-11-01,..Region III (Central Luzon),0.96,peso,2018
2019-11-01,....Bataan,0.97,peso,2018
2019-11-01,....Bulacan,0.97,peso,2018
2019-11-01,....Nueva Ecija,0.95,peso,2018
2019-11-01,....Pampanga,0.96,peso,2018
2019-11-01,....Tarlac,0.96,peso,2018
2019-11-01,....Zambales,0.96,peso,2018
2019-11-01,....Aurora,0.95,peso,2018
2019-11-01,....City of Angeles,0.96,peso,2018
2019-11-01,....City of Olongapo,0.95,peso,2018
2019-11-01,..Region IV-A (CALABARZON),0.97,peso,2018
2019-11-01,....Batangas,0.97,peso,2018
2019-11-01,....Cavite,0.96,peso,2018
2019-11-01,....Laguna,0.98,peso,2018
2019-11-01,....Quezon,0.98,peso,2018
2019-11-01,....Rizal,0.96,peso,2018
2019-11-01,....City of Lucena (Capital),0.98,peso,2018
2019-11-01,..MIMAROPA Region,0.95,peso,2018
2019-11-01,....Marinduque,0.94,peso,2018
2019-11-01,....Occidental Mindoro,0.95,peso,2018
2019-11-01,....Oriental Mindoro,0.92,peso,2018
2019-11-01,....Palawan,0.97,peso,2018
2019-11-01,....Romblon,0.96,peso,2018
2019-11-01,....City of Puerto Princesa (Capital),0.97,peso,2018
2019-11-01,..Region V (Bicol Region),0.97,peso,2018
2019-11-01,....Albay,0.95,peso,2018
2019-11-01,....Camarines Norte,0.97,peso,2018
2019-11-01,....Camarines Sur,0.97,peso,2018
2019-11-01,....Catanduanes,0.97,peso,2018
2019-11-01,....Masbate,0.98,peso,2018
2019-11-01,....Sorsogon,0.97,peso,2018
2019-11-01,..Region VI (Western Visayas),0.98,peso,2018
2019-11-01,....Aklan,0.97,peso,2018
2019-11-01,....Antique,0.98,peso,2018
2019-11-01,....Capiz,0.96,peso,2018
2019-11-01,....Iloilo,0.99,peso,2018
2019-11-01,....Guimaras,0.96,peso,2018
2019-11-01,....City of Iloilo (Capital),0.98,peso,2018
2019-11-01,..Region VII (Central Visayas),0.99,peso,2018
2019-11-01,....Bohol,0.99,peso,2018
2019-11-01,....Cebu,0.99,peso,2018
2019-11-01,....City of Cebu (Capital),0.98,peso,2018
2019-11-01,....City of Lapu-Lapu,0.98,peso,2018
2019-11-01,....City of Mandaue,0.98,peso,2018
2019-11-01,..Region VIII (Eastern Visayas),0.98,peso,2018
2019-11-01,....Eastern Samar,0.98,peso,2018
2019-11-01,....Leyte,0.97,peso,2018
2019-11-01,....Northern Samar,0.99,peso,2018
2019-11-01,....Samar,0.99,peso,2018
2019-11-01,....Southern Leyte,1.0,peso,2018
2019-11-01,....Biliran,0.98,peso,2018
2019-11-01,....City of Tacloban (Capital),0.96,peso,2018
2019-11-01,..Region IX (Zamboanga Peninsula),0.99,peso,2018
2019-11-01,....Zamboanga del Norte,0.98,peso,2018
2019-11-01,....Zamboanga del Sur,0.99,peso,2018
2019-11-01,....Zamboanga Sibugay,0.99,peso,2018
2019-11-01,....City of Zamboanga,0.99,peso,2018
2019-11-01,....City of Isabela,0.96,peso,2018
2019-11-01,..Region X (Northern Mindanao),0.97,peso,2018
2019-11-01,....Bukidnon,0.96,peso,2018
2019-11-01,....Camiguin,0.97,peso,2018
2019-11-01,....Lanao del Norte,0.98,peso,2018
2019-11-01,....Misamis Occidental,0.97,peso,2018
2019-11-01,....Misamis Oriental,0.96,peso,2018
2019-11-01,....City of Iligan,0.97,peso,2018
2019-11-01,....City of Cagayan de Oro (Capital),0.96,peso,2018
2019-11-01,..Region XI (Davao Region),0.97,peso,2018
2019-11-01,....Davao del Norte,0.99,peso,2018
2019-11-01,....Davao del Sur,0.97,peso,2018
2019-11-01,....Davao Oriental,1.0,peso,2018
2019-11-01,....Davao de Oro,0.98,peso,2018
2019-11-01,....Davao Occidental,0.96,peso,2018
2019-11-01,....City of Davao,0.97,peso,2018
2019-11-01,..Region XII (SOCCSKSARGEN),0.98,peso,2018
2019-11-01,....Cotabato,0.99,peso,2018
2019-11-01,....South Cotabato,0.97,peso,2018
2019-11-01,....Sultan Kudarat,0.96,peso,2018
2019-11-01,....Sarangani,0.97,peso,2018
2019-11-01,....City of General Santos,0.97,peso,2018
2019-11-01,..Bangsamoro Autonomous Region in Muslim Mindanao (BARMM),0.96,peso,2018
2019-11-01,....City of Cotabato,0.97,peso,2018
2019-11-01,....Basilan,0.9,peso,2018
2019-11-01,....Lanao del Sur,0.98,peso,2018
2019-11-01,....Maguindanao,1.0,peso,2018
2019-11-01,....Sulu,0.89,peso,2018
2019-11-01,....Tawi-tawi,0.92,peso,2018
2019-11-01,..Region XIII (Caraga),0.97,peso,2018
2019-11-01,....Agusan del Norte,0.98,peso,2018
2019-11-01,....Agusan del Sur,0.97,peso,2018
2019-11-01,....Surigao del Norte,0.96,peso,2018
2019-11-01,....Surigao del Sur,0.97,peso,2018
2019-11-01,....Dinagat Islands,0.97,peso,2018
2019-11-01,....City of Butuan (Capital),0.97,peso,2018
2019-11-01,..Negros Island Region (NIR),0.97,peso,2018
2019-11-01,....Negros Occidental,0.96,peso,2018
2019-11-01,....City of Bacolod (Capital),0.96,peso,2018
2019-11-01,....Negros Oriental,0.99,peso,2018
2019-11-01,....Siquijor,0.97,peso,2018
2019-12-01,PHILIPPINES,0.96,peso,2018
2019-12-01,..National Capital Region (NCR),0.96,peso,2018
2019-12-01,..Areas Outside National Capital Region (AONCR),0.96,peso,2018
2019-12-01,..Cordillera Administrative Region (CAR),0.96,peso,2018
2019-12-01,....Abra,0.95,peso,2018
2019-12-01,....Benguet,0.98,peso,2018
2019-12-01,....Ifugao,0.95,peso,2018
2019-12-01,....Kalinga,0.95,peso,2018
2019-12-01,....Mountain Province,0.95,peso,2018
2019-12-01,....Apayao,0.95,peso,2018
2019-12-01,....City of Baguio,0.97,peso,2018
2019-12-01,..Region I (Ilocos Region),0.97,peso,2018
2019-12-01,....Ilocos Norte,0.97,peso,2018
2019-12-01,....Ilocos Sur,0.96,peso,2018
2019-12-01,....La Union,0.98,peso,2018
2019-12-01,....Pangasinan,0.96,peso,2018
2019-12-01,..Region II (Cagayan Valley),0.96,peso,2018
2019-12-01,....Batanes,0.96,peso,2018
2019-12-01,....Cagayan,0.97,peso,2018
2019-12-01,....Isabela,0.96,peso,2018
2019-12-01,....Nueva Vizcaya,0.96,peso,2018
2019-12-01,....Quirino,0.96,peso,2018
2019-12-01,..Region III (Central Luzon),0.96,peso,2018
2019-12-01,....Bataan,0.97,peso,2018
2019-12-01,....Bulacan,0.97,peso,2018
2019-12-01,....Nueva Ecija,0.95,peso,2018
2019-12-01,....Pampanga,0.95,peso,2018
2019-12-01,....Tarlac,0.95,peso,2018
2019-12-01,....Zambales,0.95,peso,2018
2019-12-01,....Aurora,0.95,peso,2018
2019-12-01,....City of Angeles,0.95,peso,2018
2019-12-01,....City of Olongapo,0.95,peso,2018
2019-12-01,..Region IV-A (CALABARZON),0.96,peso,2018
2019-12-01,....Batangas,0.96,peso,2018
2019-12-01,....Cavite,0.95,peso,2018
2019-12-01,....Laguna,0.97,peso,2018
2019-12-01,....Quezon,0.97,peso,2018
2019-12-01,....Rizal,0.96,peso,2018
2019-12-01,....City of Lucena (Capital),0.96,peso,2018
2019-12-01,..MIMAROPA Region,0.95,peso,2018
2019-12-01,....Marinduque,0.93,peso,2018
2019-12-01,....Occidental Mindoro,0.96,peso,2018
2019-12-01,....Oriental Mindoro,0.92,peso,2018
2019-12-01,....Palawan,0.97,peso,2018
2019-12-01,....Romblon,0.95,peso,2018
2019-12-01,....City of Puerto Princesa (Capital),0.96,peso,2018
2019-12-01,..Region V (Bicol Region),0.96,peso,2018
2019-12-01,....Albay,0.94,peso,2018
2019-12-01,....Camarines Norte,0.96,peso,2018
2019-12-01,....Camarines Sur,0.96,peso,2018
2019-12-01,....Catanduanes,0.95,peso,2018
2019-12-01,....Masbate,0.97,peso,2018
2019-12-01,....Sorsogon,0.96,peso,2018
2019-12-01,..Region VI (Western Visayas),0.97,peso,2018
2019-12-01,....Aklan,0.96,peso,2018
2019-12-01,....Antique,0.98,peso,2018
2019-12-01,....Capiz,0.96,peso,2018
2019-12-01,....Iloilo,0.98,peso,2018
2019-12-01,....Guimaras,0.95,peso,2018
2019-12-01,....City of Iloilo (Capital),0.97,peso,2018
2019-12-01,..Region VII (Central Visayas),0.98,peso,2018
2019-12-01,....Bohol,0.99,peso,2018
2019-12-01,....Cebu,0.98,peso,2018
2019-12-01,....City of Cebu (Capital),0.98,peso,2018
2019-12-01,....City of Lapu-Lapu,0.98,peso,2018
2019-12-01,....City of Mandaue,0.98,peso,2018
2019-12-01,..Region VIII (Eastern Visayas),0.98,peso,2018
2019-12-01,....Eastern Samar,0.97,peso,2018
2019-12-01,....Leyte,0.97,peso,2018
2019-12-01,....Northern Samar,0.99,peso,2018
2019-12-01,....Samar,0.98,peso,2018
2019-12-01,....Southern Leyte,1.0,peso,2018
2019-12-01,....Biliran,0.97,peso,2018
2019-12-01,....City of Tacloban (Capital),0.96,peso,2018
2019-12-01,..Region IX (Zamboanga Peninsula),0.98,peso,2018
2019-12-01,....Zamboanga del Norte,0.97,peso,2018
2019-12-01,....Zamboanga del Sur,0.98,peso,2018
2019-12-01,....Zamboanga Sibugay,0.99,peso,2018
2019-12-01,....City of Zamboanga,0.98,peso,2018
2019-12-01,....City of Isabela,0.94,peso,2018
2019-12-01,..Region X (Northern Mindanao),0.96,peso,2018
2019-12-01,....Bukidnon,0.96,peso,2018
2019-12-01,....Camiguin,0.96,peso,2018
2019-12-01,....Lanao del Norte,0.98,peso,2018
2019-12-01,....Misamis Occidental,0.97,peso,2018
2019-12-01,....Misamis Oriental,0.96,peso,2018
2019-12-01,....City of Iligan,0.96,peso,2018
2019-12-01,....City of Cagayan de Oro (Capital),0.96,peso,2018
2019-12-01,..Region XI (Davao Region),0.97,peso,2018
2019-12-01,....Davao del Norte,0.98,peso,2018
2019-12-01,....Davao del Sur,0.96,peso,2018
2019-12-01,....Davao Oriental,0.99,peso,2018
2019-12-01,....Davao de Oro,0.96,peso,2018
2019-12-01,....Davao Occidental,0.96,peso,2018
2019-12-01,....City of Davao,0.96,peso,2018
2019-12-01,..Region XII (SOCCSKSARGEN),0.97,peso,2018
2019-12-01,....Cotabato,0.98,peso,2018
2019-12-01,....South Cotabato,0.96,peso,2018
2019-12-01,....Sultan Kudarat,0.96,peso,2018
2019-12-01,....Sarangani,0.96,peso,2018
2019-12-01,....City of General Santos,0.97,peso,2018
2019-12-01,..Bangsamoro Autonomous Region in Muslim Mindanao (BARMM),0.96,peso,2018
2019-12-01,....City of Cotabato,0.98,peso,2018
2019-12-01,....Basilan,0.89,peso,2018
2019-12-01,....Lanao del Sur,0.98,peso,2018
2019-12-01,....Maguindanao,1.0,peso,2018
2019-12-01,....Sulu,0.88,peso,2018
2019-12-01,....Tawi-tawi,0.91,peso,2018
2019-12-01,..Region XIII (Caraga),0.96,peso,2018
2019-12-01,....Agusan del Norte,0.97,peso,2018
2019-12-01,....Agusan del Sur,0.96,peso,2018
2019-12-01,....Surigao del Norte,0.95,peso,2018
2019-12-01,....Surigao del Sur,0.96,peso,2018
2019-12-01,....Dinagat Islands,0.97,peso,2018
2019-12-01,....City of Butuan (Capital),0.97,peso,2018
2019-12-01,..Negros Island Region (NIR),0.96,peso,2018
2019-12-01,....Negros Occidental,0.96,peso,2018
2019-12-01,....City of Bacolod (Capital),0.96,peso,2018
2019-12-01,....Negros Oriental,0.98,peso,2018
2019-12-01,....Siquijor,0.97,peso,2018
2020-01-01,PHILIPPINES,0.96,peso,2018
2020-01-01,..National Capital Region (NCR),0.96,peso,2018
2020-01-01,..Areas Outside National Capital Region (AONCR),0.96,peso,2018
2020-01-01,..Cordillera Administrative Region (CAR),0.96,peso,2018
2020-01-01,....Abra,0.95,peso,2018
2020-01-01,....Benguet,0.97,peso,2018
2020-01-01,....Ifugao,0.95,peso,2018
2020-01-01,....Kalinga,0.95,peso,2018
2020-01-01,....Mountain Province,0.94,peso,2018
2020-01-01,....Apayao,0.95,peso,2018
2020-01-01,....City of Baguio,0.96,peso,2018
2020-01-01,..Region I (Ilocos Region),0.96,peso,2018
2020-01-01,....Ilocos Norte,0.96,peso,2018
2020-01-01,....Ilocos Sur,0.96,peso,2018
2020-01-01,....La Union,0.97,peso,2018
2020-01-01,....Pangasinan,0.96,peso,2018
2020-01-01,..Region II (Cagayan Valley),0.96,peso,2018
2020-01-01,....Batanes,0.96,peso,2018
2020-01-01,....Cagayan,0.96,peso,2018
2020-01-01,....Isabela,0.95,peso,2018
2020-01-01,....Nueva Vizcaya,0.95,peso,2018
2020-01-01,....Quirino,0.95,peso,2018
2020-01-01,..Region III (Central Luzon),0.95,peso,2018
2020-01-01,....Bataan,0.96,peso,2018
2020-01-01,....Bulacan,0.96,peso,2018
2020-01-01,....Nueva Ecija,0.95,peso,2018
2020-01-01,....Pampanga,0.94,peso,2018
2020-01-01,....Tarlac,0.94,peso,2018
2020-01-01,....Zambales,0.94,peso,2018
2020-01-01,....Aurora,0.94,peso,2018
2020-01-01,....City of Angeles,0.95,peso,2018
2020-01-01,....City of Olongapo,0.94,peso,2018
2020-01-01,..Region IV-A (CALABARZON),0.96,peso,2018
2020-01-01,....Batangas,0.95,peso,2018
2020-01-01,....Cavite,0.94,peso,2018
2020-01-01,....Laguna,0.97,peso,2018
2020-01-01,....Quezon,0.97,peso,2018
2020-01-01,....Rizal,0.95,peso,2018
2020-01-01,....City of Lucena (Capital),0.96,peso,2018
2020-01-01,..MIMAROPA Region,0.94,peso,2018
2020-01-01,....Marinduque,0.91,peso,2018
2020-01-01,....Occidental Mindoro,0.94,peso,2018
2020-01-01,....Oriental Mindoro,0.91,peso,2018
2020-01-01,....Palawan,0.96,peso,2018
2020-01-01,....Romblon,0.95,peso,2018
2020-01-01,....City of Puerto Princesa (Capital),0.96,peso,2018
2020-01-01,..Region V (Bicol Region),0.95,peso,2018
2020-01-01,....Albay,0.93,peso,2018
2020-01-01,....Camarines Norte,0.95,peso,2018
2020-01-01,....Camarines Sur,0.95,peso,2018
2020-01-01,....Catanduanes,0.94,peso,2018
2020-01-01,....Masbate,0.97,peso,2018
2020-01-01,....Sorsogon,0.94,peso,2018
2020-01-01,..Region VI (Western Visayas),0.96,peso,2018
2020-01-01,....Aklan,0.94,peso,2018
2020-01-01,....Antique,0.98,peso,2018
2020-01-01,....Capiz,0.94,peso,2018
2020-01-01,....Iloilo,0.96,peso,2018
2020-01-01,....Guimaras,0.94,peso,2018
2020-01-01,....City of Iloilo (Capital),0.96,peso,2018
2020-01-01,..Region VII (Central Visayas),0.97,peso,2018
2020-01-01,....Bohol,0.98,peso,2018
2020-01-01,....Cebu,0.97,peso,2018
2020-01-01,....City of Cebu (Capital),0.97,peso,2018
2020-01-01,....City of Lapu-Lapu,0.97,peso,2018
2020-01-01,....City of Mandaue,0.97,peso,2018
2020-01-01,..Region VIII (Eastern Visayas),0.96,peso,2018
2020-01-01,....Eastern Samar,0.96,peso,2018
2020-01-01,....Leyte,0.96,peso,2018
2020-01-01,....Northern Samar,0.98,peso,2018
2020-01-01,....Samar,0.97,peso,2018
2020-01-01,....Southern Leyte,0.99,peso,2018
2020-01-01,....Biliran,0.95,peso,2018
2020-01-01,....City of Tacloban (Capital),0.95,peso,2018
2020-01-01,..Region IX (Zamboanga Peninsula),0.96,peso,2018
2020-01-01,....Zamboanga del Norte,0.95,peso,2018
2020-01-01,....Zamboanga del Sur,0.96,peso,2018
2020-01-01,....Zamboanga Sibugay,0.98,peso,2018
2020-01-01,....City of Zamboanga,0.96,peso,2018
2020-01-01,....City of Isabela,0.94,peso,2018
2020-01-01,..Region X (Northern Mindanao),0.96,peso,2018
2020-01-01,....Bukidnon,0.96,peso,2018
2020-01-01,....Camiguin,0.96,peso,2018
2020-01-01,....Lanao del Norte,0.96,peso,2018
2020-01-01,....Misamis Occidental,0.96,peso,2018
2020-01-01,....Misamis Oriental,0.96,peso,2018
2020-01-01,....City of Iligan,0.95,peso,2018
2020-01-01,....City of Cagayan de Oro (Capital),0.95,peso,2018
2020-01-01,..Region XI (Davao Region),0.96,peso,2018
2020-01-01,....Davao del Norte,0.97,peso,2018
2020-01-01,....Davao del Sur,0.96,peso,2018
2020-01-01,....Davao Oriental,0.98,peso,2018
2020-01-01,....Davao de Oro,0.95,peso,2018
2020-01-01,....Davao Occidental,0.95,peso,2018
2020-01-01,....City of Davao,0.96,peso,2018
2020-01-01,..Region XII (SOCCSKSARGEN),0.96,peso,2018
2020-01-01,....Cotabato,0.97,peso,2018
2020-01-01,....South Cotabato,0.95,peso,2018
2020-01-01,....Sultan Kudarat,0.95,peso,2018
2020-01-01,....Sarangani,0.95,peso,2018
2020-01-01,....City of General Santos,0.96,peso,2018
2020-01-01,..Bangsamoro Autonomous Region in Muslim Mindanao (BARMM),0.95,peso,2018
2020-01-01,....City of Cotabato,0.99,peso,2018
2020-01-01,....Basilan,0.87,peso,2018
2020-01-01,....Lanao del Sur,0.97,peso,2018
2020-01-01,....Maguindanao,1.0,peso,2018
2020-01-01,....Sulu,0.87,peso,2018
2020-01-01,....Tawi-tawi,0.91,peso,2018
2020-01-01,..Region XIII (Caraga),0.95,peso,2018
2020-01-01,....Agusan del Norte,0.96,peso,2018
2020-01-01,....Agusan del Sur,0.95,peso,2018
2020-01-01,....Surigao del Norte,0.94,peso,2018
2020-01-01,....Surigao del Sur,0.95,peso,2018
2020-01-01,....Dinagat Islands,0.95,peso,2018
2020-01-01,....City of Butuan (Capital),0.96,peso,2018
2020-01-01,..Negros Island Region (NIR),0.96,peso,2018
2020-01-01,....Negros Occidental,0.95,peso,2018
2020-01-01,....City of Bacolod (Capital),0.95,peso,2018
2020-01-01,....Negros Oriental,0.97,peso,2018
2020-01-01,....Siquijor,0.96,peso,2018
2020-02-01,PHILIPPINES,0.96,peso,2018
2020-02-01,..National Capital Region (NCR),0.97,peso,2018
2020-02-01,..Areas Outside National Capital Region (AONCR),0.96,peso,2018
2020-02-01,..Cordillera Administrative Region (CAR),0.96,peso,2018
2020-02-01,....Abra,0.96,peso,2018
2020-02-01,....Benguet,0.97,peso,2018
2020-02-01,....Ifugao,0.95,peso,2018
2020-02-01,....Kalinga,0.95,peso,2018
2020-02-01,....Mountain Province,0.95,peso,2018
2020-02-01,....Apayao,0.95,peso,2018
2020-02-01,....City of Baguio,0.96,peso,2018
2020-02-01,..Region I (Ilocos Region),0.96,peso,2018
2020-02-01,....Ilocos Norte,0.96,peso,2018
2020-02-01,....Ilocos Sur,0.95,peso,2018
2020-02-01,....La Union,0.97,peso,2018
2020-02-01,....Pangasinan,0.96,peso,2018
2020-02-01,..Region II (Cagayan Valley),0.96,peso,2018
2020-02-01,....Batanes,0.96,peso,2018
2020-02-01,....Cagayan,0.97,peso,2018
2020-02-01,....Isabela,0.95,peso,2018
2020-02-01,....Nueva Vizcaya,0.95,peso,2018
2020-02-01,....Quirino,0.96,peso,2018
2020-02-01,..Region III (Central Luzon),0.95,peso,2018
2020-02-01,....Bataan,0.96,peso,2018
2020-02-01,....Bulacan,0.96,peso,2018
2020-02-01,....Nueva Ecija,0.95,peso,2018
2020-02-01,....Pampanga,0.95,peso,2018
2020-02-01,....Tarlac,0.95,peso,2018
2020-02-01,....Zambales,0.94,peso,2018
2020-02-01,....Aurora,0.93,peso,2018
2020-02-01,....City of Angeles,0.95,peso,2018
2020-02-01,....City of Olongapo,0.93,peso,2018
2020-02-01,..Region IV-A (CALABARZON),0.96,peso,2018
2020-02-01,....Batangas,0.95,peso,2018
2020-02-01,....Cavite,0.95,peso,2018
2020-02-01,....Laguna,0.98,peso,2018
2020-02-01,....Quezon,0.98,peso,2018
2020-02-01,....Rizal,0.96,peso,2018
2020-02-01,....City of Lucena (Capital),0.97,peso,2018
2020-02-01,..MIMAROPA Region,0.94,peso,2018
2020-02-01,....Marinduque,0.92,peso,2018
2020-02-01,....Occidental Mindoro,0.94,peso,2018
2020-02-01,....Oriental Mindoro,0.91,peso,2018
2020-02-01,....Palawan,0.96,peso,2018
2020-02-01,....Romblon,0.95,peso,2018
2020-02-01,....City of Puerto Princesa (Capital),0.96,peso,2018
2020-02-01,..Region V (Bicol Region),0.95,peso,2018
2020-02-01,....Albay,0.93,peso,2018
2020-02-01,....Camarines Norte,0.95,peso,2018
2020-02-01,....Camarines Sur,0.95,peso,2018
2020-02-01,....Catanduanes,0.93,peso,2018
2020-02-01,....Masbate,0.97,peso,2018
2020-02-01,....Sorsogon,0.94,peso,2018
2020-02-01,..Region VI (Western Visayas),0.96,peso,2018
2020-02-01,....Aklan,0.94,peso,2018
2020-02-01,....Antique,0.98,peso,2018
2020-02-01,....Capiz,0.95,peso,2018
2020-02-01,....Iloilo,0.97,peso,2018
2020-02-01,....Guimaras,0.94,peso,2018
2020-02-01,....City of Iloilo (Capital),0.96,peso,2018
2020-02-01,..Region VII (Central Visayas),0.98,peso,2018
2020-02-01,....Bohol,0.99,peso,2018
2020-02-01,....Cebu,0.98,peso,2018
2020-02-01,....City of Cebu (Capital),0.97,peso,2018
2020-02-01,....City of Lapu-Lapu,0.97,peso,2018
2020-02-01,....City of Mandaue,0.97,peso,2018
2020-02-01,..Region VIII (Eastern Visayas),0.96,peso,2018
2020-02-01,....Eastern Samar,0.96,peso,2018
2020-02-01,....Leyte,0.96,peso,2018
2020-02-01,....Northern Samar,0.97,peso,2018
2020-02-01,....Samar,0.97,peso,2018
2020-02-01,....Southern Leyte,0.99,peso,2018
2020-02-01,....Biliran,0.95,peso,2018
2020-02-01,....City of Tacloban (Capital),0.95,peso,2018
2020-02-01,..Region IX (Zamboanga Peninsula),0.97,peso,2018
2020-02-01,....Zamboanga del Norte,0.96,peso,2018
2020-02-01,....Zamboanga del Sur,0.97,peso,2018
2020-02-01,....Zamboanga Sibugay,0.98,peso,2018
2020-02-01,....City of Zamboanga,0.97,peso,2018
2020-02-01,....City of Isabela,0.95,peso,2018
2020-02-01,..Region X (Northern Mindanao),0.96,peso,2018
2020-02-01,....Bukidnon,0.96,peso,2018
2020-02-01,....Camiguin,0.96,peso,2018
2020-02-01,....Lanao del Norte,0.96,peso,2018
2020-02-01,....Misamis Occidental,0.96,peso,2018
2020-02-01,....Misamis Oriental,0.95,peso,2018
2020-02-01,....City of Iligan,0.95,peso,2018
2020-02-01,....City of Cagayan de Oro (Capital),0.95,peso,2018
2020-02-01,..Region XI (Davao Region),0.96,peso,2018
2020-02-01,....Davao del Norte,0.96,peso,2018
2020-02-01,....Davao del Sur,0.96,peso,2018
2020-02-01,....Davao Oriental,0.98,peso,2018
2020-02-01,....Davao de Oro,0.95,peso,2018
2020-02-01,....Davao Occidental,0.95,peso,2018
2020-02-01,....City of Davao,0.96,peso,2018
2020-02-01,..Region XII (SOCCSKSARGEN),0.96,peso,2018
2020-02-01,....Cotabato,0.96,peso,2018
2020-02-01,....South Cotabato,0.96,peso,2018
2020-02-01,....Sultan Kudarat,0.95,peso,2018
2020-02-01,....Sarangani,0.94,peso,2018
2020-02-01,....City of General Santos,0.96,peso,2018
2020-02-01,..Bangsamoro Autonomous Region in Muslim Mindanao (BARMM),0.95,peso,2018
2020-02-01,....City of Cotabato,0.98,peso,2018
2020-02-01,....Basilan,0.88,peso,2018
2020-02-01,....Lanao del Sur,0.97,peso,2018
2020-02-01,....Maguindanao,1.0,peso,2018
2020-02-01,....Sulu,0.88,peso,2018
2020-02-01,....Tawi-tawi,0.91,peso,2018
2020-02-01,..Region XIII (Caraga),0.95,peso,2018
2020-02-01,....Agusan del Norte,0.97,peso,2018
2020-02-01,....Agusan del Sur,0.95,peso,2018
2020-02-01,....Surigao del Norte,0.94,peso,2018
2020-02-01,....Surigao del Sur,0.95,peso,2018
2020-02-01,....Dinagat Islands,0.95,peso,2018
2020-02-01,....City of Butuan (Capital),0.96,peso,2018
2020-02-01,..Negros Island Region (NIR),0.96,peso,2018
2020-02-01,....Negros Occidental,0.95,peso,2018
2020-02-01,....City of Bacolod (Capital),0.95,peso,2018
2020-02-01,....Negros Oriental,0.98,peso,2018
2020-02-01,....Siquijor,0.96,peso,2018
2020-03-01,PHILIPPINES,0.96,peso,2018
2020-03-01,..National Capital Region (NCR),0.97,peso,2018
2020-03-01,..Areas Outside National Capital Region (AONCR),0.96,peso,2018
2020-03-01,..Cordillera Administrative Region (CAR),0.96,peso,2018
2020-03-01,....Abra,0.96,peso,2018
2020-03-01,....Benguet,0.98,peso,2018
2020-03-01,....Ifugao,0.95,peso,2018
2020-03-01,....Kalinga,0.95,peso,2018
2020-03-01,....Mountain Province,0.95,peso,2018
2020-03-01,....Apayao,0.96,peso,2018
2020-03-01,....City of Baguio,0.96,peso,2018
2020-03-01,..Region I (Ilocos Region),0.96,peso,2018
2020-03-01,....Ilocos Norte,0.96,peso,2018
2020-03-01,....Ilocos Sur,0.96,peso,2018
2020-03-01,....La Union,0.97,peso,2018
2020-03-01,....Pangasinan,0.96,peso,2018
2020-03-01,..Region II (Cagayan Valley),0.96,peso,2018
2020-03-01,....Batanes,0.96,peso,2018
2020-03-01,....Cagayan,0.97,peso,2018
2020-03-01,....Isabela,0.96,peso,2018
2020-03-01,....Nueva Vizcaya,0.96,peso,2018
2020-03-01,....Quirino,0.96,peso,2018
2020-03-01,..Region III (Central Luzon),0.96,peso,2018
2020-03-01,....Bataan,0.97,peso,2018
2020-03-01,....Bulacan,0.97,peso,2018
2020-03-01,....Nueva Ecija,0.94,peso,2018
2020-03-01,....Pampanga,0.95,peso,2018
2020-03-01,....Tarlac,0.95,peso,2018
2020-03-01,....Zambales,0.94,peso,2018
2020-03-01,....Aurora,0.94,peso,2018
2020-03-01,....City of Angeles,0.95,peso,2018
2020-03-01,....City of Olongapo,0.93,peso,2018
2020-03-01,..Region IV-A (CALABARZON),0.97,peso,2018
2020-03-01,....Batangas,0.96,peso,2018
2020-03-01,....Cavite,0.95,peso,2018
2020-03-01,....Laguna,0.98,peso,2018
2020-03-01,....Quezon,0.98,peso,2018
2020-03-01,....Rizal,0.96,peso,2018
2020-03-01,....City of Lucena (Capital),0.97,peso,2018
2020-03-01,..MIMAROPA Region,0.94,peso,2018
2020-03-01,....Marinduque,0.93,peso,2018
2020-03-01,....Occidental Mindoro,0.95,peso,2018
2020-03-01,....Oriental Mindoro,0.91,peso,2018
2020-03-01,....Palawan,0.97,peso,2018
2020-03-01,....Romblon,0.95,peso,2018
2020-03-01,....City of Puerto Princesa (Capital),0.96,peso,2018
2020-03-01,..Region V (Bicol Region),0.95,peso,2018
2020-03-01,....Albay,0.93,peso,2018
2020-03-01,....Camarines Norte,0.96,peso,2018
2020-03-01,....Camarines Sur,0.96,peso,2018
2020-03-01,....Catanduanes,0.94,peso,2018
2020-03-01,....Masbate,0.98,peso,2018
2020-03-01,....Sorsogon,0.95,peso,2018
2020-03-01,..Region VI (Western Visayas),0.97,peso,2018
2020-03-01,....Aklan,0.95,peso,2018
2020-03-01,....Antique,0.98,peso,2018
2020-03-01,....Capiz,0.95,peso,2018
2020-03-01,....Iloilo,0.97,peso,2018
2020-03-01,....Guimaras,0.93,peso,2018
2020-03-01,....City of Iloilo (Capital),0.97,peso,2018
2020-03-01,..Region VII (Central Visayas),0.98,peso,2018
2020-03-01,....Bohol,0.99,peso,2018
2020-03-01,....Cebu,0.98,peso,2018
2020-03-01,....City of Cebu (Capital),0.97,peso,2018
2020-03-01,....City of Lapu-Lapu,0.97,peso,2018
2020-03-01,....City of Mandaue,0.97,peso,2018
2020-03-01,..Region VIII (Eastern Visayas),0.97,peso,2018
2020-03-01,....Eastern Samar,0.97,peso,2018
2020-03-01,....Leyte,0.96,peso,2018
2020-03-01,....Northern Samar,0.97,peso,2018
2020-03-01,....Samar,0.97,peso,2018
2020-03-01,....Southern Leyte,0.99,peso,2018
2020-03-01,....Biliran,0.96,peso,2018
2020-03-01,....City of Tacloban (Capital),0.96,peso,2018
2020-03-01,..Region IX (Zamboanga Peninsula),0.97,peso,2018
2020-03-01,....Zamboanga del Norte,0.96,peso,2018
2020-03-01,....Zamboanga del Sur,0.97,peso,2018
2020-03-01,....Zamboanga Sibugay,0.99,peso,2018
2020-03-01,....City of Zamboanga,0.97,peso,2018
2020-03-01,....City of Isabela,0.96,peso,2018
2020-03-01,..Region X (Northern Mindanao),0.96,peso,2018
2020-03-01,....Bukidnon,0.96,peso,2018
2020-03-01,....Camiguin,0.96,peso,2018
2020-03-01,....Lanao del Norte,0.96,peso,2018
2020-03-01,....Misamis Occidental,0.96,peso,2018
2020-03-01,....Misamis Oriental,0.95,peso,2018
2020-03-01,....City of Iligan,0.95,peso,2018
2020-03-01,....City of Cagayan de Oro (Capital),0.95,peso,2018
2020-03-01,..Region XI (Davao Region),0.96,peso,2018
2020-03-01,....Davao del Norte,0.96,peso,2018
2020-03-01,....Davao del Sur,0.96,peso,2018
2020-03-01,....Davao Oriental,1.0,peso,2018
2020-03-01,....Davao de Oro,0.96,peso,2018
2020-03-01,....Davao Occidental,0.95,peso,2018
2020-03-01,....City of Davao,0.96,peso,2018
2020-03-01,..Region XII (SOCCSKSARGEN),0.96,peso,2018
2020-03-01,....Cotabato,0.96,peso,2018
2020-03-01,....South Cotabato,0.96,peso,2018
2020-03-01,....Sultan Kudarat,0.95,peso,2018
2020-03-01,....Sarangani,0.95,peso,2018
2020-03-01,....City of General Santos,0.97,peso,2018
2020-03-01,..Bangsamoro Autonomous Region in Muslim Mindanao (BARMM),0.95,peso,2018
2020-03-01,....City of Cotabato,0.97,peso,2018
2020-03-01,....Basilan,0.89,peso,2018
2020-03-01,....Lanao del Sur,0.97,peso,2018
2020-03-01,....Maguindanao,1.0,peso,2018
2020-03-01,....Sulu,0.87,peso,2018
2020-03-01,....Tawi-tawi,0.91,peso,2018
2020-03-01,..Region XIII (Caraga),0.95,peso,2018
2020-03-01,....Agusan del Norte,0.97,peso,2018
2020-03-01,....Agusan del Sur,0.94,peso,2018
2020-03-01,....Surigao del Norte,0.93,peso,2018
2020-03-01,....Surigao del Sur,0.96,peso,2018
2020-03-01,....Dinagat Islands,0.95,peso,2018
2020-03-01,....City of Butuan (Capital),0.96,peso,2018
2020-03-01,..Negros Island Region (NIR),0.96,peso,2018
2020-03-01,....Negros Occidental,0.95,peso,2018
2020-03-01,....City of Bacolod (Capital),0.96,peso,2018
2020-03-01,....Negros Oriental,0.97,peso,2018
2020-03-01,....Siquijor,0.96,peso,2018
2020-04-01,PHILIPPINES,0.96,peso,2018
2020-04-01,..National Capital Region (NCR),0.97,peso,2018
2020-04-01,..Areas Outside National Capital Region (AONCR),0.96,peso,2018
2020-04-01,..Cordillera Administrative Region (CAR),0.96,peso,2018
2020-04-01,....Abra,0.96,peso,2018
2020-04-01,....Benguet,0.97,peso,2018
2020-04-01,....Ifugao,0.96,peso,2018
2020-04-01,....Kalinga,0.95,peso,2018
2020-04-01,....Mountain Province,0.95,peso,2018
2020-04-01,....Apayao,0.96,peso,2018
2020-04-01,....City of Baguio,0.96,peso,2018
2020-04-01,..Region I (Ilocos Region),0.96,peso,2018
2020-04-01,....Ilocos Norte,0.95,peso,2018
2020-04-01,....Ilocos Sur,0.96,peso,2018
2020-04-01,....La Union,0.97,peso,2018
2020-04-01,....Pangasinan,0.97,peso,2018
2020-04-01,..Region II (Cagayan Valley),0.97,peso,2018
2020-04-01,....Batanes,0.97,peso,2018
2020-04-01,....Cagayan,0.97,peso,2018
2020-04-01,....Isabela,0.97,peso,2018
2020-04-01,....Nueva Vizcaya,0.96,peso,2018
2020-04-01,....Quirino,0.97,peso,2018
2020-04-01,..Region III (Central Luzon),0.96,peso,2018
2020-04-01,....Bataan,0.97,peso,2018
2020-04-01,....Bulacan,0.97,peso,2018
2020-04-01,....Nueva Ecija,0.95,peso,2018
2020-04-01,....Pampanga,0.96,peso,2018
2020-04-01,....Tarlac,0.95,peso,2018
2020-04-01,....Zambales,0.95,peso,2018
2020-04-01,....Aurora,0.94,peso,2018
2020-04-01,....City of Angeles,0.96,peso,2018
2020-04-01,....City of Olongapo,0.94,peso,2018
2020-04-01,..Region IV-A (CALABARZON),0.97,peso,2018
2020-04-01,....Batangas,0.96,peso,2018
2020-04-01,....Cavite,0.96,peso,2018
2020-04-01,....Laguna,0.98,peso,2018
2020-04-01,....Quezon,0.98,peso,2018
2020-04-01,....Rizal,0.96,peso,2018
2020-04-01,....City of Lucena (Capital),0.97,peso,2018
2020-04-01,..MIMAROPA Region,0.94,peso,2018
2020-04-01,....Marinduque,0.93,peso,2018
2020-04-01,....Occidental Mindoro,0.95,peso,2018
2020-04-01,....Oriental Mindoro,0.91,peso,2018
2020-04-01,....Palawan,0.97,peso,2018
2020-04-01,....Romblon,0.95,peso,2018
2020-04-01,....City of Puerto Princesa (Capital),0.97,peso,2018
2020-04-01,..Region V (Bicol Region),0.95,peso,2018
2020-04-01,....Albay,0.93,peso,2018
2020-04-01,....Camarines Norte,0.96,peso,2018
2020-04-01,....Camarines Sur,0.96,peso,2018
2020-04-01,....Catanduanes,0.94,peso,2018
2020-04-01,....Masbate,0.98,peso,2018
2020-04-01,....Sorsogon,0.95,peso,2018
2020-04-01,..Region VI (Western Visayas),0.97,peso,2018
2020-04-01,....Aklan,0.95,peso,2018
2020-04-01,....Antique,0.97,peso,2018
2020-04-01,....Capiz,0.96,peso,2018
2020-04-01,....Iloilo,0.98,peso,2018
2020-04-01,....Guimaras,0.93,peso,2018
2020-04-01,....City of Iloilo (Capital),0.97,peso,2018
2020-04-01,..Region VII (Central Visayas),0.98,peso,2018
2020-04-01,....Bohol,0.99,peso,2018
2020-04-01,....Cebu,0.98,peso,2018
2020-04-01,....City of Cebu (Capital),0.98,peso,2018
2020-04-01,....City of Lapu-Lapu,0.97,peso,2018
2020-04-01,....City of Mandaue,0.98,peso,2018
2020-04-01,..Region VIII (Eastern Visayas),0.97,peso,2018
2020-04-01,....Eastern Samar,0.97,peso,2018
2020-04-01,....Leyte,0.97,peso,2018
2020-04-01,....Northern Samar,0.96,peso,2018
2020-04-01,....Samar,0.98,peso,2018
2020-04-01,....Southern Leyte,0.99,peso,2018
2020-04-01,....Biliran,0.97,peso,2018
2020-04-01,....City of Tacloban (Capital),0.96,peso,2018
2020-04-01,..Region IX (Zamboanga Peninsula),0.98,peso,2018
2020-04-01,....Zamboanga del Norte,0.97,peso,2018
2020-04-01,....Zamboanga del Sur,0.98,peso,2018
2020-04-01,....Zamboanga Sibugay,0.98,peso,2018
2020-04-01,....City of Zamboanga,0.98,peso,2018
2020-04-01,....City of Isabela,0.96,peso,2018
2020-04-01,..Region X (Northern Mindanao),0.96,peso,2018
2020-04-01,....Bukidnon,0.96,peso,2018
2020-04-01,....Camiguin,0.96,peso,2018
2020-04-01,....Lanao del Norte,0.97,peso,2018
2020-04-01,....Misamis Occidental,0.97,peso,2018
2020-04-01,....Misamis Oriental,0.96,peso,2018
2020-04-01,....City of Iligan,0.95,peso,2018
2020-04-01,....City of Cagayan de Oro (Capital),0.96,peso,2018
2020-04-01,..Region XI (Davao Region),0.96,peso,2018
2020-04-01,....Davao del Norte,0.96,peso,2018
2020-04-01,....Davao del Sur,0.96,peso,2018
2020-04-01,....Davao Oriental,0.99,peso,2018
2020-04-01,....Davao de Oro,0.94,peso,2018
2020-04-01,....Davao Occidental,0.94,peso,2018
2020-04-01,....City of Davao,0.96,peso,2018
2020-04-01,..Region XII (SOCCSKSARGEN),0.95,peso,2018
2020-04-01,....Cotabato,0.95,peso,2018
2020-04-01,....South Cotabato,0.95,peso,2018
2020-04-01,....Sultan Kudarat,0.95,peso,2018
2020-04-01,....Sarangani,0.92,peso,2018
2020-04-01,....City of General Santos,0.96,peso,2018
2020-04-01,..Bangsamoro Autonomous Region in Muslim Mindanao (BARMM),0.94,peso,2018
2020-04-01,....City of Cotabato,0.97,peso,2018
2020-04-01,....Basilan,0.89,peso,2018
2020-04-01,....Lanao del Sur,0.96,peso,2018
2020-04-01,....Maguindanao,0.98,peso,2018
2020-04-01,....Sulu,0.87,peso,2018
2020-04-01,....Tawi-tawi,0.91,peso,2018
2020-04-01,..Region XIII (Caraga),0.95,peso,2018
2020-04-01,....Agusan del Norte,0.96,peso,2018
2020-04-01,....Agusan del Sur,0.94,peso,2018
2020-04-01,....Surigao del Norte,0.94,peso,2018
2020-04-01,....Surigao del Sur,0.95,peso,2018
2020-04-01,....Dinagat Islands,0.94,peso,2018
2020-04-01,....City of Butuan (Capital),0.96,peso,2018
2020-04-01,..Negros Island Region (NIR),0.95,peso,2018
2020-04-01,....Negros Occidental,0.94,peso,2018
2020-04-01,....City of Bacolod (Capital),0.95,peso,2018
2020-04-01,....Negros Oriental,0.98,peso,2018
2020-04-01,....Siquijor,0.97,peso,2018
2020-05-01,PHILIPPINES,0.96,peso,2018
2020-05-01,..National Capital Region (NCR),0.97,peso,2018
2020-05-01,..Areas Outside National Capital Region (AONCR),0.96,peso,2018
2020-05-01,..Cordillera Administrative Region (CAR),0.96,peso,2018
2020-05-01,....Abra,0.95,peso,2018
2020-05-01,....Benguet,0.98,peso,2018
2020-05-01,....Ifugao,0.95,peso,2018
2020-05-01,....Kalinga,0.95,peso,2018
2020-05-01,....Mountain Province,0.95,peso,2018
2020-05-01,....Apayao,0.96,peso,2018
2020-05-01,....City of Baguio,0.96,peso,2018
2020-05-01,..Region I (Ilocos Region),0.96,peso,2018
2020-05-01,....Ilocos Norte,0.95,peso,2018
2020-05-01,....Ilocos Sur,0.96,peso,2018
2020-05-01,....La Union,0.97,peso,2018
2020-05-01,....Pangasinan,0.96,peso,2018
2020-05-01,..Region II (Cagayan Valley),0.96,peso,2018
2020-05-01,....Batanes,0.97,peso,2018
2020-05-01,....Cagayan,0.96,peso,2018
2020-05-01,....Isabela,0.97,peso,2018
2020-05-01,....Nueva Vizcaya,0.95,peso,2018
2020-05-01,....Quirino,0.97,peso,2018
2020-05-01,..Region III (Central Luzon),0.96,peso,2018
2020-05-01,....Bataan,0.97,peso,2018
2020-05-01,....Bulacan,0.97,peso,2018
2020-05-01,....Nueva Ecija,0.95,peso,2018
2020-05-01,....Pampanga,0.96,peso,2018
2020-05-01,....Tarlac,0.96,peso,2018
2020-05-01,....Zambales,0.95,peso,2018
2020-05-01,....Aurora,0.94,peso,2018
2020-05-01,....City of Angeles,0.96,peso,2018
2020-05-01,....City of Olongapo,0.94,peso,2018
2020-05-01,..Region IV-A (CALABARZON),0.97,peso,2018
2020-05-01,....Batangas,0.96,peso,2018
2020-05-01,....Cavite,0.96,peso,2018
2020-05-01,....Laguna,0.98,peso,2018
2020-05-01,....Quezon,0.98,peso,2018
2020-05-01,....Rizal,0.96,peso,2018
2020-05-01,....City of Lucena (Capital),0.97,peso,2018
2020-05-01,..MIMAROPA Region,0.94,peso,2018
2020-05-01,....Marinduque,0.94,peso,2018
2020-05-01,....Occidental Mindoro,0.95,peso,2018
2020-05-01,....Oriental Mindoro,0.92,peso,2018
2020-05-01,....Palawan,0.95,peso,2018
2020-05-01,....Romblon,0.94,peso,2018
2020-05-01,....City of Puerto Princesa (Capital),0.95,peso,2018
2020-05-01,..Region V (Bicol Region),0.95,peso,2018
2020-05-01,....Albay,0.93,peso,2018
2020-05-01,....Camarines Norte,0.95,peso,2018
2020-05-01,....Camarines Sur,0.96,peso,2018
2020-05-01,....Catanduanes,0.94,peso,2018
2020-05-01,....Masbate,0.97,peso,2018
2020-05-01,....Sorsogon,0.95,peso,2018
2020-05-01,..Region VI (Western Visayas),0.97,peso,2018
2020-05-01,....Aklan,0.95,peso,2018
2020-05-01,....Antique,0.97,peso,2018
2020-05-01,....Capiz,0.96,peso,2018
2020-05-01,....Iloilo,0.98,peso,2018
2020-05-01,....Guimaras,0.94,peso,2018
2020-05-01,....City of Iloilo (Capital),0.97,peso,2018
2020-05-01,..Region VII (Central Visayas),0.98,peso,2018
2020-05-01,....Bohol,0.97,peso,2018
2020-05-01,....Cebu,0.98,peso,2018
2020-05-01,....City of Cebu (Capital),0.98,peso,2018
2020-05-01,....City of Lapu-Lapu,0.97,peso,2018
2020-05-01,....City of Mandaue,0.98,peso,2018
2020-05-01,..Region VIII (Eastern Visayas),0.97,peso,2018
2020-05-01,....Eastern Samar,0.97,peso,2018
2020-05-01,....Leyte,0.96,peso,2018
2020-05-01,....Northern Samar,0.96,peso,2018
2020-05-01,....Samar,0.98,peso,2018
2020-05-01,....Southern Leyte,0.98,peso,2018
2020-05-01,....Biliran,0.98,peso,2018
2020-05-01,....City of Tacloban (Capital),0.95,peso,2018
2020-05-01,..Region IX (Zamboanga Peninsula),0.97,peso,2018
2020-05-01,....Zamboanga del Norte,0.97,peso,2018
2020-05-01,....Zamboanga del Sur,0.97,peso,2018
2020-05-01,....Zamboanga Sibugay,0.98,peso,2018
2020-05-01,....City of Zamboanga,0.97,peso,2018
2020-05-01,....City of Isabela,0.96,peso,2018
2020-05-01,..Region X (Northern Mindanao),0.96,peso,2018
2020-05-01,....Bukidnon,0.96,peso,2018
2020-05-01,....Camiguin,0.96,peso,2018
2020-05-01,....Lanao del Norte,0.96,peso,2018
2020-05-01,....Misamis Occidental,0.97,peso,2018
2020-05-01,....Misamis Oriental,0.96,peso,2018
2020-05-01,....City of Iligan,0.95,peso,2018
2020-05-01,....City of Cagayan de Oro (Capital),0.96,peso,2018
2020-05-01,..Region XI (Davao Region),0.96,peso,2018
2020-05-01,....Davao del Norte,0.96,peso,2018
2020-05-01,....Davao del Sur,0.96,peso,2018
2020-05-01,....Davao Oriental,0.99,peso,2018
2020-05-01,....Davao de Oro,0.94,peso,2018
2020-05-01,....Davao Occidental,0.95,peso,2018
2020-05-01,....City of Davao,0.96,peso,2018
2020-05-01,..Region XII (SOCCSKSARGEN),0.95,peso,2018
2020-05-01,....Cotabato,0.94,peso,2018
2020-05-01,....South Cotabato,0.95,peso,2018
2020-05-01,....Sultan Kudarat,0.95,peso,2018
2020-05-01,....Sarangani,0.92,peso,2018
2020-05-01,....City of General Santos,0.96,peso,2018
2020-05-01,..Bangsamoro Autonomous Region in Muslim Mindanao (BARMM),0.94,peso,2018
2020-05-01,....City of Cotabato,0.96,peso,2018
2020-05-01,....Basilan,0.88,peso,2018
2020-05-01,....Lanao del Sur,0.96,peso,2018
2020-05-01,....Maguindanao,0.97,peso,2018
2020-05-01,....Sulu,0.87,peso,2018
2020-05-01,....Tawi-tawi,0.91,peso,2018
2020-05-01,..Region XIII (Caraga),0.95,peso,2018
2020-05-01,....Agusan del Norte,0.96,peso,2018
2020-05-01,....Agusan del Sur,0.94,peso,2018
2020-05-01,....Surigao del Norte,0.94,peso,2018
2020-05-01,....Surigao del Sur,0.95,peso,2018
2020-05-01,....Dinagat Islands,0.95,peso,2018
2020-05-01,....City of Butuan (Capital),0.96,peso,2018
2020-05-01,..Negros Island Region (NIR),0.96,peso,2018
2020-05-01,....Negros Occidental,0.94,peso,2018
2020-05-01,....City of Bacolod (Capital),0.95,peso,2018
2020-05-01,....Negros Oriental,0.98,peso,2018
2020-05-01,....Siquijor,0.97,peso,2018
2020-06-01,PHILIPPINES,0.96,peso,2018
2020-06-01,..National Capital Region (NCR),0.97,peso,2018
2020-06-01,..Areas Outside National Capital Region (AONCR),0.96,peso,2018
2020-06-01,..Cordillera Administrative Region (CAR),0.96,peso,2018
2020-06-01,....Abra,0.95,peso,2018
2020-06-01,....Benguet,0.98,peso,2018
2020-06-01,....Ifugao,0.96,peso,2018
2020-06-01,....Kalinga,0.95,peso,2018
2020-06-01,....Mountain Province,0.94,peso,2018
2020-06-01,....Apayao,0.96,peso,2018
2020-06-01,....City of Baguio,0.97,peso,2018
2020-06-01,..Region I (Ilocos Region),0.96,peso,2018
2020-06-01,....Ilocos Norte,0.95,peso,2018
2020-06-01,....Ilocos Sur,0.95,peso,2018
2020-06-01,....La Union,0.97,peso,2018
2020-06-01,....Pangasinan,0.96,peso,2018
2020-06-01,..Region II (Cagayan Valley),0.96,peso,2018
2020-06-01,....Batanes,0.97,peso,2018
2020-06-01,....Cagayan,0.96,peso,2018
2020-06-01,....Isabela,0.96,peso,2018
2020-06-01,....Nueva Vizcaya,0.95,peso,2018
2020-06-01,....Quirino,0.97,peso,2018
2020-06-01,..Region III (Central Luzon),0.96,peso,2018
2020-06-01,....Bataan,0.97,peso,2018
2020-06-01,....Bulacan,0.97,peso,2018
2020-06-01,....Nueva Ecija,0.94,peso,2018
2020-06-01,....Pampanga,0.95,peso,2018
2020-06-01,....Tarlac,0.95,peso,2018
2020-06-01,....Zambales,0.94,peso,2018
2020-06-01,....Aurora,0.94,peso,2018
2020-06-01,....City of Angeles,0.95,peso,2018
2020-06-01,....City of Olongapo,0.94,peso,2018
2020-06-01,..Region IV-A (CALABARZON),0.96,peso,2018
2020-06-01,....Batangas,0.96,peso,2018
2020-06-01,....Cavite,0.96,peso,2018
2020-06-01,....Laguna,0.97,peso,2018
2020-06-01,....Quezon,0.98,peso,2018
2020-06-01,....Rizal,0.95,peso,2018
2020-06-01,....City of Lucena (Capital),0.98,peso,2018
2020-06-01,..MIMAROPA Region,0.93,peso,2018
2020-06-01,....Marinduque,0.92,peso,2018
2020-06-01,....Occidental Mindoro,0.94,peso,2018
2020-06-01,....Oriental Mindoro,0.91,peso,2018
2020-06-01,....Palawan,0.94,peso,2018
2020-06-01,....Romblon,0.94,peso,2018
2020-06-01,....City of Puerto Princesa (Capital),0.95,peso,2018
2020-06-01,..Region V (Bicol Region),0.94,peso,2018
2020-06-01,....Albay,0.91,peso,2018
2020-06-01,....Camarines Norte,0.94,peso,2018
2020-06-01,....Camarines Sur,0.94,peso,2018
2020-06-01,....Catanduanes,0.92,peso,2018
2020-06-01,....Masbate,0.97,peso,2018
2020-06-01,....Sorsogon,0.94,peso,2018
2020-06-01,..Region VI (Western Visayas),0.97,peso,2018
2020-06-01,....Aklan,0.95,peso,2018
2020-06-01,....Antique,0.96,peso,2018
2020-06-01,....Capiz,0.96,peso,2018
2020-06-01,....Iloilo,0.98,peso,2018
2020-06-01,....Guimaras,0.93,peso,2018
2020-06-01,....City of Iloilo (Capital),0.97,peso,2018
2020-06-01,..Region VII (Central Visayas),0.97,peso,2018
2020-06-01,....Bohol,0.97,peso,2018
2020-06-01,....Cebu,0.96,peso,2018
2020-06-01,....City of Cebu (Capital),0.97,peso,2018
2020-06-01,....City of Lapu-Lapu,0.97,peso,2018
2020-06-01,....City of Mandaue,0.97,peso,2018
2020-06-01,..Region VIII (Eastern Visayas),0.97,peso,2018
2020-06-01,....Eastern Samar,0.99,peso,2018
2020-06-01,....Leyte,0.96,peso,2018
2020-06-01,....Northern Samar,0.96,peso,2018
2020-06-01,....Samar,0.98,peso,2018
2020-06-01,....Southern Leyte,0.98,peso,2018
2020-06-01,....Biliran,0.97,peso,2018
2020-06-01,....City of Tacloban (Capital),0.95,peso,2018
2020-06-01,..Region IX (Zamboanga Peninsula),0.97,peso,2018
2020-06-01,....Zamboanga del Norte,0.96,peso,2018
2020-06-01,....Zamboanga del Sur,0.97,peso,2018
2020-06-01,....Zamboanga Sibugay,0.97,peso,2018
2020-06-01,....City of Zamboanga,0.97,peso,2018
2020-06-01,....City of Isabela,0.96,peso,2018
2020-06-01,..Region X (Northern Mindanao),0.95,peso,2018
2020-06-01,....Bukidnon,0.95,peso,2018
2020-06-01,....Camiguin,0.95,peso,2018
2020-06-01,....Lanao del Norte,0.96,peso,2018
2020-06-01,....Misamis Occidental,0.95,peso,2018
2020-06-01,....Misamis Oriental,0.95,peso,2018
2020-06-01,....City of Iligan,0.94,peso,2018
2020-06-01,....City of Cagayan de Oro (Capital),0.95,peso,2018
2020-06-01,..Region XI (Davao Region),0.96,peso,2018
2020-06-01,....Davao del Norte,0.96,peso,2018
2020-06-01,....Davao del Sur,0.96,peso,2018
2020-06-01,....Davao Oriental,0.98,peso,2018
2020-06-01,....Davao de Oro,0.95,peso,2018
2020-06-01,....Davao Occidental,0.95,peso,2018
2020-06-01,....City of Davao,0.96,peso,2018
2020-06-01,..Region XII (SOCCSKSARGEN),0.95,peso,2018
2020-06-01,....Cotabato,0.93,peso,2018
2020-06-01,....South Cotabato,0.95,peso,2018
2020-06-01,....Sultan Kudarat,0.95,peso,2018
2020-06-01,....Sarangani,0.92,peso,2018
2020-06-01,....City of General Santos,0.96,peso,2018
2020-06-01,..Bangsamoro Autonomous Region in Muslim Mindanao (BARMM),0.93,peso,2018
2020-06-01,....City of Cotabato,0.95,peso,2018
2020-06-01,....Basilan,0.88,peso,2018
2020-06-01,....Lanao del Sur,0.96,peso,2018
2020-06-01,....Maguindanao,0.96,peso,2018
2020-06-01,....Sulu,0.87,peso,2018
2020-06-01,....Tawi-tawi,0.9,peso,2018
2020-06-01,..Region XIII (Caraga),0.94,peso,2018
2020-06-01,....Agusan del Norte,0.96,peso,2018
2020-06-01,....Agusan del Sur,0.93,peso,2018
2020-06-01,....Surigao del Norte,0.93,peso,2018
2020-06-01,....Surigao del Sur,0.94,peso,2018
2020-06-01,....Dinagat Islands,0.95,peso,2018
2020-06-01,....City of Butuan (Capital),0.96,peso,2018
2020-06-01,..Negros Island Region (NIR),0.95,peso,2018
2020-06-01,....Negros Occidental,0.94,peso,2018
2020-06-01,....City of Bacolod (Capital),0.95,peso,2018
2020-06-01,....Negros Oriental,0.97,peso,2018
2020-06-01,....Siquijor,0.97,peso,2018
2020-07-01,PHILIPPINES,0.95,peso,2018
2020-07-01,..National Capital Region (NCR),0.96,peso,2018
2020-07-01,..Areas Outside National Capital Region (AONCR),0.95,peso,2018
2020-07-01,..Cordillera Administrative Region (CAR),0.96,peso,2018
2020-07-01,....Abra,0.95,peso,2018
2020-07-01,....Benguet,0.97,peso,2018
2020-07-01,....Ifugao,0.95,peso,2018
2020-07-01,....Kalinga,0.95,peso,2018
2020-07-01,....Mountain Province,0.94,peso,2018
2020-07-01,....Apayao,0.95,peso,2018
2020-07-01,....City of Baguio,0.96,peso,2018
2020-07-01,..Region I (Ilocos Region),0.96,peso,2018
2020-07-01,....Ilocos Norte,0.95,peso,2018
2020-07-01,....Ilocos Sur,0.95,peso,2018
2020-07-01,....La Union,0.97,peso,2018
2020-07-01,....Pangasinan,0.95,peso,2018
2020-07-01,..Region II (Cagayan Valley),0.96,peso,2018
2020-07-01,....Batanes,0.96,peso,2018
2020-07-01,....Cagayan,0.96,peso,2018
2020-07-01,....Isabela,0.96,peso,2018
2020-07-01,....Nueva Vizcaya,0.94,peso,2018
2020-07-01,....Quirino,0.97,peso,2018
2020-07-01,..Region III (Central Luzon),0.95,peso,2018
2020-07-01,....Bataan,0.95,peso,2018
2020-07-01,....Bulacan,0.96,peso,2018
2020-07-01,....Nueva Ecija,0.93,peso,2018
2020-07-01,....Pampanga,0.94,peso,2018
2020-07-01,....Tarlac,0.95,peso,2018
2020-07-01,....Zambales,0.94,peso,2018
2020-07-01,....Aurora,0.94,peso,2018
2020-07-01,....City of Angeles,0.95,peso,2018
2020-07-01,....City of Olongapo,0.93,peso,2018
2020-07-01,..Region IV-A (CALABARZON),0.95,peso,2018
2020-07-01,....Batangas,0.96,peso,2018
2020-07-01,....Cavite,0.93,peso,2018
2020-07-01,....Laguna,0.95,peso,2018
2020-07-01,....Quezon,0.98,peso,2018
2020-07-01,....Rizal,0.95,peso,2018
2020-07-01,....City of Lucena (Capital),0.97,peso,2018
2020-07-01,..MIMAROPA Region,0.93,peso,2018
2020-07-01,....Marinduque,0.91,peso,2018
2020-07-01,....Occidental Mindoro,0.94,peso,2018
2020-07-01,....Oriental Mindoro,0.91,peso,2018
2020-07-01,....Palawan,0.94,peso,2018
2020-07-01,....Romblon,0.94,peso,2018
2020-07-01,....City of Puerto Princesa (Capital),0.95,peso,2018
2020-07-01,..Region V (Bicol Region),0.94,peso,2018
2020-07-01,....Albay,0.91,peso,2018
2020-07-01,....Camarines Norte,0.94,peso,2018
2020-07-01,....Camarines Sur,0.94,peso,2018
2020-07-01,....Catanduanes,0.93,peso,2018
2020-07-01,....Masbate,0.97,peso,2018
2020-07-01,....Sorsogon,0.95,peso,2018
2020-07-01,..Region VI (Western Visayas),0.96,peso,2018
2020-07-01,....Aklan,0.95,peso,2018
2020-07-01,....Antique,0.96,peso,2018
2020-07-01,....Capiz,0.95,peso,2018
2020-07-01,....Iloilo,0.98,peso,2018
2020-07-01,....Guimaras,0.93,peso,2018
2020-07-01,....City of Iloilo (Capital),0.96,peso,2018
2020-07-01,..Region VII (Central Visayas),0.97,peso,2018
2020-07-01,....Bohol,0.97,peso,2018
2020-07-01,....Cebu,0.96,peso,2018
2020-07-01,....City of Cebu (Capital),0.97,peso,2018
2020-07-01,....City of Lapu-Lapu,0.97,peso,2018
2020-07-01,....City of Mandaue,0.97,peso,2018
2020-07-01,..Region VIII (Eastern Visayas),0.96,peso,2018
2020-07-01,....Eastern Samar,0.99,peso,2018
2020-07-01,....Leyte,0.96,peso,2018
2020-07-01,....Northern Samar,0.96,peso,2018
2020-07-01,....Samar,0.97,peso,2018
2020-07-01,....Southern Leyte,0.98,peso,2018
2020-07-01,....Biliran,0.98,peso,2018
2020-07-01,....City of Tacloban (Capital),0.95,peso,2018
2020-07-01,..Region IX (Zamboanga Peninsula),0.97,peso,2018
2020-07-01,....Zamboanga del Norte,0.96,peso,2018
2020-07-01,....Zamboanga del Sur,0.97,peso,2018
2020-07-01,....Zamboanga Sibugay,0.98,peso,2018
2020-07-01,....City of Zamboanga,0.97,peso,2018
2020-07-01,....City of Isabela,0.95,peso,2018
2020-07-01,..Region X (Northern Mindanao),0.94,peso,2018
2020-07-01,....Bukidnon,0.95,peso,2018
2020-07-01,....Camiguin,0.94,peso,2018
2020-07-01,....Lanao del Norte,0.95,peso,2018
2020-07-01,....Misamis Occidental,0.95,peso,2018
2020-07-01,....Misamis Oriental,0.93,peso,2018
2020-07-01,....City of Iligan,0.94,peso,2018
2020-07-01,....City of Cagayan de Oro (Capital),0.94,peso,2018
2020-07-01,..Region XI (Davao Region),0.97,peso,2018
2020-07-01,....Davao del Norte,0.97,peso,2018
2020-07-01,....Davao del Sur,0.97,peso,2018
2020-07-01,....Davao Oriental,0.98,peso,2018
2020-07-01,....Davao de Oro,0.96,peso,2018
2020-07-01,....Davao Occidental,0.95,peso,2018
2020-07-01,....City of Davao,0.97,peso,2018
2020-07-01,..Region XII (SOCCSKSARGEN),0.94,peso,2018
2020-07-01,....Cotabato,0.94,peso,2018
2020-07-01,....South Cotabato,0.95,peso,2018
2020-07-01,....Sultan Kudarat,0.95,peso,2018
2020-07-01,....Sarangani,0.93,peso,2018
2020-07-01,....City of General Santos,0.96,peso,2018
2020-07-01,..Bangsamoro Autonomous Region in Muslim Mindanao (BARMM),0.93,peso,2018
2020-07-01,....City of Cotabato,0.94,peso,2018
2020-07-01,....Basilan,0.89,peso,2018
2020-07-01,....Lanao del Sur,0.97,peso,2018
2020-07-01,....Maguindanao,0.96,peso,2018
2020-07-01,....Sulu,0.87,peso,2018
2020-07-01,....Tawi-tawi,0.89,peso,2018
2020-07-01,..Region XIII (Caraga),0.94,peso,2018
2020-07-01,....Agusan del Norte,0.96,peso,2018
2020-07-01,....Agusan del Sur,0.94,peso,2018
2020-07-01,....Surigao del Norte,0.93,peso,2018
2020-07-01,....Surigao del Sur,0.94,peso,2018
2020-07-01,....Dinagat Islands,0.95,peso,2018
2020-07-01,....City of Butuan (Capital),0.96,peso,2018
2020-07-01,..Negros Island Region (NIR),0.94,peso,2018
2020-07-01,....Negros Occidental,0.93,peso,2018
2020-07-01,....City of Bacolod (Capital),0.94,peso,2018
2020-07-01,....Negros Oriental,0.97,peso,2018
2020-07-01,....Siquijor,0.96,peso,2018
2020-08-01,PHILIPPINES,0.95,peso,2018
2020-08-01,..National Capital Region (NCR),0.96,peso,2018
2020-08-01,..Areas Outside National Capital Region (AONCR),0.95,peso,2018
2020-08-01,..Cordillera Administrative Region (CAR),0.96,peso,2018
2020-08-01,....Abra,0.95,peso,2018
2020-08-01,....Benguet,0.97,peso,2018
2020-08-01,....Ifugao,0.94,peso,2018
2020-08-01,....Kalinga,0.95,peso,2018
2020-08-01,....Mountain Province,0.94,peso,2018
2020-08-01,....Apayao,0.96,peso,2018
2020-08-01,....City of Baguio,0.96,peso,2018
2020-08-01,..Region I (Ilocos Region),0.95,peso,2018
2020-08-01,....Ilocos Norte,0.94,peso,2018
2020-08-01,....Ilocos Sur,0.95,peso,2018
2020-08-01,....La Union,0.97,peso,2018
2020-08-01,....Pangasinan,0.95,peso,2018
2020-08-01,..Region II (Cagayan Valley),0.96,peso,2018
2020-08-01,....Batanes,0.94,peso,2018
2020-08-01,....Cagayan,0.96,peso,2018
2020-08-01,....Isabela,0.96,peso,2018
2020-08-01,....Nueva Vizcaya,0.95,peso,2018
2020-08-01,....Quirino,0.97,peso,2018
2020-08-01,..Region III (Central Luzon),0.95,peso,2018
2020-08-01,....Bataan,0.95,peso,2018
2020-08-01,....Bulacan,0.96,peso,2018
2020-08-01,....Nueva Ecija,0.94,peso,2018
2020-08-01,....Pampanga,0.95,peso,2018
2020-08-01,....Tarlac,0.95,peso,2018
2020-08-01,....Zambales,0.94,peso,2018
2020-08-01,....Aurora,0.94,peso,2018
2020-08-01,....City of Angeles,0.95,peso,2018
2020-08-01,....City of Olongapo,0.93,peso,2018
2020-08-01,..Region IV-A (CALABARZON),0.95,peso,2018
2020-08-01,....Batangas,0.96,peso,2018
2020-08-01,....Cavite,0.94,peso,2018
2020-08-01,....Laguna,0.95,peso,2018
2020-08-01,....Quezon,0.98,peso,2018
2020-08-01,....Rizal,0.95,peso,2018
2020-08-01,....City of Lucena (Capital),0.97,peso,2018
2020-08-01,..MIMAROPA Region,0.92,peso,2018
2020-08-01,....Marinduque,0.9,peso,2018
2020-08-01,....Occidental Mindoro,0.92,peso,2018
2020-08-01,....Oriental Mindoro,0.9,peso,2018
2020-08-01,....Palawan,0.94,peso,2018
2020-08-01,....Romblon,0.94,peso,2018
2020-08-01,....City of Puerto Princesa (Capital),0.94,peso,2018
2020-08-01,..Region V (Bicol Region),0.94,peso,2018
2020-08-01,....Albay,0.91,peso,2018
2020-08-01,....Camarines Norte,0.94,peso,2018
2020-08-01,....Camarines Sur,0.94,peso,2018
2020-08-01,....Catanduanes,0.93,peso,2018
2020-08-01,....Masbate,0.97,peso,2018
2020-08-01,....Sorsogon,0.95,peso,2018
2020-08-01,..Region VI (Western Visayas),0.96,peso,2018
2020-08-01,....Aklan,0.95,peso,2018
2020-08-01,....Antique,0.97,peso,2018
2020-08-01,....Capiz,0.95,peso,2018
2020-08-01,....Iloilo,0.98,peso,2018
2020-08-01,....Guimaras,0.93,peso,2018
2020-08-01,....City of Iloilo (Capital),0.97,peso,2018
2020-08-01,..Region VII (Central Visayas),0.97,peso,2018
2020-08-01,....Bohol,0.97,peso,2018
2020-08-01,....Cebu,0.97,peso,2018
2020-08-01,....City of Cebu (Capital),0.98,peso,2018
2020-08-01,....City of Lapu-Lapu,0.98,peso,2018
2020-08-01,....City of Mandaue,0.98,peso,2018
2020-08-01,..Region VIII (Eastern Visayas),0.96,peso,2018
2020-08-01,....Eastern Samar,0.98,peso,2018
2020-08-01,....Leyte,0.96,peso,2018
2020-08-01,....Northern Samar,0.96,peso,2018
2020-08-01,....Samar,0.95,peso,2018
2020-08-01,....Southern Leyte,0.98,peso,2018
2020-08-01,....Biliran,0.97,peso,2018
2020-08-01,....City of Tacloban (Capital),0.95,peso,2018
2020-08-01,..Region IX (Zamboanga Peninsula),0.97,peso,2018
2020-08-01,....Zamboanga del Norte,0.96,peso,2018
2020-08-01,....Zamboanga del Sur,0.98,peso,2018
2020-08-01,....Zamboanga Sibugay,0.98,peso,2018
2020-08-01,....City of Zamboanga,0.97,peso,2018
2020-08-01,....City of Isabela,0.95,peso,2018
2020-08-01,..Region X (Northern Mindanao),0.94,peso,2018
2020-08-01,....Bukidnon,0.95,peso,2018
2020-08-01,....Camiguin,0.94,peso,2018
2020-08-01,....Lanao del Norte,0.95,peso,2018
2020-08-01,....Misamis Occidental,0.95,peso,2018
2020-08-01,....Misamis Oriental,0.93,peso,2018
2020-08-01,....City of Iligan,0.94,peso,2018
2020-08-01,....City of Cagayan de Oro (Capital),0.94,peso,2018
2020-08-01,..Region XI (Davao Region),0.97,peso,2018
2020-08-01,....Davao del Norte,0.97,peso,2018
2020-08-01,....Davao del Sur,0.97,peso,2018
2020-08-01,....Davao Oriental,1.0,peso,2018
2020-08-01,....Davao de Oro,0.97,peso,2018
2020-08-01,....Davao Occidental,0.95,peso,2018
2020-08-01,....City of Davao,0.97,peso,2018
2020-08-01,..Region XII (SOCCSKSARGEN),0.95,peso,2018
2020-08-01,....Cotabato,0.94,peso,2018
2020-08-01,....South Cotabato,0.96,peso,2018
2020-08-01,....Sultan Kudarat,0.95,peso,2018
2020-08-01,....Sarangani,0.93,peso,2018
2020-08-01,....City of General Santos,0.96,peso,2018
2020-08-01,..Bangsamoro Autonomous Region in Muslim Mindanao (BARMM),0.93,peso,2018
2020-08-01,....City of Cotabato,0.93,peso,2018
2020-08-01,....Basilan,0.89,peso,2018
2020-08-01,....Lanao del Sur,0.97,peso,2018
2020-08-01,....Maguindanao,0.96,peso,2018
2020-08-01,....Sulu,0.88,peso,2018
2020-08-01,....Tawi-tawi,0.87,peso,2018
2020-08-01,..Region XIII (Caraga),0.94,peso,2018
2020-08-01,....Agusan del Norte,0.96,peso,2018
2020-08-01,....Agusan del Sur,0.94,peso,2018
2020-08-01,....Surigao del Norte,0.93,peso,2018
2020-08-01,....Surigao del Sur,0.94,peso,2018
2020-08-01,....Dinagat Islands,0.94,peso,2018
2020-08-01,....City of Butuan (Capital),0.96,peso,2018
2020-08-01,..Negros Island Region (NIR),0.94,peso,2018
2020-08-01,....Negros Occidental,0.93,peso,2018
2020-08-01,....City of Bacolod (Capital),0.94,peso,2018
2020-08-01,....Negros Oriental,0.97,peso,2018
2020-08-01,....Siquijor,0.96,peso,2018
2020-09-01,PHILIPPINES,0.95,peso,2018
2020-09-01,..National Capital Region (NCR),0.96,peso,2018
2020-09-01,..Areas Outside National Capital Region (AONCR),0.95,peso,2018
2020-09-01,..Cordillera Administrative Region (CAR),0.96,peso,2018
2020-09-01,....Abra,0.96,peso,2018
2020-09-01,....Benguet,0.98,peso,2018
2020-09-01,....Ifugao,0.94,peso,2018
2020-09-01,....Kalinga,0.95,peso,2018
2020-09-01,....Mountain Province,0.93,peso,2018
2020-09-01,....Apayao,0.95,peso,2018
2020-09-01,....City of Baguio,0.96,peso,2018
2020-09-01,..Region I (Ilocos Region),0.95,peso,2018
2020-09-01,....Ilocos Norte,0.94,peso,2018
2020-09-01,....Ilocos Sur,0.94,peso,2018
2020-09-01,....La Union,0.97,peso,2018
2020-09-01,....Pangasinan,0.95,peso,2018
2020-09-01,..Region II (Cagayan Valley),0.95,peso,2018
2020-09-01,....Batanes,0.92,peso,2018
2020-09-01,....Cagayan,0.95,peso,2018
2020-09-01,....Isabela,0.96,peso,2018
2020-09-01,....Nueva Vizcaya,0.94,peso,2018
2020-09-01,....Quirino,0.97,peso,2018
2020-09-01,..Region III (Central Luzon),0.95,peso,2018
2020-09-01,....Bataan,0.94,peso,2018
2020-09-01,....Bulacan,0.96,peso,2018
2020-09-01,....Nueva Ecija,0.94,peso,2018
2020-09-01,....Pampanga,0.95,peso,2018
2020-09-01,....Tarlac,0.94,peso,2018
2020-09-01,....Zambales,0.94,peso,2018
2020-09-01,....Aurora,0.94,peso,2018
2020-09-01,....City of Angeles,0.95,peso,2018
2020-09-01,....City of Olongapo,0.94,peso,2018
2020-09-01,..Region IV-A (CALABARZON),0.95,peso,2018
2020-09-01,....Batangas,0.96,peso,2018
2020-09-01,....Cavite,0.93,peso,2018
2020-09-01,....Laguna,0.96,peso,2018
2020-09-01,....Quezon,0.98,peso,2018
2020-09-01,....Rizal,0.95,peso,2018
2020-09-01,....City of Lucena (Capital),0.97,peso,2018
2020-09-01,..MIMAROPA Region,0.92,peso,2018
2020-09-01,....Marinduque,0.9,peso,2018
2020-09-01,....Occidental Mindoro,0.92,peso,2018
2020-09-01,....Oriental Mindoro,0.89,peso,2018
2020-09-01,....Palawan,0.93,peso,2018
2020-09-01,....Romblon,0.94,peso,2018
2020-09-01,....City of Puerto Princesa (Capital),0.94,peso,2018
2020-09-01,..Region V (Bicol Region),0.93,peso,2018
2020-09-01,....Albay,0.9,peso,2018
2020-09-01,....Camarines Norte,0.94,peso,2018
2020-09-01,....Camarines Sur,0.94,peso,2018
2020-09-01,....Catanduanes,0.92,peso,2018
2020-09-01,....Masbate,0.96,peso,2018
2020-09-01,....Sorsogon,0.93,peso,2018
2020-09-01,..Region VI (Western Visayas),0.96,peso,2018
2020-09-01,....Aklan,0.95,peso,2018
2020-09-01,....Antique,0.96,peso,2018
2020-09-01,....Capiz,0.95,peso,2018
2020-09-01,....Iloilo,0.98,peso,2018
2020-09-01,....Guimaras,0.92,peso,2018
2020-09-01,....City of Iloilo (Capital),0.97,peso,2018
2020-09-01,..Region VII (Central Visayas),0.98,peso,2018
2020-09-01,....Bohol,0.97,peso,2018
2020-09-01,....Cebu,0.97,peso,2018
2020-09-01,....City of Cebu (Capital),0.98,peso,2018
2020-09-01,....City of Lapu-Lapu,0.98,peso,2018
2020-09-01,....City of Mandaue,0.98,peso,2018
2020-09-01,..Region VIII (Eastern Visayas),0.96,peso,2018
2020-09-01,....Eastern Samar,0.98,peso,2018
2020-09-01,....Leyte,0.96,peso,2018
2020-09-01,....Northern Samar,0.96,peso,2018
2020-09-01,....Samar,0.95,peso,2018
2020-09-01,....Southern Leyte,0.98,peso,2018
2020-09-01,....Biliran,0.96,peso,2018
2020-09-01,....City of Tacloban (Capital),0.95,peso,2018
2020-09-01,..Region IX (Zamboanga Peninsula),0.97,peso,2018
2020-09-01,....Zamboanga del Norte,0.97,peso,2018
2020-09-01,....Zamboanga del Sur,0.98,peso,2018
2020-09-01,....Zamboanga Sibugay,0.97,peso,2018
2020-09-01,....City of Zamboanga,0.98,peso,2018
2020-09-01,....City of Isabela,0.95,peso,2018
2020-09-01,..Region X (Northern Mindanao),0.94,peso,2018
2020-09-01,....Bukidnon,0.95,peso,2018
2020-09-01,....Camiguin,0.93,peso,2018
2020-09-01,....Lanao del Norte,0.95,peso,2018
2020-09-01,....Misamis Occidental,0.94,peso,2018
2020-09-01,....Misamis Oriental,0.93,peso,2018
2020-09-01,....City of Iligan,0.94,peso,2018
2020-09-01,....City of Cagayan de Oro (Capital),0.94,peso,2018
2020-09-01,..Region XI (Davao Region),0.96,peso,2018
2020-09-01,....Davao del Norte,0.96,peso,2018
2020-09-01,....Davao del Sur,0.96,peso,2018
2020-09-01,....Davao Oriental,0.99,peso,2018
2020-09-01,....Davao de Oro,0.96,peso,2018
2020-09-01,....Davao Occidental,0.95,peso,2018
2020-09-01,....City of Davao,0.96,peso,2018
2020-09-01,..Region XII (SOCCSKSARGEN),0.95,peso,2018
2020-09-01,....Cotabato,0.93,peso,2018
2020-09-01,....South Cotabato,0.96,peso,2018
2020-09-01,....Sultan Kudarat,0.95,peso,2018
2020-09-01,....Sarangani,0.93,peso,2018
2020-09-01,....City of General Santos,0.96,peso,2018
2020-09-01,..Bangsamoro Autonomous Region in Muslim Mindanao (BARMM),0.93,peso,2018
2020-09-01,....City of Cotabato,0.94,peso,2018
2020-09-01,....Basilan,0.88,peso,2018
2020-09-01,....Lanao del Sur,0.98,peso,2018
2020-09-01,....Maguindanao,0.96,peso,2018
2020-09-01,....Sulu,0.88,peso,2018
2020-09-01,....Tawi-tawi,0.86,peso,2018
2020-09-01,..Region XIII (Caraga),0.94,peso,2018
2020-09-01,....Agusan del Norte,0.96,peso,2018
2020-09-01,....Agusan del Sur,0.94,peso,2018
2020-09-01,....Surigao del Norte,0.93,peso,2018
2020-09-01,....Surigao del Sur,0.94,peso,2018
2020-09-01,....Dinagat Islands,0.93,peso,2018
2020-09-01,....City of Butuan (Capital),0.96,peso,2018
2020-09-01,..Negros Island Region (NIR),0.94,peso,2018
2020-09-01,....Negros Occidental,0.92,peso,2018
2020-09-01,....City of Bacolod (Capital),0.93,peso,2018
2020-09-01,....Negros Oriental,0.97,peso,2018
2020-09-01,....Siquijor,0.96,peso,2018
2020-10-01,PHILIPPINES,0.95,peso,2018
2020-10-01,..National Capital Region (NCR),0.96,peso,2018
2020-10-01,..Areas Outside National Capital Region (AONCR),0.95,peso,2018
2020-10-01,..Cordillera Administrative Region (CAR),0.96,peso,2018
2020-10-01,....Abra,0.95,peso,2018
2020-10-01,....Benguet,0.98,peso,2018
2020-10-01,....Ifugao,0.94,peso,2018
2020-10-01,....Kalinga,0.96,peso,2018
2020-10-01,....Mountain Province,0.93,peso,2018
2020-10-01,....Apayao,0.95,peso,2018
2020-10-01,....City of Baguio,0.96,peso,2018
2020-10-01,..Region I (Ilocos Region),0.95,peso,2018
2020-10-01,....Ilocos Norte,0.94,peso,2018
2020-10-01,....Ilocos Sur,0.95,peso,2018
2020-10-01,....La Union,0.97,peso,2018
2020-10-01,....Pangasinan,0.95,peso,2018
2020-10-01,..Region II (Cagayan Valley),0.95,peso,2018
2020-10-01,....Batanes,0.93,peso,2018
2020-10-01,....Cagayan,0.95,peso,2018
2020-10-01,....Isabela,0.95,peso,2018
2020-10-01,....Nueva Vizcaya,0.94,peso,2018
2020-10-01,....Quirino,0.96,peso,2018
2020-10-01,..Region III (Central Luzon),0.95,peso,2018
2020-10-01,....Bataan,0.94,peso,2018
2020-10-01,....Bulacan,0.96,peso,2018
2020-10-01,....Nueva Ecija,0.94,peso,2018
2020-10-01,....Pampanga,0.94,peso,2018
2020-10-01,....Tarlac,0.93,peso,2018
2020-10-01,....Zambales,0.94,peso,2018
2020-10-01,....Aurora,0.94,peso,2018
2020-10-01,....City of Angeles,0.95,peso,2018
2020-10-01,....City of Olongapo,0.93,peso,2018
2020-10-01,..Region IV-A (CALABARZON),0.95,peso,2018
2020-10-01,....Batangas,0.96,peso,2018
2020-10-01,....Cavite,0.93,peso,2018
2020-10-01,....Laguna,0.95,peso,2018
2020-10-01,....Quezon,0.97,peso,2018
2020-10-01,....Rizal,0.94,peso,2018
2020-10-01,....City of Lucena (Capital),0.96,peso,2018
2020-10-01,..MIMAROPA Region,0.91,peso,2018
2020-10-01,....Marinduque,0.89,peso,2018
2020-10-01,....Occidental Mindoro,0.91,peso,2018
2020-10-01,....Oriental Mindoro,0.89,peso,2018
2020-10-01,....Palawan,0.93,peso,2018
2020-10-01,....Romblon,0.93,peso,2018
2020-10-01,....City of Puerto Princesa (Capital),0.93,peso,2018
2020-10-01,..Region V (Bicol Region),0.93,peso,2018
2020-10-01,....Albay,0.9,peso,2018
2020-10-01,....Camarines Norte,0.94,peso,2018
2020-10-01,....Camarines Sur,0.93,peso,2018
2020-10-01,....Catanduanes,0.91,peso,2018
2020-10-01,....Masbate,0.96,peso,2018
2020-10-01,....Sorsogon,0.93,peso,2018
2020-10-01,..Region VI (Western Visayas),0.96,peso,2018
2020-10-01,....Aklan,0.94,peso,2018
2020-10-01,....Antique,0.96,peso,2018
2020-10-01,....Capiz,0.95,peso,2018
2020-10-01,....Iloilo,0.97,peso,2018
2020-10-01,....Guimaras,0.92,peso,2018
2020-10-01,....City of Iloilo (Capital),0.96,peso,2018
2020-10-01,..Region VII (Central Visayas),0.98,peso,2018
2020-10-01,....Bohol,0.97,peso,2018
2020-10-01,....Cebu,0.98,peso,2018
2020-10-01,....City of Cebu (Capital),0.98,peso,2018
2020-10-01,....City of Lapu-Lapu,0.98,peso,2018
2020-10-01,....City of Mandaue,0.98,peso,2018
2020-10-01,..Region VIII (Eastern Visayas),0.96,peso,2018
2020-10-01,....Eastern Samar,0.97,peso,2018
2020-10-01,....Leyte,0.96,peso,2018
2020-10-01,....Northern Samar,0.95,peso,2018
2020-10-01,....Samar,0.95,peso,2018
2020-10-01,....Southern Leyte,0.98,peso,2018
2020-10-01,....Biliran,0.96,peso,2018
2020-10-01,....City of Tacloban (Capital),0.95,peso,2018
2020-10-01,..Region IX (Zamboanga Peninsula),0.97,peso,2018
2020-10-01,....Zamboanga del Norte,0.97,peso,2018
2020-10-01,....Zamboanga del Sur,0.98,peso,2018
2020-10-01,....Zamboanga Sibugay,0.98,peso,2018
2020-10-01,....City of Zamboanga,0.97,peso,2018
2020-10-01,....City of Isabela,0.95,peso,2018
2020-10-01,..Region X (Northern Mindanao),0.94,peso,2018
2020-10-01,....Bukidnon,0.95,peso,2018
2020-10-01,....Camiguin,0.93,peso,2018
2020-10-01,....Lanao del Norte,0.95,peso,2018
2020-10-01,....Misamis Occidental,0.94,peso,2018
2020-10-01,....Misamis Oriental,0.93,peso,2018
2020-10-01,....City of Iligan,0.94,peso,2018
2020-10-01,....City of Cagayan de Oro (Capital),0.94,peso,2018
2020-10-01,..Region XI (Davao Region),0.96,peso,2018
2020-10-01,....Davao del Norte,0.96,peso,2018
2020-10-01,....Davao del Sur,0.96,peso,2018
2020-10-01,....Davao Oriental,1.0,peso,2018
2020-10-01,....Davao de Oro,0.96,peso,2018
2020-10-01,....Davao Occidental,0.95,peso,2018
2020-10-01,....City of Davao,0.95,peso,2018
2020-10-01,..Region XII (SOCCSKSARGEN),0.95,peso,2018
2020-10-01,....Cotabato,0.93,peso,2018
2020-10-01,....South Cotabato,0.97,peso,2018
2020-10-01,....Sultan Kudarat,0.95,peso,2018
2020-10-01,....Sarangani,0.93,peso,2018
2020-10-01,....City of General Santos,0.97,peso,2018
2020-10-01,..Bangsamoro Autonomous Region in Muslim Mindanao (BARMM),0.93,peso,2018
2020-10-01,....City of Cotabato,0.94,peso,2018
2020-10-01,....Basilan,0.88,peso,2018
2020-10-01,....Lanao del Sur,0.98,peso,2018
2020-10-01,....Maguindanao,0.96,peso,2018
2020-10-01,....Sulu,0.88,peso,2018
2020-10-01,....Tawi-tawi,0.86,peso,2018
2020-10-01,..Region XIII (Caraga),0.94,peso,2018
2020-10-01,....Agusan del Norte,0.96,peso,2018
2020-10-01,....Agusan del Sur,0.94,peso,2018
2020-10-01,....Surigao del Norte,0.93,peso,2018
2020-10-01,....Surigao del Sur,0.94,peso,2018
2020-10-01,....Dinagat Islands,0.92,peso,2018
2020-10-01,....City of Butuan (Capital),0.95,peso,2018
2020-10-01,..Negros Island Region (NIR),0.94,peso,2018
2020-10-01,....Negros Occidental,0.93,peso,2018
2020-10-01,....City of Bacolod (Capital),0.93,peso,2018
2020-10-01,....Negros Oriental,0.97,peso,2018
2020-10-01,....Siquijor,0.95,peso,2018
2020-11-01,PHILIPPINES,0.94,peso,2018
2020-11-01,..National Capital Region (NCR),0.95,peso,2018
2020-11-01,..Areas Outside National Capital Region (AONCR),0.94,peso,2018
2020-11-01,..Cordillera Administrative Region (CAR),0.95,peso,2018
2020-11-01,....Abra,0.93,peso,2018
2020-11-01,....Benguet,0.97,peso,2018
2020-11-01,....Ifugao,0.93,peso,2018
2020-11-01,....Kalinga,0.94,peso,2018
2020-11-01,....Mountain Province,0.92,peso,2018
2020-11-01,....Apayao,0.95,peso,2018
2020-11-01,....City of Baguio,0.96,peso,2018
2020-11-01,..Region I (Ilocos Region),0.94,peso,2018
2020-11-01,....Ilocos Norte,0.93,peso,2018
2020-11-01,....Ilocos Sur,0.93,peso,2018
2020-11-01,....La Union,0.96,peso,2018
2020-11-01,....Pangasinan,0.94,peso,2018
2020-11-01,..Region II (Cagayan Valley),0.93,peso,2018
2020-11-01,....Batanes,0.92,peso,2018
2020-11-01,....Cagayan,0.93,peso,2018
2020-11-01,....Isabela,0.93,peso,2018
2020-11-01,....Nueva Vizcaya,0.93,peso,2018
2020-11-01,....Quirino,0.94,peso,2018
2020-11-01,..Region III (Central Luzon),0.93,peso,2018
2020-11-01,....Bataan,0.93,peso,2018
2020-11-01,....Bulacan,0.95,peso,2018
2020-11-01,....Nueva Ecija,0.92,peso,2018
2020-11-01,....Pampanga,0.93,peso,2018
2020-11-01,....Tarlac,0.91,peso,2018
2020-11-01,....Zambales,0.93,peso,2018
2020-11-01,....Aurora,0.93,peso,2018
2020-11-01,....City of Angeles,0.93,peso,2018
2020-11-01,....City of Olongapo,0.92,peso,2018
2020-11-01,..Region IV-A (CALABARZON),0.93,peso,2018
2020-11-01,....Batangas,0.94,peso,2018
2020-11-01,....Cavite,0.92,peso,2018
2020-11-01,....Laguna,0.94,peso,2018
2020-11-01,....Quezon,0.95,peso,2018
2020-11-01,....Rizal,0.93,peso,2018
2020-11-01,....City of Lucena (Capital),0.95,peso,2018
2020-11-01,..MIMAROPA Region,0.91,peso,2018
2020-11-01,....Marinduque,0.88,peso,2018
2020-11-01,....Occidental Mindoro,0.9,peso,2018
2020-11-01,....Oriental Mindoro,0.88,peso,2018
2020-11-01,....Palawan,0.93,peso,2018
2020-11-01,....Romblon,0.93,peso,2018
2020-11-01,....City of Puerto Princesa (Capital),0.93,peso,2018
2020-11-01,..Region V (Bicol Region),0.91,peso,2018
2020-11-01,....Albay,0.88,peso,2018
2020-11-01,....Camarines Norte,0.92,peso,2018
2020-11-01,....Camarines Sur,0.92,peso,2018
2020-11-01,....Catanduanes,0.9,peso,2018
2020-11-01,....Masbate,0.95,peso,2018
2020-11-01,....Sorsogon,0.91,peso,2018
2020-11-01,..Region VI (Western Visayas),0.95,peso,2018
2020-11-01,....Aklan,0.94,peso,2018
2020-11-01,....Antique,0.95,peso,2018
2020-11-01,....Capiz,0.94,peso,2018
2020-11-01,....Iloilo,0.96,peso,2018
2020-11-01,....Guimaras,0.92,peso,2018
2020-11-01,....City of Iloilo (Capital),0.96,peso,2018
2020-11-01,..Region VII (Central Visayas),0.97,peso,2018
2020-11-01,....Bohol,0.97,peso,2018
2020-11-01,....Cebu,0.97,peso,2018
2020-11-01,....City of Cebu (Capital),0.98,peso,2018
2020-11-01,....City of Lapu-Lapu,0.98,peso,2018
2020-11-01,....City of Mandaue,0.98,peso,2018
2020-11-01,..Region VIII (Eastern Visayas),0.96,peso,2018
2020-11-01,....Eastern Samar,0.97,peso,2018
2020-11-01,....Leyte,0.96,peso,2018
2020-11-01,....Northern Samar,0.96,peso,2018
2020-11-01,....Samar,0.94,peso,2018
2020-11-01,....Southern Leyte,0.98,peso,2018
2020-11-01,....Biliran,0.95,peso,2018
2020-11-01,....City of Tacloban (Capital),0.95,peso,2018
2020-11-01,..Region IX (Zamboanga Peninsula),0.97,peso,2018
2020-11-01,....Zamboanga del Norte,0.97,peso,2018
2020-11-01,....Zamboanga del Sur,0.98,peso,2018
2020-11-01,....Zamboanga Sibugay,0.98,peso,2018
2020-11-01,....City of Zamboanga,0.97,peso,2018
2020-11-01,....City of Isabela,0.94,peso,2018
2020-11-01,..Region X (Northern Mindanao),0.94,peso,2018
2020-11-01,....Bukidnon,0.95,peso,2018
2020-11-01,....Camiguin,0.93,peso,2018
2020-11-01,....Lanao del Norte,0.95,peso,2018
2020-11-01,....Misamis Occidental,0.94,peso,2018
2020-11-01,....Misamis Oriental,0.93,peso,2018
2020-11-01,....City of Iligan,0.94,peso,2018
2020-11-01,....City of Cagayan de Oro (Capital),0.94,peso,2018
2020-11-01,..Region XI (Davao Region),0.96,peso,2018
2020-11-01,....Davao del Norte,0.96,peso,2018
2020-11-01,....Davao del Sur,0.96,peso,2018
2020-11-01,....Davao Oriental,0.98,peso,2018
2020-11-01,....Davao de Oro,0.96,peso,2018
2020-11-01,....Davao Occidental,0.94,peso,2018
2020-11-01,....City of Davao,0.96,peso,2018
2020-11-01,..Region XII (SOCCSKSARGEN),0.94,peso,2018
2020-11-01,....Cotabato,0.92,peso,2018
2020-11-01,....South Cotabato,0.96,peso,2018
2020-11-01,....Sultan Kudarat,0.94,peso,2018
2020-11-01,....Sarangani,0.94,peso,2018
2020-11-01,....City of General Santos,0.96,peso,2018
2020-11-01,..Bangsamoro Autonomous Region in Muslim Mindanao (BARMM),0.93,peso,2018
2020-11-01,....City of Cotabato,0.94,peso,2018
2020-11-01,....Basilan,0.88,peso,2018
2020-11-01,....Lanao del Sur,0.97,peso,2018
2020-11-01,....Maguindanao,0.96,peso,2018
2020-11-01,....Sulu,0.88,peso,2018
2020-11-01,....Tawi-tawi,0.86,peso,2018
2020-11-01,..Region XIII (Caraga),0.94,peso,2018
2020-11-01,....Agusan del Norte,0.95,peso,2018
2020-11-01,....Agusan del Sur,0.94,peso,2018
2020-11-01,....Surigao del Norte,0.92,peso,2018
2020-11-01,....Surigao del Sur,0.94,peso,2018
2020-11-01,....Dinagat Islands,0.92,peso,2018
2020-11-01,....City of Butuan (Capital),0.95,peso,2018
2020-11-01,..Negros Island Region (NIR),0.94,peso,2018
2020-11-01,....Negros Occidental,0.92,peso,2018
2020-11-01,....City of Bacolod (Capital),0.93,peso,2018
2020-11-01,....Negros Oriental,0.97,peso,2018
2020-11-01,....Siquijor,0.95,peso,2018
2020-12-01,PHILIPPINES,0.93,peso,2018
2020-12-01,..National Capital Region (NCR),0.94,peso,2018
2020-12-01,..Areas Outside National Capital Region (AONCR),0.93,peso,2018
2020-12-01,..Cordillera Administrative Region (CAR),0.94,peso,2018
2020-12-01,....Abra,0.93,peso,2018
2020-12-01,....Benguet,0.96,peso,2018
2020-12-01,....Ifugao,0.92,peso,2018
2020-12-01,....Kalinga,0.94,peso,2018
2020-12-01,....Mountain Province,0.9,peso,2018
2020-12-01,....Apayao,0.93,peso,2018
2020-12-01,....City of Baguio,0.95,peso,2018
2020-12-01,..Region I (Ilocos Region),0.93,peso,2018
2020-12-01,....Ilocos Norte,0.93,peso,2018
2020-12-01,....Ilocos Sur,0.93,peso,2018
2020-12-01,....La Union,0.95,peso,2018
2020-12-01,....Pangasinan,0.93,peso,2018
2020-12-01,..Region II (Cagayan Valley),0.91,peso,2018
2020-12-01,....Batanes,0.91,peso,2018
2020-12-01,....Cagayan,0.92,peso,2018
2020-12-01,....Isabela,0.91,peso,2018
2020-12-01,....Nueva Vizcaya,0.92,peso,2018
2020-12-01,....Quirino,0.91,peso,2018
2020-12-01,..Region III (Central Luzon),0.92,peso,2018
2020-12-01,....Bataan,0.91,peso,2018
2020-12-01,....Bulacan,0.94,peso,2018
2020-12-01,....Nueva Ecija,0.91,peso,2018
2020-12-01,....Pampanga,0.91,peso,2018
2020-12-01,....Tarlac,0.9,peso,2018
2020-12-01,....Zambales,0.91,peso,2018
2020-12-01,....Aurora,0.91,peso,2018
2020-12-01,....City of Angeles,0.92,peso,2018
2020-12-01,....City of Olongapo,0.91,peso,2018
2020-12-01,..Region IV-A (CALABARZON),0.92,peso,2018
2020-12-01,....Batangas,0.93,peso,2018
2020-12-01,....Cavite,0.91,peso,2018
2020-12-01,....Laguna,0.93,peso,2018
2020-12-01,....Quezon,0.93,peso,2018
2020-12-01,....Rizal,0.92,peso,2018
2020-12-01,....City of Lucena (Capital),0.93,peso,2018
2020-12-01,..MIMAROPA Region,0.9,peso,2018
2020-12-01,....Marinduque,0.87,peso,2018
2020-12-01,....Occidental Mindoro,0.89,peso,2018
2020-12-01,....Oriental Mindoro,0.87,peso,2018
2020-12-01,....Palawan,0.92,peso,2018
2020-12-01,....Romblon,0.91,peso,2018
2020-12-01,....City of Puerto Princesa (Capital),0.93,peso,2018
2020-12-01,..Region V (Bicol Region),0.9,peso,2018
2020-12-01,....Albay,0.87,peso,2018
2020-12-01,....Camarines Norte,0.91,peso,2018
2020-12-01,....Camarines Sur,0.89,peso,2018
2020-12-01,....Catanduanes,0.88,peso,2018
2020-12-01,....Masbate,0.93,peso,2018
2020-12-01,....Sorsogon,0.91,peso,2018
2020-12-01,..Region VI (Western Visayas),0.95,peso,2018
2020-12-01,....Aklan,0.93,peso,2018
2020-12-01,....Antique,0.94,peso,2018
2020-12-01,....Capiz,0.93,peso,2018
2020-12-01,....Iloilo,0.96,peso,2018
2020-12-01,....Guimaras,0.92,peso,2018
2020-12-01,....City of Iloilo (Capital),0.95,peso,2018
2020-12-01,..Region VII (Central Visayas),0.97,peso,2018
2020-12-01,....Bohol,0.97,peso,2018
2020-12-01,....Cebu,0.96,peso,2018
2020-12-01,....City of Cebu (Capital),0.97,peso,2018
2020-12-01,....City of Lapu-Lapu,0.97,peso,2018
2020-12-01,....City of Mandaue,0.97,peso,2018
2020-12-01,..Region VIII (Eastern Visayas),0.95,peso,2018
2020-12-01,....Eastern Samar,0.96,peso,2018
2020-12-01,....Leyte,0.95,peso,2018
2020-12-01,....Northern Samar,0.94,peso,2018
2020-12-01,....Samar,0.92,peso,2018
2020-12-01,....Southern Leyte,0.97,peso,2018
2020-12-01,....Biliran,0.95,peso,2018
2020-12-01,....City of Tacloban (Capital),0.94,peso,2018
2020-12-01,..Region IX (Zamboanga Peninsula),0.97,peso,2018
2020-12-01,....Zamboanga del Norte,0.97,peso,2018
2020-12-01,....Zamboanga del Sur,0.98,peso,2018
2020-12-01,....Zamboanga Sibugay,0.97,peso,2018
2020-12-01,....City of Zamboanga,0.97,peso,2018
2020-12-01,....City of Isabela,0.94,peso,2018
2020-12-01,..Region X (Northern Mindanao),0.94,peso,2018
2020-12-01,....Bukidnon,0.94,peso,2018
2020-12-01,....Camiguin,0.93,peso,2018
2020-12-01,....Lanao del Norte,0.94,peso,2018
2020-12-01,....Misamis Occidental,0.94,peso,2018
2020-12-01,....Misamis Oriental,0.93,peso,2018
2020-12-01,....City of Iligan,0.94,peso,2018
2020-12-01,....City of Cagayan de Oro (Capital),0.94,peso,2018
2020-12-01,..Region XI (Davao Region),0.96,peso,2018
2020-12-01,....Davao del Norte,0.96,peso,2018
2020-12-01,....Davao del Sur,0.96,peso,2018
2020-12-01,....Davao Oriental,0.99,peso,2018
2020-12-01,....Davao de Oro,0.96,peso,2018
2020-12-01,....Davao Occidental,0.94,peso,2018
2020-12-01,....City of Davao,0.95,peso,2018
2020-12-01,..Region XII (SOCCSKSARGEN),0.94,peso,2018
2020-12-01,....Cotabato,0.92,peso,2018
2020-12-01,....South Cotabato,0.96,peso,2018
2020-12-01,....Sultan Kudarat,0.94,peso,2018
2020-12-01,....Sarangani,0.92,peso,2018
2020-12-01,....City of General Santos,0.96,peso,2018
2020-12-01,..Bangsamoro Autonomous Region in Muslim Mindanao (BARMM),0.93,peso,2018
2020-12-01,....City of Cotabato,0.94,peso,2018
2020-12-01,....Basilan,0.87,peso,2018
2020-12-01,....Lanao del Sur,0.95,peso,2018
2020-12-01,....Maguindanao,0.96,peso,2018
2020-12-01,....Sulu,0.89,peso,2018
2020-12-01,....Tawi-tawi,0.87,peso,2018
2020-12-01,..Region XIII (Caraga),0.94,peso,2018
2020-12-01,....Agusan del Norte,0.95,peso,2018
2020-12-01,....Agusan del Sur,0.93,peso,2018
2020-12-01,....Surigao del Norte,0.92,peso,2018
2020-12-01,....Surigao del Sur,0.94,peso,2018
2020-12-01,....Dinagat Islands,0.91,peso,2018
2020-12-01,....City of Butuan (Capital),0.95,peso,2018
2020-12-01,..Negros Island Region (NIR),0.93,peso,2018
2020-12-01,....Negros Occidental,0.92,peso,2018
2020-12-01,....City of Bacolod (Capital),0.92,peso,2018
2020-12-01,....Negros Oriental,0.96,peso,2018
2020-12-01,....Siquijor,0.95,peso,2018
2021-01-01,PHILIPPINES,0.92,peso,2018
2021-01-01,..National Capital Region (NCR),0.93,peso,2018
2021-01-01,..Areas Outside National Capital Region (AONCR),0.92,peso,2018
2021-01-01,..Cordillera Administrative Region (CAR),0.93,peso,2018
2021-01-01,....Abra,0.92,peso,2018
2021-01-01,....Benguet,0.95,peso,2018
2021-01-01,....Ifugao,0.92,peso,2018
2021-01-01,....Kalinga,0.92,peso,2018
2021-01-01,....Mountain Province,0.89,peso,2018
2021-01-01,....Apayao,0.93,peso,2018
2021-01-01,....City of Baguio,0.94,peso,2018
2021-01-01,..Region I (Ilocos Region),0.93,peso,2018
2021-01-01,....Ilocos Norte,0.92,peso,2018
2021-01-01,....Ilocos Sur,0.94,peso,2018
2021-01-01,....La Union,0.94,peso,2018
2021-01-01,....Pangasinan,0.93,peso,2018
2021-01-01,..Region II (Cagayan Valley),0.9,peso,2018
2021-01-01,....Batanes,0.9,peso,2018
2021-01-01,....Cagayan,0.91,peso,2018
2021-01-01,....Isabela,0.89,peso,2018
2021-01-01,....Nueva Vizcaya,0.9,peso,2018
2021-01-01,....Quirino,0.9,peso,2018
2021-01-01,..Region III (Central Luzon),0.9,peso,2018
2021-01-01,....Bataan,0.9,peso,2018
2021-01-01,....Bulacan,0.93,peso,2018
2021-01-01,....Nueva Ecija,0.9,peso,2018
2021-01-01,....Pampanga,0.9,peso,2018
2021-01-01,....Tarlac,0.88,peso,2018
2021-01-01,....Zambales,0.89,peso,2018
2021-01-01,....Aurora,0.89,peso,2018
2021-01-01,....City of Angeles,0.91,peso,2018
2021-01-01,....City of Olongapo,0.9,peso,2018
2021-01-01,..Region IV-A (CALABARZON),0.91,peso,2018
2021-01-01,....Batangas,0.92,peso,2018
2021-01-01,....Cavite,0.9,peso,2018
2021-01-01,....Laguna,0.91,peso,2018
2021-01-01,....Quezon,0.92,peso,2018
2021-01-01,....Rizal,0.9,peso,2018
2021-01-01,....City of Lucena (Capital),0.92,peso,2018
2021-01-01,..MIMAROPA Region,0.89,peso,2018
2021-01-01,....Marinduque,0.86,peso,2018
2021-01-01,....Occidental Mindoro,0.87,peso,2018
2021-01-01,....Oriental Mindoro,0.86,peso,2018
2021-01-01,....Palawan,0.92,peso,2018
2021-01-01,....Romblon,0.91,peso,2018
2021-01-01,....City of Puerto Princesa (Capital),0.92,peso,2018
2021-01-01,..Region V (Bicol Region),0.88,peso,2018
2021-01-01,....Albay,0.86,peso,2018
2021-01-01,....Camarines Norte,0.89,peso,2018
2021-01-01,....Camarines Sur,0.88,peso,2018
2021-01-01,....Catanduanes,0.88,peso,2018
2021-01-01,....Masbate,0.9,peso,2018
2021-01-01,....Sorsogon,0.89,peso,2018
2021-01-01,..Region VI (Western Visayas),0.94,peso,2018
2021-01-01,....Aklan,0.92,peso,2018
2021-01-01,....Antique,0.94,peso,2018
2021-01-01,....Capiz,0.91,peso,2018
2021-01-01,....Iloilo,0.95,peso,2018
2021-01-01,....Guimaras,0.91,peso,2018
2021-01-01,....City of Iloilo (Capital),0.94,peso,2018
2021-01-01,..Region VII (Central Visayas),0.96,peso,2018
2021-01-01,....Bohol,0.95,peso,2018
2021-01-01,....Cebu,0.96,peso,2018
2021-01-01,....City of Cebu (Capital),0.97,peso,2018
2021-01-01,....City of Lapu-Lapu,0.97,peso,2018
2021-01-01,....City of Mandaue,0.97,peso,2018
2021-01-01,..Region VIII (Eastern Visayas),0.94,peso,2018
2021-01-01,....Eastern Samar,0.95,peso,2018
2021-01-01,....Leyte,0.94,peso,2018
2021-01-01,....Northern Samar,0.94,peso,2018
2021-01-01,....Samar,0.91,peso,2018
2021-01-01,....Southern Leyte,0.96,peso,2018
2021-01-01,....Biliran,0.93,peso,2018
2021-01-01,....City of Tacloban (Capital),0.93,peso,2018
2021-01-01,..Region IX (Zamboanga Peninsula),0.96,peso,2018
2021-01-01,....Zamboanga del Norte,0.96,peso,2018
2021-01-01,....Zamboanga del Sur,0.97,peso,2018
2021-01-01,....Zamboanga Sibugay,0.96,peso,2018
2021-01-01,....City of Zamboanga,0.96,peso,2018
2021-01-01,....City of Isabela,0.94,peso,2018
2021-01-01,..Region X (Northern Mindanao),0.93,peso,2018
2021-01-01,....Bukidnon,0.94,peso,2018
2021-01-01,....Camiguin,0.92,peso,2018
2021-01-01,....Lanao del Norte,0.94,peso,2018
2021-01-01,....Misamis Occidental,0.93,peso,2018
2021-01-01,....Misamis Oriental,0.92,peso,2018
2021-01-01,....City of Iligan,0.93,peso,2018
2021-01-01,....City of Cagayan de Oro (Capital),0.93,peso,2018
2021-01-01,..Region XI (Davao Region),0.95,peso,2018
2021-01-01,....Davao del Norte,0.94,peso,2018
2021-01-01,....Davao del Sur,0.95,peso,2018
2021-01-01,....Davao Oriental,0.96,peso,2018
2021-01-01,....Davao de Oro,0.94,peso,2018
2021-01-01,....Davao Occidental,0.93,peso,2018
2021-01-01,....City of Davao,0.95,peso,2018
2021-01-01,..Region XII (SOCCSKSARGEN),0.92,peso,2018
2021-01-01,....Cotabato,0.91,peso,2018
2021-01-01,....South Cotabato,0.93,peso,2018
2021-01-01,....Sultan Kudarat,0.93,peso,2018
2021-01-01,....Sarangani,0.9,peso,2018
2021-01-01,....City of General Santos,0.94,peso,2018
2021-01-01,..Bangsamoro Autonomous Region in Muslim Mindanao (BARMM),0.92,peso,2018
2021-01-01,....City of Cotabato,0.89,peso,2018
2021-01-01,....Basilan,0.86,peso,2018
2021-01-01,....Lanao del Sur,0.95,peso,2018
2021-01-01,....Maguindanao,0.95,peso,2018
2021-01-01,....Sulu,0.88,peso,2018
2021-01-01,....Tawi-tawi,0.87,peso,2018
2021-01-01,..Region XIII (Caraga),0.92,peso,2018
2021-01-01,....Agusan del Norte,0.95,peso,2018
2021-01-01,....Agusan del Sur,0.92,peso,2018
2021-01-01,....Surigao del Norte,0.89,peso,2018
2021-01-01,....Surigao del Sur,0.93,peso,2018
2021-01-01,....Dinagat Islands,0.89,peso,2018
2021-01-01,....City of Butuan (Capital),0.94,peso,2018
2021-01-01,..Negros Island Region (NIR),0.93,peso,2018
2021-01-01,....Negros Occidental,0.92,peso,2018
2021-01-01,....City of Bacolod (Capital),0.93,peso,2018
2021-01-01,....Negros Oriental,0.96,peso,2018
2021-01-01,....Siquijor,0.95,peso,2018
2021-02-01,PHILIPPINES,0.92,peso,2018
2021-02-01,..National Capital Region (NCR),0.94,peso,2018
2021-02-01,..Areas Outside National Capital Region (AONCR),0.92,peso,2018
2021-02-01,..Cordillera Administrative Region (CAR),0.93,peso,2018
2021-02-01,....Abra,0.93,peso,2018
2021-02-01,....Benguet,0.95,peso,2018
2021-02-01,....Ifugao,0.9,peso,2018
2021-02-01,....Kalinga,0.91,peso,2018
2021-02-01,....Mountain Province,0.89,peso,2018
2021-02-01,....Apayao,0.93,peso,2018
2021-02-01,....City of Baguio,0.94,peso,2018
2021-02-01,..Region I (Ilocos Region),0.92,peso,2018
2021-02-01,....Ilocos Norte,0.93,peso,2018
2021-02-01,....Ilocos Sur,0.93,peso,2018
2021-02-01,....La Union,0.95,peso,2018
2021-02-01,....Pangasinan,0.92,peso,2018
2021-02-01,..Region II (Cagayan Valley),0.9,peso,2018
2021-02-01,....Batanes,0.9,peso,2018
2021-02-01,....Cagayan,0.91,peso,2018
2021-02-01,....Isabela,0.9,peso,2018
2021-02-01,....Nueva Vizcaya,0.89,peso,2018
2021-02-01,....Quirino,0.9,peso,2018
2021-02-01,..Region III (Central Luzon),0.91,peso,2018
2021-02-01,....Bataan,0.91,peso,2018
2021-02-01,....Bulacan,0.93,peso,2018
2021-02-01,....Nueva Ecija,0.9,peso,2018
2021-02-01,....Pampanga,0.91,peso,2018
2021-02-01,....Tarlac,0.89,peso,2018
2021-02-01,....Zambales,0.89,peso,2018
2021-02-01,....Aurora,0.89,peso,2018
2021-02-01,....City of Angeles,0.91,peso,2018
2021-02-01,....City of Olongapo,0.89,peso,2018
2021-02-01,..Region IV-A (CALABARZON),0.91,peso,2018
2021-02-01,....Batangas,0.92,peso,2018
2021-02-01,....Cavite,0.9,peso,2018
2021-02-01,....Laguna,0.92,peso,2018
2021-02-01,....Quezon,0.93,peso,2018
2021-02-01,....Rizal,0.91,peso,2018
2021-02-01,....City of Lucena (Capital),0.93,peso,2018
2021-02-01,..MIMAROPA Region,0.89,peso,2018
2021-02-01,....Marinduque,0.86,peso,2018
2021-02-01,....Occidental Mindoro,0.87,peso,2018
2021-02-01,....Oriental Mindoro,0.86,peso,2018
2021-02-01,....Palawan,0.92,peso,2018
2021-02-01,....Romblon,0.91,peso,2018
2021-02-01,....City of Puerto Princesa (Capital),0.92,peso,2018
2021-02-01,..Region V (Bicol Region),0.88,peso,2018
2021-02-01,....Albay,0.87,peso,2018
2021-02-01,....Camarines Norte,0.89,peso,2018
2021-02-01,....Camarines Sur,0.88,peso,2018
2021-02-01,....Catanduanes,0.88,peso,2018
2021-02-01,....Masbate,0.9,peso,2018
2021-02-01,....Sorsogon,0.9,peso,2018
2021-02-01,..Region VI (Western Visayas),0.93,peso,2018
2021-02-01,....Aklan,0.92,peso,2018
2021-02-01,....Antique,0.94,peso,2018
2021-02-01,....Capiz,0.9,peso,2018
2021-02-01,....Iloilo,0.95,peso,2018
2021-02-01,....Guimaras,0.9,peso,2018
2021-02-01,....City of Iloilo (Capital),0.94,peso,2018
2021-02-01,..Region VII (Central Visayas),0.97,peso,2018
2021-02-01,....Bohol,0.95,peso,2018
2021-02-01,....Cebu,0.97,peso,2018
2021-02-01,....City of Cebu (Capital),0.97,peso,2018
2021-02-01,....City of Lapu-Lapu,0.97,peso,2018
2021-02-01,....City of Mandaue,0.97,peso,2018
2021-02-01,..Region VIII (Eastern Visayas),0.93,peso,2018
2021-02-01,....Eastern Samar,0.94,peso,2018
2021-02-01,....Leyte,0.93,peso,2018
2021-02-01,....Northern Samar,0.94,peso,2018
2021-02-01,....Samar,0.91,peso,2018
2021-02-01,....Southern Leyte,0.96,peso,2018
2021-02-01,....Biliran,0.92,peso,2018
2021-02-01,....City of Tacloban (Capital),0.92,peso,2018
2021-02-01,..Region IX (Zamboanga Peninsula),0.95,peso,2018
2021-02-01,....Zamboanga del Norte,0.95,peso,2018
2021-02-01,....Zamboanga del Sur,0.95,peso,2018
2021-02-01,....Zamboanga Sibugay,0.94,peso,2018
2021-02-01,....City of Zamboanga,0.95,peso,2018
2021-02-01,....City of Isabela,0.93,peso,2018
2021-02-01,..Region X (Northern Mindanao),0.92,peso,2018
2021-02-01,....Bukidnon,0.93,peso,2018
2021-02-01,....Camiguin,0.91,peso,2018
2021-02-01,....Lanao del Norte,0.92,peso,2018
2021-02-01,....Misamis Occidental,0.91,peso,2018
2021-02-01,....Misamis Oriental,0.91,peso,2018
2021-02-01,....City of Iligan,0.93,peso,2018
2021-02-01,....City of Cagayan de Oro (Capital),0.92,peso,2018
2021-02-01,..Region XI (Davao Region),0.94,peso,2018
2021-02-01,....Davao del Norte,0.94,peso,2018
2021-02-01,....Davao del Sur,0.94,peso,2018
2021-02-01,....Davao Oriental,0.94,peso,2018
2021-02-01,....Davao de Oro,0.94,peso,2018
2021-02-01,....Davao Occidental,0.92,peso,2018
2021-02-01,....City of Davao,0.94,peso,2018
2021-02-01,..Region XII (SOCCSKSARGEN),0.91,peso,2018
2021-02-01,....Cotabato,0.9,peso,2018
2021-02-01,....South Cotabato,0.92,peso,2018
2021-02-01,....Sultan Kudarat,0.93,peso,2018
2021-02-01,....Sarangani,0.89,peso,2018
2021-02-01,....City of General Santos,0.93,peso,2018
2021-02-01,..Bangsamoro Autonomous Region in Muslim Mindanao (BARMM),0.91,peso,2018
2021-02-01,....City of Cotabato,0.89,peso,2018
2021-02-01,....Basilan,0.86,peso,2018
2021-02-01,....Lanao del Sur,0.94,peso,2018
2021-02-01,....Maguindanao,0.95,peso,2018
2021-02-01,....Sulu,0.87,peso,2018
2021-02-01,....Tawi-tawi,0.87,peso,2018
2021-02-01,..Region XIII (Caraga),0.91,peso,2018
2021-02-01,....Agusan del Norte,0.93,peso,2018
2021-02-01,....Agusan del Sur,0.9,peso,2018
2021-02-01,....Surigao del Norte,0.89,peso,2018
2021-02-01,....Surigao del Sur,0.92,peso,2018
2021-02-01,....Dinagat Islands,0.88,peso,2018
2021-02-01,....City of Butuan (Capital),0.92,peso,2018
2021-02-01,..Negros Island Region (NIR),0.92,peso,2018
2021-02-01,....Negros Occidental,0.9,peso,2018
2021-02-01,....City of Bacolod (Capital),0.91,peso,2018
2021-02-01,....Negros Oriental,0.95,peso,2018
2021-02-01,....Siquijor,0.94,peso,2018
2021-03-01,PHILIPPINES,0.92,peso,2018
2021-03-01,..National Capital Region (NCR),0.94,peso,2018
2021-03-01,..Areas Outside National Capital Region (AONCR),0.92,peso,2018
2021-03-01,..Cordillera Administrative Region (CAR),0.93,peso,2018
2021-03-01,....Abra,0.94,peso,2018
2021-03-01,....Benguet,0.95,peso,2018
2021-03-01,....Ifugao,0.91,peso,2018
2021-03-01,....Kalinga,0.91,peso,2018
2021-03-01,....Mountain Province,0.9,peso,2018
2021-03-01,....Apayao,0.93,peso,2018
2021-03-01,....City of Baguio,0.94,peso,2018
2021-03-01,..Region I (Ilocos Region),0.93,peso,2018
2021-03-01,....Ilocos Norte,0.93,peso,2018
2021-03-01,....Ilocos Sur,0.92,peso,2018
2021-03-01,....La Union,0.95,peso,2018
2021-03-01,....Pangasinan,0.92,peso,2018
2021-03-01,..Region II (Cagayan Valley),0.9,peso,2018
2021-03-01,....Batanes,0.91,peso,2018
2021-03-01,....Cagayan,0.91,peso,2018
2021-03-01,....Isabela,0.9,peso,2018
2021-03-01,....Nueva Vizcaya,0.89,peso,2018
2021-03-01,....Quirino,0.91,peso,2018
2021-03-01,..Region III (Central Luzon),0.92,peso,2018
2021-03-01,....Bataan,0.92,peso,2018
2021-03-01,....Bulacan,0.94,peso,2018
2021-03-01,....Nueva Ecija,0.9,peso,2018
2021-03-01,....Pampanga,0.91,peso,2018
2021-03-01,....Tarlac,0.9,peso,2018
2021-03-01,....Zambales,0.89,peso,2018
2021-03-01,....Aurora,0.9,peso,2018
2021-03-01,....City of Angeles,0.92,peso,2018
2021-03-01,....City of Olongapo,0.89,peso,2018
2021-03-01,..Region IV-A (CALABARZON),0.92,peso,2018
2021-03-01,....Batangas,0.92,peso,2018
2021-03-01,....Cavite,0.91,peso,2018
2021-03-01,....Laguna,0.92,peso,2018
2021-03-01,....Quezon,0.93,peso,2018
2021-03-01,....Rizal,0.92,peso,2018
2021-03-01,....City of Lucena (Capital),0.93,peso,2018
2021-03-01,..MIMAROPA Region,0.89,peso,2018
2021-03-01,....Marinduque,0.87,peso,2018
2021-03-01,....Occidental Mindoro,0.88,peso,2018
2021-03-01,....Oriental Mindoro,0.86,peso,2018
2021-03-01,....Palawan,0.92,peso,2018
2021-03-01,....Romblon,0.87,peso,2018
2021-03-01,....City of Puerto Princesa (Capital),0.92,peso,2018
2021-03-01,..Region V (Bicol Region),0.88,peso,2018
2021-03-01,....Albay,0.87,peso,2018
2021-03-01,....Camarines Norte,0.88,peso,2018
2021-03-01,....Camarines Sur,0.89,peso,2018
2021-03-01,....Catanduanes,0.88,peso,2018
2021-03-01,....Masbate,0.9,peso,2018
2021-03-01,....Sorsogon,0.9,peso,2018
2021-03-01,..Region VI (Western Visayas),0.93,peso,2018
2021-03-01,....Aklan,0.92,peso,2018
2021-03-01,....Antique,0.94,peso,2018
2021-03-01,....Capiz,0.9,peso,2018
2021-03-01,....Iloilo,0.95,peso,2018
2021-03-01,....Guimaras,0.9,peso,2018
2021-03-01,....City of Iloilo (Capital),0.94,peso,2018
2021-03-01,..Region VII (Central Visayas),0.96,peso,2018
2021-03-01,....Bohol,0.96,peso,2018
2021-03-01,....Cebu,0.97,peso,2018
2021-03-01,....City of Cebu (Capital),0.96,peso,2018
2021-03-01,....City of Lapu-Lapu,0.96,peso,2018
2021-03-01,....City of Mandaue,0.96,peso,2018
2021-03-01,..Region VIII (Eastern Visayas),0.93,peso,2018
2021-03-01,....Eastern Samar,0.94,peso,2018
2021-03-01,....Leyte,0.93,peso,2018
2021-03-01,....Northern Samar,0.94,peso,2018
2021-03-01,....Samar,0.9,peso,2018
2021-03-01,....Southern Leyte,0.95,peso,2018
2021-03-01,....Biliran,0.92,peso,2018
2021-03-01,....City of Tacloban (Capital),0.92,peso,2018
2021-03-01,..Region IX (Zamboanga Peninsula),0.94,peso,2018
2021-03-01,....Zamboanga del Norte,0.95,peso,2018
2021-03-01,....Zamboanga del Sur,0.94,peso,2018
2021-03-01,....Zamboanga Sibugay,0.94,peso,2018
2021-03-01,....City of Zamboanga,0.94,peso,2018
2021-03-01,....City of Isabela,0.94,peso,2018
2021-03-01,..Region X (Northern Mindanao),0.92,peso,2018
2021-03-01,....Bukidnon,0.93,peso,2018
2021-03-01,....Camiguin,0.91,peso,2018
2021-03-01,....Lanao del Norte,0.92,peso,2018
2021-03-01,....Misamis Occidental,0.91,peso,2018
2021-03-01,....Misamis Oriental,0.91,peso,2018
2021-03-01,....City of Iligan,0.93,peso,2018
2021-03-01,....City of Cagayan de Oro (Capital),0.92,peso,2018
2021-03-01,..Region XI (Davao Region),0.93,peso,2018
2021-03-01,....Davao del Norte,0.93,peso,2018
2021-03-01,....Davao del Sur,0.93,peso,2018
2021-03-01,....Davao Oriental,0.93,peso,2018
2021-03-01,....Davao de Oro,0.93,peso,2018
2021-03-01,....Davao Occidental,0.93,peso,2018
2021-03-01,....City of Davao,0.93,peso,2018
2021-03-01,..Region XII (SOCCSKSARGEN),0.9,peso,2018
2021-03-01,....Cotabato,0.89,peso,2018
2021-03-01,....South Cotabato,0.91,peso,2018
2021-03-01,....Sultan Kudarat,0.93,peso,2018
2021-03-01,....Sarangani,0.88,peso,2018
2021-03-01,....City of General Santos,0.91,peso,2018
2021-03-01,..Bangsamoro Autonomous Region in Muslim Mindanao (BARMM),0.91,peso,2018
2021-03-01,....City of Cotabato,0.89,peso,2018
2021-03-01,....Basilan,0.86,peso,2018
2021-03-01,....Lanao del Sur,0.94,peso,2018
2021-03-01,....Maguindanao,0.94,peso,2018
2021-03-01,....Sulu,0.87,peso,2018
2021-03-01,....Tawi-tawi,0.87,peso,2018
2021-03-01,..Region XIII (Caraga),0.91,peso,2018
2021-03-01,....Agusan del Norte,0.92,peso,2018
2021-03-01,....Agusan del Sur,0.91,peso,2018
2021-03-01,....Surigao del Norte,0.89,peso,2018
2021-03-01,....Surigao del Sur,0.92,peso,2018
2021-03-01,....Dinagat Islands,0.87,peso,2018
2021-03-01,....City of Butuan (Capital),0.92,peso,2018
2021-03-01,..Negros Island Region (NIR),0.91,peso,2018
2021-03-01,....Negros Occidental,0.9,peso,2018
2021-03-01,....City of Bacolod (Capital),0.9,peso,2018
2021-03-01,....Negros Oriental,0.95,peso,2018
2021-03-01,....Siquijor,0.94,peso,2018
2021-04-01,PHILIPPINES,0.93,peso,2018
2021-04-01,..National Capital Region (NCR),0.95,peso,2018
2021-04-01,..Areas Outside National Capital Region (AONCR),0.92,peso,2018
2021-04-01,..Cordillera Administrative Region (CAR),0.94,peso,2018
2021-04-01,....Abra,0.93,peso,2018
2021-04-01,....Benguet,0.95,peso,2018
2021-04-01,....Ifugao,0.92,peso,2018
2021-04-01,....Kalinga,0.92,peso,2018
2021-04-01,....Mountain Province,0.9,peso,2018
2021-04-01,....Apayao,0.94,peso,2018
2021-04-01,....City of Baguio,0.94,peso,2018
2021-04-01,..Region I (Ilocos Region),0.92,peso,2018
2021-04-01,....Ilocos Norte,0.93,peso,2018
2021-04-01,....Ilocos Sur,0.92,peso,2018
2021-04-01,....La Union,0.95,peso,2018
2021-04-01,....Pangasinan,0.92,peso,2018
2021-04-01,..Region II (Cagayan Valley),0.9,peso,2018
2021-04-01,....Batanes,0.91,peso,2018
2021-04-01,....Cagayan,0.91,peso,2018
2021-04-01,....Isabela,0.9,peso,2018
2021-04-01,....Nueva Vizcaya,0.89,peso,2018
2021-04-01,....Quirino,0.91,peso,2018
2021-04-01,..Region III (Central Luzon),0.92,peso,2018
2021-04-01,....Bataan,0.92,peso,2018
2021-04-01,....Bulacan,0.94,peso,2018
2021-04-01,....Nueva Ecija,0.91,peso,2018
2021-04-01,....Pampanga,0.91,peso,2018
2021-04-01,....Tarlac,0.9,peso,2018
2021-04-01,....Zambales,0.9,peso,2018
2021-04-01,....Aurora,0.9,peso,2018
2021-04-01,....City of Angeles,0.92,peso,2018
2021-04-01,....City of Olongapo,0.89,peso,2018
2021-04-01,..Region IV-A (CALABARZON),0.92,peso,2018
2021-04-01,....Batangas,0.93,peso,2018
2021-04-01,....Cavite,0.91,peso,2018
2021-04-01,....Laguna,0.93,peso,2018
2021-04-01,....Quezon,0.93,peso,2018
2021-04-01,....Rizal,0.91,peso,2018
2021-04-01,....City of Lucena (Capital),0.93,peso,2018
2021-04-01,..MIMAROPA Region,0.89,peso,2018
2021-04-01,....Marinduque,0.87,peso,2018
2021-04-01,....Occidental Mindoro,0.88,peso,2018
2021-04-01,....Oriental Mindoro,0.86,peso,2018
2021-04-01,....Palawan,0.92,peso,2018
2021-04-01,....Romblon,0.87,peso,2018
2021-04-01,....City of Puerto Princesa (Capital),0.93,peso,2018
2021-04-01,..Region V (Bicol Region),0.89,peso,2018
2021-04-01,....Albay,0.87,peso,2018
2021-04-01,....Camarines Norte,0.88,peso,2018
2021-04-01,....Camarines Sur,0.89,peso,2018
2021-04-01,....Catanduanes,0.88,peso,2018
2021-04-01,....Masbate,0.9,peso,2018
2021-04-01,....Sorsogon,0.9,peso,2018
2021-04-01,..Region VI (Western Visayas),0.93,peso,2018
2021-04-01,....Aklan,0.93,peso,2018
2021-04-01,....Antique,0.94,peso,2018
2021-04-01,....Capiz,0.9,peso,2018
2021-04-01,....Iloilo,0.95,peso,2018
2021-04-01,....Guimaras,0.9,peso,2018
2021-04-01,....City of Iloilo (Capital),0.94,peso,2018
2021-04-01,..Region VII (Central Visayas),0.96,peso,2018
2021-04-01,....Bohol,0.96,peso,2018
2021-04-01,....Cebu,0.96,peso,2018
2021-04-01,....City of Cebu (Capital),0.96,peso,2018
2021-04-01,....City of Lapu-Lapu,0.96,peso,2018
2021-04-01,....City of Mandaue,0.96,peso,2018
2021-04-01,..Region VIII (Eastern Visayas),0.93,peso,2018
2021-04-01,....Eastern Samar,0.93,peso,2018
2021-04-01,....Leyte,0.93,peso,2018
2021-04-01,....Northern Samar,0.94,peso,2018
2021-04-01,....Samar,0.91,peso,2018
2021-04-01,....Southern Leyte,0.95,peso,2018
2021-04-01,....Biliran,0.92,peso,2018
2021-04-01,....City of Tacloban (Capital),0.92,peso,2018
2021-04-01,..Region IX (Zamboanga Peninsula),0.94,peso,2018
2021-04-01,....Zamboanga del Norte,0.94,peso,2018
2021-04-01,....Zamboanga del Sur,0.94,peso,2018
2021-04-01,....Zamboanga Sibugay,0.94,peso,2018
2021-04-01,....City of Zamboanga,0.94,peso,2018
2021-04-01,....City of Isabela,0.93,peso,2018
2021-04-01,..Region X (Northern Mindanao),0.91,peso,2018
2021-04-01,....Bukidnon,0.93,peso,2018
2021-04-01,....Camiguin,0.91,peso,2018
2021-04-01,....Lanao del Norte,0.91,peso,2018
2021-04-01,....Misamis Occidental,0.91,peso,2018
2021-04-01,....Misamis Oriental,0.9,peso,2018
2021-04-01,....City of Iligan,0.92,peso,2018
2021-04-01,....City of Cagayan de Oro (Capital),0.91,peso,2018
2021-04-01,..Region XI (Davao Region),0.93,peso,2018
2021-04-01,....Davao del Norte,0.93,peso,2018
2021-04-01,....Davao del Sur,0.93,peso,2018
2021-04-01,....Davao Oriental,0.93,peso,2018
2021-04-01,....Davao de Oro,0.93,peso,2018
2021-04-01,....Davao Occidental,0.93,peso,2018
2021-04-01,....City of Davao,0.93,peso,2018
2021-04-01,..Region XII (SOCCSKSARGEN),0.9,peso,2018
2021-04-01,....Cotabato,0.89,peso,2018
2021-04-01,....South Cotabato,0.91,peso,2018
2021-04-01,....Sultan Kudarat,0.92,peso,2018
2021-04-01,....Sarangani,0.88,peso,2018
2021-04-01,....City of General Santos,0.91,peso,2018
2021-04-01,..Bangsamoro Autonomous Region in Muslim Mindanao (BARMM),0.91,peso,2018
2021-04-01,....City of Cotabato,0.88,peso,2018
2021-04-01,....Basilan,0.86,peso,2018
2021-04-01,....Lanao del Sur,0.94,peso,2018
2021-04-01,....Maguindanao,0.94,peso,2018
2021-04-01,....Sulu,0.87,peso,2018
2021-04-01,....Tawi-tawi,0.87,peso,2018
2021-04-01,..Region XIII (Caraga),0.91,peso,2018
2021-04-01,....Agusan del Norte,0.92,peso,2018
2021-04-01,....Agusan del Sur,0.9,peso,2018
2021-04-01,....Surigao del Norte,0.9,peso,2018
2021-04-01,....Surigao del Sur,0.91,peso,2018
2021-04-01,....Dinagat Islands,0.87,peso,2018
2021-04-01,....City of Butuan (Capital),0.92,peso,2018
2021-04-01,..Negros Island Region (NIR),0.91,peso,2018
2021-04-01,....Negros Occidental,0.9,peso,2018
2021-04-01,....City of Bacolod (Capital),0.91,peso,2018
2021-04-01,....Negros Oriental,0.95,peso,2018
2021-04-01,....Siquijor,0.94,peso,2018
2021-05-01,PHILIPPINES,0.93,peso,2018
2021-05-01,..National Capital Region (NCR),0.94,peso,2018
2021-05-01,..Areas Outside National Capital Region (AONCR),0.92,peso,2018
2021-05-01,..Cordillera Administrative Region (CAR),0.94,peso,2018
2021-05-01,....Abra,0.93,peso,2018
2021-05-01,....Benguet,0.96,peso,2018
2021-05-01,....Ifugao,0.92,peso,2018
2021-05-01,....Kalinga,0.92,peso,2018
2021-05-01,....Mountain Province,0.9,peso,2018
2021-05-01,....Apayao,0.94,peso,2018
2021-05-01,....City of Baguio,0.94,peso,2018
2021-05-01,..Region I (Ilocos Region),0.93,peso,2018
2021-05-01,....Ilocos Norte,0.93,peso,2018
2021-05-01,....Ilocos Sur,0.92,peso,2018
2021-05-01,....La Union,0.95,peso,2018
2021-05-01,....Pangasinan,0.92,peso,2018
2021-05-01,..Region II (Cagayan Valley),0.9,peso,2018
2021-05-01,....Batanes,0.91,peso,2018
2021-05-01,....Cagayan,0.91,peso,2018
2021-05-01,....Isabela,0.9,peso,2018
2021-05-01,....Nueva Vizcaya,0.89,peso,2018
2021-05-01,....Quirino,0.9,peso,2018
2021-05-01,..Region III (Central Luzon),0.92,peso,2018
2021-05-01,....Bataan,0.91,peso,2018
2021-05-01,....Bulacan,0.94,peso,2018
2021-05-01,....Nueva Ecija,0.92,peso,2018
2021-05-01,....Pampanga,0.91,peso,2018
2021-05-01,....Tarlac,0.9,peso,2018
2021-05-01,....Zambales,0.9,peso,2018
2021-05-01,....Aurora,0.9,peso,2018
2021-05-01,....City of Angeles,0.92,peso,2018
2021-05-01,....City of Olongapo,0.89,peso,2018
2021-05-01,..Region IV-A (CALABARZON),0.92,peso,2018
2021-05-01,....Batangas,0.93,peso,2018
2021-05-01,....Cavite,0.91,peso,2018
2021-05-01,....Laguna,0.93,peso,2018
2021-05-01,....Quezon,0.94,peso,2018
2021-05-01,....Rizal,0.92,peso,2018
2021-05-01,....City of Lucena (Capital),0.93,peso,2018
2021-05-01,..MIMAROPA Region,0.89,peso,2018
2021-05-01,....Marinduque,0.88,peso,2018
2021-05-01,....Occidental Mindoro,0.87,peso,2018
2021-05-01,....Oriental Mindoro,0.86,peso,2018
2021-05-01,....Palawan,0.93,peso,2018
2021-05-01,....Romblon,0.88,peso,2018
2021-05-01,....City of Puerto Princesa (Capital),0.93,peso,2018
2021-05-01,..Region V (Bicol Region),0.89,peso,2018
2021-05-01,....Albay,0.88,peso,2018
2021-05-01,....Camarines Norte,0.89,peso,2018
2021-05-01,....Camarines Sur,0.88,peso,2018
2021-05-01,....Catanduanes,0.88,peso,2018
2021-05-01,....Masbate,0.9,peso,2018
2021-05-01,....Sorsogon,0.9,peso,2018
2021-05-01,..Region VI (Western Visayas),0.94,peso,2018
2021-05-01,....Aklan,0.93,peso,2018
2021-05-01,....Antique,0.94,peso,2018
2021-05-01,....Capiz,0.9,peso,2018
2021-05-01,....Iloilo,0.96,peso,2018
2021-05-01,....Guimaras,0.9,peso,2018
2021-05-01,....City of Iloilo (Capital),0.94,peso,2018
2021-05-01,..Region VII (Central Visayas),0.96,peso,2018
2021-05-01,....Bohol,0.96,peso,2018
2021-05-01,....Cebu,0.96,peso,2018
2021-05-01,....City of Cebu (Capital),0.96,peso,2018
2021-05-01,....City of Lapu-Lapu,0.96,peso,2018
2021-05-01,....City of Mandaue,0.96,peso,2018
2021-05-01,..Region VIII (Eastern Visayas),0.93,peso,2018
2021-05-01,....Eastern Samar,0.93,peso,2018
2021-05-01,....Leyte,0.93,peso,2018
2021-05-01,....Northern Samar,0.93,peso,2018
2021-05-01,....Samar,0.89,peso,2018
2021-05-01,....Southern Leyte,0.95,peso,2018
2021-05-01,....Biliran,0.93,peso,2018
2021-05-01,....City of Tacloban (Capital),0.93,peso,2018
2021-05-01,..Region IX (Zamboanga Peninsula),0.94,peso,2018
2021-05-01,....Zamboanga del Norte,0.94,peso,2018
2021-05-01,....Zamboanga del Sur,0.95,peso,2018
2021-05-01,....Zamboanga Sibugay,0.94,peso,2018
2021-05-01,....City of Zamboanga,0.95,peso,2018
2021-05-01,....City of Isabela,0.94,peso,2018
2021-05-01,..Region X (Northern Mindanao),0.91,peso,2018
2021-05-01,....Bukidnon,0.92,peso,2018
2021-05-01,....Camiguin,0.91,peso,2018
2021-05-01,....Lanao del Norte,0.91,peso,2018
2021-05-01,....Misamis Occidental,0.9,peso,2018
2021-05-01,....Misamis Oriental,0.9,peso,2018
2021-05-01,....City of Iligan,0.91,peso,2018
2021-05-01,....City of Cagayan de Oro (Capital),0.91,peso,2018
2021-05-01,..Region XI (Davao Region),0.93,peso,2018
2021-05-01,....Davao del Norte,0.93,peso,2018
2021-05-01,....Davao del Sur,0.93,peso,2018
2021-05-01,....Davao Oriental,0.92,peso,2018
2021-05-01,....Davao de Oro,0.93,peso,2018
2021-05-01,....Davao Occidental,0.93,peso,2018
2021-05-01,....City of Davao,0.93,peso,2018
2021-05-01,..Region XII (SOCCSKSARGEN),0.9,peso,2018
2021-05-01,....Cotabato,0.89,peso,2018
2021-05-01,....South Cotabato,0.9,peso,2018
2021-05-01,....Sultan Kudarat,0.92,peso,2018
2021-05-01,....Sarangani,0.88,peso,2018
2021-05-01,....City of General Santos,0.91,peso,2018
2021-05-01,..Bangsamoro Autonomous Region in Muslim Mindanao (BARMM),0.91,peso,2018
2021-05-01,....City of Cotabato,0.88,peso,2018
2021-05-01,....Basilan,0.86,peso,2018
2021-05-01,....Lanao del Sur,0.94,peso,2018
2021-05-01,....Maguindanao,0.94,peso,2018
2021-05-01,....Sulu,0.87,peso,2018
2021-05-01,....Tawi-tawi,0.87,peso,2018
2021-05-01,..Region XIII (Caraga),0.91,peso,2018
2021-05-01,....Agusan del Norte,0.92,peso,2018
2021-05-01,....Agusan del Sur,0.9,peso,2018
2021-05-01,....Surigao del Norte,0.89,peso,2018
2021-05-01,....Surigao del Sur,0.91,peso,2018
2021-05-01,....Dinagat Islands,0.86,peso,2018
2021-05-01,....City of Butuan (Capital),0.92,peso,2018
2021-05-01,..Negros Island Region (NIR),0.91,peso,2018
2021-05-01,....Negros Occidental,0.9,peso,2018
2021-05-01,....City of Bacolod (Capital),0.91,peso,2018
2021-05-01,....Negros Oriental,0.94,peso,2018
2021-05-01,....Siquijor,0.94,peso,2018
2021-06-01,PHILIPPINES,0.92,peso,2018
2021-06-01,..National Capital Region (NCR),0.94,peso,2018
2021-06-01,..Areas Outside National Capital Region (AONCR),0.92,peso,2018
2021-06-01,..Cordillera Administrative Region (CAR),0.94,peso,2018
2021-06-01,....Abra,0.93,peso,2018
2021-06-01,....Benguet,0.95,peso,2018
2021-06-01,....Ifugao,0.91,peso,2018
2021-06-01,....Kalinga,0.91,peso,2018
2021-06-01,....Mountain Province,0.9,peso,2018
2021-06-01,....Apayao,0.94,peso,2018
2021-06-01,....City of Baguio,0.94,peso,2018
2021-06-01,..Region I (Ilocos Region),0.93,peso,2018
2021-06-01,....Ilocos Norte,0.93,peso,2018
2021-06-01,....Ilocos Sur,0.91,peso,2018
2021-06-01,....La Union,0.95,peso,2018
2021-06-01,....Pangasinan,0.92,peso,2018
2021-06-01,..Region II (Cagayan Valley),0.9,peso,2018
2021-06-01,....Batanes,0.9,peso,2018
2021-06-01,....Cagayan,0.91,peso,2018
2021-06-01,....Isabela,0.9,peso,2018
2021-06-01,....Nueva Vizcaya,0.88,peso,2018
2021-06-01,....Quirino,0.9,peso,2018
2021-06-01,..Region III (Central Luzon),0.92,peso,2018
2021-06-01,....Bataan,0.9,peso,2018
2021-06-01,....Bulacan,0.94,peso,2018
2021-06-01,....Nueva Ecija,0.92,peso,2018
2021-06-01,....Pampanga,0.91,peso,2018
2021-06-01,....Tarlac,0.9,peso,2018
2021-06-01,....Zambales,0.9,peso,2018
2021-06-01,....Aurora,0.9,peso,2018
2021-06-01,....City of Angeles,0.92,peso,2018
2021-06-01,....City of Olongapo,0.89,peso,2018
2021-06-01,..Region IV-A (CALABARZON),0.92,peso,2018
2021-06-01,....Batangas,0.93,peso,2018
2021-06-01,....Cavite,0.91,peso,2018
2021-06-01,....Laguna,0.93,peso,2018
2021-06-01,....Quezon,0.94,peso,2018
2021-06-01,....Rizal,0.91,peso,2018
2021-06-01,....City of Lucena (Capital),0.93,peso,2018
2021-06-01,..MIMAROPA Region,0.89,peso,2018
2021-06-01,....Marinduque,0.87,peso,2018
2021-06-01,....Occidental Mindoro,0.87,peso,2018
2021-06-01,....Oriental Mindoro,0.86,peso,2018
2021-06-01,....Palawan,0.93,peso,2018
2021-06-01,....Romblon,0.88,peso,2018
2021-06-01,....City of Puerto Princesa (Capital),0.93,peso,2018
2021-06-01,..Region V (Bicol Region),0.88,peso,2018
2021-06-01,....Albay,0.87,peso,2018
2021-06-01,....Camarines Norte,0.89,peso,2018
2021-06-01,....Camarines Sur,0.89,peso,2018
2021-06-01,....Catanduanes,0.88,peso,2018
2021-06-01,....Masbate,0.9,peso,2018
2021-06-01,....Sorsogon,0.9,peso,2018
2021-06-01,..Region VI (Western Visayas),0.94,peso,2018
2021-06-01,....Aklan,0.93,peso,2018
2021-06-01,....Antique,0.94,peso,2018
2021-06-01,....Capiz,0.9,peso,2018
2021-06-01,....Iloilo,0.95,peso,2018
2021-06-01,....Guimaras,0.9,peso,2018
2021-06-01,....City of Iloilo (Capital),0.94,peso,2018
2021-06-01,..Region VII (Central Visayas),0.96,peso,2018
2021-06-01,....Bohol,0.95,peso,2018
2021-06-01,....Cebu,0.96,peso,2018
2021-06-01,....City of Cebu (Capital),0.96,peso,2018
2021-06-01,....City of Lapu-Lapu,0.96,peso,2018
2021-06-01,....City of Mandaue,0.96,peso,2018
2021-06-01,..Region VIII (Eastern Visayas),0.93,peso,2018
2021-06-01,....Eastern Samar,0.93,peso,2018
2021-06-01,....Leyte,0.93,peso,2018
2021-06-01,....Northern Samar,0.93,peso,2018
2021-06-01,....Samar,0.9,peso,2018
2021-06-01,....Southern Leyte,0.95,peso,2018
2021-06-01,....Biliran,0.94,peso,2018
2021-06-01,....City of Tacloban (Capital),0.92,peso,2018
2021-06-01,..Region IX (Zamboanga Peninsula),0.95,peso,2018
2021-06-01,....Zamboanga del Norte,0.93,peso,2018
2021-06-01,....Zamboanga del Sur,0.95,peso,2018
2021-06-01,....Zamboanga Sibugay,0.95,peso,2018
2021-06-01,....City of Zamboanga,0.95,peso,2018
2021-06-01,....City of Isabela,0.94,peso,2018
2021-06-01,..Region X (Northern Mindanao),0.91,peso,2018
2021-06-01,....Bukidnon,0.92,peso,2018
2021-06-01,....Camiguin,0.91,peso,2018
2021-06-01,....Lanao del Norte,0.91,peso,2018
2021-06-01,....Misamis Occidental,0.9,peso,2018
2021-06-01,....Misamis Oriental,0.9,peso,2018
2021-06-01,....City of Iligan,0.91,peso,2018
2021-06-01,....City of Cagayan de Oro (Capital),0.91,peso,2018
2021-06-01,..Region XI (Davao Region),0.93,peso,2018
2021-06-01,....Davao del Norte,0.93,peso,2018
2021-06-01,....Davao del Sur,0.92,peso,2018
2021-06-01,....Davao Oriental,0.92,peso,2018
2021-06-01,....Davao de Oro,0.93,peso,2018
2021-06-01,....Davao Occidental,0.93,peso,2018
2021-06-01,....City of Davao,0.93,peso,2018
2021-06-01,..Region XII (SOCCSKSARGEN),0.9,peso,2018
2021-06-01,....Cotabato,0.89,peso,2018
2021-06-01,....South Cotabato,0.9,peso,2018
2021-06-01,....Sultan Kudarat,0.93,peso,2018
2021-06-01,....Sarangani,0.88,peso,2018
2021-06-01,....City of General Santos,0.91,peso,2018
2021-06-01,..Bangsamoro Autonomous Region in Muslim Mindanao (BARMM),0.91,peso,2018
2021-06-01,....City of Cotabato,0.88,peso,2018
2021-06-01,....Basilan,0.86,peso,2018
2021-06-01,....Lanao del Sur,0.95,peso,2018
2021-06-01,....Maguindanao,0.94,peso,2018
2021-06-01,....Sulu,0.87,peso,2018
2021-06-01,....Tawi-tawi,0.87,peso,2018
2021-06-01,..Region XIII (Caraga),0.91,peso,2018
2021-06-01,....Agusan del Norte,0.93,peso,2018
2021-06-01,....Agusan del Sur,0.9,peso,2018
2021-06-01,....Surigao del Norte,0.9,peso,2018
2021-06-01,....Surigao del Sur,0.91,peso,2018
2021-06-01,....Dinagat Islands,0.87,peso,2018
2021-06-01,....City of Butuan (Capital),0.93,peso,2018
2021-06-01,..Negros Island Region (NIR),0.91,peso,2018
2021-06-01,....Negros Occidental,0.89,peso,2018
2021-06-01,....City of Bacolod (Capital),0.9,peso,2018
2021-06-01,....Negros Oriental,0.94,peso,2018
2021-06-01,....Siquijor,0.93,peso,2018
2021-07-01,PHILIPPINES,0.92,peso,2018
2021-07-01,..National Capital Region (NCR),0.94,peso,2018
2021-07-01,..Areas Outside National Capital Region (AONCR),0.91,peso,2018
2021-07-01,..Cordillera Administrative Region (CAR),0.93,peso,2018
2021-07-01,....Abra,0.93,peso,2018
2021-07-01,....Benguet,0.95,peso,2018
2021-07-01,....Ifugao,0.9,peso,2018
2021-07-01,....Kalinga,0.91,peso,2018
2021-07-01,....Mountain Province,0.9,peso,2018
2021-07-01,....Apayao,0.93,peso,2018
2021-07-01,....City of Baguio,0.93,peso,2018
2021-07-01,..Region I (Ilocos Region),0.92,peso,2018
2021-07-01,....Ilocos Norte,0.92,peso,2018
2021-07-01,....Ilocos Sur,0.9,peso,2018
2021-07-01,....La Union,0.94,peso,2018
2021-07-01,....Pangasinan,0.92,peso,2018
2021-07-01,..Region II (Cagayan Valley),0.9,peso,2018
2021-07-01,....Batanes,0.9,peso,2018
2021-07-01,....Cagayan,0.9,peso,2018
2021-07-01,....Isabela,0.9,peso,2018
2021-07-01,....Nueva Vizcaya,0.89,peso,2018
2021-07-01,....Quirino,0.89,peso,2018
2021-07-01,..Region III (Central Luzon),0.91,peso,2018
2021-07-01,....Bataan,0.89,peso,2018
2021-07-01,....Bulacan,0.93,peso,2018
2021-07-01,....Nueva Ecija,0.91,peso,2018
2021-07-01,....Pampanga,0.9,peso,2018
2021-07-01,....Tarlac,0.9,peso,2018
2021-07-01,....Zambales,0.9,peso,2018
2021-07-01,....Aurora,0.89,peso,2018
2021-07-01,....City of Angeles,0.91,peso,2018
2021-07-01,....City of Olongapo,0.89,peso,2018
2021-07-01,..Region IV-A (CALABARZON),0.91,peso,2018
2021-07-01,....Batangas,0.91,peso,2018
2021-07-01,....Cavite,0.91,peso,2018
2021-07-01,....Laguna,0.92,peso,2018
2021-07-01,....Quezon,0.93,peso,2018
2021-07-01,....Rizal,0.9,peso,2018
2021-07-01,....City of Lucena (Capital),0.93,peso,2018
2021-07-01,..MIMAROPA Region,0.89,peso,2018
2021-07-01,....Marinduque,0.87,peso,2018
2021-07-01,....Occidental Mindoro,0.87,peso,2018
2021-07-01,....Oriental Mindoro,0.86,peso,2018
2021-07-01,....Palawan,0.94,peso,2018
2021-07-01,....Romblon,0.86,peso,2018
2021-07-01,....City of Puerto Princesa (Capital),0.93,peso,2018
2021-07-01,..Region V (Bicol Region),0.88,peso,2018
2021-07-01,....Albay,0.87,peso,2018
2021-07-01,....Camarines Norte,0.89,peso,2018
2021-07-01,....Camarines Sur,0.88,peso,2018
2021-07-01,....Catanduanes,0.87,peso,2018
2021-07-01,....Masbate,0.9,peso,2018
2021-07-01,....Sorsogon,0.88,peso,2018
2021-07-01,..Region VI (Western Visayas),0.93,peso,2018
2021-07-01,....Aklan,0.93,peso,2018
2021-07-01,....Antique,0.93,peso,2018
2021-07-01,....Capiz,0.9,peso,2018
2021-07-01,....Iloilo,0.95,peso,2018
2021-07-01,....Guimaras,0.89,peso,2018
2021-07-01,....City of Iloilo (Capital),0.94,peso,2018
2021-07-01,..Region VII (Central Visayas),0.96,peso,2018
2021-07-01,....Bohol,0.95,peso,2018
2021-07-01,....Cebu,0.96,peso,2018
2021-07-01,....City of Cebu (Capital),0.95,peso,2018
2021-07-01,....City of Lapu-Lapu,0.96,peso,2018
2021-07-01,....City of Mandaue,0.95,peso,2018
2021-07-01,..Region VIII (Eastern Visayas),0.92,peso,2018
2021-07-01,....Eastern Samar,0.93,peso,2018
2021-07-01,....Leyte,0.92,peso,2018
2021-07-01,....Northern Samar,0.94,peso,2018
2021-07-01,....Samar,0.9,peso,2018
2021-07-01,....Southern Leyte,0.95,peso,2018
2021-07-01,....Biliran,0.94,peso,2018
2021-07-01,....City of Tacloban (Capital),0.92,peso,2018
2021-07-01,..Region IX (Zamboanga Peninsula),0.95,peso,2018
2021-07-01,....Zamboanga del Norte,0.93,peso,2018
2021-07-01,....Zamboanga del Sur,0.96,peso,2018
2021-07-01,....Zamboanga Sibugay,0.95,peso,2018
2021-07-01,....City of Zamboanga,0.95,peso,2018
2021-07-01,....City of Isabela,0.94,peso,2018
2021-07-01,..Region X (Northern Mindanao),0.91,peso,2018
2021-07-01,....Bukidnon,0.92,peso,2018
2021-07-01,....Camiguin,0.91,peso,2018
2021-07-01,....Lanao del Norte,0.91,peso,2018
2021-07-01,....Misamis Occidental,0.9,peso,2018
2021-07-01,....Misamis Oriental,0.9,peso,2018
2021-07-01,....City of Iligan,0.91,peso,2018
2021-07-01,....City of Cagayan de Oro (Capital),0.92,peso,2018
2021-07-01,..Region XI (Davao Region),0.93,peso,2018
2021-07-01,....Davao del Norte,0.93,peso,2018
2021-07-01,....Davao del Sur,0.92,peso,2018
2021-07-01,....Davao Oriental,0.91,peso,2018
2021-07-01,....Davao de Oro,0.93,peso,2018
2021-07-01,....Davao Occidental,0.93,peso,2018
2021-07-01,....City of Davao,0.93,peso,2018
2021-07-01,..Region XII (SOCCSKSARGEN),0.9,peso,2018
2021-07-01,....Cotabato,0.89,peso,2018
2021-07-01,....South Cotabato,0.9,peso,2018
2021-07-01,....Sultan Kudarat,0.92,peso,2018
2021-07-01,....Sarangani,0.88,peso,2018
2021-07-01,....City of General Santos,0.91,peso,2018
2021-07-01,..Bangsamoro Autonomous Region in Muslim Mindanao (BARMM),0.91,peso,2018
2021-07-01,....City of Cotabato,0.87,peso,2018
2021-07-01,....Basilan,0.86,peso,2018
2021-07-01,....Lanao del Sur,0.95,peso,2018
2021-07-01,....Maguindanao,0.93,peso,2018
2021-07-01,....Sulu,0.87,peso,2018
2021-07-01,....Tawi-tawi,0.87,peso,2018
2021-07-01,..Region XIII (Caraga),0.91,peso,2018
2021-07-01,....Agusan del Norte,0.93,peso,2018
2021-07-01,....Agusan del Sur,0.91,peso,2018
2021-07-01,....Surigao del Norte,0.89,peso,2018
2021-07-01,....Surigao del Sur,0.92,peso,2018
2021-07-01,....Dinagat Islands,0.87,peso,2018
2021-07-01,....City of Butuan (Capital),0.93,peso,2018
2021-07-01,..Negros Island Region (NIR),0.9,peso,2018
2021-07-01,....Negros Occidental,0.89,peso,2018
2021-07-01,....City of Bacolod (Capital),0.9,peso,2018
2021-07-01,....Negros Oriental,0.94,peso,2018
2021-07-01,....Siquijor,0.93,peso,2018
2021-08-01,PHILIPPINES,0.91,peso,2018
2021-08-01,..National Capital Region (NCR),0.93,peso,2018
2021-08-01,..Areas Outside National Capital Region (AONCR),0.91,peso,2018
2021-08-01,..Cordillera Administrative Region (CAR),0.92,peso,2018
2021-08-01,....Abra,0.92,peso,2018
2021-08-01,....Benguet,0.93,peso,2018
2021-08-01,....Ifugao,0.9,peso,2018
2021-08-01,....Kalinga,0.9,peso,2018
2021-08-01,....Mountain Province,0.9,peso,2018
2021-08-01,....Apayao,0.92,peso,2018
2021-08-01,....City of Baguio,0.93,peso,2018
2021-08-01,..Region I (Ilocos Region),0.91,peso,2018
2021-08-01,....Ilocos Norte,0.91,peso,2018
2021-08-01,....Ilocos Sur,0.89,peso,2018
2021-08-01,....La Union,0.94,peso,2018
2021-08-01,....Pangasinan,0.91,peso,2018
2021-08-01,..Region II (Cagayan Valley),0.89,peso,2018
2021-08-01,....Batanes,0.9,peso,2018
2021-08-01,....Cagayan,0.9,peso,2018
2021-08-01,....Isabela,0.89,peso,2018
2021-08-01,....Nueva Vizcaya,0.88,peso,2018
2021-08-01,....Quirino,0.89,peso,2018
2021-08-01,..Region III (Central Luzon),0.9,peso,2018
2021-08-01,....Bataan,0.88,peso,2018
2021-08-01,....Bulacan,0.92,peso,2018
2021-08-01,....Nueva Ecija,0.9,peso,2018
2021-08-01,....Pampanga,0.89,peso,2018
2021-08-01,....Tarlac,0.88,peso,2018
2021-08-01,....Zambales,0.87,peso,2018
2021-08-01,....Aurora,0.89,peso,2018
2021-08-01,....City of Angeles,0.9,peso,2018
2021-08-01,....City of Olongapo,0.89,peso,2018
2021-08-01,..Region IV-A (CALABARZON),0.9,peso,2018
2021-08-01,....Batangas,0.91,peso,2018
2021-08-01,....Cavite,0.9,peso,2018
2021-08-01,....Laguna,0.91,peso,2018
2021-08-01,....Quezon,0.92,peso,2018
2021-08-01,....Rizal,0.89,peso,2018
2021-08-01,....City of Lucena (Capital),0.92,peso,2018
2021-08-01,..MIMAROPA Region,0.89,peso,2018
2021-08-01,....Marinduque,0.87,peso,2018
2021-08-01,....Occidental Mindoro,0.87,peso,2018
2021-08-01,....Oriental Mindoro,0.86,peso,2018
2021-08-01,....Palawan,0.93,peso,2018
2021-08-01,....Romblon,0.86,peso,2018
2021-08-01,....City of Puerto Princesa (Capital),0.93,peso,2018
2021-08-01,..Region V (Bicol Region),0.88,peso,2018
2021-08-01,....Albay,0.86,peso,2018
2021-08-01,....Camarines Norte,0.88,peso,2018
2021-08-01,....Camarines Sur,0.88,peso,2018
2021-08-01,....Catanduanes,0.87,peso,2018
2021-08-01,....Masbate,0.9,peso,2018
2021-08-01,....Sorsogon,0.88,peso,2018
2021-08-01,..Region VI (Western Visayas),0.94,peso,2018
2021-08-01,....Aklan,0.93,peso,2018
2021-08-01,....Antique,0.92,peso,2018
2021-08-01,....Capiz,0.9,peso,2018
2021-08-01,....Iloilo,0.96,peso,2018
2021-08-01,....Guimaras,0.89,peso,2018
2021-08-01,....City of Iloilo (Capital),0.94,peso,2018
2021-08-01,..Region VII (Central Visayas),0.96,peso,2018
2021-08-01,....Bohol,0.95,peso,2018
2021-08-01,....Cebu,0.96,peso,2018
2021-08-01,....City of Cebu (Capital),0.96,peso,2018
2021-08-01,....City of Lapu-Lapu,0.96,peso,2018
2021-08-01,....City of Mandaue,0.96,peso,2018
2021-08-01,..Region VIII (Eastern Visayas),0.92,peso,2018
2021-08-01,....Eastern Samar,0.93,peso,2018
2021-08-01,....Leyte,0.92,peso,2018
2021-08-01,....Northern Samar,0.93,peso,2018
2021-08-01,....Samar,0.89,peso,2018
2021-08-01,....Southern Leyte,0.95,peso,2018
2021-08-01,....Biliran,0.94,peso,2018
2021-08-01,....City of Tacloban (Capital),0.91,peso,2018
2021-08-01,..Region IX (Zamboanga Peninsula),0.95,peso,2018
2021-08-01,....Zamboanga del Norte,0.93,peso,2018
2021-08-01,....Zamboanga del Sur,0.96,peso,2018
2021-08-01,....Zamboanga Sibugay,0.96,peso,2018
2021-08-01,....City of Zamboanga,0.95,peso,2018
2021-08-01,....City of Isabela,0.96,peso,2018
2021-08-01,..Region X (Northern Mindanao),0.91,peso,2018
2021-08-01,....Bukidnon,0.92,peso,2018
2021-08-01,....Camiguin,0.9,peso,2018
2021-08-01,....Lanao del Norte,0.91,peso,2018
2021-08-01,....Misamis Occidental,0.9,peso,2018
2021-08-01,....Misamis Oriental,0.9,peso,2018
2021-08-01,....City of Iligan,0.91,peso,2018
2021-08-01,....City of Cagayan de Oro (Capital),0.91,peso,2018
2021-08-01,..Region XI (Davao Region),0.92,peso,2018
2021-08-01,....Davao del Norte,0.93,peso,2018
2021-08-01,....Davao del Sur,0.91,peso,2018
2021-08-01,....Davao Oriental,0.91,peso,2018
2021-08-01,....Davao de Oro,0.91,peso,2018
2021-08-01,....Davao Occidental,0.93,peso,2018
2021-08-01,....City of Davao,0.93,peso,2018
2021-08-01,..Region XII (SOCCSKSARGEN),0.9,peso,2018
2021-08-01,....Cotabato,0.89,peso,2018
2021-08-01,....South Cotabato,0.9,peso,2018
2021-08-01,....Sultan Kudarat,0.91,peso,2018
2021-08-01,....Sarangani,0.88,peso,2018
2021-08-01,....City of General Santos,0.91,peso,2018
2021-08-01,..Bangsamoro Autonomous Region in Muslim Mindanao (BARMM),0.91,peso,2018
2021-08-01,....City of Cotabato,0.87,peso,2018
2021-08-01,....Basilan,0.86,peso,2018
2021-08-01,....Lanao del Sur,0.94,peso,2018
2021-08-01,....Maguindanao,0.93,peso,2018
2021-08-01,....Sulu,0.87,peso,2018
2021-08-01,....Tawi-tawi,0.88,peso,2018
2021-08-01,..Region XIII (Caraga),0.91,peso,2018
2021-08-01,....Agusan del Norte,0.93,peso,2018
2021-08-01,....Agusan del Sur,0.91,peso,2018
2021-08-01,....Surigao del Norte,0.89,peso,2018
2021-08-01,....Surigao del Sur,0.92,peso,2018
2021-08-01,....Dinagat Islands,0.87,peso,2018
2021-08-01,....City of Butuan (Capital),0.93,peso,2018
2021-08-01,..Negros Island Region (NIR),0.9,peso,2018
2021-08-01,....Negros Occidental,0.88,peso,2018
2021-08-01,....City of Bacolod (Capital),0.9,peso,2018
2021-08-01,....Negros Oriental,0.94,peso,2018
2021-08-01,....Siquijor,0.93,peso,2018
2021-09-01,PHILIPPINES,0.91,peso,2018
2021-09-01,..National Capital Region (NCR),0.94,peso,2018
2021-09-01,..Areas Outside National Capital Region (AONCR),0.91,peso,2018
2021-09-01,..Cordillera Administrative Region (CAR),0.91,peso,2018
2021-09-01,....Abra,0.91,peso,2018
2021-09-01,....Benguet,0.92,peso,2018
2021-09-01,....Ifugao,0.89,peso,2018
2021-09-01,....Kalinga,0.89,peso,2018
2021-09-01,....Mountain Province,0.89,peso,2018
2021-09-01,....Apayao,0.92,peso,2018
2021-09-01,....City of Baguio,0.92,peso,2018
2021-09-01,..Region I (Ilocos Region),0.91,peso,2018
2021-09-01,....Ilocos Norte,0.91,peso,2018
2021-09-01,....Ilocos Sur,0.89,peso,2018
2021-09-01,....La Union,0.94,peso,2018
2021-09-01,....Pangasinan,0.91,peso,2018
2021-09-01,..Region II (Cagayan Valley),0.89,peso,2018
2021-09-01,....Batanes,0.9,peso,2018
2021-09-01,....Cagayan,0.9,peso,2018
2021-09-01,....Isabela,0.89,peso,2018
2021-09-01,....Nueva Vizcaya,0.87,peso,2018
2021-09-01,....Quirino,0.89,peso,2018
2021-09-01,..Region III (Central Luzon),0.9,peso,2018
2021-09-01,....Bataan,0.87,peso,2018
2021-09-01,....Bulacan,0.93,peso,2018
2021-09-01,....Nueva Ecija,0.9,peso,2018
2021-09-01,....Pampanga,0.89,peso,2018
2021-09-01,....Tarlac,0.89,peso,2018
2021-09-01,....Zambales,0.88,peso,2018
2021-09-01,....Aurora,0.89,peso,2018
2021-09-01,....City of Angeles,0.9,peso,2018
2021-09-01,....City of Olongapo,0.89,peso,2018
2021-09-01,..Region IV-A (CALABARZON),0.9,peso,2018
2021-09-01,....Batangas,0.91,peso,2018
2021-09-01,....Cavite,0.9,peso,2018
2021-09-01,....Laguna,0.91,peso,2018
2021-09-01,....Quezon,0.93,peso,2018
2021-09-01,....Rizal,0.89,peso,2018
2021-09-01,....City of Lucena (Capital),0.92,peso,2018
2021-09-01,..MIMAROPA Region,0.89,peso,2018
2021-09-01,....Marinduque,0.87,peso,2018
2021-09-01,....Occidental Mindoro,0.86,peso,2018
2021-09-01,....Oriental Mindoro,0.87,peso,2018
2021-09-01,....Palawan,0.93,peso,2018
2021-09-01,....Romblon,0.86,peso,2018
2021-09-01,....City of Puerto Princesa (Capital),0.93,peso,2018
2021-09-01,..Region V (Bicol Region),0.88,peso,2018
2021-09-01,....Albay,0.86,peso,2018
2021-09-01,....Camarines Norte,0.89,peso,2018
2021-09-01,....Camarines Sur,0.88,peso,2018
2021-09-01,....Catanduanes,0.87,peso,2018
2021-09-01,....Masbate,0.9,peso,2018
2021-09-01,....Sorsogon,0.88,peso,2018
2021-09-01,..Region VI (Western Visayas),0.94,peso,2018
2021-09-01,....Aklan,0.93,peso,2018
2021-09-01,....Antique,0.92,peso,2018
2021-09-01,....Capiz,0.89,peso,2018
2021-09-01,....Iloilo,0.97,peso,2018
2021-09-01,....Guimaras,0.89,peso,2018
2021-09-01,....City of Iloilo (Capital),0.92,peso,2018
2021-09-01,..Region VII (Central Visayas),0.96,peso,2018
2021-09-01,....Bohol,0.94,peso,2018
2021-09-01,....Cebu,0.96,peso,2018
2021-09-01,....City of Cebu (Capital),0.96,peso,2018
2021-09-01,....City of Lapu-Lapu,0.97,peso,2018
2021-09-01,....City of Mandaue,0.96,peso,2018
2021-09-01,..Region VIII (Eastern Visayas),0.92,peso,2018
2021-09-01,....Eastern Samar,0.93,peso,2018
2021-09-01,....Leyte,0.92,peso,2018
2021-09-01,....Northern Samar,0.93,peso,2018
2021-09-01,....Samar,0.89,peso,2018
2021-09-01,....Southern Leyte,0.94,peso,2018
2021-09-01,....Biliran,0.93,peso,2018
2021-09-01,....City of Tacloban (Capital),0.91,peso,2018
2021-09-01,..Region IX (Zamboanga Peninsula),0.95,peso,2018
2021-09-01,....Zamboanga del Norte,0.94,peso,2018
2021-09-01,....Zamboanga del Sur,0.96,peso,2018
2021-09-01,....Zamboanga Sibugay,0.96,peso,2018
2021-09-01,....City of Zamboanga,0.95,peso,2018
2021-09-01,....City of Isabela,0.95,peso,2018
2021-09-01,..Region X (Northern Mindanao),0.91,peso,2018
2021-09-01,....Bukidnon,0.91,peso,2018
2021-09-01,....Camiguin,0.9,peso,2018
2021-09-01,....Lanao del Norte,0.91,peso,2018
2021-09-01,....Misamis Occidental,0.9,peso,2018
2021-09-01,....Misamis Oriental,0.9,peso,2018
2021-09-01,....City of Iligan,0.91,peso,2018
2021-09-01,....City of Cagayan de Oro (Capital),0.91,peso,2018
2021-09-01,..Region XI (Davao Region),0.93,peso,2018
2021-09-01,....Davao del Norte,0.93,peso,2018
2021-09-01,....Davao del Sur,0.91,peso,2018
2021-09-01,....Davao Oriental,0.92,peso,2018
2021-09-01,....Davao de Oro,0.93,peso,2018
2021-09-01,....Davao Occidental,0.93,peso,2018
2021-09-01,....City of Davao,0.93,peso,2018
2021-09-01,..Region XII (SOCCSKSARGEN),0.9,peso,2018
2021-09-01,....Cotabato,0.89,peso,2018
2021-09-01,....South Cotabato,0.9,peso,2018
2021-09-01,....Sultan Kudarat,0.92,peso,2018
2021-09-01,....Sarangani,0.89,peso,2018
2021-09-01,....City of General Santos,0.91,peso,2018
2021-09-01,..Bangsamoro Autonomous Region in Muslim Mindanao (BARMM),0.91,peso,2018
2021-09-01,....City of Cotabato,0.87,peso,2018
2021-09-01,....Basilan,0.87,peso,2018
2021-09-01,....Lanao del Sur,0.94,peso,2018
2021-09-01,....Maguindanao,0.94,peso,2018
2021-09-01,....Sulu,0.87,peso,2018
2021-09-01,....Tawi-tawi,0.86,peso,2018
2021-09-01,..Region XIII (Caraga),0.91,peso,2018
2021-09-01,....Agusan del Norte,0.93,peso,2018
2021-09-01,....Agusan del Sur,0.91,peso,2018
2021-09-01,....Surigao del Norte,0.89,peso,2018
2021-09-01,....Surigao del Sur,0.92,peso,2018
2021-09-01,....Dinagat Islands,0.86,peso,2018
2021-09-01,....City of Butuan (Capital),0.93,peso,2018
2021-09-01,..Negros Island Region (NIR),0.9,peso,2018
2021-09-01,....Negros Occidental,0.88,peso,2018
2021-09-01,....City of Bacolod (Capital),0.9,peso,2018
2021-09-01,....Negros Oriental,0.93,peso,2018
2021-09-01,....Siquijor,0.93,peso,2018
2021-10-01,PHILIPPINES,0.91,peso,2018
2021-10-01,..National Capital Region (NCR),0.93,peso,2018
2021-10-01,..Areas Outside National Capital Region (AONCR),0.91,peso,2018
2021-10-01,..Cordillera Administrative Region (CAR),0.9,peso,2018
2021-10-01,....Abra,0.91,peso,2018
2021-10-01,....Benguet,0.9,peso,2018
2021-10-01,....Ifugao,0.89,peso,2018
2021-10-01,....Kalinga,0.9,peso,2018
2021-10-01,....Mountain Province,0.88,peso,2018
2021-10-01,....Apayao,0.92,peso,2018
2021-10-01,....City of Baguio,0.92,peso,2018
2021-10-01,..Region I (Ilocos Region),0.91,peso,2018
2021-10-01,....Ilocos Norte,0.91,peso,2018
2021-10-01,....Ilocos Sur,0.89,peso,2018
2021-10-01,....La Union,0.94,peso,2018
2021-10-01,....Pangasinan,0.91,peso,2018
2021-10-01,..Region II (Cagayan Valley),0.89,peso,2018
2021-10-01,....Batanes,0.9,peso,2018
2021-10-01,....Cagayan,0.9,peso,2018
2021-10-01,....Isabela,0.9,peso,2018
2021-10-01,....Nueva Vizcaya,0.87,peso,2018
2021-10-01,....Quirino,0.88,peso,2018
2021-10-01,..Region III (Central Luzon),0.9,peso,2018
2021-10-01,....Bataan,0.87,peso,2018
2021-10-01,....Bulacan,0.93,peso,2018
2021-10-01,....Nueva Ecija,0.9,peso,2018
2021-10-01,....Pampanga,0.89,peso,2018
2021-10-01,....Tarlac,0.89,peso,2018
2021-10-01,....Zambales,0.88,peso,2018
2021-10-01,....Aurora,0.89,peso,2018
2021-10-01,....City of Angeles,0.9,peso,2018
2021-10-01,....City of Olongapo,0.89,peso,2018
2021-10-01,..Region IV-A (CALABARZON),0.9,peso,2018
2021-10-01,....Batangas,0.91,peso,2018
2021-10-01,....Cavite,0.9,peso,2018
2021-10-01,....Laguna,0.91,peso,2018
2021-10-01,....Quezon,0.93,peso,2018
2021-10-01,....Rizal,0.89,peso,2018
2021-10-01,....City of Lucena (Capital),0.92,peso,2018
2021-10-01,..MIMAROPA Region,0.89,peso,2018
2021-10-01,....Marinduque,0.86,peso,2018
2021-10-01,....Occidental Mindoro,0.86,peso,2018
2021-10-01,....Oriental Mindoro,0.86,peso,2018
2021-10-01,....Palawan,0.93,peso,2018
2021-10-01,....Romblon,0.86,peso,2018
2021-10-01,....City of Puerto Princesa (Capital),0.92,peso,2018
2021-10-01,..Region V (Bicol Region),0.88,peso,2018
2021-10-01,....Albay,0.86,peso,2018
2021-10-01,....Camarines Norte,0.89,peso,2018
2021-10-01,....Camarines Sur,0.88,peso,2018
2021-10-01,....Catanduanes,0.87,peso,2018
2021-10-01,....Masbate,0.9,peso,2018
2021-10-01,....Sorsogon,0.9,peso,2018
2021-10-01,..Region VI (Western Visayas),0.94,peso,2018
2021-10-01,....Aklan,0.93,peso,2018
2021-10-01,....Antique,0.92,peso,2018
2021-10-01,....Capiz,0.89,peso,2018
2021-10-01,....Iloilo,0.97,peso,2018
2021-10-01,....Guimaras,0.9,peso,2018
2021-10-01,....City of Iloilo (Capital),0.93,peso,2018
2021-10-01,..Region VII (Central Visayas),0.96,peso,2018
2021-10-01,....Bohol,0.94,peso,2018
2021-10-01,....Cebu,0.96,peso,2018
2021-10-01,....City of Cebu (Capital),0.97,peso,2018
2021-10-01,....City of Lapu-Lapu,0.96,peso,2018
2021-10-01,....City of Mandaue,0.95,peso,2018
2021-10-01,..Region VIII (Eastern Visayas),0.91,peso,2018
2021-10-01,....Eastern Samar,0.92,peso,2018
2021-10-01,....Leyte,0.92,peso,2018
2021-10-01,....Northern Samar,0.92,peso,2018
2021-10-01,....Samar,0.89,peso,2018
2021-10-01,....Southern Leyte,0.94,peso,2018
2021-10-01,....Biliran,0.93,peso,2018
2021-10-01,....City of Tacloban (Capital),0.91,peso,2018
2021-10-01,..Region IX (Zamboanga Peninsula),0.94,peso,2018
2021-10-01,....Zamboanga del Norte,0.93,peso,2018
2021-10-01,....Zamboanga del Sur,0.95,peso,2018
2021-10-01,....Zamboanga Sibugay,0.95,peso,2018
2021-10-01,....City of Zamboanga,0.94,peso,2018
2021-10-01,....City of Isabela,0.95,peso,2018
2021-10-01,..Region X (Northern Mindanao),0.91,peso,2018
2021-10-01,....Bukidnon,0.91,peso,2018
2021-10-01,....Camiguin,0.9,peso,2018
2021-10-01,....Lanao del Norte,0.9,peso,2018
2021-10-01,....Misamis Occidental,0.9,peso,2018
2021-10-01,....Misamis Oriental,0.9,peso,2018
2021-10-01,....City of Iligan,0.91,peso,2018
2021-10-01,....City of Cagayan de Oro (Capital),0.91,peso,2018
2021-10-01,..Region XI (Davao Region),0.92,peso,2018
2021-10-01,....Davao del Norte,0.92,peso,2018
2021-10-01,....Davao del Sur,0.91,peso,2018
2021-10-01,....Davao Oriental,0.91,peso,2018
2021-10-01,....Davao de Oro,0.93,peso,2018
2021-10-01,....Davao Occidental,0.93,peso,2018
2021-10-01,....City of Davao,0.93,peso,2018
2021-10-01,..Region XII (SOCCSKSARGEN),0.9,peso,2018
2021-10-01,....Cotabato,0.89,peso,2018
2021-10-01,....South Cotabato,0.9,peso,2018
2021-10-01,....Sultan Kudarat,0.92,peso,2018
2021-10-01,....Sarangani,0.88,peso,2018
2021-10-01,....City of General Santos,0.9,peso,2018
2021-10-01,..Bangsamoro Autonomous Region in Muslim Mindanao (BARMM),0.9,peso,2018
2021-10-01,....City of Cotabato,0.87,peso,2018
2021-10-01,....Basilan,0.87,peso,2018
2021-10-01,....Lanao del Sur,0.93,peso,2018
2021-10-01,....Maguindanao,0.93,peso,2018
2021-10-01,....Sulu,0.87,peso,2018
2021-10-01,....Tawi-tawi,0.87,peso,2018
2021-10-01,..Region XIII (Caraga),0.91,peso,2018
2021-10-01,....Agusan del Norte,0.93,peso,2018
2021-10-01,....Agusan del Sur,0.91,peso,2018
2021-10-01,....Surigao del Norte,0.89,peso,2018
2021-10-01,....Surigao del Sur,0.92,peso,2018
2021-10-01,....Dinagat Islands,0.86,peso,2018
2021-10-01,....City of Butuan (Capital),0.92,peso,2018
2021-10-01,..Negros Island Region (NIR),0.89,peso,2018
2021-10-01,....Negros Occidental,0.87,peso,2018
2021-10-01,....City of Bacolod (Capital),0.88,peso,2018
2021-10-01,....Negros Oriental,0.92,peso,2018
2021-10-01,....Siquijor,0.92,peso,2018
2021-11-01,PHILIPPINES,0.91,peso,2018
2021-11-01,..National Capital Region (NCR),0.93,peso,2018
2021-11-01,..Areas Outside National Capital Region (AONCR),0.9,peso,2018
2021-11-01,..Cordillera Administrative Region (CAR),0.9,peso,2018
2021-11-01,....Abra,0.91,peso,2018
2021-11-01,....Benguet,0.89,peso,2018
2021-11-01,....Ifugao,0.88,peso,2018
2021-11-01,....Kalinga,0.89,peso,2018
2021-11-01,....Mountain Province,0.88,peso,2018
2021-11-01,....Apayao,0.92,peso,2018
2021-11-01,....City of Baguio,0.91,peso,2018
2021-11-01,..Region I (Ilocos Region),0.9,peso,2018
2021-11-01,....Ilocos Norte,0.9,peso,2018
2021-11-01,....Ilocos Sur,0.89,peso,2018
2021-11-01,....La Union,0.93,peso,2018
2021-11-01,....Pangasinan,0.9,peso,2018
2021-11-01,..Region II (Cagayan Valley),0.89,peso,2018
2021-11-01,....Batanes,0.87,peso,2018
2021-11-01,....Cagayan,0.9,peso,2018
2021-11-01,....Isabela,0.89,peso,2018
2021-11-01,....Nueva Vizcaya,0.87,peso,2018
2021-11-01,....Quirino,0.89,peso,2018
2021-11-01,..Region III (Central Luzon),0.89,peso,2018
2021-11-01,....Bataan,0.87,peso,2018
2021-11-01,....Bulacan,0.92,peso,2018
2021-11-01,....Nueva Ecija,0.9,peso,2018
2021-11-01,....Pampanga,0.88,peso,2018
2021-11-01,....Tarlac,0.88,peso,2018
2021-11-01,....Zambales,0.87,peso,2018
2021-11-01,....Aurora,0.88,peso,2018
2021-11-01,....City of Angeles,0.89,peso,2018
2021-11-01,....City of Olongapo,0.88,peso,2018
2021-11-01,..Region IV-A (CALABARZON),0.9,peso,2018
2021-11-01,....Batangas,0.9,peso,2018
2021-11-01,....Cavite,0.89,peso,2018
2021-11-01,....Laguna,0.91,peso,2018
2021-11-01,....Quezon,0.92,peso,2018
2021-11-01,....Rizal,0.88,peso,2018
2021-11-01,....City of Lucena (Capital),0.91,peso,2018
2021-11-01,..MIMAROPA Region,0.88,peso,2018
2021-11-01,....Marinduque,0.86,peso,2018
2021-11-01,....Occidental Mindoro,0.86,peso,2018
2021-11-01,....Oriental Mindoro,0.86,peso,2018
2021-11-01,....Palawan,0.91,peso,2018
2021-11-01,....Romblon,0.86,peso,2018
2021-11-01,....City of Puerto Princesa (Capital),0.92,peso,2018
2021-11-01,..Region V (Bicol Region),0.87,peso,2018
2021-11-01,....Albay,0.85,peso,2018
2021-11-01,....Camarines Norte,0.89,peso,2018
2021-11-01,....Camarines Sur,0.87,peso,2018
2021-11-01,....Catanduanes,0.87,peso,2018
2021-11-01,....Masbate,0.89,peso,2018
2021-11-01,....Sorsogon,0.89,peso,2018
2021-11-01,..Region VI (Western Visayas),0.93,peso,2018
2021-11-01,....Aklan,0.92,peso,2018
2021-11-01,....Antique,0.91,peso,2018
2021-11-01,....Capiz,0.89,peso,2018
2021-11-01,....Iloilo,0.95,peso,2018
2021-11-01,....Guimaras,0.89,peso,2018
2021-11-01,....City of Iloilo (Capital),0.93,peso,2018
2021-11-01,..Region VII (Central Visayas),0.95,peso,2018
2021-11-01,....Bohol,0.94,peso,2018
2021-11-01,....Cebu,0.95,peso,2018
2021-11-01,....City of Cebu (Capital),0.97,peso,2018
2021-11-01,....City of Lapu-Lapu,0.97,peso,2018
2021-11-01,....City of Mandaue,0.95,peso,2018
2021-11-01,..Region VIII (Eastern Visayas),0.91,peso,2018
2021-11-01,....Eastern Samar,0.92,peso,2018
2021-11-01,....Leyte,0.91,peso,2018
2021-11-01,....Northern Samar,0.92,peso,2018
2021-11-01,....Samar,0.89,peso,2018
2021-11-01,....Southern Leyte,0.94,peso,2018
2021-11-01,....Biliran,0.92,peso,2018
2021-11-01,....City of Tacloban (Capital),0.91,peso,2018
2021-11-01,..Region IX (Zamboanga Peninsula),0.94,peso,2018
2021-11-01,....Zamboanga del Norte,0.92,peso,2018
2021-11-01,....Zamboanga del Sur,0.93,peso,2018
2021-11-01,....Zamboanga Sibugay,0.94,peso,2018
2021-11-01,....City of Zamboanga,0.94,peso,2018
2021-11-01,....City of Isabela,0.95,peso,2018
2021-11-01,..Region X (Northern Mindanao),0.9,peso,2018
2021-11-01,....Bukidnon,0.91,peso,2018
2021-11-01,....Camiguin,0.89,peso,2018
2021-11-01,....Lanao del Norte,0.9,peso,2018
2021-11-01,....Misamis Occidental,0.9,peso,2018
2021-11-01,....Misamis Oriental,0.89,peso,2018
2021-11-01,....City of Iligan,0.9,peso,2018
2021-11-01,....City of Cagayan de Oro (Capital),0.9,peso,2018
2021-11-01,..Region XI (Davao Region),0.92,peso,2018
2021-11-01,....Davao del Norte,0.92,peso,2018
2021-11-01,....Davao del Sur,0.91,peso,2018
2021-11-01,....Davao Oriental,0.91,peso,2018
2021-11-01,....Davao de Oro,0.92,peso,2018
2021-11-01,....Davao Occidental,0.93,peso,2018
2021-11-01,....City of Davao,0.92,peso,2018
2021-11-01,..Region XII (SOCCSKSARGEN),0.89,peso,2018
2021-11-01,....Cotabato,0.88,peso,2018
2021-11-01,....South Cotabato,0.9,peso,2018
2021-11-01,....Sultan Kudarat,0.91,peso,2018
2021-11-01,....Sarangani,0.88,peso,2018
2021-11-01,....City of General Santos,0.9,peso,2018
2021-11-01,..Bangsamoro Autonomous Region in Muslim Mindanao (BARMM),0.9,peso,2018
2021-11-01,....City of Cotabato,0.86,peso,2018
2021-11-01,....Basilan,0.87,peso,2018
2021-11-01,....Lanao del Sur,0.93,peso,2018
2021-11-01,....Maguindanao,0.93,peso,2018
2021-11-01,....Sulu,0.87,peso,2018
2021-11-01,....Tawi-tawi,0.87,peso,2018
2021-11-01,..Region XIII (Caraga),0.9,peso,2018
2021-11-01,....Agusan del Norte,0.92,peso,2018
2021-11-01,....Agusan del Sur,0.91,peso,2018
2021-11-01,....Surigao del Norte,0.88,peso,2018
2021-11-01,....Surigao del Sur,0.91,peso,2018
2021-11-01,....Dinagat Islands,0.86,peso,2018
2021-11-01,....City of Butuan (Capital),0.91,peso,2018
2021-11-01,..Negros Island Region (NIR),0.89,peso,2018
2021-11-01,....Negros Occidental,0.87,peso,2018
2021-11-01,....City of Bacolod (Capital),0.88,peso,2018
2021-11-01,....Negros Oriental,0.92,peso,2018
2021-11-01,....Siquijor,0.92,peso,2018
2021-12-01,PHILIPPINES,0.9,peso,2018
2021-12-01,..National Capital Region (NCR),0.92,peso,2018
2021-12-01,..Areas Outside National Capital Region (AONCR),0.9,peso,2018
2021-12-01,..Cordillera Administrative Region (CAR),0.9,peso,2018
2021-12-01,....Abra,0.91,peso,2018
2021-12-01,....Benguet,0.89,peso,2018
2021-12-01,....Ifugao,0.88,peso,2018
2021-12-01,....Kalinga,0.89,peso,2018
2021-12-01,....Mountain Province,0.87,peso,2018
2021-12-01,....Apayao,0.92,peso,2018
2021-12-01,....City of Baguio,0.91,peso,2018
2021-12-01,..Region I (Ilocos Region),0.91,peso,2018
2021-12-01,....Ilocos Norte,0.91,peso,2018
2021-12-01,....Ilocos Sur,0.89,peso,2018
2021-12-01,....La Union,0.93,peso,2018
2021-12-01,....Pangasinan,0.9,peso,2018
2021-12-01,..Region II (Cagayan Valley),0.89,peso,2018
2021-12-01,....Batanes,0.87,peso,2018
2021-12-01,....Cagayan,0.9,peso,2018
2021-12-01,....Isabela,0.89,peso,2018
2021-12-01,....Nueva Vizcaya,0.87,peso,2018
2021-12-01,....Quirino,0.88,peso,2018
2021-12-01,..Region III (Central Luzon),0.89,peso,2018
2021-12-01,....Bataan,0.87,peso,2018
2021-12-01,....Bulacan,0.92,peso,2018
2021-12-01,....Nueva Ecija,0.89,peso,2018
2021-12-01,....Pampanga,0.88,peso,2018
2021-12-01,....Tarlac,0.88,peso,2018
2021-12-01,....Zambales,0.86,peso,2018
2021-12-01,....Aurora,0.87,peso,2018
2021-12-01,....City of Angeles,0.89,peso,2018
2021-12-01,....City of Olongapo,0.88,peso,2018
2021-12-01,..Region IV-A (CALABARZON),0.9,peso,2018
2021-12-01,....Batangas,0.9,peso,2018
2021-12-01,....Cavite,0.89,peso,2018
2021-12-01,....Laguna,0.91,peso,2018
2021-12-01,....Quezon,0.92,peso,2018
2021-12-01,....Rizal,0.88,peso,2018
2021-12-01,....City of Lucena (Capital),0.91,peso,2018
2021-12-01,..MIMAROPA Region,0.87,peso,2018
2021-12-01,....Marinduque,0.86,peso,2018
2021-12-01,....Occidental Mindoro,0.86,peso,2018
2021-12-01,....Oriental Mindoro,0.85,peso,2018
2021-12-01,....Palawan,0.9,peso,2018
2021-12-01,....Romblon,0.86,peso,2018
2021-12-01,....City of Puerto Princesa (Capital),0.91,peso,2018
2021-12-01,..Region V (Bicol Region),0.87,peso,2018
2021-12-01,....Albay,0.85,peso,2018
2021-12-01,....Camarines Norte,0.88,peso,2018
2021-12-01,....Camarines Sur,0.87,peso,2018
2021-12-01,....Catanduanes,0.87,peso,2018
2021-12-01,....Masbate,0.88,peso,2018
2021-12-01,....Sorsogon,0.86,peso,2018
2021-12-01,..Region VI (Western Visayas),0.92,peso,2018
2021-12-01,....Aklan,0.91,peso,2018
2021-12-01,....Antique,0.91,peso,2018
2021-12-01,....Capiz,0.89,peso,2018
2021-12-01,....Iloilo,0.95,peso,2018
2021-12-01,....Guimaras,0.87,peso,2018
2021-12-01,....City of Iloilo (Capital),0.92,peso,2018
2021-12-01,..Region VII (Central Visayas),0.95,peso,2018
2021-12-01,....Bohol,0.95,peso,2018
2021-12-01,....Cebu,0.94,peso,2018
2021-12-01,....City of Cebu (Capital),0.96,peso,2018
2021-12-01,....City of Lapu-Lapu,0.97,peso,2018
2021-12-01,....City of Mandaue,0.95,peso,2018
2021-12-01,..Region VIII (Eastern Visayas),0.91,peso,2018
2021-12-01,....Eastern Samar,0.92,peso,2018
2021-12-01,....Leyte,0.9,peso,2018
2021-12-01,....Northern Samar,0.91,peso,2018
2021-12-01,....Samar,0.89,peso,2018
2021-12-01,....Southern Leyte,0.94,peso,2018
2021-12-01,....Biliran,0.92,peso,2018
2021-12-01,....City of Tacloban (Capital),0.91,peso,2018
2021-12-01,..Region IX (Zamboanga Peninsula),0.93,peso,2018
2021-12-01,....Zamboanga del Norte,0.91,peso,2018
2021-12-01,....Zamboanga del Sur,0.93,peso,2018
2021-12-01,....Zamboanga Sibugay,0.93,peso,2018
2021-12-01,....City of Zamboanga,0.94,peso,2018
2021-12-01,....City of Isabela,0.95,peso,2018
2021-12-01,..Region X (Northern Mindanao),0.9,peso,2018
2021-12-01,....Bukidnon,0.91,peso,2018
2021-12-01,....Camiguin,0.89,peso,2018
2021-12-01,....Lanao del Norte,0.9,peso,2018
2021-12-01,....Misamis Occidental,0.9,peso,2018
2021-12-01,....Misamis Oriental,0.89,peso,2018
2021-12-01,....City of Iligan,0.9,peso,2018
2021-12-01,....City of Cagayan de Oro (Capital),0.9,peso,2018
2021-12-01,..Region XI (Davao Region),0.91,peso,2018
2021-12-01,....Davao del Norte,0.92,peso,2018
2021-12-01,....Davao del Sur,0.91,peso,2018
2021-12-01,....Davao Oriental,0.9,peso,2018
2021-12-01,....Davao de Oro,0.91,peso,2018
2021-12-01,....Davao Occidental,0.93,peso,2018
2021-12-01,....City of Davao,0.92,peso,2018
2021-12-01,..Region XII (SOCCSKSARGEN),0.89,peso,2018
2021-12-01,....Cotabato,0.88,peso,2018
2021-12-01,....South Cotabato,0.9,peso,2018
2021-12-01,....Sultan Kudarat,0.91,peso,2018
2021-12-01,....Sarangani,0.87,peso,2018
2021-12-01,....City of General Santos,0.89,peso,2018
2021-12-01,..Bangsamoro Autonomous Region in Muslim Mindanao (BARMM),0.9,peso,2018
2021-12-01,....City of Cotabato,0.86,peso,2018
2021-12-01,....Basilan,0.87,peso,2018
2021-12-01,....Lanao del Sur,0.92,peso,2018
2021-12-01,....Maguindanao,0.93,peso,2018
2021-12-01,....Sulu,0.88,peso,2018
2021-12-01,....Tawi-tawi,0.88,peso,2018
2021-12-01,..Region XIII (Caraga),0.9,peso,2018
2021-12-01,....Agusan del Norte,0.91,peso,2018
2021-12-01,....Agusan del Sur,0.91,peso,2018
2021-12-01,....Surigao del Norte,0.87,peso,2018
2021-12-01,....Surigao del Sur,0.9,peso,2018
2021-12-01,....Dinagat Islands,0.86,peso,2018
2021-12-01,....City of Butuan (Capital),0.9,peso,2018
2021-12-01,..Negros Island Region (NIR),0.88,peso,2018
2021-12-01,....Negros Occidental,0.87,peso,2018
2021-12-01,....City of Bacolod (Capital),0.89,peso,2018
2021-12-01,....Negros Oriental,0.92,peso,2018
2021-12-01,....Siquijor,0.91,peso,2018
2022-01-01,PHILIPPINES,0.9,peso,2018
2022-01-01,..National Capital Region (NCR),0.92,peso,2018
2022-01-01,..Areas Outside National Capital Region (AONCR),0.89,peso,2018
2022-01-01,..Cordillera Administrative Region (CAR),0.9,peso,2018
2022-01-01,....Abra,0.91,peso,2018
2022-01-01,....Benguet,0.88,peso,2018
2022-01-01,....Ifugao,0.88,peso,2018
2022-01-01,....Kalinga,0.89,peso,2018
2022-01-01,....Mountain Province,0.87,peso,2018
2022-01-01,....Apayao,0.91,peso,2018
2022-01-01,....City of Baguio,0.91,peso,2018
2022-01-01,..Region I (Ilocos Region),0.9,peso,2018
2022-01-01,....Ilocos Norte,0.9,peso,2018
2022-01-01,....Ilocos Sur,0.87,peso,2018
2022-01-01,....La Union,0.93,peso,2018
2022-01-01,....Pangasinan,0.9,peso,2018
2022-01-01,..Region II (Cagayan Valley),0.88,peso,2018
2022-01-01,....Batanes,0.86,peso,2018
2022-01-01,....Cagayan,0.89,peso,2018
2022-01-01,....Isabela,0.88,peso,2018
2022-01-01,....Nueva Vizcaya,0.87,peso,2018
2022-01-01,....Quirino,0.87,peso,2018
2022-01-01,..Region III (Central Luzon),0.88,peso,2018
2022-01-01,....Bataan,0.86,peso,2018
2022-01-01,....Bulacan,0.91,peso,2018
2022-01-01,....Nueva Ecija,0.88,peso,2018
2022-01-01,....Pampanga,0.87,peso,2018
2022-01-01,....Tarlac,0.87,peso,2018
2022-01-01,....Zambales,0.85,peso,2018
2022-01-01,....Aurora,0.87,peso,2018
2022-01-01,....City of Angeles,0.89,peso,2018
2022-01-01,....City of Olongapo,0.87,peso,2018
2022-01-01,..Region IV-A (CALABARZON),0.89,peso,2018
2022-01-01,....Batangas,0.89,peso,2018
2022-01-01,....Cavite,0.88,peso,2018
2022-01-01,....Laguna,0.9,peso,2018
2022-01-01,....Quezon,0.9,peso,2018
2022-01-01,....Rizal,0.87,peso,2018
2022-01-01,....City of Lucena (Capital),0.9,peso,2018
2022-01-01,..MIMAROPA Region,0.86,peso,2018
2022-01-01,....Marinduque,0.85,peso,2018
2022-01-01,....Occidental Mindoro,0.85,peso,2018
2022-01-01,....Oriental Mindoro,0.85,peso,2018
2022-01-01,....Palawan,0.88,peso,2018
2022-01-01,....Romblon,0.85,peso,2018
2022-01-01,....City of Puerto Princesa (Capital),0.89,peso,2018
2022-01-01,..Region V (Bicol Region),0.86,peso,2018
2022-01-01,....Albay,0.85,peso,2018
2022-01-01,....Camarines Norte,0.87,peso,2018
2022-01-01,....Camarines Sur,0.86,peso,2018
2022-01-01,....Catanduanes,0.86,peso,2018
2022-01-01,....Masbate,0.88,peso,2018
2022-01-01,....Sorsogon,0.85,peso,2018
2022-01-01,..Region VI (Western Visayas),0.91,peso,2018
2022-01-01,....Aklan,0.9,peso,2018
2022-01-01,....Antique,0.89,peso,2018
2022-01-01,....Capiz,0.88,peso,2018
2022-01-01,....Iloilo,0.93,peso,2018
2022-01-01,....Guimaras,0.86,peso,2018
2022-01-01,....City of Iloilo (Capital),0.9,peso,2018
2022-01-01,..Region VII (Central Visayas),0.92,peso,2018
2022-01-01,....Bohol,0.93,peso,2018
2022-01-01,....Cebu,0.9,peso,2018
2022-01-01,....City of Cebu (Capital),0.95,peso,2018
2022-01-01,....City of Lapu-Lapu,0.95,peso,2018
2022-01-01,....City of Mandaue,0.93,peso,2018
2022-01-01,..Region VIII (Eastern Visayas),0.89,peso,2018
2022-01-01,....Eastern Samar,0.9,peso,2018
2022-01-01,....Leyte,0.89,peso,2018
2022-01-01,....Northern Samar,0.9,peso,2018
2022-01-01,....Samar,0.87,peso,2018
2022-01-01,....Southern Leyte,0.91,peso,2018
2022-01-01,....Biliran,0.89,peso,2018
2022-01-01,....City of Tacloban (Capital),0.89,peso,2018
2022-01-01,..Region IX (Zamboanga Peninsula),0.9,peso,2018
2022-01-01,....Zamboanga del Norte,0.89,peso,2018
2022-01-01,....Zamboanga del Sur,0.9,peso,2018
2022-01-01,....Zamboanga Sibugay,0.91,peso,2018
2022-01-01,....City of Zamboanga,0.91,peso,2018
2022-01-01,....City of Isabela,0.93,peso,2018
2022-01-01,..Region X (Northern Mindanao),0.89,peso,2018
2022-01-01,....Bukidnon,0.9,peso,2018
2022-01-01,....Camiguin,0.87,peso,2018
2022-01-01,....Lanao del Norte,0.89,peso,2018
2022-01-01,....Misamis Occidental,0.88,peso,2018
2022-01-01,....Misamis Oriental,0.88,peso,2018
2022-01-01,....City of Iligan,0.89,peso,2018
2022-01-01,....City of Cagayan de Oro (Capital),0.89,peso,2018
2022-01-01,..Region XI (Davao Region),0.9,peso,2018
2022-01-01,....Davao del Norte,0.89,peso,2018
2022-01-01,....Davao del Sur,0.9,peso,2018
2022-01-01,....Davao Oriental,0.89,peso,2018
2022-01-01,....Davao de Oro,0.9,peso,2018
2022-01-01,....Davao Occidental,0.91,peso,2018
2022-01-01,....City of Davao,0.9,peso,2018
2022-01-01,..Region XII (SOCCSKSARGEN),0.88,peso,2018
2022-01-01,....Cotabato,0.87,peso,2018
2022-01-01,....South Cotabato,0.88,peso,2018
2022-01-01,....Sultan Kudarat,0.9,peso,2018
2022-01-01,....Sarangani,0.86,peso,2018
2022-01-01,....City of General Santos,0.88,peso,2018
2022-01-01,..Bangsamoro Autonomous Region in Muslim Mindanao (BARMM),0.9,peso,2018
2022-01-01,....City of Cotabato,0.86,peso,2018
2022-01-01,....Basilan,0.86,peso,2018
2022-01-01,....Lanao del Sur,0.91,peso,2018
2022-01-01,....Maguindanao,0.92,peso,2018
2022-01-01,....Sulu,0.87,peso,2018
2022-01-01,....Tawi-tawi,0.88,peso,2018
2022-01-01,..Region XIII (Caraga),0.88,peso,2018
2022-01-01,....Agusan del Norte,0.89,peso,2018
2022-01-01,....Agusan del Sur,0.89,peso,2018
2022-01-01,....Surigao del Norte,0.86,peso,2018
2022-01-01,....Surigao del Sur,0.89,peso,2018
2022-01-01,....Dinagat Islands,0.84,peso,2018
2022-01-01,....City of Butuan (Capital),0.89,peso,2018
2022-01-01,..Negros Island Region (NIR),0.87,peso,2018
2022-01-01,....Negros Occidental,0.85,peso,2018
2022-01-01,....City of Bacolod (Capital),0.89,peso,2018
2022-01-01,....Negros Oriental,0.9,peso,2018
2022-01-01,....Siquijor,0.9,peso,2018
2022-02-01,PHILIPPINES,0.89,peso,2018
2022-02-01,..National Capital Region (NCR),0.92,peso,2018
2022-02-01,..Areas Outside National Capital Region (AONCR),0.89,peso,2018
2022-02-01,..Cordillera Administrative Region (CAR),0.89,peso,2018
2022-02-01,....Abra,0.9,peso,2018
2022-02-01,....Benguet,0.88,peso,2018
2022-02-01,....Ifugao,0.88,peso,2018
2022-02-01,....Kalinga,0.88,peso,2018
2022-02-01,....Mountain Province,0.87,peso,2018
2022-02-01,....Apayao,0.91,peso,2018
2022-02-01,....City of Baguio,0.91,peso,2018
2022-02-01,..Region I (Ilocos Region),0.9,peso,2018
2022-02-01,....Ilocos Norte,0.89,peso,2018
2022-02-01,....Ilocos Sur,0.86,peso,2018
2022-02-01,....La Union,0.93,peso,2018
2022-02-01,....Pangasinan,0.9,peso,2018
2022-02-01,..Region II (Cagayan Valley),0.88,peso,2018
2022-02-01,....Batanes,0.86,peso,2018
2022-02-01,....Cagayan,0.89,peso,2018
2022-02-01,....Isabela,0.89,peso,2018
2022-02-01,....Nueva Vizcaya,0.86,peso,2018
2022-02-01,....Quirino,0.87,peso,2018
2022-02-01,..Region III (Central Luzon),0.88,peso,2018
2022-02-01,....Bataan,0.85,peso,2018
2022-02-01,....Bulacan,0.91,peso,2018
2022-02-01,....Nueva Ecija,0.88,peso,2018
2022-02-01,....Pampanga,0.87,peso,2018
2022-02-01,....Tarlac,0.87,peso,2018
2022-02-01,....Zambales,0.85,peso,2018
2022-02-01,....Aurora,0.87,peso,2018
2022-02-01,....City of Angeles,0.89,peso,2018
2022-02-01,....City of Olongapo,0.87,peso,2018
2022-02-01,..Region IV-A (CALABARZON),0.89,peso,2018
2022-02-01,....Batangas,0.89,peso,2018
2022-02-01,....Cavite,0.89,peso,2018
2022-02-01,....Laguna,0.9,peso,2018
2022-02-01,....Quezon,0.91,peso,2018
2022-02-01,....Rizal,0.87,peso,2018
2022-02-01,....City of Lucena (Capital),0.9,peso,2018
2022-02-01,..MIMAROPA Region,0.86,peso,2018
2022-02-01,....Marinduque,0.86,peso,2018
2022-02-01,....Occidental Mindoro,0.85,peso,2018
2022-02-01,....Oriental Mindoro,0.84,peso,2018
2022-02-01,....Palawan,0.88,peso,2018
2022-02-01,....Romblon,0.85,peso,2018
2022-02-01,....City of Puerto Princesa (Capital),0.89,peso,2018
2022-02-01,..Region V (Bicol Region),0.86,peso,2018
2022-02-01,....Albay,0.85,peso,2018
2022-02-01,....Camarines Norte,0.87,peso,2018
2022-02-01,....Camarines Sur,0.86,peso,2018
2022-02-01,....Catanduanes,0.86,peso,2018
2022-02-01,....Masbate,0.87,peso,2018
2022-02-01,....Sorsogon,0.85,peso,2018
2022-02-01,..Region VI (Western Visayas),0.91,peso,2018
2022-02-01,....Aklan,0.91,peso,2018
2022-02-01,....Antique,0.9,peso,2018
2022-02-01,....Capiz,0.87,peso,2018
2022-02-01,....Iloilo,0.94,peso,2018
2022-02-01,....Guimaras,0.87,peso,2018
2022-02-01,....City of Iloilo (Capital),0.91,peso,2018
2022-02-01,..Region VII (Central Visayas),0.92,peso,2018
2022-02-01,....Bohol,0.93,peso,2018
2022-02-01,....Cebu,0.9,peso,2018
2022-02-01,....City of Cebu (Capital),0.96,peso,2018
2022-02-01,....City of Lapu-Lapu,0.96,peso,2018
2022-02-01,....City of Mandaue,0.94,peso,2018
2022-02-01,..Region VIII (Eastern Visayas),0.88,peso,2018
2022-02-01,....Eastern Samar,0.9,peso,2018
2022-02-01,....Leyte,0.88,peso,2018
2022-02-01,....Northern Samar,0.89,peso,2018
2022-02-01,....Samar,0.87,peso,2018
2022-02-01,....Southern Leyte,0.89,peso,2018
2022-02-01,....Biliran,0.88,peso,2018
2022-02-01,....City of Tacloban (Capital),0.89,peso,2018
2022-02-01,..Region IX (Zamboanga Peninsula),0.91,peso,2018
2022-02-01,....Zamboanga del Norte,0.9,peso,2018
2022-02-01,....Zamboanga del Sur,0.91,peso,2018
2022-02-01,....Zamboanga Sibugay,0.92,peso,2018
2022-02-01,....City of Zamboanga,0.92,peso,2018
2022-02-01,....City of Isabela,0.93,peso,2018
2022-02-01,..Region X (Northern Mindanao),0.88,peso,2018
2022-02-01,....Bukidnon,0.89,peso,2018
2022-02-01,....Camiguin,0.88,peso,2018
2022-02-01,....Lanao del Norte,0.89,peso,2018
2022-02-01,....Misamis Occidental,0.87,peso,2018
2022-02-01,....Misamis Oriental,0.88,peso,2018
2022-02-01,....City of Iligan,0.89,peso,2018
2022-02-01,....City of Cagayan de Oro (Capital),0.88,peso,2018
2022-02-01,..Region XI (Davao Region),0.9,peso,2018
2022-02-01,....Davao del Norte,0.9,peso,2018
2022-02-01,....Davao del Sur,0.89,peso,2018
2022-02-01,....Davao Oriental,0.9,peso,2018
2022-02-01,....Davao de Oro,0.89,peso,2018
2022-02-01,....Davao Occidental,0.91,peso,2018
2022-02-01,....City of Davao,0.9,peso,2018
2022-02-01,..Region XII (SOCCSKSARGEN),0.88,peso,2018
2022-02-01,....Cotabato,0.87,peso,2018
2022-02-01,....South Cotabato,0.88,peso,2018
2022-02-01,....Sultan Kudarat,0.9,peso,2018
2022-02-01,....Sarangani,0.86,peso,2018
2022-02-01,....City of General Santos,0.88,peso,2018
2022-02-01,..Bangsamoro Autonomous Region in Muslim Mindanao (BARMM),0.9,peso,2018
2022-02-01,....City of Cotabato,0.86,peso,2018
2022-02-01,....Basilan,0.86,peso,2018
2022-02-01,....Lanao del Sur,0.91,peso,2018
2022-02-01,....Maguindanao,0.92,peso,2018
2022-02-01,....Sulu,0.87,peso,2018
2022-02-01,....Tawi-tawi,0.88,peso,2018
2022-02-01,..Region XIII (Caraga),0.88,peso,2018
2022-02-01,....Agusan del Norte,0.89,peso,2018
2022-02-01,....Agusan del Sur,0.89,peso,2018
2022-02-01,....Surigao del Norte,0.86,peso,2018
2022-02-01,....Surigao del Sur,0.88,peso,2018
2022-02-01,....Dinagat Islands,0.83,peso,2018
2022-02-01,....City of Butuan (Capital),0.88,peso,2018
2022-02-01,..Negros Island Region (NIR),0.87,peso,2018
2022-02-01,....Negros Occidental,0.85,peso,2018
2022-02-01,....City of Bacolod (Capital),0.88,peso,2018
2022-02-01,....Negros Oriental,0.91,peso,2018
2022-02-01,....Siquijor,0.91,peso,2018
2022-03-01,PHILIPPINES,0.89,peso,2018
2022-03-01,..National Capital Region (NCR),0.91,peso,2018
2022-03-01,..Areas Outside National Capital Region (AONCR),0.88,peso,2018
2022-03-01,..Cordillera Administrative Region (CAR),0.89,peso,2018
2022-03-01,....Abra,0.9,peso,2018
2022-03-01,....Benguet,0.88,peso,2018
2022-03-01,....Ifugao,0.88,peso,2018
2022-03-01,....Kalinga,0.88,peso,2018
2022-03-01,....Mountain Province,0.86,peso,2018
2022-03-01,....Apayao,0.91,peso,2018
2022-03-01,....City of Baguio,0.9,peso,2018
2022-03-01,..Region I (Ilocos Region),0.88,peso,2018
2022-03-01,....Ilocos Norte,0.88,peso,2018
2022-03-01,....Ilocos Sur,0.85,peso,2018
2022-03-01,....La Union,0.92,peso,2018
2022-03-01,....Pangasinan,0.88,peso,2018
2022-03-01,..Region II (Cagayan Valley),0.87,peso,2018
2022-03-01,....Batanes,0.87,peso,2018
2022-03-01,....Cagayan,0.88,peso,2018
2022-03-01,....Isabela,0.88,peso,2018
2022-03-01,....Nueva Vizcaya,0.86,peso,2018
2022-03-01,....Quirino,0.85,peso,2018
2022-03-01,..Region III (Central Luzon),0.88,peso,2018
2022-03-01,....Bataan,0.85,peso,2018
2022-03-01,....Bulacan,0.91,peso,2018
2022-03-01,....Nueva Ecija,0.86,peso,2018
2022-03-01,....Pampanga,0.87,peso,2018
2022-03-01,....Tarlac,0.86,peso,2018
2022-03-01,....Zambales,0.84,peso,2018
2022-03-01,....Aurora,0.86,peso,2018
2022-03-01,....City of Angeles,0.89,peso,2018
2022-03-01,....City of Olongapo,0.87,peso,2018
2022-03-01,..Region IV-A (CALABARZON),0.88,peso,2018
2022-03-01,....Batangas,0.88,peso,2018
2022-03-01,....Cavite,0.88,peso,2018
2022-03-01,....Laguna,0.9,peso,2018
2022-03-01,....Quezon,0.9,peso,2018
2022-03-01,....Rizal,0.87,peso,2018
2022-03-01,....City of Lucena (Capital),0.9,peso,2018
2022-03-01,..MIMAROPA Region,0.86,peso,2018
2022-03-01,....Marinduque,0.85,peso,2018
2022-03-01,....Occidental Mindoro,0.85,peso,2018
2022-03-01,....Oriental Mindoro,0.85,peso,2018
2022-03-01,....Palawan,0.87,peso,2018
2022-03-01,....Romblon,0.85,peso,2018
2022-03-01,....City of Puerto Princesa (Capital),0.88,peso,2018
2022-03-01,..Region V (Bicol Region),0.85,peso,2018
2022-03-01,....Albay,0.84,peso,2018
2022-03-01,....Camarines Norte,0.87,peso,2018
2022-03-01,....Camarines Sur,0.85,peso,2018
2022-03-01,....Catanduanes,0.85,peso,2018
2022-03-01,....Masbate,0.86,peso,2018
2022-03-01,....Sorsogon,0.84,peso,2018
2022-03-01,..Region VI (Western Visayas),0.9,peso,2018
2022-03-01,....Aklan,0.9,peso,2018
2022-03-01,....Antique,0.89,peso,2018
2022-03-01,....Capiz,0.86,peso,2018
2022-03-01,....Iloilo,0.93,peso,2018
2022-03-01,....Guimaras,0.86,peso,2018
2022-03-01,....City of Iloilo (Capital),0.9,peso,2018
2022-03-01,..Region VII (Central Visayas),0.92,peso,2018
2022-03-01,....Bohol,0.91,peso,2018
2022-03-01,....Cebu,0.9,peso,2018
2022-03-01,....City of Cebu (Capital),0.95,peso,2018
2022-03-01,....City of Lapu-Lapu,0.95,peso,2018
2022-03-01,....City of Mandaue,0.93,peso,2018
2022-03-01,..Region VIII (Eastern Visayas),0.88,peso,2018
2022-03-01,....Eastern Samar,0.9,peso,2018
2022-03-01,....Leyte,0.88,peso,2018
2022-03-01,....Northern Samar,0.88,peso,2018
2022-03-01,....Samar,0.87,peso,2018
2022-03-01,....Southern Leyte,0.87,peso,2018
2022-03-01,....Biliran,0.89,peso,2018
2022-03-01,....City of Tacloban (Capital),0.89,peso,2018
2022-03-01,..Region IX (Zamboanga Peninsula),0.91,peso,2018
2022-03-01,....Zamboanga del Norte,0.9,peso,2018
2022-03-01,....Zamboanga del Sur,0.91,peso,2018
2022-03-01,....Zamboanga Sibugay,0.91,peso,2018
2022-03-01,....City of Zamboanga,0.92,peso,2018
2022-03-01,....City of Isabela,0.92,peso,2018
2022-03-01,..Region X (Northern Mindanao),0.88,peso,2018
2022-03-01,....Bukidnon,0.89,peso,2018
2022-03-01,....Camiguin,0.87,peso,2018
2022-03-01,....Lanao del Norte,0.89,peso,2018
2022-03-01,....Misamis Occidental,0.87,peso,2018
2022-03-01,....Misamis Oriental,0.87,peso,2018
2022-03-01,....City of Iligan,0.88,peso,2018
2022-03-01,....City of Cagayan de Oro (Capital),0.88,peso,2018
2022-03-01,..Region XI (Davao Region),0.89,peso,2018
2022-03-01,....Davao del Norte,0.9,peso,2018
2022-03-01,....Davao del Sur,0.88,peso,2018
2022-03-01,....Davao Oriental,0.89,peso,2018
2022-03-01,....Davao de Oro,0.88,peso,2018
2022-03-01,....Davao Occidental,0.91,peso,2018
2022-03-01,....City of Davao,0.89,peso,2018
2022-03-01,..Region XII (SOCCSKSARGEN),0.88,peso,2018
2022-03-01,....Cotabato,0.87,peso,2018
2022-03-01,....South Cotabato,0.88,peso,2018
2022-03-01,....Sultan Kudarat,0.89,peso,2018
2022-03-01,....Sarangani,0.86,peso,2018
2022-03-01,....City of General Santos,0.88,peso,2018
2022-03-01,..Bangsamoro Autonomous Region in Muslim Mindanao (BARMM),0.89,peso,2018
2022-03-01,....City of Cotabato,0.85,peso,2018
2022-03-01,....Basilan,0.87,peso,2018
2022-03-01,....Lanao del Sur,0.9,peso,2018
2022-03-01,....Maguindanao,0.92,peso,2018
2022-03-01,....Sulu,0.88,peso,2018
2022-03-01,....Tawi-tawi,0.87,peso,2018
2022-03-01,..Region XIII (Caraga),0.87,peso,2018
2022-03-01,....Agusan del Norte,0.89,peso,2018
2022-03-01,....Agusan del Sur,0.89,peso,2018
2022-03-01,....Surigao del Norte,0.86,peso,2018
2022-03-01,....Surigao del Sur,0.88,peso,2018
2022-03-01,....Dinagat Islands,0.82,peso,2018
2022-03-01,....City of Butuan (Capital),0.87,peso,2018
2022-03-01,..Negros Island Region (NIR),0.86,peso,2018
2022-03-01,....Negros Occidental,0.83,peso,2018
2022-03-01,....City of Bacolod (Capital),0.87,peso,2018
2022-03-01,....Negros Oriental,0.9,peso,2018
2022-03-01,....Siquijor,0.9,peso,2018
2022-04-01,PHILIPPINES,0.88,peso,2018
2022-04-01,..National Capital Region (NCR),0.91,peso,2018
2022-04-01,..Areas Outside National Capital Region (AONCR),0.88,peso,2018
2022-04-01,..Cordillera Administrative Region (CAR),0.88,peso,2018
2022-04-01,....Abra,0.9,peso,2018
2022-04-01,....Benguet,0.87,peso,2018
2022-04-01,....Ifugao,0.87,peso,2018
2022-04-01,....Kalinga,0.87,peso,2018
2022-04-01,....Mountain Province,0.85,peso,2018
2022-04-01,....Apayao,0.89,peso,2018
2022-04-01,....City of Baguio,0.89,peso,2018
2022-04-01,..Region I (Ilocos Region),0.88,peso,2018
2022-04-01,....Ilocos Norte,0.87,peso,2018
2022-04-01,....Ilocos Sur,0.85,peso,2018
2022-04-01,....La Union,0.91,peso,2018
2022-04-01,....Pangasinan,0.88,peso,2018
2022-04-01,..Region II (Cagayan Valley),0.87,peso,2018
2022-04-01,....Batanes,0.86,peso,2018
2022-04-01,....Cagayan,0.87,peso,2018
2022-04-01,....Isabela,0.86,peso,2018
2022-04-01,....Nueva Vizcaya,0.86,peso,2018
2022-04-01,....Quirino,0.84,peso,2018
2022-04-01,..Region III (Central Luzon),0.87,peso,2018
2022-04-01,....Bataan,0.84,peso,2018
2022-04-01,....Bulacan,0.9,peso,2018
2022-04-01,....Nueva Ecija,0.84,peso,2018
2022-04-01,....Pampanga,0.86,peso,2018
2022-04-01,....Tarlac,0.86,peso,2018
2022-04-01,....Zambales,0.83,peso,2018
2022-04-01,....Aurora,0.84,peso,2018
2022-04-01,....City of Angeles,0.88,peso,2018
2022-04-01,....City of Olongapo,0.86,peso,2018
2022-04-01,..Region IV-A (CALABARZON),0.88,peso,2018
2022-04-01,....Batangas,0.87,peso,2018
2022-04-01,....Cavite,0.88,peso,2018
2022-04-01,....Laguna,0.89,peso,2018
2022-04-01,....Quezon,0.9,peso,2018
2022-04-01,....Rizal,0.86,peso,2018
2022-04-01,....City of Lucena (Capital),0.89,peso,2018
2022-04-01,..MIMAROPA Region,0.85,peso,2018
2022-04-01,....Marinduque,0.84,peso,2018
2022-04-01,....Occidental Mindoro,0.84,peso,2018
2022-04-01,....Oriental Mindoro,0.84,peso,2018
2022-04-01,....Palawan,0.87,peso,2018
2022-04-01,....Romblon,0.85,peso,2018
2022-04-01,....City of Puerto Princesa (Capital),0.87,peso,2018
2022-04-01,..Region V (Bicol Region),0.85,peso,2018
2022-04-01,....Albay,0.84,peso,2018
2022-04-01,....Camarines Norte,0.87,peso,2018
2022-04-01,....Camarines Sur,0.85,peso,2018
2022-04-01,....Catanduanes,0.85,peso,2018
2022-04-01,....Masbate,0.86,peso,2018
2022-04-01,....Sorsogon,0.85,peso,2018
2022-04-01,..Region VI (Western Visayas),0.9,peso,2018
2022-04-01,....Aklan,0.9,peso,2018
2022-04-01,....Antique,0.88,peso,2018
2022-04-01,....Capiz,0.86,peso,2018
2022-04-01,....Iloilo,0.93,peso,2018
2022-04-01,....Guimaras,0.85,peso,2018
2022-04-01,....City of Iloilo (Capital),0.9,peso,2018
2022-04-01,..Region VII (Central Visayas),0.91,peso,2018
2022-04-01,....Bohol,0.91,peso,2018
2022-04-01,....Cebu,0.89,peso,2018
2022-04-01,....City of Cebu (Capital),0.94,peso,2018
2022-04-01,....City of Lapu-Lapu,0.95,peso,2018
2022-04-01,....City of Mandaue,0.93,peso,2018
2022-04-01,..Region VIII (Eastern Visayas),0.87,peso,2018
2022-04-01,....Eastern Samar,0.89,peso,2018
2022-04-01,....Leyte,0.88,peso,2018
2022-04-01,....Northern Samar,0.88,peso,2018
2022-04-01,....Samar,0.85,peso,2018
2022-04-01,....Southern Leyte,0.88,peso,2018
2022-04-01,....Biliran,0.89,peso,2018
2022-04-01,....City of Tacloban (Capital),0.88,peso,2018
2022-04-01,..Region IX (Zamboanga Peninsula),0.9,peso,2018
2022-04-01,....Zamboanga del Norte,0.89,peso,2018
2022-04-01,....Zamboanga del Sur,0.9,peso,2018
2022-04-01,....Zamboanga Sibugay,0.9,peso,2018
2022-04-01,....City of Zamboanga,0.91,peso,2018
2022-04-01,....City of Isabela,0.93,peso,2018
2022-04-01,..Region X (Northern Mindanao),0.87,peso,2018
2022-04-01,....Bukidnon,0.88,peso,2018
2022-04-01,....Camiguin,0.87,peso,2018
2022-04-01,....Lanao del Norte,0.88,peso,2018
2022-04-01,....Misamis Occidental,0.87,peso,2018
2022-04-01,....Misamis Oriental,0.87,peso,2018
2022-04-01,....City of Iligan,0.87,peso,2018
2022-04-01,....City of Cagayan de Oro (Capital),0.87,peso,2018
2022-04-01,..Region XI (Davao Region),0.88,peso,2018
2022-04-01,....Davao del Norte,0.89,peso,2018
2022-04-01,....Davao del Sur,0.88,peso,2018
2022-04-01,....Davao Oriental,0.87,peso,2018
2022-04-01,....Davao de Oro,0.86,peso,2018
2022-04-01,....Davao Occidental,0.9,peso,2018
2022-04-01,....City of Davao,0.88,peso,2018
2022-04-01,..Region XII (SOCCSKSARGEN),0.87,peso,2018
2022-04-01,....Cotabato,0.86,peso,2018
2022-04-01,....South Cotabato,0.87,peso,2018
2022-04-01,....Sultan Kudarat,0.88,peso,2018
2022-04-01,....Sarangani,0.85,peso,2018
2022-04-01,....City of General Santos,0.87,peso,2018
2022-04-01,..Bangsamoro Autonomous Region in Muslim Mindanao (BARMM),0.89,peso,2018
2022-04-01,....City of Cotabato,0.85,peso,2018
2022-04-01,....Basilan,0.87,peso,2018
2022-04-01,....Lanao del Sur,0.89,peso,2018
2022-04-01,....Maguindanao,0.91,peso,2018
2022-04-01,....Sulu,0.88,peso,2018
2022-04-01,....Tawi-tawi,0.85,peso,2018
2022-04-01,..Region XIII (Caraga),0.87,peso,2018
2022-04-01,....Agusan del Norte,0.88,peso,2018
2022-04-01,....Agusan del Sur,0.88,peso,2018
2022-04-01,....Surigao del Norte,0.85,peso,2018
2022-04-01,....Surigao del Sur,0.87,peso,2018
2022-04-01,....Dinagat Islands,0.82,peso,2018
2022-04-01,....City of Butuan (Capital),0.87,peso,2018
2022-04-01,..Negros Island Region (NIR),0.86,peso,2018
2022-04-01,....Negros Occidental,0.83,peso,2018
2022-04-01,....City of Bacolod (Capital),0.87,peso,2018
2022-04-01,....Negros Oriental,0.9,peso,2018
2022-04-01,....Siquijor,0.88,peso,2018
2022-05-01,PHILIPPINES,0.88,peso,2018
2022-05-01,..National Capital Region (NCR),0.9,peso,2018
2022-05-01,..Areas Outside National Capital Region (AONCR),0.87,peso,2018
2022-05-01,..Cordillera Administrative Region (CAR),0.88,peso,2018
2022-05-01,....Abra,0.89,peso,2018
2022-05-01,....Benguet,0.87,peso,2018
2022-05-01,....Ifugao,0.87,peso,2018
2022-05-01,....Kalinga,0.86,peso,2018
2022-05-01,....Mountain Province,0.84,peso,2018
2022-05-01,....Apayao,0.88,peso,2018
2022-05-01,....City of Baguio,0.89,peso,2018
2022-05-01,..Region I (Ilocos Region),0.88,peso,2018
2022-05-01,....Ilocos Norte,0.87,peso,2018
2022-05-01,....Ilocos Sur,0.85,peso,2018
2022-05-01,....La Union,0.91,peso,2018
2022-05-01,....Pangasinan,0.87,peso,2018
2022-05-01,..Region II (Cagayan Valley),0.86,peso,2018
2022-05-01,....Batanes,0.84,peso,2018
2022-05-01,....Cagayan,0.87,peso,2018
2022-05-01,....Isabela,0.86,peso,2018
2022-05-01,....Nueva Vizcaya,0.85,peso,2018
2022-05-01,....Quirino,0.84,peso,2018
2022-05-01,..Region III (Central Luzon),0.86,peso,2018
2022-05-01,....Bataan,0.83,peso,2018
2022-05-01,....Bulacan,0.9,peso,2018
2022-05-01,....Nueva Ecija,0.83,peso,2018
2022-05-01,....Pampanga,0.86,peso,2018
2022-05-01,....Tarlac,0.85,peso,2018
2022-05-01,....Zambales,0.83,peso,2018
2022-05-01,....Aurora,0.83,peso,2018
2022-05-01,....City of Angeles,0.87,peso,2018
2022-05-01,....City of Olongapo,0.86,peso,2018
2022-05-01,..Region IV-A (CALABARZON),0.88,peso,2018
2022-05-01,....Batangas,0.87,peso,2018
2022-05-01,....Cavite,0.88,peso,2018
2022-05-01,....Laguna,0.89,peso,2018
2022-05-01,....Quezon,0.9,peso,2018
2022-05-01,....Rizal,0.86,peso,2018
2022-05-01,....City of Lucena (Capital),0.89,peso,2018
2022-05-01,..MIMAROPA Region,0.85,peso,2018
2022-05-01,....Marinduque,0.84,peso,2018
2022-05-01,....Occidental Mindoro,0.83,peso,2018
2022-05-01,....Oriental Mindoro,0.83,peso,2018
2022-05-01,....Palawan,0.86,peso,2018
2022-05-01,....Romblon,0.85,peso,2018
2022-05-01,....City of Puerto Princesa (Capital),0.87,peso,2018
2022-05-01,..Region V (Bicol Region),0.84,peso,2018
2022-05-01,....Albay,0.83,peso,2018
2022-05-01,....Camarines Norte,0.86,peso,2018
2022-05-01,....Camarines Sur,0.85,peso,2018
2022-05-01,....Catanduanes,0.85,peso,2018
2022-05-01,....Masbate,0.86,peso,2018
2022-05-01,....Sorsogon,0.84,peso,2018
2022-05-01,..Region VI (Western Visayas),0.89,peso,2018
2022-05-01,....Aklan,0.89,peso,2018
2022-05-01,....Antique,0.88,peso,2018
2022-05-01,....Capiz,0.85,peso,2018
2022-05-01,....Iloilo,0.92,peso,2018
2022-05-01,....Guimaras,0.85,peso,2018
2022-05-01,....City of Iloilo (Capital),0.88,peso,2018
2022-05-01,..Region VII (Central Visayas),0.91,peso,2018
2022-05-01,....Bohol,0.92,peso,2018
2022-05-01,....Cebu,0.88,peso,2018
2022-05-01,....City of Cebu (Capital),0.94,peso,2018
2022-05-01,....City of Lapu-Lapu,0.94,peso,2018
2022-05-01,....City of Mandaue,0.93,peso,2018
2022-05-01,..Region VIII (Eastern Visayas),0.87,peso,2018
2022-05-01,....Eastern Samar,0.89,peso,2018
2022-05-01,....Leyte,0.87,peso,2018
2022-05-01,....Northern Samar,0.87,peso,2018
2022-05-01,....Samar,0.84,peso,2018
2022-05-01,....Southern Leyte,0.87,peso,2018
2022-05-01,....Biliran,0.88,peso,2018
2022-05-01,....City of Tacloban (Capital),0.88,peso,2018
2022-05-01,..Region IX (Zamboanga Peninsula),0.89,peso,2018
2022-05-01,....Zamboanga del Norte,0.88,peso,2018
2022-05-01,....Zamboanga del Sur,0.89,peso,2018
2022-05-01,....Zamboanga Sibugay,0.89,peso,2018
2022-05-01,....City of Zamboanga,0.9,peso,2018
2022-05-01,....City of Isabela,0.93,peso,2018
2022-05-01,..Region X (Northern Mindanao),0.87,peso,2018
2022-05-01,....Bukidnon,0.88,peso,2018
2022-05-01,....Camiguin,0.86,peso,2018
2022-05-01,....Lanao del Norte,0.88,peso,2018
2022-05-01,....Misamis Occidental,0.86,peso,2018
2022-05-01,....Misamis Oriental,0.87,peso,2018
2022-05-01,....City of Iligan,0.87,peso,2018
2022-05-01,....City of Cagayan de Oro (Capital),0.87,peso,2018
2022-05-01,..Region XI (Davao Region),0.87,peso,2018
2022-05-01,....Davao del Norte,0.89,peso,2018
2022-05-01,....Davao del Sur,0.87,peso,2018
2022-05-01,....Davao Oriental,0.87,peso,2018
2022-05-01,....Davao de Oro,0.85,peso,2018
2022-05-01,....Davao Occidental,0.88,peso,2018
2022-05-01,....City of Davao,0.87,peso,2018
2022-05-01,..Region XII (SOCCSKSARGEN),0.86,peso,2018
2022-05-01,....Cotabato,0.85,peso,2018
2022-05-01,....South Cotabato,0.87,peso,2018
2022-05-01,....Sultan Kudarat,0.88,peso,2018
2022-05-01,....Sarangani,0.84,peso,2018
2022-05-01,....City of General Santos,0.86,peso,2018
2022-05-01,..Bangsamoro Autonomous Region in Muslim Mindanao (BARMM),0.88,peso,2018
2022-05-01,....City of Cotabato,0.85,peso,2018
2022-05-01,....Basilan,0.87,peso,2018
2022-05-01,....Lanao del Sur,0.89,peso,2018
2022-05-01,....Maguindanao,0.91,peso,2018
2022-05-01,....Sulu,0.88,peso,2018
2022-05-01,....Tawi-tawi,0.84,peso,2018
2022-05-01,..Region XIII (Caraga),0.86,peso,2018
2022-05-01,....Agusan del Norte,0.88,peso,2018
2022-05-01,....Agusan del Sur,0.87,peso,2018
2022-05-01,....Surigao del Norte,0.84,peso,2018
2022-05-01,....Surigao del Sur,0.87,peso,2018
2022-05-01,....Dinagat Islands,0.81,peso,2018
2022-05-01,....City of Butuan (Capital),0.86,peso,2018
2022-05-01,..Negros Island Region (NIR),0.85,peso,2018
2022-05-01,....Negros Occidental,0.83,peso,2018
2022-05-01,....City of Bacolod (Capital),0.87,peso,2018
2022-05-01,....Negros Oriental,0.89,peso,2018
2022-05-01,....Siquijor,0.88,peso,2018
2022-06-01,PHILIPPINES,0.87,peso,2018
2022-06-01,..National Capital Region (NCR),0.89,peso,2018
2022-06-01,..Areas Outside National Capital Region (AONCR),0.87,peso,2018
2022-06-01,..Cordillera Administrative Region (CAR),0.87,peso,2018
2022-06-01,....Abra,0.88,peso,2018
2022-06-01,....Benguet,0.87,peso,2018
2022-06-01,....Ifugao,0.86,peso,2018
2022-06-01,....Kalinga,0.84,peso,2018
2022-06-01,....Mountain Province,0.83,peso,2018
2022-06-01,....Apayao,0.87,peso,2018
2022-06-01,....City of Baguio,0.89,peso,2018
2022-06-01,..Region I (Ilocos Region),0.87,peso,2018
2022-06-01,....Ilocos Norte,0.86,peso,2018
2022-06-01,....Ilocos Sur,0.84,peso,2018
2022-06-01,....La Union,0.91,peso,2018
2022-06-01,....Pangasinan,0.87,peso,2018
2022-06-01,..Region II (Cagayan Valley),0.85,peso,2018
2022-06-01,....Batanes,0.83,peso,2018
2022-06-01,....Cagayan,0.86,peso,2018
2022-06-01,....Isabela,0.85,peso,2018
2022-06-01,....Nueva Vizcaya,0.84,peso,2018
2022-06-01,....Quirino,0.84,peso,2018
2022-06-01,..Region III (Central Luzon),0.85,peso,2018
2022-06-01,....Bataan,0.82,peso,2018
2022-06-01,....Bulacan,0.89,peso,2018
2022-06-01,....Nueva Ecija,0.84,peso,2018
2022-06-01,....Pampanga,0.85,peso,2018
2022-06-01,....Tarlac,0.84,peso,2018
2022-06-01,....Zambales,0.81,peso,2018
2022-06-01,....Aurora,0.82,peso,2018
2022-06-01,....City of Angeles,0.86,peso,2018
2022-06-01,....City of Olongapo,0.85,peso,2018
2022-06-01,..Region IV-A (CALABARZON),0.87,peso,2018
2022-06-01,....Batangas,0.87,peso,2018
2022-06-01,....Cavite,0.87,peso,2018
2022-06-01,....Laguna,0.88,peso,2018
2022-06-01,....Quezon,0.89,peso,2018
2022-06-01,....Rizal,0.85,peso,2018
2022-06-01,....City of Lucena (Capital),0.89,peso,2018
2022-06-01,..MIMAROPA Region,0.84,peso,2018
2022-06-01,....Marinduque,0.83,peso,2018
2022-06-01,....Occidental Mindoro,0.83,peso,2018
2022-06-01,....Oriental Mindoro,0.83,peso,2018
2022-06-01,....Palawan,0.86,peso,2018
2022-06-01,....Romblon,0.85,peso,2018
2022-06-01,....City of Puerto Princesa (Capital),0.86,peso,2018
2022-06-01,..Region V (Bicol Region),0.84,peso,2018
2022-06-01,....Albay,0.83,peso,2018
2022-06-01,....Camarines Norte,0.86,peso,2018
2022-06-01,....Camarines Sur,0.84,peso,2018
2022-06-01,....Catanduanes,0.84,peso,2018
2022-06-01,....Masbate,0.85,peso,2018
2022-06-01,....Sorsogon,0.85,peso,2018
2022-06-01,..Region VI (Western Visayas),0.89,peso,2018
2022-06-01,....Aklan,0.89,peso,2018
2022-06-01,....Antique,0.87,peso,2018
2022-06-01,....Capiz,0.85,peso,2018
2022-06-01,....Iloilo,0.92,peso,2018
2022-06-01,....Guimaras,0.83,peso,2018
2022-06-01,....City of Iloilo (Capital),0.88,peso,2018
2022-06-01,..Region VII (Central Visayas),0.9,peso,2018
2022-06-01,....Bohol,0.9,peso,2018
2022-06-01,....Cebu,0.88,peso,2018
2022-06-01,....City of Cebu (Capital),0.94,peso,2018
2022-06-01,....City of Lapu-Lapu,0.94,peso,2018
2022-06-01,....City of Mandaue,0.92,peso,2018
2022-06-01,..Region VIII (Eastern Visayas),0.87,peso,2018
2022-06-01,....Eastern Samar,0.88,peso,2018
2022-06-01,....Leyte,0.87,peso,2018
2022-06-01,....Northern Samar,0.86,peso,2018
2022-06-01,....Samar,0.84,peso,2018
2022-06-01,....Southern Leyte,0.87,peso,2018
2022-06-01,....Biliran,0.88,peso,2018
2022-06-01,....City of Tacloban (Capital),0.87,peso,2018
2022-06-01,..Region IX (Zamboanga Peninsula),0.88,peso,2018
2022-06-01,....Zamboanga del Norte,0.87,peso,2018
2022-06-01,....Zamboanga del Sur,0.88,peso,2018
2022-06-01,....Zamboanga Sibugay,0.89,peso,2018
2022-06-01,....City of Zamboanga,0.89,peso,2018
2022-06-01,....City of Isabela,0.93,peso,2018
2022-06-01,..Region X (Northern Mindanao),0.87,peso,2018
2022-06-01,....Bukidnon,0.87,peso,2018
2022-06-01,....Camiguin,0.85,peso,2018
2022-06-01,....Lanao del Norte,0.88,peso,2018
2022-06-01,....Misamis Occidental,0.86,peso,2018
2022-06-01,....Misamis Oriental,0.86,peso,2018
2022-06-01,....City of Iligan,0.85,peso,2018
2022-06-01,....City of Cagayan de Oro (Capital),0.87,peso,2018
2022-06-01,..Region XI (Davao Region),0.86,peso,2018
2022-06-01,....Davao del Norte,0.88,peso,2018
2022-06-01,....Davao del Sur,0.86,peso,2018
2022-06-01,....Davao Oriental,0.86,peso,2018
2022-06-01,....Davao de Oro,0.84,peso,2018
2022-06-01,....Davao Occidental,0.87,peso,2018
2022-06-01,....City of Davao,0.87,peso,2018
2022-06-01,..Region XII (SOCCSKSARGEN),0.85,peso,2018
2022-06-01,....Cotabato,0.84,peso,2018
2022-06-01,....South Cotabato,0.86,peso,2018
2022-06-01,....Sultan Kudarat,0.87,peso,2018
2022-06-01,....Sarangani,0.83,peso,2018
2022-06-01,....City of General Santos,0.86,peso,2018
2022-06-01,..Bangsamoro Autonomous Region in Muslim Mindanao (BARMM),0.88,peso,2018
2022-06-01,....City of Cotabato,0.85,peso,2018
2022-06-01,....Basilan,0.86,peso,2018
2022-06-01,....Lanao del Sur,0.88,peso,2018
2022-06-01,....Maguindanao,0.91,peso,2018
2022-06-01,....Sulu,0.89,peso,2018
2022-06-01,....Tawi-tawi,0.84,peso,2018
2022-06-01,..Region XIII (Caraga),0.85,peso,2018
2022-06-01,....Agusan del Norte,0.87,peso,2018
2022-06-01,....Agusan del Sur,0.87,peso,2018
2022-06-01,....Surigao del Norte,0.84,peso,2018
2022-06-01,....Surigao del Sur,0.86,peso,2018
2022-06-01,....Dinagat Islands,0.8,peso,2018
2022-06-01,....City of Butuan (Capital),0.85,peso,2018
2022-06-01,..Negros Island Region (NIR),0.85,peso,2018
2022-06-01,....Negros Occidental,0.83,peso,2018
2022-06-01,....City of Bacolod (Capital),0.86,peso,2018
2022-06-01,....Negros Oriental,0.89,peso,2018
2022-06-01,....Siquijor,0.87,peso,2018
2022-07-01,PHILIPPINES,0.86,peso,2018
2022-07-01,..National Capital Region (NCR),0.89,peso,2018
2022-07-01,..Areas Outside National Capital Region (AONCR),0.86,peso,2018
2022-07-01,..Cordillera Administrative Region (CAR),0.87,peso,2018
2022-07-01,....Abra,0.88,peso,2018
2022-07-01,....Benguet,0.86,peso,2018
2022-07-01,....Ifugao,0.86,peso,2018
2022-07-01,....Kalinga,0.84,peso,2018
2022-07-01,....Mountain Province,0.83,peso,2018
2022-07-01,....Apayao,0.86,peso,2018
2022-07-01,....City of Baguio,0.88,peso,2018
2022-07-01,..Region I (Ilocos Region),0.87,peso,2018
2022-07-01,....Ilocos Norte,0.85,peso,2018
2022-07-01,....Ilocos Sur,0.83,peso,2018
2022-07-01,....La Union,0.9,peso,2018
2022-07-01,....Pangasinan,0.86,peso,2018
2022-07-01,..Region II (Cagayan Valley),0.85,peso,2018
2022-07-01,....Batanes,0.82,peso,2018
2022-07-01,....Cagayan,0.85,peso,2018
2022-07-01,....Isabela,0.85,peso,2018
2022-07-01,....Nueva Vizcaya,0.83,peso,2018
2022-07-01,....Quirino,0.84,peso,2018
2022-07-01,..Region III (Central Luzon),0.84,peso,2018
2022-07-01,....Bataan,0.81,peso,2018
2022-07-01,....Bulacan,0.88,peso,2018
2022-07-01,....Nueva Ecija,0.83,peso,2018
2022-07-01,....Pampanga,0.84,peso,2018
2022-07-01,....Tarlac,0.83,peso,2018
2022-07-01,....Zambales,0.81,peso,2018
2022-07-01,....Aurora,0.82,peso,2018
2022-07-01,....City of Angeles,0.85,peso,2018
2022-07-01,....City of Olongapo,0.84,peso,2018
2022-07-01,..Region IV-A (CALABARZON),0.86,peso,2018
2022-07-01,....Batangas,0.85,peso,2018
2022-07-01,....Cavite,0.86,peso,2018
2022-07-01,....Laguna,0.88,peso,2018
2022-07-01,....Quezon,0.88,peso,2018
2022-07-01,....Rizal,0.84,peso,2018
2022-07-01,....City of Lucena (Capital),0.88,peso,2018
2022-07-01,..MIMAROPA Region,0.83,peso,2018
2022-07-01,....Marinduque,0.82,peso,2018
2022-07-01,....Occidental Mindoro,0.82,peso,2018
2022-07-01,....Oriental Mindoro,0.81,peso,2018
2022-07-01,....Palawan,0.85,peso,2018
2022-07-01,....Romblon,0.84,peso,2018
2022-07-01,....City of Puerto Princesa (Capital),0.85,peso,2018
2022-07-01,..Region V (Bicol Region),0.83,peso,2018
2022-07-01,....Albay,0.82,peso,2018
2022-07-01,....Camarines Norte,0.85,peso,2018
2022-07-01,....Camarines Sur,0.83,peso,2018
2022-07-01,....Catanduanes,0.83,peso,2018
2022-07-01,....Masbate,0.84,peso,2018
2022-07-01,....Sorsogon,0.85,peso,2018
2022-07-01,..Region VI (Western Visayas),0.88,peso,2018
2022-07-01,....Aklan,0.88,peso,2018
2022-07-01,....Antique,0.86,peso,2018
2022-07-01,....Capiz,0.84,peso,2018
2022-07-01,....Iloilo,0.9,peso,2018
2022-07-01,....Guimaras,0.82,peso,2018
2022-07-01,....City of Iloilo (Capital),0.86,peso,2018
2022-07-01,..Region VII (Central Visayas),0.9,peso,2018
2022-07-01,....Bohol,0.89,peso,2018
2022-07-01,....Cebu,0.87,peso,2018
2022-07-01,....City of Cebu (Capital),0.93,peso,2018
2022-07-01,....City of Lapu-Lapu,0.93,peso,2018
2022-07-01,....City of Mandaue,0.92,peso,2018
2022-07-01,..Region VIII (Eastern Visayas),0.86,peso,2018
2022-07-01,....Eastern Samar,0.87,peso,2018
2022-07-01,....Leyte,0.86,peso,2018
2022-07-01,....Northern Samar,0.85,peso,2018
2022-07-01,....Samar,0.84,peso,2018
2022-07-01,....Southern Leyte,0.86,peso,2018
2022-07-01,....Biliran,0.88,peso,2018
2022-07-01,....City of Tacloban (Capital),0.87,peso,2018
2022-07-01,..Region IX (Zamboanga Peninsula),0.87,peso,2018
2022-07-01,....Zamboanga del Norte,0.86,peso,2018
2022-07-01,....Zamboanga del Sur,0.87,peso,2018
2022-07-01,....Zamboanga Sibugay,0.87,peso,2018
2022-07-01,....City of Zamboanga,0.89,peso,2018
2022-07-01,....City of Isabela,0.92,peso,2018
2022-07-01,..Region X (Northern Mindanao),0.86,peso,2018
2022-07-01,....Bukidnon,0.87,peso,2018
2022-07-01,....Camiguin,0.84,peso,2018
2022-07-01,....Lanao del Norte,0.87,peso,2018
2022-07-01,....Misamis Occidental,0.85,peso,2018
2022-07-01,....Misamis Oriental,0.85,peso,2018
2022-07-01,....City of Iligan,0.83,peso,2018
2022-07-01,....City of Cagayan de Oro (Capital),0.86,peso,2018
2022-07-01,..Region XI (Davao Region),0.85,peso,2018
2022-07-01,....Davao del Norte,0.87,peso,2018
2022-07-01,....Davao del Sur,0.84,peso,2018
2022-07-01,....Davao Oriental,0.84,peso,2018
2022-07-01,....Davao de Oro,0.83,peso,2018
2022-07-01,....Davao Occidental,0.86,peso,2018
2022-07-01,....City of Davao,0.85,peso,2018
2022-07-01,..Region XII (SOCCSKSARGEN),0.84,peso,2018
2022-07-01,....Cotabato,0.83,peso,2018
2022-07-01,....South Cotabato,0.85,peso,2018
2022-07-01,....Sultan Kudarat,0.87,peso,2018
2022-07-01,....Sarangani,0.82,peso,2018
2022-07-01,....City of General Santos,0.84,peso,2018
2022-07-01,..Bangsamoro Autonomous Region in Muslim Mindanao (BARMM),0.87,peso,2018
2022-07-01,....City of Cotabato,0.84,peso,2018
2022-07-01,....Basilan,0.84,peso,2018
2022-07-01,....Lanao del Sur,0.87,peso,2018
2022-07-01,....Maguindanao,0.9,peso,2018
2022-07-01,....Sulu,0.89,peso,2018
2022-07-01,....Tawi-tawi,0.83,peso,2018
2022-07-01,..Region XIII (Caraga),0.85,peso,2018
2022-07-01,....Agusan del Norte,0.86,peso,2018
2022-07-01,....Agusan del Sur,0.86,peso,2018
2022-07-01,....Surigao del Norte,0.84,peso,2018
2022-07-01,....Surigao del Sur,0.85,peso,2018
2022-07-01,....Dinagat Islands,0.78,peso,2018
2022-07-01,....City of Butuan (Capital),0.85,peso,2018
2022-07-01,..Negros Island Region (NIR),0.84,peso,2018
2022-07-01,....Negros Occidental,0.82,peso,2018
2022-07-01,....City of Bacolod (Capital),0.86,peso,2018
2022-07-01,....Negros Oriental,0.88,peso,2018
2022-07-01,....Siquijor,0.85,peso,2018
2022-08-01,PHILIPPINES,0.86,peso,2018
2022-08-01,..National Capital Region (NCR),0.88,peso,2018
2022-08-01,..Areas Outside National Capital Region (AONCR),0.85,peso,2018
2022-08-01,..Cordillera Administrative Region (CAR),0.86,peso,2018
2022-08-01,....Abra,0.85,peso,2018
2022-08-01,....Benguet,0.86,peso,2018
2022-08-01,....Ifugao,0.85,peso,2018
2022-08-01,....Kalinga,0.84,peso,2018
2022-08-01,....Mountain Province,0.82,peso,2018
2022-08-01,....Apayao,0.85,peso,2018
2022-08-01,....City of Baguio,0.88,peso,2018
2022-08-01,..Region I (Ilocos Region),0.86,peso,2018
2022-08-01,....Ilocos Norte,0.85,peso,2018
2022-08-01,....Ilocos Sur,0.83,peso,2018
2022-08-01,....La Union,0.91,peso,2018
2022-08-01,....Pangasinan,0.85,peso,2018
2022-08-01,..Region II (Cagayan Valley),0.85,peso,2018
2022-08-01,....Batanes,0.81,peso,2018
2022-08-01,....Cagayan,0.86,peso,2018
2022-08-01,....Isabela,0.85,peso,2018
2022-08-01,....Nueva Vizcaya,0.82,peso,2018
2022-08-01,....Quirino,0.82,peso,2018
2022-08-01,..Region III (Central Luzon),0.84,peso,2018
2022-08-01,....Bataan,0.8,peso,2018
2022-08-01,....Bulacan,0.89,peso,2018
2022-08-01,....Nueva Ecija,0.83,peso,2018
2022-08-01,....Pampanga,0.83,peso,2018
2022-08-01,....Tarlac,0.83,peso,2018
2022-08-01,....Zambales,0.8,peso,2018
2022-08-01,....Aurora,0.81,peso,2018
2022-08-01,....City of Angeles,0.85,peso,2018
2022-08-01,....City of Olongapo,0.84,peso,2018
2022-08-01,..Region IV-A (CALABARZON),0.86,peso,2018
2022-08-01,....Batangas,0.84,peso,2018
2022-08-01,....Cavite,0.86,peso,2018
2022-08-01,....Laguna,0.88,peso,2018
2022-08-01,....Quezon,0.87,peso,2018
2022-08-01,....Rizal,0.85,peso,2018
2022-08-01,....City of Lucena (Capital),0.87,peso,2018
2022-08-01,..MIMAROPA Region,0.83,peso,2018
2022-08-01,....Marinduque,0.82,peso,2018
2022-08-01,....Occidental Mindoro,0.82,peso,2018
2022-08-01,....Oriental Mindoro,0.81,peso,2018
2022-08-01,....Palawan,0.84,peso,2018
2022-08-01,....Romblon,0.84,peso,2018
2022-08-01,....City of Puerto Princesa (Capital),0.85,peso,2018
2022-08-01,..Region V (Bicol Region),0.83,peso,2018
2022-08-01,....Albay,0.82,peso,2018
2022-08-01,....Camarines Norte,0.85,peso,2018
2022-08-01,....Camarines Sur,0.82,peso,2018
2022-08-01,....Catanduanes,0.83,peso,2018
2022-08-01,....Masbate,0.83,peso,2018
2022-08-01,....Sorsogon,0.84,peso,2018
2022-08-01,..Region VI (Western Visayas),0.87,peso,2018
2022-08-01,....Aklan,0.87,peso,2018
2022-08-01,....Antique,0.85,peso,2018
2022-08-01,....Capiz,0.84,peso,2018
2022-08-01,....Iloilo,0.9,peso,2018
2022-08-01,....Guimaras,0.82,peso,2018
2022-08-01,....City of Iloilo (Capital),0.86,peso,2018
2022-08-01,..Region VII (Central Visayas),0.89,peso,2018
2022-08-01,....Bohol,0.88,peso,2018
2022-08-01,....Cebu,0.87,peso,2018
2022-08-01,....City of Cebu (Capital),0.93,peso,2018
2022-08-01,....City of Lapu-Lapu,0.94,peso,2018
2022-08-01,....City of Mandaue,0.92,peso,2018
2022-08-01,..Region VIII (Eastern Visayas),0.86,peso,2018
2022-08-01,....Eastern Samar,0.86,peso,2018
2022-08-01,....Leyte,0.86,peso,2018
2022-08-01,....Northern Samar,0.85,peso,2018
2022-08-01,....Samar,0.84,peso,2018
2022-08-01,....Southern Leyte,0.86,peso,2018
2022-08-01,....Biliran,0.87,peso,2018
2022-08-01,....City of Tacloban (Capital),0.88,peso,2018
2022-08-01,..Region IX (Zamboanga Peninsula),0.87,peso,2018
2022-08-01,....Zamboanga del Norte,0.87,peso,2018
2022-08-01,....Zamboanga del Sur,0.86,peso,2018
2022-08-01,....Zamboanga Sibugay,0.86,peso,2018
2022-08-01,....City of Zamboanga,0.89,peso,2018
2022-08-01,....City of Isabela,0.89,peso,2018
2022-08-01,..Region X (Northern Mindanao),0.85,peso,2018
2022-08-01,....Bukidnon,0.86,peso,2018
2022-08-01,....Camiguin,0.84,peso,2018
2022-08-01,....Lanao del Norte,0.87,peso,2018
2022-08-01,....Misamis Occidental,0.85,peso,2018
2022-08-01,....Misamis Oriental,0.85,peso,2018
2022-08-01,....City of Iligan,0.83,peso,2018
2022-08-01,....City of Cagayan de Oro (Capital),0.86,peso,2018
2022-08-01,..Region XI (Davao Region),0.85,peso,2018
2022-08-01,....Davao del Norte,0.87,peso,2018
2022-08-01,....Davao del Sur,0.84,peso,2018
2022-08-01,....Davao Oriental,0.84,peso,2018
2022-08-01,....Davao de Oro,0.83,peso,2018
2022-08-01,....Davao Occidental,0.85,peso,2018
2022-08-01,....City of Davao,0.85,peso,2018
2022-08-01,..Region XII (SOCCSKSARGEN),0.84,peso,2018
2022-08-01,....Cotabato,0.83,peso,2018
2022-08-01,....South Cotabato,0.84,peso,2018
2022-08-01,....Sultan Kudarat,0.87,peso,2018
2022-08-01,....Sarangani,0.82,peso,2018
2022-08-01,....City of General Santos,0.84,peso,2018
2022-08-01,..Bangsamoro Autonomous Region in Muslim Mindanao (BARMM),0.86,peso,2018
2022-08-01,....City of Cotabato,0.84,peso,2018
2022-08-01,....Basilan,0.83,peso,2018
2022-08-01,....Lanao del Sur,0.87,peso,2018
2022-08-01,....Maguindanao,0.89,peso,2018
2022-08-01,....Sulu,0.87,peso,2018
2022-08-01,....Tawi-tawi,0.82,peso,2018
2022-08-01,..Region XIII (Caraga),0.85,peso,2018
2022-08-01,....Agusan del Norte,0.86,peso,2018
2022-08-01,....Agusan del Sur,0.86,peso,2018
2022-08-01,....Surigao del Norte,0.83,peso,2018
2022-08-01,....Surigao del Sur,0.85,peso,2018
2022-08-01,....Dinagat Islands,0.79,peso,2018
2022-08-01,....City of Butuan (Capital),0.84,peso,2018
2022-08-01,..Negros Island Region (NIR),0.84,peso,2018
2022-08-01,....Negros Occidental,0.82,peso,2018
2022-08-01,....City of Bacolod (Capital),0.84,peso,2018
2022-08-01,....Negros Oriental,0.88,peso,2018
2022-08-01,....Siquijor,0.86,peso,2018
2022-09-01,PHILIPPINES,0.86,peso,2018
2022-09-01,..National Capital Region (NCR),0.88,peso,2018
2022-09-01,..Areas Outside National Capital Region (AONCR),0.85,peso,2018
2022-09-01,..Cordillera Administrative Region (CAR),0.86,peso,2018
2022-09-01,....Abra,0.85,peso,2018
2022-09-01,....Benguet,0.85,peso,2018
2022-09-01,....Ifugao,0.84,peso,2018
2022-09-01,....Kalinga,0.83,peso,2018
2022-09-01,....Mountain Province,0.81,peso,2018
2022-09-01,....Apayao,0.85,peso,2018
2022-09-01,....City of Baguio,0.88,peso,2018
2022-09-01,..Region I (Ilocos Region),0.85,peso,2018
2022-09-01,....Ilocos Norte,0.83,peso,2018
2022-09-01,....Ilocos Sur,0.82,peso,2018
2022-09-01,....La Union,0.9,peso,2018
2022-09-01,....Pangasinan,0.85,peso,2018
2022-09-01,..Region II (Cagayan Valley),0.84,peso,2018
2022-09-01,....Batanes,0.82,peso,2018
2022-09-01,....Cagayan,0.85,peso,2018
2022-09-01,....Isabela,0.85,peso,2018
2022-09-01,....Nueva Vizcaya,0.82,peso,2018
2022-09-01,....Quirino,0.82,peso,2018
2022-09-01,..Region III (Central Luzon),0.84,peso,2018
2022-09-01,....Bataan,0.8,peso,2018
2022-09-01,....Bulacan,0.89,peso,2018
2022-09-01,....Nueva Ecija,0.82,peso,2018
2022-09-01,....Pampanga,0.83,peso,2018
2022-09-01,....Tarlac,0.82,peso,2018
2022-09-01,....Zambales,0.79,peso,2018
2022-09-01,....Aurora,0.81,peso,2018
2022-09-01,....City of Angeles,0.85,peso,2018
2022-09-01,....City of Olongapo,0.83,peso,2018
2022-09-01,..Region IV-A (CALABARZON),0.85,peso,2018
2022-09-01,....Batangas,0.84,peso,2018
2022-09-01,....Cavite,0.85,peso,2018
2022-09-01,....Laguna,0.87,peso,2018
2022-09-01,....Quezon,0.87,peso,2018
2022-09-01,....Rizal,0.84,peso,2018
2022-09-01,....City of Lucena (Capital),0.87,peso,2018
2022-09-01,..MIMAROPA Region,0.82,peso,2018
2022-09-01,....Marinduque,0.81,peso,2018
2022-09-01,....Occidental Mindoro,0.81,peso,2018
2022-09-01,....Oriental Mindoro,0.8,peso,2018
2022-09-01,....Palawan,0.84,peso,2018
2022-09-01,....Romblon,0.84,peso,2018
2022-09-01,....City of Puerto Princesa (Capital),0.85,peso,2018
2022-09-01,..Region V (Bicol Region),0.82,peso,2018
2022-09-01,....Albay,0.81,peso,2018
2022-09-01,....Camarines Norte,0.84,peso,2018
2022-09-01,....Camarines Sur,0.82,peso,2018
2022-09-01,....Catanduanes,0.83,peso,2018
2022-09-01,....Masbate,0.84,peso,2018
2022-09-01,....Sorsogon,0.83,peso,2018
2022-09-01,..Region VI (Western Visayas),0.87,peso,2018
2022-09-01,....Aklan,0.87,peso,2018
2022-09-01,....Antique,0.84,peso,2018
2022-09-01,....Capiz,0.84,peso,2018
2022-09-01,....Iloilo,0.9,peso,2018
2022-09-01,....Guimaras,0.83,peso,2018
2022-09-01,....City of Iloilo (Capital),0.86,peso,2018
2022-09-01,..Region VII (Central Visayas),0.88,peso,2018
2022-09-01,....Bohol,0.87,peso,2018
2022-09-01,....Cebu,0.86,peso,2018
2022-09-01,....City of Cebu (Capital),0.92,peso,2018
2022-09-01,....City of Lapu-Lapu,0.92,peso,2018
2022-09-01,....City of Mandaue,0.92,peso,2018
2022-09-01,..Region VIII (Eastern Visayas),0.86,peso,2018
2022-09-01,....Eastern Samar,0.86,peso,2018
2022-09-01,....Leyte,0.87,peso,2018
2022-09-01,....Northern Samar,0.85,peso,2018
2022-09-01,....Samar,0.83,peso,2018
2022-09-01,....Southern Leyte,0.86,peso,2018
2022-09-01,....Biliran,0.87,peso,2018
2022-09-01,....City of Tacloban (Capital),0.88,peso,2018
2022-09-01,..Region IX (Zamboanga Peninsula),0.87,peso,2018
2022-09-01,....Zamboanga del Norte,0.87,peso,2018
2022-09-01,....Zamboanga del Sur,0.85,peso,2018
2022-09-01,....Zamboanga Sibugay,0.85,peso,2018
2022-09-01,....City of Zamboanga,0.88,peso,2018
2022-09-01,....City of Isabela,0.89,peso,2018
2022-09-01,..Region X (Northern Mindanao),0.85,peso,2018
2022-09-01,....Bukidnon,0.86,peso,2018
2022-09-01,....Camiguin,0.83,peso,2018
2022-09-01,....Lanao del Norte,0.86,peso,2018
2022-09-01,....Misamis Occidental,0.84,peso,2018
2022-09-01,....Misamis Oriental,0.84,peso,2018
2022-09-01,....City of Iligan,0.84,peso,2018
2022-09-01,....City of Cagayan de Oro (Capital),0.85,peso,2018
2022-09-01,..Region XI (Davao Region),0.84,peso,2018
2022-09-01,....Davao del Norte,0.86,peso,2018
2022-09-01,....Davao del Sur,0.83,peso,2018
2022-09-01,....Davao Oriental,0.84,peso,2018
2022-09-01,....Davao de Oro,0.82,peso,2018
2022-09-01,....Davao Occidental,0.86,peso,2018
2022-09-01,....City of Davao,0.84,peso,2018
2022-09-01,..Region XII (SOCCSKSARGEN),0.84,peso,2018
2022-09-01,....Cotabato,0.82,peso,2018
2022-09-01,....South Cotabato,0.84,peso,2018
2022-09-01,....Sultan Kudarat,0.87,peso,2018
2022-09-01,....Sarangani,0.82,peso,2018
2022-09-01,....City of General Santos,0.84,peso,2018
2022-09-01,..Bangsamoro Autonomous Region in Muslim Mindanao (BARMM),0.86,peso,2018
2022-09-01,....City of Cotabato,0.85,peso,2018
2022-09-01,....Basilan,0.82,peso,2018
2022-09-01,....Lanao del Sur,0.86,peso,2018
2022-09-01,....Maguindanao,0.89,peso,2018
2022-09-01,....Sulu,0.84,peso,2018
2022-09-01,....Tawi-tawi,0.81,peso,2018
2022-09-01,..Region XIII (Caraga),0.84,peso,2018
2022-09-01,....Agusan del Norte,0.86,peso,2018
2022-09-01,....Agusan del Sur,0.85,peso,2018
2022-09-01,....Surigao del Norte,0.83,peso,2018
2022-09-01,....Surigao del Sur,0.85,peso,2018
2022-09-01,....Dinagat Islands,0.79,peso,2018
2022-09-01,....City of Butuan (Capital),0.84,peso,2018
2022-09-01,..Negros Island Region (NIR),0.83,peso,2018
2022-09-01,....Negros Occidental,0.81,peso,2018
2022-09-01,....City of Bacolod (Capital),0.84,peso,2018
2022-09-01,....Negros Oriental,0.87,peso,2018
2022-09-01,....Siquijor,0.85,peso,2018
2022-10-01,PHILIPPINES,0.85,peso,2018
2022-10-01,..National Capital Region (NCR),0.87,peso,2018
2022-10-01,..Areas Outside National Capital Region (AONCR),0.84,peso,2018
2022-10-01,..Cordillera Administrative Region (CAR),0.85,peso,2018
2022-10-01,....Abra,0.85,peso,2018
2022-10-01,....Benguet,0.84,peso,2018
2022-10-01,....Ifugao,0.85,peso,2018
2022-10-01,....Kalinga,0.83,peso,2018
2022-10-01,....Mountain Province,0.8,peso,2018
2022-10-01,....Apayao,0.84,peso,2018
2022-10-01,....City of Baguio,0.87,peso,2018
2022-10-01,..Region I (Ilocos Region),0.85,peso,2018
2022-10-01,....Ilocos Norte,0.83,peso,2018
2022-10-01,....Ilocos Sur,0.82,peso,2018
2022-10-01,....La Union,0.9,peso,2018
2022-10-01,....Pangasinan,0.84,peso,2018
2022-10-01,..Region II (Cagayan Valley),0.84,peso,2018
2022-10-01,....Batanes,0.81,peso,2018
2022-10-01,....Cagayan,0.84,peso,2018
2022-10-01,....Isabela,0.84,peso,2018
2022-10-01,....Nueva Vizcaya,0.82,peso,2018
2022-10-01,....Quirino,0.82,peso,2018
2022-10-01,..Region III (Central Luzon),0.83,peso,2018
2022-10-01,....Bataan,0.79,peso,2018
2022-10-01,....Bulacan,0.88,peso,2018
2022-10-01,....Nueva Ecija,0.81,peso,2018
2022-10-01,....Pampanga,0.81,peso,2018
2022-10-01,....Tarlac,0.82,peso,2018
2022-10-01,....Zambales,0.8,peso,2018
2022-10-01,....Aurora,0.8,peso,2018
2022-10-01,....City of Angeles,0.84,peso,2018
2022-10-01,....City of Olongapo,0.83,peso,2018
2022-10-01,..Region IV-A (CALABARZON),0.85,peso,2018
2022-10-01,....Batangas,0.83,peso,2018
2022-10-01,....Cavite,0.85,peso,2018
2022-10-01,....Laguna,0.87,peso,2018
2022-10-01,....Quezon,0.86,peso,2018
2022-10-01,....Rizal,0.83,peso,2018
2022-10-01,....City of Lucena (Capital),0.86,peso,2018
2022-10-01,..MIMAROPA Region,0.82,peso,2018
2022-10-01,....Marinduque,0.81,peso,2018
2022-10-01,....Occidental Mindoro,0.81,peso,2018
2022-10-01,....Oriental Mindoro,0.79,peso,2018
2022-10-01,....Palawan,0.84,peso,2018
2022-10-01,....Romblon,0.83,peso,2018
2022-10-01,....City of Puerto Princesa (Capital),0.85,peso,2018
2022-10-01,..Region V (Bicol Region),0.82,peso,2018
2022-10-01,....Albay,0.81,peso,2018
2022-10-01,....Camarines Norte,0.83,peso,2018
2022-10-01,....Camarines Sur,0.81,peso,2018
2022-10-01,....Catanduanes,0.82,peso,2018
2022-10-01,....Masbate,0.84,peso,2018
2022-10-01,....Sorsogon,0.84,peso,2018
2022-10-01,..Region VI (Western Visayas),0.86,peso,2018
2022-10-01,....Aklan,0.86,peso,2018
2022-10-01,....Antique,0.84,peso,2018
2022-10-01,....Capiz,0.83,peso,2018
2022-10-01,....Iloilo,0.89,peso,2018
2022-10-01,....Guimaras,0.82,peso,2018
2022-10-01,....City of Iloilo (Capital),0.83,peso,2018
2022-10-01,..Region VII (Central Visayas),0.89,peso,2018
2022-10-01,....Bohol,0.87,peso,2018
2022-10-01,....Cebu,0.87,peso,2018
2022-10-01,....City of Cebu (Capital),0.92,peso,2018
2022-10-01,....City of Lapu-Lapu,0.92,peso,2018
2022-10-01,....City of Mandaue,0.92,peso,2018
2022-10-01,..Region VIII (Eastern Visayas),0.85,peso,2018
2022-10-01,....Eastern Samar,0.85,peso,2018
2022-10-01,....Leyte,0.86,peso,2018
2022-10-01,....Northern Samar,0.85,peso,2018
2022-10-01,....Samar,0.82,peso,2018
2022-10-01,....Southern Leyte,0.85,peso,2018
2022-10-01,....Biliran,0.87,peso,2018
2022-10-01,....City of Tacloban (Capital),0.87,peso,2018
2022-10-01,..Region IX (Zamboanga Peninsula),0.86,peso,2018
2022-10-01,....Zamboanga del Norte,0.86,peso,2018
2022-10-01,....Zamboanga del Sur,0.85,peso,2018
2022-10-01,....Zamboanga Sibugay,0.85,peso,2018
2022-10-01,....City of Zamboanga,0.88,peso,2018
2022-10-01,....City of Isabela,0.91,peso,2018
2022-10-01,..Region X (Northern Mindanao),0.85,peso,2018
2022-10-01,....Bukidnon,0.85,peso,2018
2022-10-01,....Camiguin,0.83,peso,2018
2022-10-01,....Lanao del Norte,0.86,peso,2018
2022-10-01,....Misamis Occidental,0.84,peso,2018
2022-10-01,....Misamis Oriental,0.84,peso,2018
2022-10-01,....City of Iligan,0.84,peso,2018
2022-10-01,....City of Cagayan de Oro (Capital),0.85,peso,2018
2022-10-01,..Region XI (Davao Region),0.84,peso,2018
2022-10-01,....Davao del Norte,0.86,peso,2018
2022-10-01,....Davao del Sur,0.83,peso,2018
2022-10-01,....Davao Oriental,0.84,peso,2018
2022-10-01,....Davao de Oro,0.82,peso,2018
2022-10-01,....Davao Occidental,0.85,peso,2018
2022-10-01,....City of Davao,0.84,peso,2018
2022-10-01,..Region XII (SOCCSKSARGEN),0.84,peso,2018
2022-10-01,....Cotabato,0.83,peso,2018
2022-10-01,....South Cotabato,0.85,peso,2018
2022-10-01,....Sultan Kudarat,0.87,peso,2018
2022-10-01,....Sarangani,0.82,peso,2018
2022-10-01,....City of General Santos,0.84,peso,2018
2022-10-01,..Bangsamoro Autonomous Region in Muslim Mindanao (BARMM),0.85,peso,2018
2022-10-01,....City of Cotabato,0.84,peso,2018
2022-10-01,....Basilan,0.81,peso,2018
2022-10-01,....Lanao del Sur,0.85,peso,2018
2022-10-01,....Maguindanao,0.89,peso,2018
2022-10-01,....Sulu,0.82,peso,2018
2022-10-01,....Tawi-tawi,0.82,peso,2018
2022-10-01,..Region XIII (Caraga),0.84,peso,2018
2022-10-01,....Agusan del Norte,0.86,peso,2018
2022-10-01,....Agusan del Sur,0.85,peso,2018
2022-10-01,....Surigao del Norte,0.84,peso,2018
2022-10-01,....Surigao del Sur,0.85,peso,2018
2022-10-01,....Dinagat Islands,0.79,peso,2018
2022-10-01,....City of Butuan (Capital),0.84,peso,2018
2022-10-01,..Negros Island Region (NIR),0.83,peso,2018
2022-10-01,....Negros Occidental,0.81,peso,2018
2022-10-01,....City of Bacolod (Capital),0.84,peso,2018
2022-10-01,....Negros Oriental,0.86,peso,2018
2022-10-01,....Siquijor,0.84,peso,2018
2022-11-01,PHILIPPINES,0.84,peso,2018
2022-11-01,..National Capital Region (NCR),0.86,peso,2018
2022-11-01,..Areas Outside National Capital Region (AONCR),0.84,peso,2018
2022-11-01,..Cordillera Administrative Region (CAR),0.84,peso,2018
2022-11-01,....Abra,0.84,peso,2018
2022-11-01,....Benguet,0.83,peso,2018
2022-11-01,....Ifugao,0.84,peso,2018
2022-11-01,....Kalinga,0.81,peso,2018
2022-11-01,....Mountain Province,0.8,peso,2018
2022-11-01,....Apayao,0.83,peso,2018
2022-11-01,....City of Baguio,0.86,peso,2018
2022-11-01,..Region I (Ilocos Region),0.84,peso,2018
2022-11-01,....Ilocos Norte,0.83,peso,2018
2022-11-01,....Ilocos Sur,0.8,peso,2018
2022-11-01,....La Union,0.89,peso,2018
2022-11-01,....Pangasinan,0.84,peso,2018
2022-11-01,..Region II (Cagayan Valley),0.83,peso,2018
2022-11-01,....Batanes,0.81,peso,2018
2022-11-01,....Cagayan,0.83,peso,2018
2022-11-01,....Isabela,0.83,peso,2018
2022-11-01,....Nueva Vizcaya,0.81,peso,2018
2022-11-01,....Quirino,0.81,peso,2018
2022-11-01,..Region III (Central Luzon),0.82,peso,2018
2022-11-01,....Bataan,0.78,peso,2018
2022-11-01,....Bulacan,0.87,peso,2018
2022-11-01,....Nueva Ecija,0.81,peso,2018
2022-11-01,....Pampanga,0.8,peso,2018
2022-11-01,....Tarlac,0.81,peso,2018
2022-11-01,....Zambales,0.79,peso,2018
2022-11-01,....Aurora,0.8,peso,2018
2022-11-01,....City of Angeles,0.82,peso,2018
2022-11-01,....City of Olongapo,0.82,peso,2018
2022-11-01,..Region IV-A (CALABARZON),0.84,peso,2018
2022-11-01,....Batangas,0.83,peso,2018
2022-11-01,....Cavite,0.84,peso,2018
2022-11-01,....Laguna,0.86,peso,2018
2022-11-01,....Quezon,0.85,peso,2018
2022-11-01,....Rizal,0.81,peso,2018
2022-11-01,....City of Lucena (Capital),0.85,peso,2018
2022-11-01,..MIMAROPA Region,0.81,peso,2018
2022-11-01,....Marinduque,0.79,peso,2018
2022-11-01,....Occidental Mindoro,0.8,peso,2018
2022-11-01,....Oriental Mindoro,0.78,peso,2018
2022-11-01,....Palawan,0.83,peso,2018
2022-11-01,....Romblon,0.83,peso,2018
2022-11-01,....City of Puerto Princesa (Capital),0.84,peso,2018
2022-11-01,..Region V (Bicol Region),0.81,peso,2018
2022-11-01,....Albay,0.8,peso,2018
2022-11-01,....Camarines Norte,0.82,peso,2018
2022-11-01,....Camarines Sur,0.81,peso,2018
2022-11-01,....Catanduanes,0.82,peso,2018
2022-11-01,....Masbate,0.83,peso,2018
2022-11-01,....Sorsogon,0.83,peso,2018
2022-11-01,..Region VI (Western Visayas),0.85,peso,2018
2022-11-01,....Aklan,0.85,peso,2018
2022-11-01,....Antique,0.84,peso,2018
2022-11-01,....Capiz,0.83,peso,2018
2022-11-01,....Iloilo,0.88,peso,2018
2022-11-01,....Guimaras,0.82,peso,2018
2022-11-01,....City of Iloilo (Capital),0.82,peso,2018
2022-11-01,..Region VII (Central Visayas),0.88,peso,2018
2022-11-01,....Bohol,0.86,peso,2018
2022-11-01,....Cebu,0.86,peso,2018
2022-11-01,....City of Cebu (Capital),0.92,peso,2018
2022-11-01,....City of Lapu-Lapu,0.91,peso,2018
2022-11-01,....City of Mandaue,0.91,peso,2018
2022-11-01,..Region VIII (Eastern Visayas),0.84,peso,2018
2022-11-01,....Eastern Samar,0.85,peso,2018
2022-11-01,....Leyte,0.85,peso,2018
2022-11-01,....Northern Samar,0.84,peso,2018
2022-11-01,....Samar,0.82,peso,2018
2022-11-01,....Southern Leyte,0.85,peso,2018
2022-11-01,....Biliran,0.87,peso,2018
2022-11-01,....City of Tacloban (Capital),0.87,peso,2018
2022-11-01,..Region IX (Zamboanga Peninsula),0.86,peso,2018
2022-11-01,....Zamboanga del Norte,0.86,peso,2018
2022-11-01,....Zamboanga del Sur,0.84,peso,2018
2022-11-01,....Zamboanga Sibugay,0.85,peso,2018
2022-11-01,....City of Zamboanga,0.87,peso,2018
2022-11-01,....City of Isabela,0.91,peso,2018
2022-11-01,..Region X (Northern Mindanao),0.84,peso,2018
2022-11-01,....Bukidnon,0.85,peso,2018
2022-11-01,....Camiguin,0.82,peso,2018
2022-11-01,....Lanao del Norte,0.86,peso,2018
2022-11-01,....Misamis Occidental,0.83,peso,2018
2022-11-01,....Misamis Oriental,0.83,peso,2018
2022-11-01,....City of Iligan,0.84,peso,2018
2022-11-01,....City of Cagayan de Oro (Capital),0.84,peso,2018
2022-11-01,..Region XI (Davao Region),0.84,peso,2018
2022-11-01,....Davao del Norte,0.86,peso,2018
2022-11-01,....Davao del Sur,0.82,peso,2018
2022-11-01,....Davao Oriental,0.84,peso,2018
2022-11-01,....Davao de Oro,0.82,peso,2018
2022-11-01,....Davao Occidental,0.85,peso,2018
2022-11-01,....City of Davao,0.83,peso,2018
2022-11-01,..Region XII (SOCCSKSARGEN),0.84,peso,2018
2022-11-01,....Cotabato,0.82,peso,2018
2022-11-01,....South Cotabato,0.84,peso,2018
2022-11-01,....Sultan Kudarat,0.86,peso,2018
2022-11-01,....Sarangani,0.81,peso,2018
2022-11-01,....City of General Santos,0.84,peso,2018
2022-11-01,..Bangsamoro Autonomous Region in Muslim Mindanao (BARMM),0.85,peso,2018
2022-11-01,....City of Cotabato,0.83,peso,2018
2022-11-01,....Basilan,0.82,peso,2018
2022-11-01,....Lanao del Sur,0.85,peso,2018
2022-11-01,....Maguindanao,0.89,peso,2018
2022-11-01,....Sulu,0.84,peso,2018
2022-11-01,....Tawi-tawi,0.83,peso,2018
2022-11-01,..Region XIII (Caraga),0.84,peso,2018
2022-11-01,....Agusan del Norte,0.86,peso,2018
2022-11-01,....Agusan del Sur,0.84,peso,2018
2022-11-01,....Surigao del Norte,0.83,peso,2018
2022-11-01,....Surigao del Sur,0.85,peso,2018
2022-11-01,....Dinagat Islands,0.78,peso,2018
2022-11-01,....City of Butuan (Capital),0.84,peso,2018
2022-11-01,..Negros Island Region (NIR),0.81,peso,2018
2022-11-01,....Negros Occidental,0.78,peso,2018
2022-11-01,....City of Bacolod (Capital),0.81,peso,2018
2022-11-01,....Negros Oriental,0.85,peso,2018
2022-11-01,....Siquijor,0.84,peso,2018
2022-12-01,PHILIPPINES,0.84,peso,2018
2022-12-01,..National Capital Region (NCR),0.86,peso,2018
2022-12-01,..Areas Outside National Capital Region (AONCR),0.83,peso,2018
2022-12-01,..Cordillera Administrative Region (CAR),0.84,peso,2018
2022-12-01,....Abra,0.84,peso,2018
2022-12-01,....Benguet,0.83,peso,2018
2022-12-01,....Ifugao,0.84,peso,2018
2022-12-01,....Kalinga,0.81,peso,2018
2022-12-01,....Mountain Province,0.79,peso,2018
2022-12-01,....Apayao,0.83,peso,2018
2022-12-01,....City of Baguio,0.86,peso,2018
2022-12-01,..Region I (Ilocos Region),0.84,peso,2018
2022-12-01,....Ilocos Norte,0.83,peso,2018
2022-12-01,....Ilocos Sur,0.8,peso,2018
2022-12-01,....La Union,0.89,peso,2018
2022-12-01,....Pangasinan,0.83,peso,2018
2022-12-01,..Region II (Cagayan Valley),0.82,peso,2018
2022-12-01,....Batanes,0.8,peso,2018
2022-12-01,....Cagayan,0.82,peso,2018
2022-12-01,....Isabela,0.83,peso,2018
2022-12-01,....Nueva Vizcaya,0.8,peso,2018
2022-12-01,....Quirino,0.81,peso,2018
2022-12-01,..Region III (Central Luzon),0.82,peso,2018
2022-12-01,....Bataan,0.78,peso,2018
2022-12-01,....Bulacan,0.86,peso,2018
2022-12-01,....Nueva Ecija,0.81,peso,2018
2022-12-01,....Pampanga,0.8,peso,2018
2022-12-01,....Tarlac,0.81,peso,2018
2022-12-01,....Zambales,0.79,peso,2018
2022-12-01,....Aurora,0.79,peso,2018
2022-12-01,....City of Angeles,0.82,peso,2018
2022-12-01,....City of Olongapo,0.82,peso,2018
2022-12-01,..Region IV-A (CALABARZON),0.84,peso,2018
2022-12-01,....Batangas,0.83,peso,2018
2022-12-01,....Cavite,0.83,peso,2018
2022-12-01,....Laguna,0.86,peso,2018
2022-12-01,....Quezon,0.85,peso,2018
2022-12-01,....Rizal,0.81,peso,2018
2022-12-01,....City of Lucena (Capital),0.86,peso,2018
2022-12-01,..MIMAROPA Region,0.8,peso,2018
2022-12-01,....Marinduque,0.79,peso,2018
2022-12-01,....Occidental Mindoro,0.79,peso,2018
2022-12-01,....Oriental Mindoro,0.77,peso,2018
2022-12-01,....Palawan,0.82,peso,2018
2022-12-01,....Romblon,0.83,peso,2018
2022-12-01,....City of Puerto Princesa (Capital),0.84,peso,2018
2022-12-01,..Region V (Bicol Region),0.81,peso,2018
2022-12-01,....Albay,0.8,peso,2018
2022-12-01,....Camarines Norte,0.81,peso,2018
2022-12-01,....Camarines Sur,0.8,peso,2018
2022-12-01,....Catanduanes,0.81,peso,2018
2022-12-01,....Masbate,0.83,peso,2018
2022-12-01,....Sorsogon,0.83,peso,2018
2022-12-01,..Region VI (Western Visayas),0.84,peso,2018
2022-12-01,....Aklan,0.85,peso,2018
2022-12-01,....Antique,0.83,peso,2018
2022-12-01,....Capiz,0.81,peso,2018
2022-12-01,....Iloilo,0.87,peso,2018
2022-12-01,....Guimaras,0.81,peso,2018
2022-12-01,....City of Iloilo (Capital),0.81,peso,2018
2022-12-01,..Region VII (Central Visayas),0.88,peso,2018
2022-12-01,....Bohol,0.86,peso,2018
2022-12-01,....Cebu,0.86,peso,2018
2022-12-01,....City of Cebu (Capital),0.92,peso,2018
2022-12-01,....City of Lapu-Lapu,0.91,peso,2018
2022-12-01,....City of Mandaue,0.91,peso,2018
2022-12-01,..Region VIII (Eastern Visayas),0.84,peso,2018
2022-12-01,....Eastern Samar,0.84,peso,2018
2022-12-01,....Leyte,0.85,peso,2018
2022-12-01,....Northern Samar,0.83,peso,2018
2022-12-01,....Samar,0.82,peso,2018
2022-12-01,....Southern Leyte,0.85,peso,2018
2022-12-01,....Biliran,0.87,peso,2018
2022-12-01,....City of Tacloban (Capital),0.87,peso,2018
2022-12-01,..Region IX (Zamboanga Peninsula),0.85,peso,2018
2022-12-01,....Zamboanga del Norte,0.84,peso,2018
2022-12-01,....Zamboanga del Sur,0.84,peso,2018
2022-12-01,....Zamboanga Sibugay,0.85,peso,2018
2022-12-01,....City of Zamboanga,0.87,peso,2018
2022-12-01,....City of Isabela,0.91,peso,2018
2022-12-01,..Region X (Northern Mindanao),0.84,peso,2018
2022-12-01,....Bukidnon,0.85,peso,2018
2022-12-01,....Camiguin,0.81,peso,2018
2022-12-01,....Lanao del Norte,0.85,peso,2018
2022-12-01,....Misamis Occidental,0.83,peso,2018
2022-12-01,....Misamis Oriental,0.82,peso,2018
2022-12-01,....City of Iligan,0.83,peso,2018
2022-12-01,....City of Cagayan de Oro (Capital),0.83,peso,2018
2022-12-01,..Region XI (Davao Region),0.84,peso,2018
2022-12-01,....Davao del Norte,0.86,peso,2018
2022-12-01,....Davao del Sur,0.83,peso,2018
2022-12-01,....Davao Oriental,0.83,peso,2018
2022-12-01,....Davao de Oro,0.81,peso,2018
2022-12-01,....Davao Occidental,0.85,peso,2018
2022-12-01,....City of Davao,0.83,peso,2018
2022-12-01,..Region XII (SOCCSKSARGEN),0.83,peso,2018
2022-12-01,....Cotabato,0.82,peso,2018
2022-12-01,....South Cotabato,0.84,peso,2018
2022-12-01,....Sultan Kudarat,0.86,peso,2018
2022-12-01,....Sarangani,0.8,peso,2018
2022-12-01,....City of General Santos,0.83,peso,2018
2022-12-01,..Bangsamoro Autonomous Region in Muslim Mindanao (BARMM),0.85,peso,2018
2022-12-01,....City of Cotabato,0.82,peso,2018
2022-12-01,....Basilan,0.82,peso,2018
2022-12-01,....Lanao del Sur,0.85,peso,2018
2022-12-01,....Maguindanao,0.89,peso,2018
2022-12-01,....Sulu,0.83,peso,2018
2022-12-01,....Tawi-tawi,0.82,peso,2018
2022-12-01,..Region XIII (Caraga),0.83,peso,2018
2022-12-01,....Agusan del Norte,0.85,peso,2018
2022-12-01,....Agusan del Sur,0.84,peso,2018
2022-12-01,....Surigao del Norte,0.81,peso,2018
2022-12-01,....Surigao del Sur,0.84,peso,2018
2022-12-01,....Dinagat Islands,0.78,peso,2018
2022-12-01,....City of Butuan (Capital),0.84,peso,2018
2022-12-01,..Negros Island Region (NIR),0.8,peso,2018
2022-12-01,....Negros Occidental,0.77,peso,2018
2022-12-01,....City of Bacolod (Capital),0.81,peso,2018
2022-12-01,....Negros Oriental,0.85,peso,2018
2022-12-01,....Siquijor,0.83,peso,2018
2023-01-01,PHILIPPINES,0.82,peso,2018
2023-01-01,..National Capital Region (NCR),0.85,peso,2018
2023-01-01,..Areas Outside National Capital Region (AONCR),0.82,peso,2018
2023-01-01,..Cordillera Administrative Region (CAR),0.83,peso,2018
2023-01-01,....Abra,0.83,peso,2018
2023-01-01,....Benguet,0.83,peso,2018
2023-01-01,....Ifugao,0.83,peso,2018
2023-01-01,....Kalinga,0.8,peso,2018
2023-01-01,....Mountain Province,0.79,peso,2018
2023-01-01,....Apayao,0.83,peso,2018
2023-01-01,....City of Baguio,0.85,peso,2018
2023-01-01,..Region I (Ilocos Region),0.82,peso,2018
2023-01-01,....Ilocos Norte,0.83,peso,2018
2023-01-01,....Ilocos Sur,0.79,peso,2018
2023-01-01,....La Union,0.87,peso,2018
2023-01-01,....Pangasinan,0.82,peso,2018
2023-01-01,..Region II (Cagayan Valley),0.81,peso,2018
2023-01-01,....Batanes,0.79,peso,2018
2023-01-01,....Cagayan,0.82,peso,2018
2023-01-01,....Isabela,0.82,peso,2018
2023-01-01,....Nueva Vizcaya,0.79,peso,2018
2023-01-01,....Quirino,0.8,peso,2018
2023-01-01,..Region III (Central Luzon),0.8,peso,2018
2023-01-01,....Bataan,0.77,peso,2018
2023-01-01,....Bulacan,0.84,peso,2018
2023-01-01,....Nueva Ecija,0.79,peso,2018
2023-01-01,....Pampanga,0.79,peso,2018
2023-01-01,....Tarlac,0.8,peso,2018
2023-01-01,....Zambales,0.78,peso,2018
2023-01-01,....Aurora,0.78,peso,2018
2023-01-01,....City of Angeles,0.81,peso,2018
2023-01-01,....City of Olongapo,0.81,peso,2018
2023-01-01,..Region IV-A (CALABARZON),0.82,peso,2018
2023-01-01,....Batangas,0.81,peso,2018
2023-01-01,....Cavite,0.81,peso,2018
2023-01-01,....Laguna,0.85,peso,2018
2023-01-01,....Quezon,0.83,peso,2018
2023-01-01,....Rizal,0.79,peso,2018
2023-01-01,....City of Lucena (Capital),0.84,peso,2018
2023-01-01,..MIMAROPA Region,0.79,peso,2018
2023-01-01,....Marinduque,0.78,peso,2018
2023-01-01,....Occidental Mindoro,0.78,peso,2018
2023-01-01,....Oriental Mindoro,0.76,peso,2018
2023-01-01,....Palawan,0.81,peso,2018
2023-01-01,....Romblon,0.81,peso,2018
2023-01-01,....City of Puerto Princesa (Capital),0.83,peso,2018
2023-01-01,..Region V (Bicol Region),0.79,peso,2018
2023-01-01,....Albay,0.79,peso,2018
2023-01-01,....Camarines Norte,0.8,peso,2018
2023-01-01,....Camarines Sur,0.79,peso,2018
2023-01-01,....Catanduanes,0.8,peso,2018
2023-01-01,....Masbate,0.81,peso,2018
2023-01-01,....Sorsogon,0.8,peso,2018
2023-01-01,..Region VI (Western Visayas),0.83,peso,2018
2023-01-01,....Aklan,0.84,peso,2018
2023-01-01,....Antique,0.81,peso,2018
2023-01-01,....Capiz,0.8,peso,2018
2023-01-01,....Iloilo,0.86,peso,2018
2023-01-01,....Guimaras,0.8,peso,2018
2023-01-01,....City of Iloilo (Capital),0.8,peso,2018
2023-01-01,..Region VII (Central Visayas),0.86,peso,2018
2023-01-01,....Bohol,0.84,peso,2018
2023-01-01,....Cebu,0.83,peso,2018
2023-01-01,....City of Cebu (Capital),0.91,peso,2018
2023-01-01,....City of Lapu-Lapu,0.9,peso,2018
2023-01-01,....City of Mandaue,0.9,peso,2018
2023-01-01,..Region VIII (Eastern Visayas),0.83,peso,2018
2023-01-01,....Eastern Samar,0.82,peso,2018
2023-01-01,....Leyte,0.84,peso,2018
2023-01-01,....Northern Samar,0.83,peso,2018
2023-01-01,....Samar,0.81,peso,2018
2023-01-01,....Southern Leyte,0.85,peso,2018
2023-01-01,....Biliran,0.87,peso,2018
2023-01-01,....City of Tacloban (Capital),0.86,peso,2018
2023-01-01,..Region IX (Zamboanga Peninsula),0.83,peso,2018
2023-01-01,....Zamboanga del Norte,0.82,peso,2018
2023-01-01,....Zamboanga del Sur,0.82,peso,2018
2023-01-01,....Zamboanga Sibugay,0.83,peso,2018
2023-01-01,....City of Zamboanga,0.85,peso,2018
2023-01-01,....City of Isabela,0.89,peso,2018
2023-01-01,..Region X (Northern Mindanao),0.82,peso,2018
2023-01-01,....Bukidnon,0.83,peso,2018
2023-01-01,....Camiguin,0.8,peso,2018
2023-01-01,....Lanao del Norte,0.82,peso,2018
2023-01-01,....Misamis Occidental,0.81,peso,2018
2023-01-01,....Misamis Oriental,0.81,peso,2018
2023-01-01,....City of Iligan,0.82,peso,2018
2023-01-01,....City of Cagayan de Oro (Capital),0.83,peso,2018
2023-01-01,..Region XI (Davao Region),0.82,peso,2018
2023-01-01,....Davao del Norte,0.84,peso,2018
2023-01-01,....Davao del Sur,0.82,peso,2018
2023-01-01,....Davao Oriental,0.81,peso,2018
2023-01-01,....Davao de Oro,0.8,peso,2018
2023-01-01,....Davao Occidental,0.84,peso,2018
2023-01-01,....City of Davao,0.82,peso,2018
2023-01-01,..Region XII (SOCCSKSARGEN),0.82,peso,2018
2023-01-01,....Cotabato,0.81,peso,2018
2023-01-01,....South Cotabato,0.82,peso,2018
2023-01-01,....Sultan Kudarat,0.84,peso,2018
2023-01-01,....Sarangani,0.79,peso,2018
2023-01-01,....City of General Santos,0.82,peso,2018
2023-01-01,..Bangsamoro Autonomous Region in Muslim Mindanao (BARMM),0.83,peso,2018
2023-01-01,....City of Cotabato,0.81,peso,2018
2023-01-01,....Basilan,0.77,peso,2018
2023-01-01,....Lanao del Sur,0.84,peso,2018
2023-01-01,....Maguindanao,0.87,peso,2018
2023-01-01,....Sulu,0.84,peso,2018
2023-01-01,....Tawi-tawi,0.8,peso,2018
2023-01-01,..Region XIII (Caraga),0.82,peso,2018
2023-01-01,....Agusan del Norte,0.84,peso,2018
2023-01-01,....Agusan del Sur,0.82,peso,2018
2023-01-01,....Surigao del Norte,0.8,peso,2018
2023-01-01,....Surigao del Sur,0.82,peso,2018
2023-01-01,....Dinagat Islands,0.76,peso,2018
2023-01-01,....City of Butuan (Capital),0.83,peso,2018
2023-01-01,..Negros Island Region (NIR),0.79,peso,2018
2023-01-01,....Negros Occidental,0.76,peso,2018
2023-01-01,....City of Bacolod (Capital),0.79,peso,2018
2023-01-01,....Negros Oriental,0.84,peso,2018
2023-01-01,....Siquijor,0.81,peso,2018
2023-02-01,PHILIPPINES,0.82,peso,2018
2023-02-01,..National Capital Region (NCR),0.85,peso,2018
2023-02-01,..Areas Outside National Capital Region (AONCR),0.82,peso,2018
2023-02-01,..Cordillera Administrative Region (CAR),0.83,peso,2018
2023-02-01,....Abra,0.84,peso,2018
2023-02-01,....Benguet,0.83,peso,2018
2023-02-01,....Ifugao,0.83,peso,2018
2023-02-01,....Kalinga,0.8,peso,2018
2023-02-01,....Mountain Province,0.79,peso,2018
2023-02-01,....Apayao,0.83,peso,2018
2023-02-01,....City of Baguio,0.85,peso,2018
2023-02-01,..Region I (Ilocos Region),0.83,peso,2018
2023-02-01,....Ilocos Norte,0.84,peso,2018
2023-02-01,....Ilocos Sur,0.79,peso,2018
2023-02-01,....La Union,0.87,peso,2018
2023-02-01,....Pangasinan,0.82,peso,2018
2023-02-01,..Region II (Cagayan Valley),0.82,peso,2018
2023-02-01,....Batanes,0.79,peso,2018
2023-02-01,....Cagayan,0.82,peso,2018
2023-02-01,....Isabela,0.83,peso,2018
2023-02-01,....Nueva Vizcaya,0.79,peso,2018
2023-02-01,....Quirino,0.8,peso,2018
2023-02-01,..Region III (Central Luzon),0.81,peso,2018
2023-02-01,....Bataan,0.77,peso,2018
2023-02-01,....Bulacan,0.84,peso,2018
2023-02-01,....Nueva Ecija,0.8,peso,2018
2023-02-01,....Pampanga,0.79,peso,2018
2023-02-01,....Tarlac,0.8,peso,2018
2023-02-01,....Zambales,0.78,peso,2018
2023-02-01,....Aurora,0.78,peso,2018
2023-02-01,....City of Angeles,0.82,peso,2018
2023-02-01,....City of Olongapo,0.81,peso,2018
2023-02-01,..Region IV-A (CALABARZON),0.82,peso,2018
2023-02-01,....Batangas,0.81,peso,2018
2023-02-01,....Cavite,0.82,peso,2018
2023-02-01,....Laguna,0.85,peso,2018
2023-02-01,....Quezon,0.84,peso,2018
2023-02-01,....Rizal,0.8,peso,2018
2023-02-01,....City of Lucena (Capital),0.83,peso,2018
2023-02-01,..MIMAROPA Region,0.79,peso,2018
2023-02-01,....Marinduque,0.78,peso,2018
2023-02-01,....Occidental Mindoro,0.78,peso,2018
2023-02-01,....Oriental Mindoro,0.76,peso,2018
2023-02-01,....Palawan,0.81,peso,2018
2023-02-01,....Romblon,0.8,peso,2018
2023-02-01,....City of Puerto Princesa (Capital),0.82,peso,2018
2023-02-01,..Region V (Bicol Region),0.79,peso,2018
2023-02-01,....Albay,0.78,peso,2018
2023-02-01,....Camarines Norte,0.79,peso,2018
2023-02-01,....Camarines Sur,0.78,peso,2018
2023-02-01,....Catanduanes,0.8,peso,2018
2023-02-01,....Masbate,0.81,peso,2018
2023-02-01,....Sorsogon,0.8,peso,2018
2023-02-01,..Region VI (Western Visayas),0.83,peso,2018
2023-02-01,....Aklan,0.84,peso,2018
2023-02-01,....Antique,0.82,peso,2018
2023-02-01,....Capiz,0.81,peso,2018
2023-02-01,....Iloilo,0.86,peso,2018
2023-02-01,....Guimaras,0.8,peso,2018
2023-02-01,....City of Iloilo (Capital),0.8,peso,2018
2023-02-01,..Region VII (Central Visayas),0.86,peso,2018
2023-02-01,....Bohol,0.85,peso,2018
2023-02-01,....Cebu,0.83,peso,2018
2023-02-01,....City of Cebu (Capital),0.9,peso,2018
2023-02-01,....City of Lapu-Lapu,0.9,peso,2018
2023-02-01,....City of Mandaue,0.9,peso,2018
2023-02-01,..Region VIII (Eastern Visayas),0.83,peso,2018
2023-02-01,....Eastern Samar,0.82,peso,2018
2023-02-01,....Leyte,0.83,peso,2018
2023-02-01,....Northern Samar,0.83,peso,2018
2023-02-01,....Samar,0.81,peso,2018
2023-02-01,....Southern Leyte,0.84,peso,2018
2023-02-01,....Biliran,0.87,peso,2018
2023-02-01,....City of Tacloban (Capital),0.85,peso,2018
2023-02-01,..Region IX (Zamboanga Peninsula),0.83,peso,2018
2023-02-01,....Zamboanga del Norte,0.81,peso,2018
2023-02-01,....Zamboanga del Sur,0.82,peso,2018
2023-02-01,....Zamboanga Sibugay,0.83,peso,2018
2023-02-01,....City of Zamboanga,0.85,peso,2018
2023-02-01,....City of Isabela,0.88,peso,2018
2023-02-01,..Region X (Northern Mindanao),0.82,peso,2018
2023-02-01,....Bukidnon,0.82,peso,2018
2023-02-01,....Camiguin,0.8,peso,2018
2023-02-01,....Lanao del Norte,0.82,peso,2018
2023-02-01,....Misamis Occidental,0.81,peso,2018
2023-02-01,....Misamis Oriental,0.81,peso,2018
2023-02-01,....City of Iligan,0.82,peso,2018
2023-02-01,....City of Cagayan de Oro (Capital),0.82,peso,2018
2023-02-01,..Region XI (Davao Region),0.82,peso,2018
2023-02-01,....Davao del Norte,0.85,peso,2018
2023-02-01,....Davao del Sur,0.82,peso,2018
2023-02-01,....Davao Oriental,0.81,peso,2018
2023-02-01,....Davao de Oro,0.8,peso,2018
2023-02-01,....Davao Occidental,0.84,peso,2018
2023-02-01,....City of Davao,0.81,peso,2018
2023-02-01,..Region XII (SOCCSKSARGEN),0.82,peso,2018
2023-02-01,....Cotabato,0.81,peso,2018
2023-02-01,....South Cotabato,0.82,peso,2018
2023-02-01,....Sultan Kudarat,0.84,peso,2018
2023-02-01,....Sarangani,0.79,peso,2018
2023-02-01,....City of General Santos,0.82,peso,2018
2023-02-01,..Bangsamoro Autonomous Region in Muslim Mindanao (BARMM),0.83,peso,2018
2023-02-01,....City of Cotabato,0.8,peso,2018
2023-02-01,....Basilan,0.79,peso,2018
2023-02-01,....Lanao del Sur,0.84,peso,2018
2023-02-01,....Maguindanao,0.87,peso,2018
2023-02-01,....Sulu,0.84,peso,2018
2023-02-01,....Tawi-tawi,0.79,peso,2018
2023-02-01,..Region XIII (Caraga),0.81,peso,2018
2023-02-01,....Agusan del Norte,0.83,peso,2018
2023-02-01,....Agusan del Sur,0.81,peso,2018
2023-02-01,....Surigao del Norte,0.79,peso,2018
2023-02-01,....Surigao del Sur,0.82,peso,2018
2023-02-01,....Dinagat Islands,0.77,peso,2018
2023-02-01,....City of Butuan (Capital),0.82,peso,2018
2023-02-01,..Negros Island Region (NIR),0.78,peso,2018
2023-02-01,....Negros Occidental,0.75,peso,2018
2023-02-01,....City of Bacolod (Capital),0.79,peso,2018
2023-02-01,....Negros Oriental,0.84,peso,2018
2023-02-01,....Siquijor,0.81,peso,2018
2023-03-01,PHILIPPINES,0.83,peso,2018
2023-03-01,..National Capital Region (NCR),0.85,peso,2018
2023-03-01,..Areas Outside National Capital Region (AONCR),0.82,peso,2018
2023-03-01,..Cordillera Administrative Region (CAR),0.84,peso,2018
2023-03-01,....Abra,0.84,peso,2018
2023-03-01,....Benguet,0.84,peso,2018
2023-03-01,....Ifugao,0.84,peso,2018
2023-03-01,....Kalinga,0.82,peso,2018
2023-03-01,....Mountain Province,0.79,peso,2018
2023-03-01,....Apayao,0.83,peso,2018
2023-03-01,....City of Baguio,0.86,peso,2018
2023-03-01,..Region I (Ilocos Region),0.83,peso,2018
2023-03-01,....Ilocos Norte,0.83,peso,2018
2023-03-01,....Ilocos Sur,0.8,peso,2018
2023-03-01,....La Union,0.88,peso,2018
2023-03-01,....Pangasinan,0.82,peso,2018
2023-03-01,..Region II (Cagayan Valley),0.82,peso,2018
2023-03-01,....Batanes,0.8,peso,2018
2023-03-01,....Cagayan,0.82,peso,2018
2023-03-01,....Isabela,0.84,peso,2018
2023-03-01,....Nueva Vizcaya,0.8,peso,2018
2023-03-01,....Quirino,0.83,peso,2018
2023-03-01,..Region III (Central Luzon),0.81,peso,2018
2023-03-01,....Bataan,0.77,peso,2018
2023-03-01,....Bulacan,0.84,peso,2018
2023-03-01,....Nueva Ecija,0.81,peso,2018
2023-03-01,....Pampanga,0.79,peso,2018
2023-03-01,....Tarlac,0.8,peso,2018
2023-03-01,....Zambales,0.77,peso,2018
2023-03-01,....Aurora,0.79,peso,2018
2023-03-01,....City of Angeles,0.82,peso,2018
2023-03-01,....City of Olongapo,0.81,peso,2018
2023-03-01,..Region IV-A (CALABARZON),0.83,peso,2018
2023-03-01,....Batangas,0.81,peso,2018
2023-03-01,....Cavite,0.82,peso,2018
2023-03-01,....Laguna,0.85,peso,2018
2023-03-01,....Quezon,0.84,peso,2018
2023-03-01,....Rizal,0.8,peso,2018
2023-03-01,....City of Lucena (Capital),0.84,peso,2018
2023-03-01,..MIMAROPA Region,0.79,peso,2018
2023-03-01,....Marinduque,0.78,peso,2018
2023-03-01,....Occidental Mindoro,0.77,peso,2018
2023-03-01,....Oriental Mindoro,0.77,peso,2018
2023-03-01,....Palawan,0.8,peso,2018
2023-03-01,....Romblon,0.8,peso,2018
2023-03-01,....City of Puerto Princesa (Capital),0.83,peso,2018
2023-03-01,..Region V (Bicol Region),0.8,peso,2018
2023-03-01,....Albay,0.79,peso,2018
2023-03-01,....Camarines Norte,0.8,peso,2018
2023-03-01,....Camarines Sur,0.79,peso,2018
2023-03-01,....Catanduanes,0.8,peso,2018
2023-03-01,....Masbate,0.81,peso,2018
2023-03-01,....Sorsogon,0.81,peso,2018
2023-03-01,..Region VI (Western Visayas),0.84,peso,2018
2023-03-01,....Aklan,0.84,peso,2018
2023-03-01,....Antique,0.82,peso,2018
2023-03-01,....Capiz,0.8,peso,2018
2023-03-01,....Iloilo,0.86,peso,2018
2023-03-01,....Guimaras,0.81,peso,2018
2023-03-01,....City of Iloilo (Capital),0.81,peso,2018
2023-03-01,..Region VII (Central Visayas),0.86,peso,2018
2023-03-01,....Bohol,0.84,peso,2018
2023-03-01,....Cebu,0.84,peso,2018
2023-03-01,....City of Cebu (Capital),0.91,peso,2018
2023-03-01,....City of Lapu-Lapu,0.91,peso,2018
2023-03-01,....City of Mandaue,0.9,peso,2018
2023-03-01,..Region VIII (Eastern Visayas),0.83,peso,2018
2023-03-01,....Eastern Samar,0.82,peso,2018
2023-03-01,....Leyte,0.84,peso,2018
2023-03-01,....Northern Samar,0.82,peso,2018
2023-03-01,....Samar,0.8,peso,2018
2023-03-01,....Southern Leyte,0.84,peso,2018
2023-03-01,....Biliran,0.86,peso,2018
2023-03-01,....City of Tacloban (Capital),0.86,peso,2018
2023-03-01,..Region IX (Zamboanga Peninsula),0.84,peso,2018
2023-03-01,....Zamboanga del Norte,0.82,peso,2018
2023-03-01,....Zamboanga del Sur,0.82,peso,2018
2023-03-01,....Zamboanga Sibugay,0.83,peso,2018
2023-03-01,....City of Zamboanga,0.86,peso,2018
2023-03-01,....City of Isabela,0.87,peso,2018
2023-03-01,..Region X (Northern Mindanao),0.82,peso,2018
2023-03-01,....Bukidnon,0.82,peso,2018
2023-03-01,....Camiguin,0.8,peso,2018
2023-03-01,....Lanao del Norte,0.84,peso,2018
2023-03-01,....Misamis Occidental,0.81,peso,2018
2023-03-01,....Misamis Oriental,0.81,peso,2018
2023-03-01,....City of Iligan,0.83,peso,2018
2023-03-01,....City of Cagayan de Oro (Capital),0.83,peso,2018
2023-03-01,..Region XI (Davao Region),0.82,peso,2018
2023-03-01,....Davao del Norte,0.85,peso,2018
2023-03-01,....Davao del Sur,0.82,peso,2018
2023-03-01,....Davao Oriental,0.8,peso,2018
2023-03-01,....Davao de Oro,0.79,peso,2018
2023-03-01,....Davao Occidental,0.84,peso,2018
2023-03-01,....City of Davao,0.81,peso,2018
2023-03-01,..Region XII (SOCCSKSARGEN),0.82,peso,2018
2023-03-01,....Cotabato,0.81,peso,2018
2023-03-01,....South Cotabato,0.82,peso,2018
2023-03-01,....Sultan Kudarat,0.84,peso,2018
2023-03-01,....Sarangani,0.79,peso,2018
2023-03-01,....City of General Santos,0.82,peso,2018
2023-03-01,..Bangsamoro Autonomous Region in Muslim Mindanao (BARMM),0.83,peso,2018
2023-03-01,....City of Cotabato,0.81,peso,2018
2023-03-01,....Basilan,0.79,peso,2018
2023-03-01,....Lanao del Sur,0.84,peso,2018
2023-03-01,....Maguindanao,0.86,peso,2018
2023-03-01,....Sulu,0.81,peso,2018
2023-03-01,....Tawi-tawi,0.78,peso,2018
2023-03-01,..Region XIII (Caraga),0.81,peso,2018
2023-03-01,....Agusan del Norte,0.83,peso,2018
2023-03-01,....Agusan del Sur,0.82,peso,2018
2023-03-01,....Surigao del Norte,0.79,peso,2018
2023-03-01,....Surigao del Sur,0.82,peso,2018
2023-03-01,....Dinagat Islands,0.77,peso,2018
2023-03-01,....City of Butuan (Capital),0.82,peso,2018
2023-03-01,..Negros Island Region (NIR),0.79,peso,2018
2023-03-01,....Negros Occidental,0.75,peso,2018
2023-03-01,....City of Bacolod (Capital),0.8,peso,2018
2023-03-01,....Negros Oriental,0.84,peso,2018
2023-03-01,....Siquijor,0.82,peso,2018
2023-04-01,PHILIPPINES,0.83,peso,2018
2023-04-01,..National Capital Region (NCR),0.85,peso,2018
2023-04-01,..Areas Outside National Capital Region (AONCR),0.82,peso,2018
2023-04-01,..Cordillera Administrative Region (CAR),0.84,peso,2018
2023-04-01,....Abra,0.85,peso,2018
2023-04-01,....Benguet,0.84,peso,2018
2023-04-01,....Ifugao,0.84,peso,2018
2023-04-01,....Kalinga,0.82,peso,2018
2023-04-01,....Mountain Province,0.8,peso,2018
2023-04-01,....Apayao,0.83,peso,2018
2023-04-01,....City of Baguio,0.87,peso,2018
2023-04-01,..Region I (Ilocos Region),0.83,peso,2018
2023-04-01,....Ilocos Norte,0.83,peso,2018
2023-04-01,....Ilocos Sur,0.8,peso,2018
2023-04-01,....La Union,0.88,peso,2018
2023-04-01,....Pangasinan,0.82,peso,2018
2023-04-01,..Region II (Cagayan Valley),0.83,peso,2018
2023-04-01,....Batanes,0.8,peso,2018
2023-04-01,....Cagayan,0.82,peso,2018
2023-04-01,....Isabela,0.84,peso,2018
2023-04-01,....Nueva Vizcaya,0.8,peso,2018
2023-04-01,....Quirino,0.83,peso,2018
2023-04-01,..Region III (Central Luzon),0.81,peso,2018
2023-04-01,....Bataan,0.77,peso,2018
2023-04-01,....Bulacan,0.83,peso,2018
2023-04-01,....Nueva Ecija,0.81,peso,2018
2023-04-01,....Pampanga,0.79,peso,2018
2023-04-01,....Tarlac,0.8,peso,2018
2023-04-01,....Zambales,0.78,peso,2018
2023-04-01,....Aurora,0.79,peso,2018
2023-04-01,....City of Angeles,0.82,peso,2018
2023-04-01,....City of Olongapo,0.82,peso,2018
2023-04-01,..Region IV-A (CALABARZON),0.83,peso,2018
2023-04-01,....Batangas,0.81,peso,2018
2023-04-01,....Cavite,0.82,peso,2018
2023-04-01,....Laguna,0.86,peso,2018
2023-04-01,....Quezon,0.85,peso,2018
2023-04-01,....Rizal,0.8,peso,2018
2023-04-01,....City of Lucena (Capital),0.85,peso,2018
2023-04-01,..MIMAROPA Region,0.79,peso,2018
2023-04-01,....Marinduque,0.78,peso,2018
2023-04-01,....Occidental Mindoro,0.77,peso,2018
2023-04-01,....Oriental Mindoro,0.77,peso,2018
2023-04-01,....Palawan,0.81,peso,2018
2023-04-01,....Romblon,0.79,peso,2018
2023-04-01,....City of Puerto Princesa (Capital),0.84,peso,2018
2023-04-01,..Region V (Bicol Region),0.8,peso,2018
2023-04-01,....Albay,0.79,peso,2018
2023-04-01,....Camarines Norte,0.8,peso,2018
2023-04-01,....Camarines Sur,0.79,peso,2018
2023-04-01,....Catanduanes,0.81,peso,2018
2023-04-01,....Masbate,0.81,peso,2018
2023-04-01,....Sorsogon,0.81,peso,2018
2023-04-01,..Region VI (Western Visayas),0.84,peso,2018
2023-04-01,....Aklan,0.84,peso,2018
2023-04-01,....Antique,0.83,peso,2018
2023-04-01,....Capiz,0.81,peso,2018
2023-04-01,....Iloilo,0.87,peso,2018
2023-04-01,....Guimaras,0.81,peso,2018
2023-04-01,....City of Iloilo (Capital),0.81,peso,2018
2023-04-01,..Region VII (Central Visayas),0.87,peso,2018
2023-04-01,....Bohol,0.85,peso,2018
2023-04-01,....Cebu,0.84,peso,2018
2023-04-01,....City of Cebu (Capital),0.9,peso,2018
2023-04-01,....City of Lapu-Lapu,0.91,peso,2018
2023-04-01,....City of Mandaue,0.91,peso,2018
2023-04-01,..Region VIII (Eastern Visayas),0.83,peso,2018
2023-04-01,....Eastern Samar,0.83,peso,2018
2023-04-01,....Leyte,0.84,peso,2018
2023-04-01,....Northern Samar,0.82,peso,2018
2023-04-01,....Samar,0.81,peso,2018
2023-04-01,....Southern Leyte,0.85,peso,2018
2023-04-01,....Biliran,0.86,peso,2018
2023-04-01,....City of Tacloban (Capital),0.86,peso,2018
2023-04-01,..Region IX (Zamboanga Peninsula),0.85,peso,2018
2023-04-01,....Zamboanga del Norte,0.84,peso,2018
2023-04-01,....Zamboanga del Sur,0.83,peso,2018
2023-04-01,....Zamboanga Sibugay,0.84,peso,2018
2023-04-01,....City of Zamboanga,0.87,peso,2018
2023-04-01,....City of Isabela,0.86,peso,2018
2023-04-01,..Region X (Northern Mindanao),0.82,peso,2018
2023-04-01,....Bukidnon,0.82,peso,2018
2023-04-01,....Camiguin,0.8,peso,2018
2023-04-01,....Lanao del Norte,0.84,peso,2018
2023-04-01,....Misamis Occidental,0.82,peso,2018
2023-04-01,....Misamis Oriental,0.81,peso,2018
2023-04-01,....City of Iligan,0.83,peso,2018
2023-04-01,....City of Cagayan de Oro (Capital),0.83,peso,2018
2023-04-01,..Region XI (Davao Region),0.82,peso,2018
2023-04-01,....Davao del Norte,0.85,peso,2018
2023-04-01,....Davao del Sur,0.83,peso,2018
2023-04-01,....Davao Oriental,0.79,peso,2018
2023-04-01,....Davao de Oro,0.8,peso,2018
2023-04-01,....Davao Occidental,0.84,peso,2018
2023-04-01,....City of Davao,0.81,peso,2018
2023-04-01,..Region XII (SOCCSKSARGEN),0.82,peso,2018
2023-04-01,....Cotabato,0.81,peso,2018
2023-04-01,....South Cotabato,0.82,peso,2018
2023-04-01,....Sultan Kudarat,0.84,peso,2018
2023-04-01,....Sarangani,0.79,peso,2018
2023-04-01,....City of General Santos,0.82,peso,2018
2023-04-01,..Bangsamoro Autonomous Region in Muslim Mindanao (BARMM),0.83,peso,2018
2023-04-01,....City of Cotabato,0.81,peso,2018
2023-04-01,....Basilan,0.8,peso,2018
2023-04-01,....Lanao del Sur,0.85,peso,2018
2023-04-01,....Maguindanao,0.86,peso,2018
2023-04-01,....Sulu,0.82,peso,2018
2023-04-01,....Tawi-tawi,0.77,peso,2018
2023-04-01,..Region XIII (Caraga),0.82,peso,2018
2023-04-01,....Agusan del Norte,0.84,peso,2018
2023-04-01,....Agusan del Sur,0.82,peso,2018
2023-04-01,....Surigao del Norte,0.8,peso,2018
2023-04-01,....Surigao del Sur,0.82,peso,2018
2023-04-01,....Dinagat Islands,0.77,peso,2018
2023-04-01,....City of Butuan (Capital),0.82,peso,2018
2023-04-01,..Negros Island Region (NIR),0.79,peso,2018
2023-04-01,....Negros Occidental,0.77,peso,2018
2023-04-01,....City of Bacolod (Capital),0.8,peso,2018
2023-04-01,....Negros Oriental,0.84,peso,2018
2023-04-01,....Siquijor,0.82,peso,2018
2023-05-01,PHILIPPINES,0.83,peso,2018
2023-05-01,..National Capital Region (NCR),0.85,peso,2018
2023-05-01,..Areas Outside National Capital Region (AONCR),0.82,peso,2018
2023-05-01,..Cordillera Administrative Region (CAR),0.84,peso,2018
2023-05-01,....Abra,0.85,peso,2018
2023-05-01,....Benguet,0.84,peso,2018
2023-05-01,....Ifugao,0.83,peso,2018
2023-05-01,....Kalinga,0.83,peso,2018
2023-05-01,....Mountain Province,0.81,peso,2018
2023-05-01,....Apayao,0.83,peso,2018
2023-05-01,....City of Baguio,0.86,peso,2018
2023-05-01,..Region I (Ilocos Region),0.83,peso,2018
2023-05-01,....Ilocos Norte,0.84,peso,2018
2023-05-01,....Ilocos Sur,0.81,peso,2018
2023-05-01,....La Union,0.88,peso,2018
2023-05-01,....Pangasinan,0.82,peso,2018
2023-05-01,..Region II (Cagayan Valley),0.83,peso,2018
2023-05-01,....Batanes,0.8,peso,2018
2023-05-01,....Cagayan,0.82,peso,2018
2023-05-01,....Isabela,0.84,peso,2018
2023-05-01,....Nueva Vizcaya,0.8,peso,2018
2023-05-01,....Quirino,0.82,peso,2018
2023-05-01,..Region III (Central Luzon),0.81,peso,2018
2023-05-01,....Bataan,0.78,peso,2018
2023-05-01,....Bulacan,0.83,peso,2018
2023-05-01,....Nueva Ecija,0.81,peso,2018
2023-05-01,....Pampanga,0.79,peso,2018
2023-05-01,....Tarlac,0.81,peso,2018
2023-05-01,....Zambales,0.78,peso,2018
2023-05-01,....Aurora,0.79,peso,2018
2023-05-01,....City of Angeles,0.82,peso,2018
2023-05-01,....City of Olongapo,0.82,peso,2018
2023-05-01,..Region IV-A (CALABARZON),0.82,peso,2018
2023-05-01,....Batangas,0.8,peso,2018
2023-05-01,....Cavite,0.82,peso,2018
2023-05-01,....Laguna,0.86,peso,2018
2023-05-01,....Quezon,0.85,peso,2018
2023-05-01,....Rizal,0.8,peso,2018
2023-05-01,....City of Lucena (Capital),0.85,peso,2018
2023-05-01,..MIMAROPA Region,0.79,peso,2018
2023-05-01,....Marinduque,0.78,peso,2018
2023-05-01,....Occidental Mindoro,0.77,peso,2018
2023-05-01,....Oriental Mindoro,0.76,peso,2018
2023-05-01,....Palawan,0.81,peso,2018
2023-05-01,....Romblon,0.79,peso,2018
2023-05-01,....City of Puerto Princesa (Capital),0.83,peso,2018
2023-05-01,..Region V (Bicol Region),0.8,peso,2018
2023-05-01,....Albay,0.78,peso,2018
2023-05-01,....Camarines Norte,0.8,peso,2018
2023-05-01,....Camarines Sur,0.79,peso,2018
2023-05-01,....Catanduanes,0.8,peso,2018
2023-05-01,....Masbate,0.81,peso,2018
2023-05-01,....Sorsogon,0.82,peso,2018
2023-05-01,..Region VI (Western Visayas),0.84,peso,2018
2023-05-01,....Aklan,0.84,peso,2018
2023-05-01,....Antique,0.83,peso,2018
2023-05-01,....Capiz,0.81,peso,2018
2023-05-01,....Iloilo,0.86,peso,2018
2023-05-01,....Guimaras,0.81,peso,2018
2023-05-01,....City of Iloilo (Capital),0.81,peso,2018
2023-05-01,..Region VII (Central Visayas),0.87,peso,2018
2023-05-01,....Bohol,0.85,peso,2018
2023-05-01,....Cebu,0.84,peso,2018
2023-05-01,....City of Cebu (Capital),0.91,peso,2018
2023-05-01,....City of Lapu-Lapu,0.91,peso,2018
2023-05-01,....City of Mandaue,0.9,peso,2018
2023-05-01,..Region VIII (Eastern Visayas),0.84,peso,2018
2023-05-01,....Eastern Samar,0.83,peso,2018
2023-05-01,....Leyte,0.84,peso,2018
2023-05-01,....Northern Samar,0.83,peso,2018
2023-05-01,....Samar,0.81,peso,2018
2023-05-01,....Southern Leyte,0.85,peso,2018
2023-05-01,....Biliran,0.87,peso,2018
2023-05-01,....City of Tacloban (Capital),0.86,peso,2018
2023-05-01,..Region IX (Zamboanga Peninsula),0.84,peso,2018
2023-05-01,....Zamboanga del Norte,0.83,peso,2018
2023-05-01,....Zamboanga del Sur,0.83,peso,2018
2023-05-01,....Zamboanga Sibugay,0.84,peso,2018
2023-05-01,....City of Zamboanga,0.87,peso,2018
2023-05-01,....City of Isabela,0.86,peso,2018
2023-05-01,..Region X (Northern Mindanao),0.82,peso,2018
2023-05-01,....Bukidnon,0.82,peso,2018
2023-05-01,....Camiguin,0.8,peso,2018
2023-05-01,....Lanao del Norte,0.84,peso,2018
2023-05-01,....Misamis Occidental,0.81,peso,2018
2023-05-01,....Misamis Oriental,0.81,peso,2018
2023-05-01,....City of Iligan,0.83,peso,2018
2023-05-01,....City of Cagayan de Oro (Capital),0.83,peso,2018
2023-05-01,..Region XI (Davao Region),0.82,peso,2018
2023-05-01,....Davao del Norte,0.86,peso,2018
2023-05-01,....Davao del Sur,0.82,peso,2018
2023-05-01,....Davao Oriental,0.81,peso,2018
2023-05-01,....Davao de Oro,0.8,peso,2018
2023-05-01,....Davao Occidental,0.84,peso,2018
2023-05-01,....City of Davao,0.81,peso,2018
2023-05-01,..Region XII (SOCCSKSARGEN),0.81,peso,2018
2023-05-01,....Cotabato,0.81,peso,2018
2023-05-01,....South Cotabato,0.81,peso,2018
2023-05-01,....Sultan Kudarat,0.84,peso,2018
2023-05-01,....Sarangani,0.79,peso,2018
2023-05-01,....City of General Santos,0.83,peso,2018
2023-05-01,..Bangsamoro Autonomous Region in Muslim Mindanao (BARMM),0.83,peso,2018
2023-05-01,....City of Cotabato,0.81,peso,2018
2023-05-01,....Basilan,0.81,peso,2018
2023-05-01,....Lanao del Sur,0.85,peso,2018
2023-05-01,....Maguindanao,0.86,peso,2018
2023-05-01,....Sulu,0.83,peso,2018
2023-05-01,....Tawi-tawi,0.78,peso,2018
2023-05-01,..Region XIII (Caraga),0.82,peso,2018
2023-05-01,....Agusan del Norte,0.84,peso,2018
2023-05-01,....Agusan del Sur,0.82,peso,2018
2023-05-01,....Surigao del Norte,0.81,peso,2018
2023-05-01,....Surigao del Sur,0.82,peso,2018
2023-05-01,....Dinagat Islands,0.76,peso,2018
2023-05-01,....City of Butuan (Capital),0.82,peso,2018
2023-05-01,..Negros Island Region (NIR),0.79,peso,2018
2023-05-01,....Negros Occidental,0.77,peso,2018
2023-05-01,....City of Bacolod (Capital),0.8,peso,2018
2023-05-01,....Negros Oriental,0.83,peso,2018
2023-05-01,....Siquijor,0.82,peso,2018
2023-06-01,PHILIPPINES,0.83,peso,2018
2023-06-01,..National Capital Region (NCR),0.84,peso,2018
2023-06-01,..Areas Outside National Capital Region (AONCR),0.82,peso,2018
2023-06-01,..Cordillera Administrative Region (CAR),0.84,peso,2018
2023-06-01,....Abra,0.85,peso,2018
2023-06-01,....Benguet,0.84,peso,2018
2023-06-01,....Ifugao,0.83,peso,2018
2023-06-01,....Kalinga,0.83,peso,2018
2023-06-01,....Mountain Province,0.81,peso,2018
2023-06-01,....Apayao,0.83,peso,2018
2023-06-01,....City of Baguio,0.86,peso,2018
2023-06-01,..Region I (Ilocos Region),0.83,peso,2018
2023-06-01,....Ilocos Norte,0.84,peso,2018
2023-06-01,....Ilocos Sur,0.81,peso,2018
2023-06-01,....La Union,0.88,peso,2018
2023-06-01,....Pangasinan,0.83,peso,2018
2023-06-01,..Region II (Cagayan Valley),0.82,peso,2018
2023-06-01,....Batanes,0.79,peso,2018
2023-06-01,....Cagayan,0.82,peso,2018
2023-06-01,....Isabela,0.83,peso,2018
2023-06-01,....Nueva Vizcaya,0.81,peso,2018
2023-06-01,....Quirino,0.82,peso,2018
2023-06-01,..Region III (Central Luzon),0.81,peso,2018
2023-06-01,....Bataan,0.77,peso,2018
2023-06-01,....Bulacan,0.83,peso,2018
2023-06-01,....Nueva Ecija,0.8,peso,2018
2023-06-01,....Pampanga,0.8,peso,2018
2023-06-01,....Tarlac,0.81,peso,2018
2023-06-01,....Zambales,0.79,peso,2018
2023-06-01,....Aurora,0.79,peso,2018
2023-06-01,....City of Angeles,0.83,peso,2018
2023-06-01,....City of Olongapo,0.81,peso,2018
2023-06-01,..Region IV-A (CALABARZON),0.82,peso,2018
2023-06-01,....Batangas,0.81,peso,2018
2023-06-01,....Cavite,0.82,peso,2018
2023-06-01,....Laguna,0.85,peso,2018
2023-06-01,....Quezon,0.85,peso,2018
2023-06-01,....Rizal,0.79,peso,2018
2023-06-01,....City of Lucena (Capital),0.85,peso,2018
2023-06-01,..MIMAROPA Region,0.79,peso,2018
2023-06-01,....Marinduque,0.77,peso,2018
2023-06-01,....Occidental Mindoro,0.77,peso,2018
2023-06-01,....Oriental Mindoro,0.76,peso,2018
2023-06-01,....Palawan,0.8,peso,2018
2023-06-01,....Romblon,0.79,peso,2018
2023-06-01,....City of Puerto Princesa (Capital),0.83,peso,2018
2023-06-01,..Region V (Bicol Region),0.8,peso,2018
2023-06-01,....Albay,0.78,peso,2018
2023-06-01,....Camarines Norte,0.8,peso,2018
2023-06-01,....Camarines Sur,0.8,peso,2018
2023-06-01,....Catanduanes,0.8,peso,2018
2023-06-01,....Masbate,0.81,peso,2018
2023-06-01,....Sorsogon,0.82,peso,2018
2023-06-01,..Region VI (Western Visayas),0.84,peso,2018
2023-06-01,....Aklan,0.84,peso,2018
2023-06-01,....Antique,0.82,peso,2018
2023-06-01,....Capiz,0.81,peso,2018
2023-06-01,....Iloilo,0.86,peso,2018
2023-06-01,....Guimaras,0.8,peso,2018
2023-06-01,....City of Iloilo (Capital),0.81,peso,2018
2023-06-01,..Region VII (Central Visayas),0.86,peso,2018
2023-06-01,....Bohol,0.85,peso,2018
2023-06-01,....Cebu,0.83,peso,2018
2023-06-01,....City of Cebu (Capital),0.91,peso,2018
2023-06-01,....City of Lapu-Lapu,0.91,peso,2018
2023-06-01,....City of Mandaue,0.9,peso,2018
2023-06-01,..Region VIII (Eastern Visayas),0.84,peso,2018
2023-06-01,....Eastern Samar,0.82,peso,2018
2023-06-01,....Leyte,0.84,peso,2018
2023-06-01,....Northern Samar,0.83,peso,2018
2023-06-01,....Samar,0.81,peso,2018
2023-06-01,....Southern Leyte,0.85,peso,2018
2023-06-01,....Biliran,0.87,peso,2018
2023-06-01,....City of Tacloban (Capital),0.86,peso,2018
2023-06-01,..Region IX (Zamboanga Peninsula),0.85,peso,2018
2023-06-01,....Zamboanga del Norte,0.83,peso,2018
2023-06-01,....Zamboanga del Sur,0.83,peso,2018
2023-06-01,....Zamboanga Sibugay,0.84,peso,2018
2023-06-01,....City of Zamboanga,0.87,peso,2018
2023-06-01,....City of Isabela,0.87,peso,2018
2023-06-01,..Region X (Northern Mindanao),0.82,peso,2018
2023-06-01,....Bukidnon,0.82,peso,2018
2023-06-01,....Camiguin,0.8,peso,2018
2023-06-01,....Lanao del Norte,0.84,peso,2018
2023-06-01,....Misamis Occidental,0.82,peso,2018
2023-06-01,....Misamis Oriental,0.81,peso,2018
2023-06-01,....City of Iligan,0.83,peso,2018
2023-06-01,....City of Cagayan de Oro (Capital),0.83,peso,2018
2023-06-01,..Region XI (Davao Region),0.82,peso,2018
2023-06-01,....Davao del Norte,0.86,peso,2018
2023-06-01,....Davao del Sur,0.82,peso,2018
2023-06-01,....Davao Oriental,0.8,peso,2018
2023-06-01,....Davao de Oro,0.79,peso,2018
2023-06-01,....Davao Occidental,0.84,peso,2018
2023-06-01,....City of Davao,0.81,peso,2018
2023-06-01,..Region XII (SOCCSKSARGEN),0.81,peso,2018
2023-06-01,....Cotabato,0.8,peso,2018
2023-06-01,....South Cotabato,0.81,peso,2018
2023-06-01,....Sultan Kudarat,0.84,peso,2018
2023-06-01,....Sarangani,0.79,peso,2018
2023-06-01,....City of General Santos,0.82,peso,2018
2023-06-01,..Bangsamoro Autonomous Region in Muslim Mindanao (BARMM),0.83,peso,2018
2023-06-01,....City of Cotabato,0.81,peso,2018
2023-06-01,....Basilan,0.81,peso,2018
2023-06-01,....Lanao del Sur,0.85,peso,2018
2023-06-01,....Maguindanao,0.85,peso,2018
2023-06-01,....Sulu,0.83,peso,2018
2023-06-01,....Tawi-tawi,0.79,peso,2018
2023-06-01,..Region XIII (Caraga),0.82,peso,2018
2023-06-01,....Agusan del Norte,0.85,peso,2018
2023-06-01,....Agusan del Sur,0.81,peso,2018
2023-06-01,....Surigao del Norte,0.81,peso,2018
2023-06-01,....Surigao del Sur,0.82,peso,2018
2023-06-01,....Dinagat Islands,0.76,peso,2018
2023-06-01,....City of Butuan (Capital),0.82,peso,2018
2023-06-01,..Negros Island Region (NIR),0.79,peso,2018
2023-06-01,....Negros Occidental,0.76,peso,2018
2023-06-01,....City of Bacolod (Capital),0.8,peso,2018
2023-06-01,....Negros Oriental,0.83,peso,2018
2023-06-01,....Siquijor,0.81,peso,2018
2023-07-01,PHILIPPINES,0.83,peso,2018
2023-07-01,..National Capital Region (NCR),0.84,peso,2018
2023-07-01,..Areas Outside National Capital Region (AONCR),0.82,peso,2018
2023-07-01,..Cordillera Administrative Region (CAR),0.84,peso,2018
2023-07-01,....Abra,0.85,peso,2018
2023-07-01,....Benguet,0.84,peso,2018
2023-07-01,....Ifugao,0.82,peso,2018
2023-07-01,....Kalinga,0.82,peso,2018
2023-07-01,....Mountain Province,0.81,peso,2018
2023-07-01,....Apayao,0.83,peso,2018
2023-07-01,....City of Baguio,0.86,peso,2018
2023-07-01,..Region I (Ilocos Region),0.83,peso,2018
2023-07-01,....Ilocos Norte,0.83,peso,2018
2023-07-01,....Ilocos Sur,0.82,peso,2018
2023-07-01,....La Union,0.88,peso,2018
2023-07-01,....Pangasinan,0.83,peso,2018
2023-07-01,..Region II (Cagayan Valley),0.82,peso,2018
2023-07-01,....Batanes,0.78,peso,2018
2023-07-01,....Cagayan,0.82,peso,2018
2023-07-01,....Isabela,0.83,peso,2018
2023-07-01,....Nueva Vizcaya,0.81,peso,2018
2023-07-01,....Quirino,0.81,peso,2018
2023-07-01,..Region III (Central Luzon),0.8,peso,2018
2023-07-01,....Bataan,0.77,peso,2018
2023-07-01,....Bulacan,0.82,peso,2018
2023-07-01,....Nueva Ecija,0.79,peso,2018
2023-07-01,....Pampanga,0.79,peso,2018
2023-07-01,....Tarlac,0.81,peso,2018
2023-07-01,....Zambales,0.78,peso,2018
2023-07-01,....Aurora,0.79,peso,2018
2023-07-01,....City of Angeles,0.82,peso,2018
2023-07-01,....City of Olongapo,0.81,peso,2018
2023-07-01,..Region IV-A (CALABARZON),0.82,peso,2018
2023-07-01,....Batangas,0.8,peso,2018
2023-07-01,....Cavite,0.82,peso,2018
2023-07-01,....Laguna,0.86,peso,2018
2023-07-01,....Quezon,0.86,peso,2018
2023-07-01,....Rizal,0.79,peso,2018
2023-07-01,....City of Lucena (Capital),0.85,peso,2018
2023-07-01,..MIMAROPA Region,0.79,peso,2018
2023-07-01,....Marinduque,0.78,peso,2018
2023-07-01,....Occidental Mindoro,0.77,peso,2018
2023-07-01,....Oriental Mindoro,0.76,peso,2018
2023-07-01,....Palawan,0.81,peso,2018
2023-07-01,....Romblon,0.79,peso,2018
2023-07-01,....City of Puerto Princesa (Capital),0.83,peso,2018
2023-07-01,..Region V (Bicol Region),0.8,peso,2018
2023-07-01,....Albay,0.78,peso,2018
2023-07-01,....Camarines Norte,0.81,peso,2018
2023-07-01,....Camarines Sur,0.8,peso,2018
2023-07-01,....Catanduanes,0.8,peso,2018
2023-07-01,....Masbate,0.82,peso,2018
2023-07-01,....Sorsogon,0.81,peso,2018
2023-07-01,..Region VI (Western Visayas),0.84,peso,2018
2023-07-01,....Aklan,0.85,peso,2018
2023-07-01,....Antique,0.82,peso,2018
2023-07-01,....Capiz,0.8,peso,2018
2023-07-01,....Iloilo,0.86,peso,2018
2023-07-01,....Guimaras,0.8,peso,2018
2023-07-01,....City of Iloilo (Capital),0.82,peso,2018
2023-07-01,..Region VII (Central Visayas),0.86,peso,2018
2023-07-01,....Bohol,0.85,peso,2018
2023-07-01,....Cebu,0.83,peso,2018
2023-07-01,....City of Cebu (Capital),0.91,peso,2018
2023-07-01,....City of Lapu-Lapu,0.91,peso,2018
2023-07-01,....City of Mandaue,0.9,peso,2018
2023-07-01,..Region VIII (Eastern Visayas),0.84,peso,2018
2023-07-01,....Eastern Samar,0.83,peso,2018
2023-07-01,....Leyte,0.84,peso,2018
2023-07-01,....Northern Samar,0.84,peso,2018
2023-07-01,....Samar,0.81,peso,2018
2023-07-01,....Southern Leyte,0.85,peso,2018
2023-07-01,....Biliran,0.87,peso,2018
2023-07-01,....City of Tacloban (Capital),0.86,peso,2018
2023-07-01,..Region IX (Zamboanga Peninsula),0.85,peso,2018
2023-07-01,....Zamboanga del Norte,0.83,peso,2018
2023-07-01,....Zamboanga del Sur,0.83,peso,2018
2023-07-01,....Zamboanga Sibugay,0.84,peso,2018
2023-07-01,....City of Zamboanga,0.87,peso,2018
2023-07-01,....City of Isabela,0.87,peso,2018
2023-07-01,..Region X (Northern Mindanao),0.82,peso,2018
2023-07-01,....Bukidnon,0.82,peso,2018
2023-07-01,....Camiguin,0.8,peso,2018
2023-07-01,....Lanao del Norte,0.84,peso,2018
2023-07-01,....Misamis Occidental,0.82,peso,2018
2023-07-01,....Misamis Oriental,0.81,peso,2018
2023-07-01,....City of Iligan,0.84,peso,2018
2023-07-01,....City of Cagayan de Oro (Capital),0.83,peso,2018
2023-07-01,..Region XI (Davao Region),0.82,peso,2018
2023-07-01,....Davao del Norte,0.86,peso,2018
2023-07-01,....Davao del Sur,0.82,peso,2018
2023-07-01,....Davao Oriental,0.8,peso,2018
2023-07-01,....Davao de Oro,0.8,peso,2018
2023-07-01,....Davao Occidental,0.84,peso,2018
2023-07-01,....City of Davao,0.8,peso,2018
2023-07-01,..Region XII (SOCCSKSARGEN),0.81,peso,2018
2023-07-01,....Cotabato,0.8,peso,2018
2023-07-01,....South Cotabato,0.81,peso,2018
2023-07-01,....Sultan Kudarat,0.84,peso,2018
2023-07-01,....Sarangani,0.79,peso,2018
2023-07-01,....City of General Santos,0.82,peso,2018
2023-07-01,..Bangsamoro Autonomous Region in Muslim Mindanao (BARMM),0.83,peso,2018
2023-07-01,....City of Cotabato,0.81,peso,2018
2023-07-01,....Basilan,0.81,peso,2018
2023-07-01,....Lanao del Sur,0.84,peso,2018
2023-07-01,....Maguindanao,0.84,peso,2018
2023-07-01,....Sulu,0.84,peso,2018
2023-07-01,....Tawi-tawi,0.8,peso,2018
2023-07-01,..Region XIII (Caraga),0.82,peso,2018
2023-07-01,....Agusan del Norte,0.85,peso,2018
2023-07-01,....Agusan del Sur,0.81,peso,2018
2023-07-01,....Surigao del Norte,0.81,peso,2018
2023-07-01,....Surigao del Sur,0.82,peso,2018
2023-07-01,....Dinagat Islands,0.76,peso,2018
2023-07-01,....City of Butuan (Capital),0.82,peso,2018
2023-07-01,..Negros Island Region (NIR),0.79,peso,2018
2023-07-01,....Negros Occidental,0.76,peso,2018
2023-07-01,....City of Bacolod (Capital),0.81,peso,2018
2023-07-01,....Negros Oriental,0.83,peso,2018
2023-07-01,....Siquijor,0.82,peso,2018
2023-08-01,PHILIPPINES,0.82,peso,2018
2023-08-01,..National Capital Region (NCR),0.83,peso,2018
2023-08-01,..Areas Outside National Capital Region (AONCR),0.81,peso,2018
2023-08-01,..Cordillera Administrative Region (CAR),0.83,peso,2018
2023-08-01,....Abra,0.83,peso,2018
2023-08-01,....Benguet,0.82,peso,2018
2023-08-01,....Ifugao,0.81,peso,2018
2023-08-01,....Kalinga,0.81,peso,2018
2023-08-01,....Mountain Province,0.8,peso,2018
2023-08-01,....Apayao,0.82,peso,2018
2023-08-01,....City of Baguio,0.85,peso,2018
2023-08-01,..Region I (Ilocos Region),0.82,peso,2018
2023-08-01,....Ilocos Norte,0.81,peso,2018
2023-08-01,....Ilocos Sur,0.8,peso,2018
2023-08-01,....La Union,0.86,peso,2018
2023-08-01,....Pangasinan,0.81,peso,2018
2023-08-01,..Region II (Cagayan Valley),0.81,peso,2018
2023-08-01,....Batanes,0.77,peso,2018
2023-08-01,....Cagayan,0.8,peso,2018
2023-08-01,....Isabela,0.83,peso,2018
2023-08-01,....Nueva Vizcaya,0.79,peso,2018
2023-08-01,....Quirino,0.8,peso,2018
2023-08-01,..Region III (Central Luzon),0.79,peso,2018
2023-08-01,....Bataan,0.76,peso,2018
2023-08-01,....Bulacan,0.81,peso,2018
2023-08-01,....Nueva Ecija,0.77,peso,2018
2023-08-01,....Pampanga,0.78,peso,2018
2023-08-01,....Tarlac,0.8,peso,2018
2023-08-01,....Zambales,0.77,peso,2018
2023-08-01,....Aurora,0.78,peso,2018
2023-08-01,....City of Angeles,0.82,peso,2018
2023-08-01,....City of Olongapo,0.8,peso,2018
2023-08-01,..Region IV-A (CALABARZON),0.81,peso,2018
2023-08-01,....Batangas,0.79,peso,2018
2023-08-01,....Cavite,0.81,peso,2018
2023-08-01,....Laguna,0.85,peso,2018
2023-08-01,....Quezon,0.85,peso,2018
2023-08-01,....Rizal,0.78,peso,2018
2023-08-01,....City of Lucena (Capital),0.85,peso,2018
2023-08-01,..MIMAROPA Region,0.78,peso,2018
2023-08-01,....Marinduque,0.77,peso,2018
2023-08-01,....Occidental Mindoro,0.77,peso,2018
2023-08-01,....Oriental Mindoro,0.75,peso,2018
2023-08-01,....Palawan,0.8,peso,2018
2023-08-01,....Romblon,0.78,peso,2018
2023-08-01,....City of Puerto Princesa (Capital),0.82,peso,2018
2023-08-01,..Region V (Bicol Region),0.79,peso,2018
2023-08-01,....Albay,0.77,peso,2018
2023-08-01,....Camarines Norte,0.79,peso,2018
2023-08-01,....Camarines Sur,0.79,peso,2018
2023-08-01,....Catanduanes,0.79,peso,2018
2023-08-01,....Masbate,0.81,peso,2018
2023-08-01,....Sorsogon,0.81,peso,2018
2023-08-01,..Region VI (Western Visayas),0.83,peso,2018
2023-08-01,....Aklan,0.84,peso,2018
2023-08-01,....Antique,0.81,peso,2018
2023-08-01,....Capiz,0.8,peso,2018
2023-08-01,....Iloilo,0.85,peso,2018
2023-08-01,....Guimaras,0.79,peso,2018
2023-08-01,....City of Iloilo (Capital),0.81,peso,2018
2023-08-01,..Region VII (Central Visayas),0.86,peso,2018
2023-08-01,....Bohol,0.83,peso,2018
2023-08-01,....Cebu,0.85,peso,2018
2023-08-01,....City of Cebu (Capital),0.9,peso,2018
2023-08-01,....City of Lapu-Lapu,0.91,peso,2018
2023-08-01,....City of Mandaue,0.89,peso,2018
2023-08-01,..Region VIII (Eastern Visayas),0.83,peso,2018
2023-08-01,....Eastern Samar,0.82,peso,2018
2023-08-01,....Leyte,0.84,peso,2018
2023-08-01,....Northern Samar,0.82,peso,2018
2023-08-01,....Samar,0.8,peso,2018
2023-08-01,....Southern Leyte,0.85,peso,2018
2023-08-01,....Biliran,0.86,peso,2018
2023-08-01,....City of Tacloban (Capital),0.86,peso,2018
2023-08-01,..Region IX (Zamboanga Peninsula),0.83,peso,2018
2023-08-01,....Zamboanga del Norte,0.83,peso,2018
2023-08-01,....Zamboanga del Sur,0.81,peso,2018
2023-08-01,....Zamboanga Sibugay,0.84,peso,2018
2023-08-01,....City of Zamboanga,0.86,peso,2018
2023-08-01,....City of Isabela,0.85,peso,2018
2023-08-01,..Region X (Northern Mindanao),0.81,peso,2018
2023-08-01,....Bukidnon,0.81,peso,2018
2023-08-01,....Camiguin,0.8,peso,2018
2023-08-01,....Lanao del Norte,0.82,peso,2018
2023-08-01,....Misamis Occidental,0.81,peso,2018
2023-08-01,....Misamis Oriental,0.8,peso,2018
2023-08-01,....City of Iligan,0.82,peso,2018
2023-08-01,....City of Cagayan de Oro (Capital),0.82,peso,2018
2023-08-01,..Region XI (Davao Region),0.82,peso,2018
2023-08-01,....Davao del Norte,0.85,peso,2018
2023-08-01,....Davao del Sur,0.81,peso,2018
2023-08-01,....Davao Oriental,0.79,peso,2018
2023-08-01,....Davao de Oro,0.8,peso,2018
2023-08-01,....Davao Occidental,0.83,peso,2018
2023-08-01,....City of Davao,0.81,peso,2018
2023-08-01,..Region XII (SOCCSKSARGEN),0.8,peso,2018
2023-08-01,....Cotabato,0.79,peso,2018
2023-08-01,....South Cotabato,0.8,peso,2018
2023-08-01,....Sultan Kudarat,0.83,peso,2018
2023-08-01,....Sarangani,0.77,peso,2018
2023-08-01,....City of General Santos,0.82,peso,2018
2023-08-01,..Bangsamoro Autonomous Region in Muslim Mindanao (BARMM),0.82,peso,2018
2023-08-01,....City of Cotabato,0.81,peso,2018
2023-08-01,....Basilan,0.8,peso,2018
2023-08-01,....Lanao del Sur,0.83,peso,2018
2023-08-01,....Maguindanao,0.83,peso,2018
2023-08-01,....Sulu,0.83,peso,2018
2023-08-01,....Tawi-tawi,0.8,peso,2018
2023-08-01,..Region XIII (Caraga),0.81,peso,2018
2023-08-01,....Agusan del Norte,0.84,peso,2018
2023-08-01,....Agusan del Sur,0.81,peso,2018
2023-08-01,....Surigao del Norte,0.8,peso,2018
2023-08-01,....Surigao del Sur,0.81,peso,2018
2023-08-01,....Dinagat Islands,0.75,peso,2018
2023-08-01,....City of Butuan (Capital),0.82,peso,2018
2023-08-01,..Negros Island Region (NIR),0.78,peso,2018
2023-08-01,....Negros Occidental,0.76,peso,2018
2023-08-01,....City of Bacolod (Capital),0.8,peso,2018
2023-08-01,....Negros Oriental,0.82,peso,2018
2023-08-01,....Siquijor,0.81,peso,2018
2023-09-01,PHILIPPINES,0.81,peso,2018
2023-09-01,..National Capital Region (NCR),0.83,peso,2018
2023-09-01,..Areas Outside National Capital Region (AONCR),0.8,peso,2018
2023-09-01,..Cordillera Administrative Region (CAR),0.81,peso,2018
2023-09-01,....Abra,0.81,peso,2018
2023-09-01,....Benguet,0.81,peso,2018
2023-09-01,....Ifugao,0.78,peso,2018
2023-09-01,....Kalinga,0.8,peso,2018
2023-09-01,....Mountain Province,0.79,peso,2018
2023-09-01,....Apayao,0.81,peso,2018
2023-09-01,....City of Baguio,0.83,peso,2018
2023-09-01,..Region I (Ilocos Region),0.81,peso,2018
2023-09-01,....Ilocos Norte,0.81,peso,2018
2023-09-01,....Ilocos Sur,0.8,peso,2018
2023-09-01,....La Union,0.86,peso,2018
2023-09-01,....Pangasinan,0.8,peso,2018
2023-09-01,..Region II (Cagayan Valley),0.8,peso,2018
2023-09-01,....Batanes,0.78,peso,2018
2023-09-01,....Cagayan,0.79,peso,2018
2023-09-01,....Isabela,0.82,peso,2018
2023-09-01,....Nueva Vizcaya,0.78,peso,2018
2023-09-01,....Quirino,0.78,peso,2018
2023-09-01,..Region III (Central Luzon),0.78,peso,2018
2023-09-01,....Bataan,0.75,peso,2018
2023-09-01,....Bulacan,0.79,peso,2018
2023-09-01,....Nueva Ecija,0.76,peso,2018
2023-09-01,....Pampanga,0.78,peso,2018
2023-09-01,....Tarlac,0.78,peso,2018
2023-09-01,....Zambales,0.77,peso,2018
2023-09-01,....Aurora,0.77,peso,2018
2023-09-01,....City of Angeles,0.81,peso,2018
2023-09-01,....City of Olongapo,0.8,peso,2018
2023-09-01,..Region IV-A (CALABARZON),0.81,peso,2018
2023-09-01,....Batangas,0.79,peso,2018
2023-09-01,....Cavite,0.8,peso,2018
2023-09-01,....Laguna,0.84,peso,2018
2023-09-01,....Quezon,0.84,peso,2018
2023-09-01,....Rizal,0.78,peso,2018
2023-09-01,....City of Lucena (Capital),0.84,peso,2018
2023-09-01,..MIMAROPA Region,0.77,peso,2018
2023-09-01,....Marinduque,0.76,peso,2018
2023-09-01,....Occidental Mindoro,0.76,peso,2018
2023-09-01,....Oriental Mindoro,0.75,peso,2018
2023-09-01,....Palawan,0.79,peso,2018
2023-09-01,....Romblon,0.77,peso,2018
2023-09-01,....City of Puerto Princesa (Capital),0.82,peso,2018
2023-09-01,..Region V (Bicol Region),0.78,peso,2018
2023-09-01,....Albay,0.76,peso,2018
2023-09-01,....Camarines Norte,0.77,peso,2018
2023-09-01,....Camarines Sur,0.78,peso,2018
2023-09-01,....Catanduanes,0.78,peso,2018
2023-09-01,....Masbate,0.8,peso,2018
2023-09-01,....Sorsogon,0.79,peso,2018
2023-09-01,..Region VI (Western Visayas),0.82,peso,2018
2023-09-01,....Aklan,0.82,peso,2018
2023-09-01,....Antique,0.79,peso,2018
2023-09-01,....Capiz,0.79,peso,2018
2023-09-01,....Iloilo,0.85,peso,2018
2023-09-01,....Guimaras,0.79,peso,2018
2023-09-01,....City of Iloilo (Capital),0.81,peso,2018
2023-09-01,..Region VII (Central Visayas),0.86,peso,2018
2023-09-01,....Bohol,0.82,peso,2018
2023-09-01,....Cebu,0.84,peso,2018
2023-09-01,....City of Cebu (Capital),0.89,peso,2018
2023-09-01,....City of Lapu-Lapu,0.9,peso,2018
2023-09-01,....City of Mandaue,0.89,peso,2018
2023-09-01,..Region VIII (Eastern Visayas),0.82,peso,2018
2023-09-01,....Eastern Samar,0.8,peso,2018
2023-09-01,....Leyte,0.83,peso,2018
2023-09-01,....Northern Samar,0.81,peso,2018
2023-09-01,....Samar,0.78,peso,2018
2023-09-01,....Southern Leyte,0.83,peso,2018
2023-09-01,....Biliran,0.85,peso,2018
2023-09-01,....City of Tacloban (Capital),0.85,peso,2018
2023-09-01,..Region IX (Zamboanga Peninsula),0.82,peso,2018
2023-09-01,....Zamboanga del Norte,0.81,peso,2018
2023-09-01,....Zamboanga del Sur,0.8,peso,2018
2023-09-01,....Zamboanga Sibugay,0.82,peso,2018
2023-09-01,....City of Zamboanga,0.85,peso,2018
2023-09-01,....City of Isabela,0.84,peso,2018
2023-09-01,..Region X (Northern Mindanao),0.79,peso,2018
2023-09-01,....Bukidnon,0.79,peso,2018
2023-09-01,....Camiguin,0.79,peso,2018
2023-09-01,....Lanao del Norte,0.79,peso,2018
2023-09-01,....Misamis Occidental,0.8,peso,2018
2023-09-01,....Misamis Oriental,0.78,peso,2018
2023-09-01,....City of Iligan,0.8,peso,2018
2023-09-01,....City of Cagayan de Oro (Capital),0.81,peso,2018
2023-09-01,..Region XI (Davao Region),0.8,peso,2018
2023-09-01,....Davao del Norte,0.83,peso,2018
2023-09-01,....Davao del Sur,0.8,peso,2018
2023-09-01,....Davao Oriental,0.79,peso,2018
2023-09-01,....Davao de Oro,0.78,peso,2018
2023-09-01,....Davao Occidental,0.81,peso,2018
2023-09-01,....City of Davao,0.79,peso,2018
2023-09-01,..Region XII (SOCCSKSARGEN),0.8,peso,2018
2023-09-01,....Cotabato,0.78,peso,2018
2023-09-01,....South Cotabato,0.8,peso,2018
2023-09-01,....Sultan Kudarat,0.82,peso,2018
2023-09-01,....Sarangani,0.77,peso,2018
2023-09-01,....City of General Santos,0.81,peso,2018
2023-09-01,..Bangsamoro Autonomous Region in Muslim Mindanao (BARMM),0.81,peso,2018
2023-09-01,....City of Cotabato,0.79,peso,2018
2023-09-01,....Basilan,0.76,peso,2018
2023-09-01,....Lanao del Sur,0.82,peso,2018
2023-09-01,....Maguindanao,0.81,peso,2018
2023-09-01,....Sulu,0.83,peso,2018
2023-09-01,....Tawi-tawi,0.77,peso,2018
2023-09-01,..Region XIII (Caraga),0.8,peso,2018
2023-09-01,....Agusan del Norte,0.82,peso,2018
2023-09-01,....Agusan del Sur,0.8,peso,2018
2023-09-01,....Surigao del Norte,0.8,peso,2018
2023-09-01,....Surigao del Sur,0.8,peso,2018
2023-09-01,....Dinagat Islands,0.75,peso,2018
2023-09-01,....City of Butuan (Capital),0.81,peso,2018
2023-09-01,..Negros Island Region (NIR),0.78,peso,2018
2023-09-01,....Negros Occidental,0.76,peso,2018
2023-09-01,....City of Bacolod (Capital),0.79,peso,2018
2023-09-01,....Negros Oriental,0.82,peso,2018
2023-09-01,....Siquijor,0.8,peso,2018
2023-10-01,PHILIPPINES,0.81,peso,2018
2023-10-01,..National Capital Region (NCR),0.83,peso,2018
2023-10-01,..Areas Outside National Capital Region (AONCR),0.8,peso,2018
2023-10-01,..Cordillera Administrative Region (CAR),0.81,peso,2018
2023-10-01,....Abra,0.82,peso,2018
2023-10-01,....Benguet,0.8,peso,2018
2023-10-01,....Ifugao,0.78,peso,2018
2023-10-01,....Kalinga,0.8,peso,2018
2023-10-01,....Mountain Province,0.79,peso,2018
2023-10-01,....Apayao,0.8,peso,2018
2023-10-01,....City of Baguio,0.83,peso,2018
2023-10-01,..Region I (Ilocos Region),0.82,peso,2018
2023-10-01,....Ilocos Norte,0.82,peso,2018
2023-10-01,....Ilocos Sur,0.82,peso,2018
2023-10-01,....La Union,0.86,peso,2018
2023-10-01,....Pangasinan,0.8,peso,2018
2023-10-01,..Region II (Cagayan Valley),0.81,peso,2018
2023-10-01,....Batanes,0.78,peso,2018
2023-10-01,....Cagayan,0.8,peso,2018
2023-10-01,....Isabela,0.83,peso,2018
2023-10-01,....Nueva Vizcaya,0.79,peso,2018
2023-10-01,....Quirino,0.79,peso,2018
2023-10-01,..Region III (Central Luzon),0.78,peso,2018
2023-10-01,....Bataan,0.76,peso,2018
2023-10-01,....Bulacan,0.79,peso,2018
2023-10-01,....Nueva Ecija,0.77,peso,2018
2023-10-01,....Pampanga,0.78,peso,2018
2023-10-01,....Tarlac,0.79,peso,2018
2023-10-01,....Zambales,0.77,peso,2018
2023-10-01,....Aurora,0.78,peso,2018
2023-10-01,....City of Angeles,0.81,peso,2018
2023-10-01,....City of Olongapo,0.8,peso,2018
2023-10-01,..Region IV-A (CALABARZON),0.81,peso,2018
2023-10-01,....Batangas,0.79,peso,2018
2023-10-01,....Cavite,0.8,peso,2018
2023-10-01,....Laguna,0.84,peso,2018
2023-10-01,....Quezon,0.84,peso,2018
2023-10-01,....Rizal,0.78,peso,2018
2023-10-01,....City of Lucena (Capital),0.84,peso,2018
2023-10-01,..MIMAROPA Region,0.77,peso,2018
2023-10-01,....Marinduque,0.76,peso,2018
2023-10-01,....Occidental Mindoro,0.76,peso,2018
2023-10-01,....Oriental Mindoro,0.75,peso,2018
2023-10-01,....Palawan,0.79,peso,2018
2023-10-01,....Romblon,0.77,peso,2018
2023-10-01,....City of Puerto Princesa (Capital),0.81,peso,2018
2023-10-01,..Region V (Bicol Region),0.78,peso,2018
2023-10-01,....Albay,0.77,peso,2018
2023-10-01,....Camarines Norte,0.78,peso,2018
2023-10-01,....Camarines Sur,0.78,peso,2018
2023-10-01,....Catanduanes,0.79,peso,2018
2023-10-01,....Masbate,0.8,peso,2018
2023-10-01,....Sorsogon,0.81,peso,2018
2023-10-01,..Region VI (Western Visayas),0.83,peso,2018
2023-10-01,....Aklan,0.83,peso,2018
2023-10-01,....Antique,0.81,peso,2018
2023-10-01,....Capiz,0.79,peso,2018
2023-10-01,....Iloilo,0.85,peso,2018
2023-10-01,....Guimaras,0.79,peso,2018
2023-10-01,....City of Iloilo (Capital),0.81,peso,2018
2023-10-01,..Region VII (Central Visayas),0.85,peso,2018
2023-10-01,....Bohol,0.83,peso,2018
2023-10-01,....Cebu,0.84,peso,2018
2023-10-01,....City of Cebu (Capital),0.89,peso,2018
2023-10-01,....City of Lapu-Lapu,0.88,peso,2018
2023-10-01,....City of Mandaue,0.86,peso,2018
2023-10-01,..Region VIII (Eastern Visayas),0.82,peso,2018
2023-10-01,....Eastern Samar,0.79,peso,2018
2023-10-01,....Leyte,0.83,peso,2018
2023-10-01,....Northern Samar,0.82,peso,2018
2023-10-01,....Samar,0.79,peso,2018
2023-10-01,....Southern Leyte,0.83,peso,2018
2023-10-01,....Biliran,0.85,peso,2018
2023-10-01,....City of Tacloban (Capital),0.85,peso,2018
2023-10-01,..Region IX (Zamboanga Peninsula),0.83,peso,2018
2023-10-01,....Zamboanga del Norte,0.82,peso,2018
2023-10-01,....Zamboanga del Sur,0.8,peso,2018
2023-10-01,....Zamboanga Sibugay,0.82,peso,2018
2023-10-01,....City of Zamboanga,0.85,peso,2018
2023-10-01,....City of Isabela,0.84,peso,2018
2023-10-01,..Region X (Northern Mindanao),0.8,peso,2018
2023-10-01,....Bukidnon,0.8,peso,2018
2023-10-01,....Camiguin,0.79,peso,2018
2023-10-01,....Lanao del Norte,0.8,peso,2018
2023-10-01,....Misamis Occidental,0.8,peso,2018
2023-10-01,....Misamis Oriental,0.78,peso,2018
2023-10-01,....City of Iligan,0.81,peso,2018
2023-10-01,....City of Cagayan de Oro (Capital),0.81,peso,2018
2023-10-01,..Region XI (Davao Region),0.8,peso,2018
2023-10-01,....Davao del Norte,0.84,peso,2018
2023-10-01,....Davao del Sur,0.8,peso,2018
2023-10-01,....Davao Oriental,0.79,peso,2018
2023-10-01,....Davao de Oro,0.79,peso,2018
2023-10-01,....Davao Occidental,0.81,peso,2018
2023-10-01,....City of Davao,0.79,peso,2018
2023-10-01,..Region XII (SOCCSKSARGEN),0.8,peso,2018
2023-10-01,....Cotabato,0.79,peso,2018
2023-10-01,....South Cotabato,0.8,peso,2018
2023-10-01,....Sultan Kudarat,0.82,peso,2018
2023-10-01,....Sarangani,0.78,peso,2018
2023-10-01,....City of General Santos,0.81,peso,2018
2023-10-01,..Bangsamoro Autonomous Region in Muslim Mindanao (BARMM),0.81,peso,2018
2023-10-01,....City of Cotabato,0.8,peso,2018
2023-10-01,....Basilan,0.77,peso,2018
2023-10-01,....Lanao del Sur,0.82,peso,2018
2023-10-01,....Maguindanao,0.81,peso,2018
2023-10-01,....Sulu,0.83,peso,2018
2023-10-01,....Tawi-tawi,0.76,peso,2018
2023-10-01,..Region XIII (Caraga),0.81,peso,2018
2023-10-01,....Agusan del Norte,0.84,peso,2018
2023-10-01,....Agusan del Sur,0.81,peso,2018
2023-10-01,....Surigao del Norte,0.8,peso,2018
2023-10-01,....Surigao del Sur,0.8,peso,2018
2023-10-01,....Dinagat Islands,0.74,peso,2018
2023-10-01,....City of Butuan (Capital),0.82,peso,2018
2023-10-01,..Negros Island Region (NIR),0.78,peso,2018
2023-10-01,....Negros Occidental,0.75,peso,2018
2023-10-01,....City of Bacolod (Capital),0.79,peso,2018
2023-10-01,....Negros Oriental,0.82,peso,2018
2023-10-01,....Siquijor,0.79,peso,2018
2023-11-01,PHILIPPINES,0.81,peso,2018
2023-11-01,..National Capital Region (NCR),0.83,peso,2018
2023-11-01,..Areas Outside National Capital Region (AONCR),0.8,peso,2018
2023-11-01,..Cordillera Administrative Region (CAR),0.81,peso,2018
2023-11-01,....Abra,0.82,peso,2018
2023-11-01,....Benguet,0.8,peso,2018
2023-11-01,....Ifugao,0.78,peso,2018
2023-11-01,....Kalinga,0.8,peso,2018
2023-11-01,....Mountain Province,0.79,peso,2018
2023-11-01,....Apayao,0.79,peso,2018
2023-11-01,....City of Baguio,0.83,peso,2018
2023-11-01,..Region I (Ilocos Region),0.82,peso,2018
2023-11-01,....Ilocos Norte,0.82,peso,2018
2023-11-01,....Ilocos Sur,0.81,peso,2018
2023-11-01,....La Union,0.86,peso,2018
2023-11-01,....Pangasinan,0.81,peso,2018
2023-11-01,..Region II (Cagayan Valley),0.81,peso,2018
2023-11-01,....Batanes,0.77,peso,2018
2023-11-01,....Cagayan,0.8,peso,2018
2023-11-01,....Isabela,0.83,peso,2018
2023-11-01,....Nueva Vizcaya,0.79,peso,2018
2023-11-01,....Quirino,0.79,peso,2018
2023-11-01,..Region III (Central Luzon),0.78,peso,2018
2023-11-01,....Bataan,0.76,peso,2018
2023-11-01,....Bulacan,0.79,peso,2018
2023-11-01,....Nueva Ecija,0.77,peso,2018
2023-11-01,....Pampanga,0.78,peso,2018
2023-11-01,....Tarlac,0.79,peso,2018
2023-11-01,....Zambales,0.77,peso,2018
2023-11-01,....Aurora,0.78,peso,2018
2023-11-01,....City of Angeles,0.81,peso,2018
2023-11-01,....City of Olongapo,0.8,peso,2018
2023-11-01,..Region IV-A (CALABARZON),0.81,peso,2018
2023-11-01,....Batangas,0.79,peso,2018
2023-11-01,....Cavite,0.8,peso,2018
2023-11-01,....Laguna,0.84,peso,2018
2023-11-01,....Quezon,0.84,peso,2018
2023-11-01,....Rizal,0.78,peso,2018
2023-11-01,....City of Lucena (Capital),0.83,peso,2018
2023-11-01,..MIMAROPA Region,0.77,peso,2018
2023-11-01,....Marinduque,0.76,peso,2018
2023-11-01,....Occidental Mindoro,0.76,peso,2018
2023-11-01,....Oriental Mindoro,0.75,peso,2018
2023-11-01,....Palawan,0.79,peso,2018
2023-11-01,....Romblon,0.77,peso,2018
2023-11-01,....City of Puerto Princesa (Capital),0.81,peso,2018
2023-11-01,..Region V (Bicol Region),0.78,peso,2018
2023-11-01,....Albay,0.77,peso,2018
2023-11-01,....Camarines Norte,0.78,peso,2018
2023-11-01,....Camarines Sur,0.77,peso,2018
2023-11-01,....Catanduanes,0.78,peso,2018
2023-11-01,....Masbate,0.79,peso,2018
2023-11-01,....Sorsogon,0.8,peso,2018
2023-11-01,..Region VI (Western Visayas),0.82,peso,2018
2023-11-01,....Aklan,0.82,peso,2018
2023-11-01,....Antique,0.8,peso,2018
2023-11-01,....Capiz,0.78,peso,2018
2023-11-01,....Iloilo,0.85,peso,2018
2023-11-01,....Guimaras,0.77,peso,2018
2023-11-01,....City of Iloilo (Capital),0.81,peso,2018
2023-11-01,..Region VII (Central Visayas),0.85,peso,2018
2023-11-01,....Bohol,0.82,peso,2018
2023-11-01,....Cebu,0.84,peso,2018
2023-11-01,....City of Cebu (Capital),0.88,peso,2018
2023-11-01,....City of Lapu-Lapu,0.87,peso,2018
2023-11-01,....City of Mandaue,0.85,peso,2018
2023-11-01,..Region VIII (Eastern Visayas),0.82,peso,2018
2023-11-01,....Eastern Samar,0.79,peso,2018
2023-11-01,....Leyte,0.82,peso,2018
2023-11-01,....Northern Samar,0.81,peso,2018
2023-11-01,....Samar,0.78,peso,2018
2023-11-01,....Southern Leyte,0.83,peso,2018
2023-11-01,....Biliran,0.85,peso,2018
2023-11-01,....City of Tacloban (Capital),0.84,peso,2018
2023-11-01,..Region IX (Zamboanga Peninsula),0.82,peso,2018
2023-11-01,....Zamboanga del Norte,0.82,peso,2018
2023-11-01,....Zamboanga del Sur,0.8,peso,2018
2023-11-01,....Zamboanga Sibugay,0.82,peso,2018
2023-11-01,....City of Zamboanga,0.85,peso,2018
2023-11-01,....City of Isabela,0.84,peso,2018
2023-11-01,..Region X (Northern Mindanao),0.8,peso,2018
2023-11-01,....Bukidnon,0.8,peso,2018
2023-11-01,....Camiguin,0.78,peso,2018
2023-11-01,....Lanao del Norte,0.8,peso,2018
2023-11-01,....Misamis Occidental,0.81,peso,2018
2023-11-01,....Misamis Oriental,0.78,peso,2018
2023-11-01,....City of Iligan,0.81,peso,2018
2023-11-01,....City of Cagayan de Oro (Capital),0.81,peso,2018
2023-11-01,..Region XI (Davao Region),0.8,peso,2018
2023-11-01,....Davao del Norte,0.83,peso,2018
2023-11-01,....Davao del Sur,0.8,peso,2018
2023-11-01,....Davao Oriental,0.78,peso,2018
2023-11-01,....Davao de Oro,0.78,peso,2018
2023-11-01,....Davao Occidental,0.82,peso,2018
2023-11-01,....City of Davao,0.78,peso,2018
2023-11-01,..Region XII (SOCCSKSARGEN),0.79,peso,2018
2023-11-01,....Cotabato,0.79,peso,2018
2023-11-01,....South Cotabato,0.8,peso,2018
2023-11-01,....Sultan Kudarat,0.81,peso,2018
2023-11-01,....Sarangani,0.77,peso,2018
2023-11-01,....City of General Santos,0.81,peso,2018
2023-11-01,..Bangsamoro Autonomous Region in Muslim Mindanao (BARMM),0.81,peso,2018
2023-11-01,....City of Cotabato,0.8,peso,2018
2023-11-01,....Basilan,0.76,peso,2018
2023-11-01,....Lanao del Sur,0.82,peso,2018
2023-11-01,....Maguindanao,0.81,peso,2018
2023-11-01,....Sulu,0.83,peso,2018
2023-11-01,....Tawi-tawi,0.76,peso,2018
2023-11-01,..Region XIII (Caraga),0.81,peso,2018
2023-11-01,....Agusan del Norte,0.83,peso,2018
2023-11-01,....Agusan del Sur,0.8,peso,2018
2023-11-01,....Surigao del Norte,0.8,peso,2018
2023-11-01,....Surigao del Sur,0.81,peso,2018
2023-11-01,....Dinagat Islands,0.74,peso,2018
2023-11-01,....City of Butuan (Capital),0.82,peso,2018
2023-11-01,..Negros Island Region (NIR),0.77,peso,2018
2023-11-01,....Negros Occidental,0.75,peso,2018
2023-11-01,....City of Bacolod (Capital),0.78,peso,2018
2023-11-01,....Negros Oriental,0.81,peso,2018
2023-11-01,....Siquijor,0.79,peso,2018
2023-12-01,PHILIPPINES,0.81,peso,2018
2023-12-01,..National Capital Region (NCR),0.83,peso,2018
2023-12-01,..Areas Outside National Capital Region (AONCR),0.8,peso,2018
2023-12-01,..Cordillera Administrative Region (CAR),0.81,peso,2018
2023-12-01,....Abra,0.82,peso,2018
2023-12-01,....Benguet,0.8,peso,2018
2023-12-01,....Ifugao,0.79,peso,2018
2023-12-01,....Kalinga,0.81,peso,2018
2023-12-01,....Mountain Province,0.79,peso,2018
2023-12-01,....Apayao,0.78,peso,2018
2023-12-01,....City of Baguio,0.84,peso,2018
2023-12-01,..Region I (Ilocos Region),0.82,peso,2018
2023-12-01,....Ilocos Norte,0.82,peso,2018
2023-12-01,....Ilocos Sur,0.81,peso,2018
2023-12-01,....La Union,0.85,peso,2018
2023-12-01,....Pangasinan,0.81,peso,2018
2023-12-01,..Region II (Cagayan Valley),0.81,peso,2018
2023-12-01,....Batanes,0.76,peso,2018
2023-12-01,....Cagayan,0.79,peso,2018
2023-12-01,....Isabela,0.83,peso,2018
2023-12-01,....Nueva Vizcaya,0.79,peso,2018
2023-12-01,....Quirino,0.78,peso,2018
2023-12-01,..Region III (Central Luzon),0.78,peso,2018
2023-12-01,....Bataan,0.76,peso,2018
2023-12-01,....Bulacan,0.79,peso,2018
2023-12-01,....Nueva Ecija,0.76,peso,2018
2023-12-01,....Pampanga,0.78,peso,2018
2023-12-01,....Tarlac,0.79,peso,2018
2023-12-01,....Zambales,0.76,peso,2018
2023-12-01,....Aurora,0.78,peso,2018
2023-12-01,....City of Angeles,0.81,peso,2018
2023-12-01,....City of Olongapo,0.8,peso,2018
2023-12-01,..Region IV-A (CALABARZON),0.81,peso,2018
2023-12-01,....Batangas,0.79,peso,2018
2023-12-01,....Cavite,0.8,peso,2018
2023-12-01,....Laguna,0.84,peso,2018
2023-12-01,....Quezon,0.84,peso,2018
2023-12-01,....Rizal,0.78,peso,2018
2023-12-01,....City of Lucena (Capital),0.83,peso,2018
2023-12-01,..MIMAROPA Region,0.77,peso,2018
2023-12-01,....Marinduque,0.77,peso,2018
2023-12-01,....Occidental Mindoro,0.76,peso,2018
2023-12-01,....Oriental Mindoro,0.75,peso,2018
2023-12-01,....Palawan,0.78,peso,2018
2023-12-01,....Romblon,0.77,peso,2018
2023-12-01,....City of Puerto Princesa (Capital),0.8,peso,2018
2023-12-01,..Region V (Bicol Region),0.77,peso,2018
2023-12-01,....Albay,0.76,peso,2018
2023-12-01,....Camarines Norte,0.78,peso,2018
2023-12-01,....Camarines Sur,0.76,peso,2018
2023-12-01,....Catanduanes,0.78,peso,2018
2023-12-01,....Masbate,0.79,peso,2018
2023-12-01,....Sorsogon,0.8,peso,2018
2023-12-01,..Region VI (Western Visayas),0.82,peso,2018
2023-12-01,....Aklan,0.81,peso,2018
2023-12-01,....Antique,0.79,peso,2018
2023-12-01,....Capiz,0.78,peso,2018
2023-12-01,....Iloilo,0.85,peso,2018
2023-12-01,....Guimaras,0.77,peso,2018
2023-12-01,....City of Iloilo (Capital),0.82,peso,2018
2023-12-01,..Region VII (Central Visayas),0.85,peso,2018
2023-12-01,....Bohol,0.82,peso,2018
2023-12-01,....Cebu,0.84,peso,2018
2023-12-01,....City of Cebu (Capital),0.88,peso,2018
2023-12-01,....City of Lapu-Lapu,0.87,peso,2018
2023-12-01,....City of Mandaue,0.85,peso,2018
2023-12-01,..Region VIII (Eastern Visayas),0.81,peso,2018
2023-12-01,....Eastern Samar,0.79,peso,2018
2023-12-01,....Leyte,0.81,peso,2018
2023-12-01,....Northern Samar,0.81,peso,2018
2023-12-01,....Samar,0.77,peso,2018
2023-12-01,....Southern Leyte,0.83,peso,2018
2023-12-01,....Biliran,0.84,peso,2018
2023-12-01,....City of Tacloban (Capital),0.84,peso,2018
2023-12-01,..Region IX (Zamboanga Peninsula),0.82,peso,2018
2023-12-01,....Zamboanga del Norte,0.82,peso,2018
2023-12-01,....Zamboanga del Sur,0.8,peso,2018
2023-12-01,....Zamboanga Sibugay,0.81,peso,2018
2023-12-01,....City of Zamboanga,0.85,peso,2018
2023-12-01,....City of Isabela,0.84,peso,2018
2023-12-01,..Region X (Northern Mindanao),0.8,peso,2018
2023-12-01,....Bukidnon,0.8,peso,2018
2023-12-01,....Camiguin,0.78,peso,2018
2023-12-01,....Lanao del Norte,0.8,peso,2018
2023-12-01,....Misamis Occidental,0.81,peso,2018
2023-12-01,....Misamis Oriental,0.78,peso,2018
2023-12-01,....City of Iligan,0.81,peso,2018
2023-12-01,....City of Cagayan de Oro (Capital),0.8,peso,2018
2023-12-01,..Region XI (Davao Region),0.79,peso,2018
2023-12-01,....Davao del Norte,0.83,peso,2018
2023-12-01,....Davao del Sur,0.79,peso,2018
2023-12-01,....Davao Oriental,0.78,peso,2018
2023-12-01,....Davao de Oro,0.77,peso,2018
2023-12-01,....Davao Occidental,0.81,peso,2018
2023-12-01,....City of Davao,0.78,peso,2018
2023-12-01,..Region XII (SOCCSKSARGEN),0.79,peso,2018
2023-12-01,....Cotabato,0.78,peso,2018
2023-12-01,....South Cotabato,0.79,peso,2018
2023-12-01,....Sultan Kudarat,0.81,peso,2018
2023-12-01,....Sarangani,0.76,peso,2018
2023-12-01,....City of General Santos,0.8,peso,2018
2023-12-01,..Bangsamoro Autonomous Region in Muslim Mindanao (BARMM),0.8,peso,2018
2023-12-01,....City of Cotabato,0.8,peso,2018
2023-12-01,....Basilan,0.78,peso,2018
2023-12-01,....Lanao del Sur,0.82,peso,2018
2023-12-01,....Maguindanao,0.8,peso,2018
2023-12-01,....Sulu,0.82,peso,2018
2023-12-01,....Tawi-tawi,0.75,peso,2018
2023-12-01,..Region XIII (Caraga),0.8,peso,2018
2023-12-01,....Agusan del Norte,0.83,peso,2018
2023-12-01,....Agusan del Sur,0.8,peso,2018
2023-12-01,....Surigao del Norte,0.8,peso,2018
2023-12-01,....Surigao del Sur,0.8,peso,2018
2023-12-01,....Dinagat Islands,0.74,peso,2018
2023-12-01,....City of Butuan (Capital),0.81,peso,2018
2023-12-01,..Negros Island Region (NIR),0.77,peso,2018
2023-12-01,....Negros Occidental,0.75,peso,2018
2023-12-01,....City of Bacolod (Capital),0.78,peso,2018
2023-12-01,....Negros Oriental,0.8,peso,2018
2023-12-01,....Siquijor,0.79,peso,2018
2024-01-01,PHILIPPINES,0.8,peso,2018
2024-01-01,..National Capital Region (NCR),0.82,peso,2018
2024-01-01,..Areas Outside National Capital Region (AONCR),0.8,peso,2018
2024-01-01,..Cordillera Administrative Region (CAR),0.81,peso,2018
2024-01-01,....Abra,0.83,peso,2018
2024-01-01,....Benguet,0.81,peso,2018
2024-01-01,....Ifugao,0.78,peso,2018
2024-01-01,....Kalinga,0.81,peso,2018
2024-01-01,....Mountain Province,0.79,peso,2018
2024-01-01,....Apayao,0.77,peso,2018
2024-01-01,....City of Baguio,0.84,peso,2018
2024-01-01,..Region I (Ilocos Region),0.81,peso,2018
2024-01-01,....Ilocos Norte,0.83,peso,2018
2024-01-01,....Ilocos Sur,0.81,peso,2018
2024-01-01,....La Union,0.85,peso,2018
2024-01-01,....Pangasinan,0.8,peso,2018
2024-01-01,..Region II (Cagayan Valley),0.8,peso,2018
2024-01-01,....Batanes,0.77,peso,2018
2024-01-01,....Cagayan,0.79,peso,2018
2024-01-01,....Isabela,0.83,peso,2018
2024-01-01,....Nueva Vizcaya,0.78,peso,2018
2024-01-01,....Quirino,0.79,peso,2018
2024-01-01,..Region III (Central Luzon),0.78,peso,2018
2024-01-01,....Bataan,0.75,peso,2018
2024-01-01,....Bulacan,0.78,peso,2018
2024-01-01,....Nueva Ecija,0.76,peso,2018
2024-01-01,....Pampanga,0.78,peso,2018
2024-01-01,....Tarlac,0.78,peso,2018
2024-01-01,....Zambales,0.76,peso,2018
2024-01-01,....Aurora,0.77,peso,2018
2024-01-01,....City of Angeles,0.81,peso,2018
2024-01-01,....City of Olongapo,0.78,peso,2018
2024-01-01,..Region IV-A (CALABARZON),0.8,peso,2018
2024-01-01,....Batangas,0.79,peso,2018
2024-01-01,....Cavite,0.8,peso,2018
2024-01-01,....Laguna,0.84,peso,2018
2024-01-01,....Quezon,0.84,peso,2018
2024-01-01,....Rizal,0.77,peso,2018
2024-01-01,....City of Lucena (Capital),0.83,peso,2018
2024-01-01,..MIMAROPA Region,0.77,peso,2018
2024-01-01,....Marinduque,0.76,peso,2018
2024-01-01,....Occidental Mindoro,0.76,peso,2018
2024-01-01,....Oriental Mindoro,0.74,peso,2018
2024-01-01,....Palawan,0.78,peso,2018
2024-01-01,....Romblon,0.76,peso,2018
2024-01-01,....City of Puerto Princesa (Capital),0.8,peso,2018
2024-01-01,..Region V (Bicol Region),0.77,peso,2018
2024-01-01,....Albay,0.76,peso,2018
2024-01-01,....Camarines Norte,0.77,peso,2018
2024-01-01,....Camarines Sur,0.76,peso,2018
2024-01-01,....Catanduanes,0.77,peso,2018
2024-01-01,....Masbate,0.78,peso,2018
2024-01-01,....Sorsogon,0.8,peso,2018
2024-01-01,..Region VI (Western Visayas),0.82,peso,2018
2024-01-01,....Aklan,0.81,peso,2018
2024-01-01,....Antique,0.79,peso,2018
2024-01-01,....Capiz,0.78,peso,2018
2024-01-01,....Iloilo,0.85,peso,2018
2024-01-01,....Guimaras,0.76,peso,2018
2024-01-01,....City of Iloilo (Capital),0.81,peso,2018
2024-01-01,..Region VII (Central Visayas),0.84,peso,2018
2024-01-01,....Bohol,0.81,peso,2018
2024-01-01,....Cebu,0.84,peso,2018
2024-01-01,....City of Cebu (Capital),0.87,peso,2018
2024-01-01,....City of Lapu-Lapu,0.87,peso,2018
2024-01-01,....City of Mandaue,0.85,peso,2018
2024-01-01,..Region VIII (Eastern Visayas),0.8,peso,2018
2024-01-01,....Eastern Samar,0.79,peso,2018
2024-01-01,....Leyte,0.81,peso,2018
2024-01-01,....Northern Samar,0.8,peso,2018
2024-01-01,....Samar,0.76,peso,2018
2024-01-01,....Southern Leyte,0.83,peso,2018
2024-01-01,....Biliran,0.82,peso,2018
2024-01-01,....City of Tacloban (Capital),0.84,peso,2018
2024-01-01,..Region IX (Zamboanga Peninsula),0.82,peso,2018
2024-01-01,....Zamboanga del Norte,0.82,peso,2018
2024-01-01,....Zamboanga del Sur,0.8,peso,2018
2024-01-01,....Zamboanga Sibugay,0.81,peso,2018
2024-01-01,....City of Zamboanga,0.84,peso,2018
2024-01-01,....City of Isabela,0.84,peso,2018
2024-01-01,..Region X (Northern Mindanao),0.8,peso,2018
2024-01-01,....Bukidnon,0.79,peso,2018
2024-01-01,....Camiguin,0.78,peso,2018
2024-01-01,....Lanao del Norte,0.8,peso,2018
2024-01-01,....Misamis Occidental,0.81,peso,2018
2024-01-01,....Misamis Oriental,0.78,peso,2018
2024-01-01,....City of Iligan,0.8,peso,2018
2024-01-01,....City of Cagayan de Oro (Capital),0.8,peso,2018
2024-01-01,..Region XI (Davao Region),0.79,peso,2018
2024-01-01,....Davao del Norte,0.83,peso,2018
2024-01-01,....Davao del Sur,0.78,peso,2018
2024-01-01,....Davao Oriental,0.77,peso,2018
2024-01-01,....Davao de Oro,0.77,peso,2018
2024-01-01,....Davao Occidental,0.8,peso,2018
2024-01-01,....City of Davao,0.78,peso,2018
2024-01-01,..Region XII (SOCCSKSARGEN),0.78,peso,2018
2024-01-01,....Cotabato,0.78,peso,2018
2024-01-01,....South Cotabato,0.78,peso,2018
2024-01-01,....Sultan Kudarat,0.81,peso,2018
2024-01-01,....Sarangani,0.76,peso,2018
2024-01-01,....City of General Santos,0.8,peso,2018
2024-01-01,..Bangsamoro Autonomous Region in Muslim Mindanao (BARMM),0.8,peso,2018
2024-01-01,....City of Cotabato,0.79,peso,2018
2024-01-01,....Basilan,0.77,peso,2018
2024-01-01,....Lanao del Sur,0.82,peso,2018
2024-01-01,....Maguindanao,0.8,peso,2018
2024-01-01,....Sulu,0.82,peso,2018
2024-01-01,....Tawi-tawi,0.75,peso,2018
2024-01-01,..Region XIII (Caraga),0.79,peso,2018
2024-01-01,....Agusan del Norte,0.82,peso,2018
2024-01-01,....Agusan del Sur,0.79,peso,2018
2024-01-01,....Surigao del Norte,0.79,peso,2018
2024-01-01,....Surigao del Sur,0.79,peso,2018
2024-01-01,....Dinagat Islands,0.74,peso,2018
2024-01-01,....City of Butuan (Capital),0.81,peso,2018
2024-01-01,..Negros Island Region (NIR),0.77,peso,2018
2024-01-01,....Negros Occidental,0.74,peso,2018
2024-01-01,....City of Bacolod (Capital),0.78,peso,2018
2024-01-01,....Negros Oriental,0.8,peso,2018
2024-01-01,....Siquijor,0.79,peso,2018
2024-02-01,PHILIPPINES,0.8,peso,2018
2024-02-01,..National Capital Region (NCR),0.82,peso,2018
2024-02-01,..Areas Outside National Capital Region (AONCR),0.79,peso,2018
2024-02-01,..Cordillera Administrative Region (CAR),0.81,peso,2018
2024-02-01,....Abra,0.82,peso,2018
2024-02-01,....Benguet,0.8,peso,2018
2024-02-01,....Ifugao,0.78,peso,2018
2024-02-01,....Kalinga,0.79,peso,2018
2024-02-01,....Mountain Province,0.79,peso,2018
2024-02-01,....Apayao,0.78,peso,2018
2024-02-01,....City of Baguio,0.83,peso,2018
2024-02-01,..Region I (Ilocos Region),0.81,peso,2018
2024-02-01,....Ilocos Norte,0.82,peso,2018
2024-02-01,....Ilocos Sur,0.8,peso,2018
2024-02-01,....La Union,0.85,peso,2018
2024-02-01,....Pangasinan,0.8,peso,2018
2024-02-01,..Region II (Cagayan Valley),0.8,peso,2018
2024-02-01,....Batanes,0.77,peso,2018
2024-02-01,....Cagayan,0.78,peso,2018
2024-02-01,....Isabela,0.82,peso,2018
2024-02-01,....Nueva Vizcaya,0.78,peso,2018
2024-02-01,....Quirino,0.78,peso,2018
2024-02-01,..Region III (Central Luzon),0.77,peso,2018
2024-02-01,....Bataan,0.75,peso,2018
2024-02-01,....Bulacan,0.78,peso,2018
2024-02-01,....Nueva Ecija,0.75,peso,2018
2024-02-01,....Pampanga,0.78,peso,2018
2024-02-01,....Tarlac,0.78,peso,2018
2024-02-01,....Zambales,0.76,peso,2018
2024-02-01,....Aurora,0.77,peso,2018
2024-02-01,....City of Angeles,0.8,peso,2018
2024-02-01,....City of Olongapo,0.77,peso,2018
2024-02-01,..Region IV-A (CALABARZON),0.8,peso,2018
2024-02-01,....Batangas,0.78,peso,2018
2024-02-01,....Cavite,0.8,peso,2018
2024-02-01,....Laguna,0.83,peso,2018
2024-02-01,....Quezon,0.83,peso,2018
2024-02-01,....Rizal,0.76,peso,2018
2024-02-01,....City of Lucena (Capital),0.82,peso,2018
2024-02-01,..MIMAROPA Region,0.76,peso,2018
2024-02-01,....Marinduque,0.77,peso,2018
2024-02-01,....Occidental Mindoro,0.75,peso,2018
2024-02-01,....Oriental Mindoro,0.75,peso,2018
2024-02-01,....Palawan,0.78,peso,2018
2024-02-01,....Romblon,0.75,peso,2018
2024-02-01,....City of Puerto Princesa (Capital),0.79,peso,2018
2024-02-01,..Region V (Bicol Region),0.77,peso,2018
2024-02-01,....Albay,0.76,peso,2018
2024-02-01,....Camarines Norte,0.77,peso,2018
2024-02-01,....Camarines Sur,0.76,peso,2018
2024-02-01,....Catanduanes,0.77,peso,2018
2024-02-01,....Masbate,0.78,peso,2018
2024-02-01,....Sorsogon,0.8,peso,2018
2024-02-01,..Region VI (Western Visayas),0.81,peso,2018
2024-02-01,....Aklan,0.81,peso,2018
2024-02-01,....Antique,0.77,peso,2018
2024-02-01,....Capiz,0.78,peso,2018
2024-02-01,....Iloilo,0.84,peso,2018
2024-02-01,....Guimaras,0.75,peso,2018
2024-02-01,....City of Iloilo (Capital),0.8,peso,2018
2024-02-01,..Region VII (Central Visayas),0.84,peso,2018
2024-02-01,....Bohol,0.81,peso,2018
2024-02-01,....Cebu,0.83,peso,2018
2024-02-01,....City of Cebu (Capital),0.86,peso,2018
2024-02-01,....City of Lapu-Lapu,0.87,peso,2018
2024-02-01,....City of Mandaue,0.84,peso,2018
2024-02-01,..Region VIII (Eastern Visayas),0.8,peso,2018
2024-02-01,....Eastern Samar,0.79,peso,2018
2024-02-01,....Leyte,0.81,peso,2018
2024-02-01,....Northern Samar,0.8,peso,2018
2024-02-01,....Samar,0.77,peso,2018
2024-02-01,....Southern Leyte,0.82,peso,2018
2024-02-01,....Biliran,0.82,peso,2018
2024-02-01,....City of Tacloban (Capital),0.83,peso,2018
2024-02-01,..Region IX (Zamboanga Peninsula),0.81,peso,2018
2024-02-01,....Zamboanga del Norte,0.81,peso,2018
2024-02-01,....Zamboanga del Sur,0.8,peso,2018
2024-02-01,....Zamboanga Sibugay,0.8,peso,2018
2024-02-01,....City of Zamboanga,0.83,peso,2018
2024-02-01,....City of Isabela,0.84,peso,2018
2024-02-01,..Region X (Northern Mindanao),0.79,peso,2018
2024-02-01,....Bukidnon,0.78,peso,2018
2024-02-01,....Camiguin,0.77,peso,2018
2024-02-01,....Lanao del Norte,0.8,peso,2018
2024-02-01,....Misamis Occidental,0.79,peso,2018
2024-02-01,....Misamis Oriental,0.78,peso,2018
2024-02-01,....City of Iligan,0.8,peso,2018
2024-02-01,....City of Cagayan de Oro (Capital),0.8,peso,2018
2024-02-01,..Region XI (Davao Region),0.78,peso,2018
2024-02-01,....Davao del Norte,0.82,peso,2018
2024-02-01,....Davao del Sur,0.77,peso,2018
2024-02-01,....Davao Oriental,0.75,peso,2018
2024-02-01,....Davao de Oro,0.76,peso,2018
2024-02-01,....Davao Occidental,0.78,peso,2018
2024-02-01,....City of Davao,0.77,peso,2018
2024-02-01,..Region XII (SOCCSKSARGEN),0.78,peso,2018
2024-02-01,....Cotabato,0.77,peso,2018
2024-02-01,....South Cotabato,0.78,peso,2018
2024-02-01,....Sultan Kudarat,0.8,peso,2018
2024-02-01,....Sarangani,0.75,peso,2018
2024-02-01,....City of General Santos,0.79,peso,2018
2024-02-01,..Bangsamoro Autonomous Region in Muslim Mindanao (BARMM),0.79,peso,2018
2024-02-01,....City of Cotabato,0.78,peso,2018
2024-02-01,....Basilan,0.76,peso,2018
2024-02-01,....Lanao del Sur,0.81,peso,2018
2024-02-01,....Maguindanao,0.8,peso,2018
2024-02-01,....Sulu,0.8,peso,2018
2024-02-01,....Tawi-tawi,0.75,peso,2018
2024-02-01,..Region XIII (Caraga),0.79,peso,2018
2024-02-01,....Agusan del Norte,0.81,peso,2018
2024-02-01,....Agusan del Sur,0.79,peso,2018
2024-02-01,....Surigao del Norte,0.79,peso,2018
2024-02-01,....Surigao del Sur,0.78,peso,2018
2024-02-01,....Dinagat Islands,0.72,peso,2018
2024-02-01,....City of Butuan (Capital),0.81,peso,2018
2024-02-01,..Negros Island Region (NIR),0.76,peso,2018
2024-02-01,....Negros Occidental,0.74,peso,2018
2024-02-01,....City of Bacolod (Capital),0.77,peso,2018
2024-02-01,....Negros Oriental,0.8,peso,2018
2024-02-01,....Siquijor,0.78,peso,2018
2024-03-01,PHILIPPINES,0.8,peso,2018
2024-03-01,..National Capital Region (NCR),0.82,peso,2018
2024-03-01,..Areas Outside National Capital Region (AONCR),0.79,peso,2018
2024-03-01,..Cordillera Administrative Region (CAR),0.81,peso,2018
2024-03-01,....Abra,0.81,peso,2018
2024-03-01,....Benguet,0.8,peso,2018
2024-03-01,....Ifugao,0.78,peso,2018
2024-03-01,....Kalinga,0.79,peso,2018
2024-03-01,....Mountain Province,0.78,peso,2018
2024-03-01,....Apayao,0.79,peso,2018
2024-03-01,....City of Baguio,0.83,peso,2018
2024-03-01,..Region I (Ilocos Region),0.81,peso,2018
2024-03-01,....Ilocos Norte,0.82,peso,2018
2024-03-01,....Ilocos Sur,0.8,peso,2018
2024-03-01,....La Union,0.85,peso,2018
2024-03-01,....Pangasinan,0.8,peso,2018
2024-03-01,..Region II (Cagayan Valley),0.8,peso,2018
2024-03-01,....Batanes,0.77,peso,2018
2024-03-01,....Cagayan,0.78,peso,2018
2024-03-01,....Isabela,0.82,peso,2018
2024-03-01,....Nueva Vizcaya,0.77,peso,2018
2024-03-01,....Quirino,0.78,peso,2018
2024-03-01,..Region III (Central Luzon),0.77,peso,2018
2024-03-01,....Bataan,0.75,peso,2018
2024-03-01,....Bulacan,0.78,peso,2018
2024-03-01,....Nueva Ecija,0.76,peso,2018
2024-03-01,....Pampanga,0.77,peso,2018
2024-03-01,....Tarlac,0.77,peso,2018
2024-03-01,....Zambales,0.76,peso,2018
2024-03-01,....Aurora,0.78,peso,2018
2024-03-01,....City of Angeles,0.8,peso,2018
2024-03-01,....City of Olongapo,0.77,peso,2018
2024-03-01,..Region IV-A (CALABARZON),0.8,peso,2018
2024-03-01,....Batangas,0.78,peso,2018
2024-03-01,....Cavite,0.8,peso,2018
2024-03-01,....Laguna,0.83,peso,2018
2024-03-01,....Quezon,0.82,peso,2018
2024-03-01,....Rizal,0.76,peso,2018
2024-03-01,....City of Lucena (Capital),0.81,peso,2018
2024-03-01,..MIMAROPA Region,0.76,peso,2018
2024-03-01,....Marinduque,0.77,peso,2018
2024-03-01,....Occidental Mindoro,0.73,peso,2018
2024-03-01,....Oriental Mindoro,0.75,peso,2018
2024-03-01,....Palawan,0.77,peso,2018
2024-03-01,....Romblon,0.74,peso,2018
2024-03-01,....City of Puerto Princesa (Capital),0.8,peso,2018
2024-03-01,..Region V (Bicol Region),0.77,peso,2018
2024-03-01,....Albay,0.76,peso,2018
2024-03-01,....Camarines Norte,0.77,peso,2018
2024-03-01,....Camarines Sur,0.76,peso,2018
2024-03-01,....Catanduanes,0.77,peso,2018
2024-03-01,....Masbate,0.78,peso,2018
2024-03-01,....Sorsogon,0.8,peso,2018
2024-03-01,..Region VI (Western Visayas),0.81,peso,2018
2024-03-01,....Aklan,0.81,peso,2018
2024-03-01,....Antique,0.78,peso,2018
2024-03-01,....Capiz,0.78,peso,2018
2024-03-01,....Iloilo,0.83,peso,2018
2024-03-01,....Guimaras,0.75,peso,2018
2024-03-01,....City of Iloilo (Capital),0.8,peso,2018
2024-03-01,..Region VII (Central Visayas),0.84,peso,2018
2024-03-01,....Bohol,0.82,peso,2018
2024-03-01,....Cebu,0.83,peso,2018
2024-03-01,....City of Cebu (Capital),0.87,peso,2018
2024-03-01,....City of Lapu-Lapu,0.87,peso,2018
2024-03-01,....City of Mandaue,0.84,peso,2018
2024-03-01,..Region VIII (Eastern Visayas),0.8,peso,2018
2024-03-01,....Eastern Samar,0.8,peso,2018
2024-03-01,....Leyte,0.81,peso,2018
2024-03-01,....Northern Samar,0.8,peso,2018
2024-03-01,....Samar,0.77,peso,2018
2024-03-01,....Southern Leyte,0.81,peso,2018
2024-03-01,....Biliran,0.83,peso,2018
2024-03-01,....City of Tacloban (Capital),0.83,peso,2018
2024-03-01,..Region IX (Zamboanga Peninsula),0.81,peso,2018
2024-03-01,....Zamboanga del Norte,0.8,peso,2018
2024-03-01,....Zamboanga del Sur,0.79,peso,2018
2024-03-01,....Zamboanga Sibugay,0.8,peso,2018
2024-03-01,....City of Zamboanga,0.83,peso,2018
2024-03-01,....City of Isabela,0.84,peso,2018
2024-03-01,..Region X (Northern Mindanao),0.79,peso,2018
2024-03-01,....Bukidnon,0.78,peso,2018
2024-03-01,....Camiguin,0.77,peso,2018
2024-03-01,....Lanao del Norte,0.8,peso,2018
2024-03-01,....Misamis Occidental,0.79,peso,2018
2024-03-01,....Misamis Oriental,0.78,peso,2018
2024-03-01,....City of Iligan,0.8,peso,2018
2024-03-01,....City of Cagayan de Oro (Capital),0.8,peso,2018
2024-03-01,..Region XI (Davao Region),0.78,peso,2018
2024-03-01,....Davao del Norte,0.82,peso,2018
2024-03-01,....Davao del Sur,0.76,peso,2018
2024-03-01,....Davao Oriental,0.76,peso,2018
2024-03-01,....Davao de Oro,0.76,peso,2018
2024-03-01,....Davao Occidental,0.78,peso,2018
2024-03-01,....City of Davao,0.77,peso,2018
2024-03-01,..Region XII (SOCCSKSARGEN),0.78,peso,2018
2024-03-01,....Cotabato,0.78,peso,2018
2024-03-01,....South Cotabato,0.78,peso,2018
2024-03-01,....Sultan Kudarat,0.8,peso,2018
2024-03-01,....Sarangani,0.76,peso,2018
2024-03-01,....City of General Santos,0.8,peso,2018
2024-03-01,..Bangsamoro Autonomous Region in Muslim Mindanao (BARMM),0.79,peso,2018
2024-03-01,....City of Cotabato,0.78,peso,2018
2024-03-01,....Basilan,0.77,peso,2018
2024-03-01,....Lanao del Sur,0.81,peso,2018
2024-03-01,....Maguindanao,0.79,peso,2018
2024-03-01,....Sulu,0.81,peso,2018
2024-03-01,....Tawi-tawi,0.75,peso,2018
2024-03-01,..Region XIII (Caraga),0.79,peso,2018
2024-03-01,....Agusan del Norte,0.81,peso,2018
2024-03-01,....Agusan del Sur,0.79,peso,2018
2024-03-01,....Surigao del Norte,0.78,peso,2018
2024-03-01,....Surigao del Sur,0.78,peso,2018
2024-03-01,....Dinagat Islands,0.72,peso,2018
2024-03-01,....City of Butuan (Capital),0.81,peso,2018
2024-03-01,..Negros Island Region (NIR),0.76,peso,2018
2024-03-01,....Negros Occidental,0.74,peso,2018
2024-03-01,....City of Bacolod (Capital),0.77,peso,2018
2024-03-01,....Negros Oriental,0.8,peso,2018
2024-03-01,....Siquijor,0.79,peso,2018
2024-04-01,PHILIPPINES,0.8,peso,2018
2024-04-01,..National Capital Region (NCR),0.82,peso,2018
2024-04-01,..Areas Outside National Capital Region (AONCR),0.79,peso,2018
2024-04-01,..Cordillera Administrative Region (CAR),0.81,peso,2018
2024-04-01,....Abra,0.81,peso,2018
2024-04-01,....Benguet,0.8,peso,2018
2024-04-01,....Ifugao,0.78,peso,2018
2024-04-01,....Kalinga,0.79,peso,2018
2024-04-01,....Mountain Province,0.78,peso,2018
2024-04-01,....Apayao,0.79,peso,2018
2024-04-01,....City of Baguio,0.83,peso,2018
2024-04-01,..Region I (Ilocos Region),0.81,peso,2018
2024-04-01,....Ilocos Norte,0.82,peso,2018
2024-04-01,....Ilocos Sur,0.8,peso,2018
2024-04-01,....La Union,0.85,peso,2018
2024-04-01,....Pangasinan,0.8,peso,2018
2024-04-01,..Region II (Cagayan Valley),0.79,peso,2018
2024-04-01,....Batanes,0.77,peso,2018
2024-04-01,....Cagayan,0.78,peso,2018
2024-04-01,....Isabela,0.81,peso,2018
2024-04-01,....Nueva Vizcaya,0.77,peso,2018
2024-04-01,....Quirino,0.78,peso,2018
2024-04-01,..Region III (Central Luzon),0.77,peso,2018
2024-04-01,....Bataan,0.75,peso,2018
2024-04-01,....Bulacan,0.79,peso,2018
2024-04-01,....Nueva Ecija,0.76,peso,2018
2024-04-01,....Pampanga,0.76,peso,2018
2024-04-01,....Tarlac,0.77,peso,2018
2024-04-01,....Zambales,0.76,peso,2018
2024-04-01,....Aurora,0.78,peso,2018
2024-04-01,....City of Angeles,0.8,peso,2018
2024-04-01,....City of Olongapo,0.78,peso,2018
2024-04-01,..Region IV-A (CALABARZON),0.8,peso,2018
2024-04-01,....Batangas,0.78,peso,2018
2024-04-01,....Cavite,0.8,peso,2018
2024-04-01,....Laguna,0.83,peso,2018
2024-04-01,....Quezon,0.81,peso,2018
2024-04-01,....Rizal,0.76,peso,2018
2024-04-01,....City of Lucena (Capital),0.81,peso,2018
2024-04-01,..MIMAROPA Region,0.76,peso,2018
2024-04-01,....Marinduque,0.77,peso,2018
2024-04-01,....Occidental Mindoro,0.72,peso,2018
2024-04-01,....Oriental Mindoro,0.75,peso,2018
2024-04-01,....Palawan,0.78,peso,2018
2024-04-01,....Romblon,0.75,peso,2018
2024-04-01,....City of Puerto Princesa (Capital),0.8,peso,2018
2024-04-01,..Region V (Bicol Region),0.77,peso,2018
2024-04-01,....Albay,0.76,peso,2018
2024-04-01,....Camarines Norte,0.77,peso,2018
2024-04-01,....Camarines Sur,0.76,peso,2018
2024-04-01,....Catanduanes,0.77,peso,2018
2024-04-01,....Masbate,0.77,peso,2018
2024-04-01,....Sorsogon,0.79,peso,2018
2024-04-01,..Region VI (Western Visayas),0.81,peso,2018
2024-04-01,....Aklan,0.8,peso,2018
2024-04-01,....Antique,0.78,peso,2018
2024-04-01,....Capiz,0.78,peso,2018
2024-04-01,....Iloilo,0.83,peso,2018
2024-04-01,....Guimaras,0.76,peso,2018
2024-04-01,....City of Iloilo (Capital),0.8,peso,2018
2024-04-01,..Region VII (Central Visayas),0.84,peso,2018
2024-04-01,....Bohol,0.81,peso,2018
2024-04-01,....Cebu,0.84,peso,2018
2024-04-01,....City of Cebu (Capital),0.87,peso,2018
2024-04-01,....City of Lapu-Lapu,0.87,peso,2018
2024-04-01,....City of Mandaue,0.84,peso,2018
2024-04-01,..Region VIII (Eastern Visayas),0.81,peso,2018
2024-04-01,....Eastern Samar,0.8,peso,2018
2024-04-01,....Leyte,0.81,peso,2018
2024-04-01,....Northern Samar,0.81,peso,2018
2024-04-01,....Samar,0.78,peso,2018
2024-04-01,....Southern Leyte,0.81,peso,2018
2024-04-01,....Biliran,0.82,peso,2018
2024-04-01,....City of Tacloban (Capital),0.83,peso,2018
2024-04-01,..Region IX (Zamboanga Peninsula),0.81,peso,2018
2024-04-01,....Zamboanga del Norte,0.8,peso,2018
2024-04-01,....Zamboanga del Sur,0.79,peso,2018
2024-04-01,....Zamboanga Sibugay,0.8,peso,2018
2024-04-01,....City of Zamboanga,0.83,peso,2018
2024-04-01,....City of Isabela,0.83,peso,2018
2024-04-01,..Region X (Northern Mindanao),0.79,peso,2018
2024-04-01,....Bukidnon,0.78,peso,2018
2024-04-01,....Camiguin,0.77,peso,2018
2024-04-01,....Lanao del Norte,0.8,peso,2018
2024-04-01,....Misamis Occidental,0.79,peso,2018
2024-04-01,....Misamis Oriental,0.77,peso,2018
2024-04-01,....City of Iligan,0.8,peso,2018
2024-04-01,....City of Cagayan de Oro (Capital),0.79,peso,2018
2024-04-01,..Region XI (Davao Region),0.78,peso,2018
2024-04-01,....Davao del Norte,0.82,peso,2018
2024-04-01,....Davao del Sur,0.77,peso,2018
2024-04-01,....Davao Oriental,0.76,peso,2018
2024-04-01,....Davao de Oro,0.76,peso,2018
2024-04-01,....Davao Occidental,0.78,peso,2018
2024-04-01,....City of Davao,0.78,peso,2018
2024-04-01,..Region XII (SOCCSKSARGEN),0.78,peso,2018
2024-04-01,....Cotabato,0.77,peso,2018
2024-04-01,....South Cotabato,0.77,peso,2018
2024-04-01,....Sultan Kudarat,0.8,peso,2018
2024-04-01,....Sarangani,0.75,peso,2018
2024-04-01,....City of General Santos,0.79,peso,2018
2024-04-01,..Bangsamoro Autonomous Region in Muslim Mindanao (BARMM),0.78,peso,2018
2024-04-01,....City of Cotabato,0.77,peso,2018
2024-04-01,....Basilan,0.76,peso,2018
2024-04-01,....Lanao del Sur,0.8,peso,2018
2024-04-01,....Maguindanao,0.78,peso,2018
2024-04-01,....Sulu,0.8,peso,2018
2024-04-01,....Tawi-tawi,0.76,peso,2018
2024-04-01,..Region XIII (Caraga),0.79,peso,2018
2024-04-01,....Agusan del Norte,0.81,peso,2018
2024-04-01,....Agusan del Sur,0.79,peso,2018
2024-04-01,....Surigao del Norte,0.78,peso,2018
2024-04-01,....Surigao del Sur,0.79,peso,2018
2024-04-01,....Dinagat Islands,0.73,peso,2018
2024-04-01,....City of Butuan (Capital),0.81,peso,2018
2024-04-01,..Negros Island Region (NIR),0.76,peso,2018
2024-04-01,....Negros Occidental,0.73,peso,2018
2024-04-01,....City of Bacolod (Capital),0.77,peso,2018
2024-04-01,....Negros Oriental,0.8,peso,2018
2024-04-01,....Siquijor,0.79,peso,2018
2024-05-01,PHILIPPINES,0.8,peso,2018
2024-05-01,..National Capital Region (NCR),0.82,peso,2018
2024-05-01,..Areas Outside National Capital Region (AONCR),0.79,peso,2018
2024-05-01,..Cordillera Administrative Region (CAR),0.81,peso,2018
2024-05-01,....Abra,0.81,peso,2018
2024-05-01,....Benguet,0.8,peso,2018
2024-05-01,....Ifugao,0.79,peso,2018
2024-05-01,....Kalinga,0.79,peso,2018
2024-05-01,....Mountain Province,0.78,peso,2018
2024-05-01,....Apayao,0.8,peso,2018
2024-05-01,....City of Baguio,0.83,peso,2018
2024-05-01,..Region I (Ilocos Region),0.81,peso,2018
2024-05-01,....Ilocos Norte,0.82,peso,2018
2024-05-01,....Ilocos Sur,0.81,peso,2018
2024-05-01,....La Union,0.85,peso,2018
2024-05-01,....Pangasinan,0.8,peso,2018
2024-05-01,..Region II (Cagayan Valley),0.79,peso,2018
2024-05-01,....Batanes,0.77,peso,2018
2024-05-01,....Cagayan,0.78,peso,2018
2024-05-01,....Isabela,0.81,peso,2018
2024-05-01,....Nueva Vizcaya,0.77,peso,2018
2024-05-01,....Quirino,0.78,peso,2018
2024-05-01,..Region III (Central Luzon),0.77,peso,2018
2024-05-01,....Bataan,0.75,peso,2018
2024-05-01,....Bulacan,0.79,peso,2018
2024-05-01,....Nueva Ecija,0.76,peso,2018
2024-05-01,....Pampanga,0.77,peso,2018
2024-05-01,....Tarlac,0.77,peso,2018
2024-05-01,....Zambales,0.76,peso,2018
2024-05-01,....Aurora,0.78,peso,2018
2024-05-01,....City of Angeles,0.8,peso,2018
2024-05-01,....City of Olongapo,0.78,peso,2018
2024-05-01,..Region IV-A (CALABARZON),0.8,peso,2018
2024-05-01,....Batangas,0.78,peso,2018
2024-05-01,....Cavite,0.8,peso,2018
2024-05-01,....Laguna,0.83,peso,2018
2024-05-01,....Quezon,0.82,peso,2018
2024-05-01,....Rizal,0.76,peso,2018
2024-05-01,....City of Lucena (Capital),0.81,peso,2018
2024-05-01,..MIMAROPA Region,0.76,peso,2018
2024-05-01,....Marinduque,0.76,peso,2018
2024-05-01,....Occidental Mindoro,0.71,peso,2018
2024-05-01,....Oriental Mindoro,0.74,peso,2018
2024-05-01,....Palawan,0.78,peso,2018
2024-05-01,....Romblon,0.75,peso,2018
2024-05-01,....City of Puerto Princesa (Capital),0.8,peso,2018
2024-05-01,..Region V (Bicol Region),0.77,peso,2018
2024-05-01,....Albay,0.76,peso,2018
2024-05-01,....Camarines Norte,0.77,peso,2018
2024-05-01,....Camarines Sur,0.76,peso,2018
2024-05-01,....Catanduanes,0.77,peso,2018
2024-05-01,....Masbate,0.78,peso,2018
2024-05-01,....Sorsogon,0.8,peso,2018
2024-05-01,..Region VI (Western Visayas),0.8,peso,2018
2024-05-01,....Aklan,0.8,peso,2018
2024-05-01,....Antique,0.78,peso,2018
2024-05-01,....Capiz,0.77,peso,2018
2024-05-01,....Iloilo,0.83,peso,2018
2024-05-01,....Guimaras,0.76,peso,2018
2024-05-01,....City of Iloilo (Capital),0.8,peso,2018
2024-05-01,..Region VII (Central Visayas),0.83,peso,2018
2024-05-01,....Bohol,0.81,peso,2018
2024-05-01,....Cebu,0.82,peso,2018
2024-05-01,....City of Cebu (Capital),0.86,peso,2018
2024-05-01,....City of Lapu-Lapu,0.87,peso,2018
2024-05-01,....City of Mandaue,0.84,peso,2018
2024-05-01,..Region VIII (Eastern Visayas),0.81,peso,2018
2024-05-01,....Eastern Samar,0.8,peso,2018
2024-05-01,....Leyte,0.81,peso,2018
2024-05-01,....Northern Samar,0.81,peso,2018
2024-05-01,....Samar,0.78,peso,2018
2024-05-01,....Southern Leyte,0.82,peso,2018
2024-05-01,....Biliran,0.83,peso,2018
2024-05-01,....City of Tacloban (Capital),0.83,peso,2018
2024-05-01,..Region IX (Zamboanga Peninsula),0.81,peso,2018
2024-05-01,....Zamboanga del Norte,0.8,peso,2018
2024-05-01,....Zamboanga del Sur,0.79,peso,2018
2024-05-01,....Zamboanga Sibugay,0.79,peso,2018
2024-05-01,....City of Zamboanga,0.83,peso,2018
2024-05-01,....City of Isabela,0.83,peso,2018
2024-05-01,..Region X (Northern Mindanao),0.78,peso,2018
2024-05-01,....Bukidnon,0.78,peso,2018
2024-05-01,....Camiguin,0.77,peso,2018
2024-05-01,....Lanao del Norte,0.8,peso,2018
2024-05-01,....Misamis Occidental,0.79,peso,2018
2024-05-01,....Misamis Oriental,0.77,peso,2018
2024-05-01,....City of Iligan,0.8,peso,2018
2024-05-01,....City of Cagayan de Oro (Capital),0.79,peso,2018
2024-05-01,..Region XI (Davao Region),0.78,peso,2018
2024-05-01,....Davao del Norte,0.82,peso,2018
2024-05-01,....Davao del Sur,0.77,peso,2018
2024-05-01,....Davao Oriental,0.76,peso,2018
2024-05-01,....Davao de Oro,0.76,peso,2018
2024-05-01,....Davao Occidental,0.78,peso,2018
2024-05-01,....City of Davao,0.77,peso,2018
2024-05-01,..Region XII (SOCCSKSARGEN),0.78,peso,2018
2024-05-01,....Cotabato,0.77,peso,2018
2024-05-01,....South Cotabato,0.78,peso,2018
2024-05-01,....Sultan Kudarat,0.8,peso,2018
2024-05-01,....Sarangani,0.75,peso,2018
2024-05-01,....City of General Santos,0.79,peso,2018
2024-05-01,..Bangsamoro Autonomous Region in Muslim Mindanao (BARMM),0.79,peso,2018
2024-05-01,....City of Cotabato,0.77,peso,2018
2024-05-01,....Basilan,0.77,peso,2018
2024-05-01,....Lanao del Sur,0.8,peso,2018
2024-05-01,....Maguindanao,0.79,peso,2018
2024-05-01,....Sulu,0.8,peso,2018
2024-05-01,....Tawi-tawi,0.76,peso,2018
2024-05-01,..Region XIII (Caraga),0.79,peso,2018
2024-05-01,....Agusan del Norte,0.82,peso,2018
2024-05-01,....Agusan del Sur,0.79,peso,2018
2024-05-01,....Surigao del Norte,0.79,peso,2018
2024-05-01,....Surigao del Sur,0.78,peso,2018
2024-05-01,....Dinagat Islands,0.73,peso,2018
2024-05-01,....City of Butuan (Capital),0.81,peso,2018
2024-05-01,..Negros Island Region (NIR),0.76,peso,2018
2024-05-01,....Negros Occidental,0.74,peso,2018
2024-05-01,....City of Bacolod (Capital),0.77,peso,2018
2024-05-01,....Negros Oriental,0.8,peso,2018
2024-05-01,....Siquijor,0.79,peso,2018
2024-06-01,PHILIPPINES,0.8,peso,2018
2024-06-01,..National Capital Region (NCR),0.83,peso,2018
2024-06-01,..Areas Outside National Capital Region (AONCR),0.79,peso,2018
2024-06-01,..Cordillera Administrative Region (CAR),0.81,peso,2018
2024-06-01,....Abra,0.82,peso,2018
2024-06-01,....Benguet,0.8,peso,2018
2024-06-01,....Ifugao,0.79,peso,2018
2024-06-01,....Kalinga,0.79,peso,2018
2024-06-01,....Mountain Province,0.77,peso,2018
2024-06-01,....Apayao,0.8,peso,2018
2024-06-01,....City of Baguio,0.83,peso,2018
2024-06-01,..Region I (Ilocos Region),0.81,peso,2018
2024-06-01,....Ilocos Norte,0.82,peso,2018
2024-06-01,....Ilocos Sur,0.8,peso,2018
2024-06-01,....La Union,0.85,peso,2018
2024-06-01,....Pangasinan,0.8,peso,2018
2024-06-01,..Region II (Cagayan Valley),0.79,peso,2018
2024-06-01,....Batanes,0.76,peso,2018
2024-06-01,....Cagayan,0.78,peso,2018
2024-06-01,....Isabela,0.81,peso,2018
2024-06-01,....Nueva Vizcaya,0.77,peso,2018
2024-06-01,....Quirino,0.77,peso,2018
2024-06-01,..Region III (Central Luzon),0.77,peso,2018
2024-06-01,....Bataan,0.75,peso,2018
2024-06-01,....Bulacan,0.79,peso,2018
2024-06-01,....Nueva Ecija,0.75,peso,2018
2024-06-01,....Pampanga,0.76,peso,2018
2024-06-01,....Tarlac,0.78,peso,2018
2024-06-01,....Zambales,0.77,peso,2018
2024-06-01,....Aurora,0.78,peso,2018
2024-06-01,....City of Angeles,0.79,peso,2018
2024-06-01,....City of Olongapo,0.78,peso,2018
2024-06-01,..Region IV-A (CALABARZON),0.8,peso,2018
2024-06-01,....Batangas,0.78,peso,2018
2024-06-01,....Cavite,0.8,peso,2018
2024-06-01,....Laguna,0.84,peso,2018
2024-06-01,....Quezon,0.81,peso,2018
2024-06-01,....Rizal,0.76,peso,2018
2024-06-01,....City of Lucena (Capital),0.81,peso,2018
2024-06-01,..MIMAROPA Region,0.75,peso,2018
2024-06-01,....Marinduque,0.77,peso,2018
2024-06-01,....Occidental Mindoro,0.7,peso,2018
2024-06-01,....Oriental Mindoro,0.74,peso,2018
2024-06-01,....Palawan,0.78,peso,2018
2024-06-01,....Romblon,0.76,peso,2018
2024-06-01,....City of Puerto Princesa (Capital),0.8,peso,2018
2024-06-01,..Region V (Bicol Region),0.77,peso,2018
2024-06-01,....Albay,0.75,peso,2018
2024-06-01,....Camarines Norte,0.77,peso,2018
2024-06-01,....Camarines Sur,0.76,peso,2018
2024-06-01,....Catanduanes,0.76,peso,2018
2024-06-01,....Masbate,0.77,peso,2018
2024-06-01,....Sorsogon,0.8,peso,2018
2024-06-01,..Region VI (Western Visayas),0.8,peso,2018
2024-06-01,....Aklan,0.79,peso,2018
2024-06-01,....Antique,0.77,peso,2018
2024-06-01,....Capiz,0.77,peso,2018
2024-06-01,....Iloilo,0.82,peso,2018
2024-06-01,....Guimaras,0.76,peso,2018
2024-06-01,....City of Iloilo (Capital),0.79,peso,2018
2024-06-01,..Region VII (Central Visayas),0.82,peso,2018
2024-06-01,....Bohol,0.81,peso,2018
2024-06-01,....Cebu,0.81,peso,2018
2024-06-01,....City of Cebu (Capital),0.86,peso,2018
2024-06-01,....City of Lapu-Lapu,0.86,peso,2018
2024-06-01,....City of Mandaue,0.84,peso,2018
2024-06-01,..Region VIII (Eastern Visayas),0.81,peso,2018
2024-06-01,....Eastern Samar,0.8,peso,2018
2024-06-01,....Leyte,0.81,peso,2018
2024-06-01,....Northern Samar,0.81,peso,2018
2024-06-01,....Samar,0.77,peso,2018
2024-06-01,....Southern Leyte,0.81,peso,2018
2024-06-01,....Biliran,0.83,peso,2018
2024-06-01,....City of Tacloban (Capital),0.83,peso,2018
2024-06-01,..Region IX (Zamboanga Peninsula),0.8,peso,2018
2024-06-01,....Zamboanga del Norte,0.8,peso,2018
2024-06-01,....Zamboanga del Sur,0.79,peso,2018
2024-06-01,....Zamboanga Sibugay,0.79,peso,2018
2024-06-01,....City of Zamboanga,0.82,peso,2018
2024-06-01,....City of Isabela,0.83,peso,2018
2024-06-01,..Region X (Northern Mindanao),0.78,peso,2018
2024-06-01,....Bukidnon,0.78,peso,2018
2024-06-01,....Camiguin,0.77,peso,2018
2024-06-01,....Lanao del Norte,0.8,peso,2018
2024-06-01,....Misamis Occidental,0.79,peso,2018
2024-06-01,....Misamis Oriental,0.76,peso,2018
2024-06-01,....City of Iligan,0.8,peso,2018
2024-06-01,....City of Cagayan de Oro (Capital),0.79,peso,2018
2024-06-01,..Region XI (Davao Region),0.78,peso,2018
2024-06-01,....Davao del Norte,0.83,peso,2018
2024-06-01,....Davao del Sur,0.77,peso,2018
2024-06-01,....Davao Oriental,0.77,peso,2018
2024-06-01,....Davao de Oro,0.77,peso,2018
2024-06-01,....Davao Occidental,0.78,peso,2018
2024-06-01,....City of Davao,0.78,peso,2018
2024-06-01,..Region XII (SOCCSKSARGEN),0.78,peso,2018
2024-06-01,....Cotabato,0.77,peso,2018
2024-06-01,....South Cotabato,0.78,peso,2018
2024-06-01,....Sultan Kudarat,0.8,peso,2018
2024-06-01,....Sarangani,0.76,peso,2018
2024-06-01,....City of General Santos,0.8,peso,2018
2024-06-01,..Bangsamoro Autonomous Region in Muslim Mindanao (BARMM),0.79,peso,2018
2024-06-01,....City of Cotabato,0.78,peso,2018
2024-06-01,....Basilan,0.77,peso,2018
2024-06-01,....Lanao del Sur,0.81,peso,2018
2024-06-01,....Maguindanao,0.79,peso,2018
2024-06-01,....Sulu,0.8,peso,2018
2024-06-01,....Tawi-tawi,0.75,peso,2018
2024-06-01,..Region XIII (Caraga),0.79,peso,2018
2024-06-01,....Agusan del Norte,0.81,peso,2018
2024-06-01,....Agusan del Sur,0.79,peso,2018
2024-06-01,....Surigao del Norte,0.78,peso,2018
2024-06-01,....Surigao del Sur,0.78,peso,2018
2024-06-01,....Dinagat Islands,0.73,peso,2018
2024-06-01,....City of Butuan (Capital),0.81,peso,2018
2024-06-01,..Negros Island Region (NIR),0.75,peso,2018
2024-06-01,....Negros Occidental,0.73,peso,2018
2024-06-01,....City of Bacolod (Capital),0.76,peso,2018
2024-06-01,....Negros Oriental,0.8,peso,2018
2024-06-01,....Siquijor,0.78,peso,2018
2024-07-01,PHILIPPINES,0.79,peso,2018
2024-07-01,..National Capital Region (NCR),0.81,peso,2018
2024-07-01,..Areas Outside National Capital Region (AONCR),0.78,peso,2018
2024-07-01,..Cordillera Administrative Region (CAR),0.8,peso,2018
2024-07-01,....Abra,0.8,peso,2018
2024-07-01,....Benguet,0.8,peso,2018
2024-07-01,....Ifugao,0.78,peso,2018
2024-07-01,....Kalinga,0.79,peso,2018
2024-07-01,....Mountain Province,0.77,peso,2018
2024-07-01,....Apayao,0.79,peso,2018
2024-07-01,....City of Baguio,0.83,peso,2018
2024-07-01,..Region I (Ilocos Region),0.81,peso,2018
2024-07-01,....Ilocos Norte,0.81,peso,2018
2024-07-01,....Ilocos Sur,0.8,peso,2018
2024-07-01,....La Union,0.84,peso,2018
2024-07-01,....Pangasinan,0.8,peso,2018
2024-07-01,..Region II (Cagayan Valley),0.78,peso,2018
2024-07-01,....Batanes,0.76,peso,2018
2024-07-01,....Cagayan,0.77,peso,2018
2024-07-01,....Isabela,0.8,peso,2018
2024-07-01,....Nueva Vizcaya,0.77,peso,2018
2024-07-01,....Quirino,0.77,peso,2018
2024-07-01,..Region III (Central Luzon),0.76,peso,2018
2024-07-01,....Bataan,0.75,peso,2018
2024-07-01,....Bulacan,0.78,peso,2018
2024-07-01,....Nueva Ecija,0.75,peso,2018
2024-07-01,....Pampanga,0.75,peso,2018
2024-07-01,....Tarlac,0.77,peso,2018
2024-07-01,....Zambales,0.77,peso,2018
2024-07-01,....Aurora,0.77,peso,2018
2024-07-01,....City of Angeles,0.79,peso,2018
2024-07-01,....City of Olongapo,0.77,peso,2018
2024-07-01,..Region IV-A (CALABARZON),0.79,peso,2018
2024-07-01,....Batangas,0.78,peso,2018
2024-07-01,....Cavite,0.8,peso,2018
2024-07-01,....Laguna,0.83,peso,2018
2024-07-01,....Quezon,0.81,peso,2018
2024-07-01,....Rizal,0.75,peso,2018
2024-07-01,....City of Lucena (Capital),0.81,peso,2018
2024-07-01,..MIMAROPA Region,0.75,peso,2018
2024-07-01,....Marinduque,0.77,peso,2018
2024-07-01,....Occidental Mindoro,0.71,peso,2018
2024-07-01,....Oriental Mindoro,0.73,peso,2018
2024-07-01,....Palawan,0.77,peso,2018
2024-07-01,....Romblon,0.76,peso,2018
2024-07-01,....City of Puerto Princesa (Capital),0.79,peso,2018
2024-07-01,..Region V (Bicol Region),0.76,peso,2018
2024-07-01,....Albay,0.75,peso,2018
2024-07-01,....Camarines Norte,0.77,peso,2018
2024-07-01,....Camarines Sur,0.76,peso,2018
2024-07-01,....Catanduanes,0.76,peso,2018
2024-07-01,....Masbate,0.77,peso,2018
2024-07-01,....Sorsogon,0.8,peso,2018
2024-07-01,..Region VI (Western Visayas),0.8,peso,2018
2024-07-01,....Aklan,0.8,peso,2018
2024-07-01,....Antique,0.77,peso,2018
2024-07-01,....Capiz,0.77,peso,2018
2024-07-01,....Iloilo,0.83,peso,2018
2024-07-01,....Guimaras,0.75,peso,2018
2024-07-01,....City of Iloilo (Capital),0.8,peso,2018
2024-07-01,..Region VII (Central Visayas),0.82,peso,2018
2024-07-01,....Bohol,0.81,peso,2018
2024-07-01,....Cebu,0.8,peso,2018
2024-07-01,....City of Cebu (Capital),0.86,peso,2018
2024-07-01,....City of Lapu-Lapu,0.86,peso,2018
2024-07-01,....City of Mandaue,0.85,peso,2018
2024-07-01,..Region VIII (Eastern Visayas),0.8,peso,2018
2024-07-01,....Eastern Samar,0.8,peso,2018
2024-07-01,....Leyte,0.81,peso,2018
2024-07-01,....Northern Samar,0.8,peso,2018
2024-07-01,....Samar,0.78,peso,2018
2024-07-01,....Southern Leyte,0.81,peso,2018
2024-07-01,....Biliran,0.82,peso,2018
2024-07-01,....City of Tacloban (Capital),0.83,peso,2018
2024-07-01,..Region IX (Zamboanga Peninsula),0.81,peso,2018
2024-07-01,....Zamboanga del Norte,0.81,peso,2018
2024-07-01,....Zamboanga del Sur,0.8,peso,2018
2024-07-01,....Zamboanga Sibugay,0.79,peso,2018
2024-07-01,....City of Zamboanga,0.82,peso,2018
2024-07-01,....City of Isabela,0.82,peso,2018
2024-07-01,..Region X (Northern Mindanao),0.78,peso,2018
2024-07-01,....Bukidnon,0.77,peso,2018
2024-07-01,....Camiguin,0.77,peso,2018
2024-07-01,....Lanao del Norte,0.79,peso,2018
2024-07-01,....Misamis Occidental,0.79,peso,2018
2024-07-01,....Misamis Oriental,0.76,peso,2018
2024-07-01,....City of Iligan,0.8,peso,2018
2024-07-01,....City of Cagayan de Oro (Capital),0.78,peso,2018
2024-07-01,..Region XI (Davao Region),0.78,peso,2018
2024-07-01,....Davao del Norte,0.82,peso,2018
2024-07-01,....Davao del Sur,0.77,peso,2018
2024-07-01,....Davao Oriental,0.77,peso,2018
2024-07-01,....Davao de Oro,0.76,peso,2018
2024-07-01,....Davao Occidental,0.78,peso,2018
2024-07-01,....City of Davao,0.77,peso,2018
2024-07-01,..Region XII (SOCCSKSARGEN),0.78,peso,2018
2024-07-01,....Cotabato,0.77,peso,2018
2024-07-01,....South Cotabato,0.78,peso,2018
2024-07-01,....Sultan Kudarat,0.79,peso,2018
2024-07-01,....Sarangani,0.75,peso,2018
2024-07-01,....City of General Santos,0.79,peso,2018
2024-07-01,..Bangsamoro Autonomous Region in Muslim Mindanao (BARMM),0.79,peso,2018
2024-07-01,....City of Cotabato,0.77,peso,2018
2024-07-01,....Basilan,0.77,peso,2018
2024-07-01,....Lanao del Sur,0.81,peso,2018
2024-07-01,....Maguindanao,0.79,peso,2018
2024-07-01,....Sulu,0.8,peso,2018
2024-07-01,....Tawi-tawi,0.75,peso,2018
2024-07-01,..Region XIII (Caraga),0.79,peso,2018
2024-07-01,....Agusan del Norte,0.81,peso,2018
2024-07-01,....Agusan del Sur,0.79,peso,2018
2024-07-01,....Surigao del Norte,0.78,peso,2018
2024-07-01,....Surigao del Sur,0.78,peso,2018
2024-07-01,....Dinagat Islands,0.73,peso,2018
2024-07-01,....City of Butuan (Capital),0.81,peso,2018
2024-07-01,..Negros Island Region (NIR),0.75,peso,2018
2024-07-01,....Negros Occidental,0.73,peso,2018
2024-07-01,....City of Bacolod (Capital),0.76,peso,2018
2024-07-01,....Negros Oriental,0.8,peso,2018
2024-07-01,....Siquijor,0.78,peso,2018
2024-08-01,PHILIPPINES,0.79,peso,2018
2024-08-01,..National Capital Region (NCR),0.81,peso,2018
2024-08-01,..Areas Outside National Capital Region (AONCR),0.78,peso,2018
2024-08-01,..Cordillera Administrative Region (CAR),0.8,peso,2018
2024-08-01,....Abra,0.8,peso,2018
2024-08-01,....Benguet,0.8,peso,2018
2024-08-01,....Ifugao,0.78,peso,2018
2024-08-01,....Kalinga,0.79,peso,2018
2024-08-01,....Mountain Province,0.76,peso,2018
2024-08-01,....Apayao,0.78,peso,2018
2024-08-01,....City of Baguio,0.83,peso,2018
2024-08-01,..Region I (Ilocos Region),0.81,peso,2018
2024-08-01,....Ilocos Norte,0.81,peso,2018
2024-08-01,....Ilocos Sur,0.78,peso,2018
2024-08-01,....La Union,0.84,peso,2018
2024-08-01,....Pangasinan,0.8,peso,2018
2024-08-01,..Region II (Cagayan Valley),0.78,peso,2018
2024-08-01,....Batanes,0.76,peso,2018
2024-08-01,....Cagayan,0.77,peso,2018
2024-08-01,....Isabela,0.81,peso,2018
2024-08-01,....Nueva Vizcaya,0.77,peso,2018
2024-08-01,....Quirino,0.76,peso,2018
2024-08-01,..Region III (Central Luzon),0.76,peso,2018
2024-08-01,....Bataan,0.75,peso,2018
2024-08-01,....Bulacan,0.78,peso,2018
2024-08-01,....Nueva Ecija,0.75,peso,2018
2024-08-01,....Pampanga,0.75,peso,2018
2024-08-01,....Tarlac,0.76,peso,2018
2024-08-01,....Zambales,0.76,peso,2018
2024-08-01,....Aurora,0.76,peso,2018
2024-08-01,....City of Angeles,0.79,peso,2018
2024-08-01,....City of Olongapo,0.77,peso,2018
2024-08-01,..Region IV-A (CALABARZON),0.79,peso,2018
2024-08-01,....Batangas,0.77,peso,2018
2024-08-01,....Cavite,0.8,peso,2018
2024-08-01,....Laguna,0.82,peso,2018
2024-08-01,....Quezon,0.81,peso,2018
2024-08-01,....Rizal,0.75,peso,2018
2024-08-01,....City of Lucena (Capital),0.81,peso,2018
2024-08-01,..MIMAROPA Region,0.75,peso,2018
2024-08-01,....Marinduque,0.77,peso,2018
2024-08-01,....Occidental Mindoro,0.71,peso,2018
2024-08-01,....Oriental Mindoro,0.73,peso,2018
2024-08-01,....Palawan,0.77,peso,2018
2024-08-01,....Romblon,0.76,peso,2018
2024-08-01,....City of Puerto Princesa (Capital),0.79,peso,2018
2024-08-01,..Region V (Bicol Region),0.76,peso,2018
2024-08-01,....Albay,0.75,peso,2018
2024-08-01,....Camarines Norte,0.77,peso,2018
2024-08-01,....Camarines Sur,0.75,peso,2018
2024-08-01,....Catanduanes,0.76,peso,2018
2024-08-01,....Masbate,0.77,peso,2018
2024-08-01,....Sorsogon,0.79,peso,2018
2024-08-01,..Region VI (Western Visayas),0.79,peso,2018
2024-08-01,....Aklan,0.8,peso,2018
2024-08-01,....Antique,0.77,peso,2018
2024-08-01,....Capiz,0.77,peso,2018
2024-08-01,....Iloilo,0.81,peso,2018
2024-08-01,....Guimaras,0.75,peso,2018
2024-08-01,....City of Iloilo (Capital),0.78,peso,2018
2024-08-01,..Region VII (Central Visayas),0.83,peso,2018
2024-08-01,....Bohol,0.81,peso,2018
2024-08-01,....Cebu,0.82,peso,2018
2024-08-01,....City of Cebu (Capital),0.86,peso,2018
2024-08-01,....City of Lapu-Lapu,0.86,peso,2018
2024-08-01,....City of Mandaue,0.85,peso,2018
2024-08-01,..Region VIII (Eastern Visayas),0.81,peso,2018
2024-08-01,....Eastern Samar,0.8,peso,2018
2024-08-01,....Leyte,0.81,peso,2018
2024-08-01,....Northern Samar,0.8,peso,2018
2024-08-01,....Samar,0.78,peso,2018
2024-08-01,....Southern Leyte,0.82,peso,2018
2024-08-01,....Biliran,0.82,peso,2018
2024-08-01,....City of Tacloban (Capital),0.83,peso,2018
2024-08-01,..Region IX (Zamboanga Peninsula),0.8,peso,2018
2024-08-01,....Zamboanga del Norte,0.8,peso,2018
2024-08-01,....Zamboanga del Sur,0.79,peso,2018
2024-08-01,....Zamboanga Sibugay,0.79,peso,2018
2024-08-01,....City of Zamboanga,0.81,peso,2018
2024-08-01,....City of Isabela,0.84,peso,2018
2024-08-01,..Region X (Northern Mindanao),0.78,peso,2018
2024-08-01,....Bukidnon,0.78,peso,2018
2024-08-01,....Camiguin,0.76,peso,2018
2024-08-01,....Lanao del Norte,0.79,peso,2018
2024-08-01,....Misamis Occidental,0.79,peso,2018
2024-08-01,....Misamis Oriental,0.76,peso,2018
2024-08-01,....City of Iligan,0.8,peso,2018
2024-08-01,....City of Cagayan de Oro (Capital),0.78,peso,2018
2024-08-01,..Region XI (Davao Region),0.78,peso,2018
2024-08-01,....Davao del Norte,0.82,peso,2018
2024-08-01,....Davao del Sur,0.77,peso,2018
2024-08-01,....Davao Oriental,0.77,peso,2018
2024-08-01,....Davao de Oro,0.76,peso,2018
2024-08-01,....Davao Occidental,0.78,peso,2018
2024-08-01,....City of Davao,0.77,peso,2018
2024-08-01,..Region XII (SOCCSKSARGEN),0.78,peso,2018
2024-08-01,....Cotabato,0.77,peso,2018
2024-08-01,....South Cotabato,0.78,peso,2018
2024-08-01,....Sultan Kudarat,0.79,peso,2018
2024-08-01,....Sarangani,0.75,peso,2018
2024-08-01,....City of General Santos,0.79,peso,2018
2024-08-01,..Bangsamoro Autonomous Region in Muslim Mindanao (BARMM),0.79,peso,2018
2024-08-01,....City of Cotabato,0.77,peso,2018
2024-08-01,....Basilan,0.77,peso,2018
2024-08-01,....Lanao del Sur,0.81,peso,2018
2024-08-01,....Maguindanao,0.79,peso,2018
2024-08-01,....Sulu,0.81,peso,2018
2024-08-01,....Tawi-tawi,0.77,peso,2018
2024-08-01,..Region XIII (Caraga),0.79,peso,2018
2024-08-01,....Agusan del Norte,0.82,peso,2018
2024-08-01,....Agusan del Sur,0.79,peso,2018
2024-08-01,....Surigao del Norte,0.79,peso,2018
2024-08-01,....Surigao del Sur,0.78,peso,2018
2024-08-01,....Dinagat Islands,0.73,peso,2018
2024-08-01,....City of Butuan (Capital),0.82,peso,2018
2024-08-01,..Negros Island Region (NIR),0.75,peso,2018
2024-08-01,....Negros Occidental,0.72,peso,2018
2024-08-01,....City of Bacolod (Capital),0.75,peso,2018
2024-08-01,....Negros Oriental,0.8,peso,2018
2024-08-01,....Siquijor,0.78,peso,2018
2024-09-01,PHILIPPINES,0.79,peso,2018
2024-09-01,..National Capital Region (NCR),0.81,peso,2018
2024-09-01,..Areas Outside National Capital Region (AONCR),0.79,peso,2018
2024-09-01,..Cordillera Administrative Region (CAR),0.8,peso,2018
2024-09-01,....Abra,0.79,peso,2018
2024-09-01,....Benguet,0.8,peso,2018
2024-09-01,....Ifugao,0.79,peso,2018
2024-09-01,....Kalinga,0.79,peso,2018
2024-09-01,....Mountain Province,0.77,peso,2018
2024-09-01,....Apayao,0.79,peso,2018
2024-09-01,....City of Baguio,0.82,peso,2018
2024-09-01,..Region I (Ilocos Region),0.81,peso,2018
2024-09-01,....Ilocos Norte,0.82,peso,2018
2024-09-01,....Ilocos Sur,0.79,peso,2018
2024-09-01,....La Union,0.85,peso,2018
2024-09-01,....Pangasinan,0.8,peso,2018
2024-09-01,..Region II (Cagayan Valley),0.79,peso,2018
2024-09-01,....Batanes,0.76,peso,2018
2024-09-01,....Cagayan,0.77,peso,2018
2024-09-01,....Isabela,0.81,peso,2018
2024-09-01,....Nueva Vizcaya,0.77,peso,2018
2024-09-01,....Quirino,0.77,peso,2018
2024-09-01,..Region III (Central Luzon),0.76,peso,2018
2024-09-01,....Bataan,0.75,peso,2018
2024-09-01,....Bulacan,0.78,peso,2018
2024-09-01,....Nueva Ecija,0.75,peso,2018
2024-09-01,....Pampanga,0.75,peso,2018
2024-09-01,....Tarlac,0.77,peso,2018
2024-09-01,....Zambales,0.76,peso,2018
2024-09-01,....Aurora,0.77,peso,2018
2024-09-01,....City of Angeles,0.79,peso,2018
2024-09-01,....City of Olongapo,0.77,peso,2018
2024-09-01,..Region IV-A (CALABARZON),0.79,peso,2018
2024-09-01,....Batangas,0.77,peso,2018
2024-09-01,....Cavite,0.8,peso,2018
2024-09-01,....Laguna,0.82,peso,2018
2024-09-01,....Quezon,0.81,peso,2018
2024-09-01,....Rizal,0.75,peso,2018
2024-09-01,....City of Lucena (Capital),0.81,peso,2018
2024-09-01,..MIMAROPA Region,0.75,peso,2018
2024-09-01,....Marinduque,0.76,peso,2018
2024-09-01,....Occidental Mindoro,0.72,peso,2018
2024-09-01,....Oriental Mindoro,0.74,peso,2018
2024-09-01,....Palawan,0.77,peso,2018
2024-09-01,....Romblon,0.76,peso,2018
2024-09-01,....City of Puerto Princesa (Capital),0.78,peso,2018
2024-09-01,..Region V (Bicol Region),0.76,peso,2018
2024-09-01,....Albay,0.75,peso,2018
2024-09-01,....Camarines Norte,0.77,peso,2018
2024-09-01,....Camarines Sur,0.75,peso,2018
2024-09-01,....Catanduanes,0.76,peso,2018
2024-09-01,....Masbate,0.77,peso,2018
2024-09-01,....Sorsogon,0.79,peso,2018
2024-09-01,..Region VI (Western Visayas),0.79,peso,2018
2024-09-01,....Aklan,0.8,peso,2018
2024-09-01,....Antique,0.77,peso,2018
2024-09-01,....Capiz,0.77,peso,2018
2024-09-01,....Iloilo,0.81,peso,2018
2024-09-01,....Guimaras,0.75,peso,2018
2024-09-01,....City of Iloilo (Capital),0.79,peso,2018
2024-09-01,..Region VII (Central Visayas),0.84,peso,2018
2024-09-01,....Bohol,0.81,peso,2018
2024-09-01,....Cebu,0.84,peso,2018
2024-09-01,....City of Cebu (Capital),0.86,peso,2018
2024-09-01,....City of Lapu-Lapu,0.86,peso,2018
2024-09-01,....City of Mandaue,0.85,peso,2018
2024-09-01,..Region VIII (Eastern Visayas),0.8,peso,2018
2024-09-01,....Eastern Samar,0.78,peso,2018
2024-09-01,....Leyte,0.81,peso,2018
2024-09-01,....Northern Samar,0.8,peso,2018
2024-09-01,....Samar,0.78,peso,2018
2024-09-01,....Southern Leyte,0.82,peso,2018
2024-09-01,....Biliran,0.83,peso,2018
2024-09-01,....City of Tacloban (Capital),0.83,peso,2018
2024-09-01,..Region IX (Zamboanga Peninsula),0.81,peso,2018
2024-09-01,....Zamboanga del Norte,0.8,peso,2018
2024-09-01,....Zamboanga del Sur,0.79,peso,2018
2024-09-01,....Zamboanga Sibugay,0.8,peso,2018
2024-09-01,....City of Zamboanga,0.82,peso,2018
2024-09-01,....City of Isabela,0.84,peso,2018
2024-09-01,..Region X (Northern Mindanao),0.78,peso,2018
2024-09-01,....Bukidnon,0.78,peso,2018
2024-09-01,....Camiguin,0.76,peso,2018
2024-09-01,....Lanao del Norte,0.8,peso,2018
2024-09-01,....Misamis Occidental,0.8,peso,2018
2024-09-01,....Misamis Oriental,0.76,peso,2018
2024-09-01,....City of Iligan,0.8,peso,2018
2024-09-01,....City of Cagayan de Oro (Capital),0.78,peso,2018
2024-09-01,..Region XI (Davao Region),0.78,peso,2018
2024-09-01,....Davao del Norte,0.83,peso,2018
2024-09-01,....Davao del Sur,0.77,peso,2018
2024-09-01,....Davao Oriental,0.77,peso,2018
2024-09-01,....Davao de Oro,0.76,peso,2018
2024-09-01,....Davao Occidental,0.78,peso,2018
2024-09-01,....City of Davao,0.77,peso,2018
2024-09-01,..Region XII (SOCCSKSARGEN),0.78,peso,2018
2024-09-01,....Cotabato,0.77,peso,2018
2024-09-01,....South Cotabato,0.78,peso,2018
2024-09-01,....Sultan Kudarat,0.8,peso,2018
2024-09-01,....Sarangani,0.76,peso,2018
2024-09-01,....City of General Santos,0.79,peso,2018
2024-09-01,..Bangsamoro Autonomous Region in Muslim Mindanao (BARMM),0.79,peso,2018
2024-09-01,....City of Cotabato,0.77,peso,2018
2024-09-01,....Basilan,0.77,peso,2018
2024-09-01,....Lanao del Sur,0.81,peso,2018
2024-09-01,....Maguindanao,0.79,peso,2018
2024-09-01,....Sulu,0.8,peso,2018
2024-09-01,....Tawi-tawi,0.77,peso,2018
2024-09-01,..Region XIII (Caraga),0.79,peso,2018
2024-09-01,....Agusan del Norte,0.82,peso,2018
2024-09-01,....Agusan del Sur,0.79,peso,2018
2024-09-01,....Surigao del Norte,0.79,peso,2018
2024-09-01,....Surigao del Sur,0.78,peso,2018
2024-09-01,....Dinagat Islands,0.73,peso,2018
2024-09-01,....City of Butuan (Capital),0.81,peso,2018
2024-09-01,..Negros Island Region (NIR),0.76,peso,2018
2024-09-01,....Negros Occidental,0.73,peso,2018
2024-09-01,....City of Bacolod (Capital),0.76,peso,2018
2024-09-01,....Negros Oriental,0.8,peso,2018
2024-09-01,....Siquijor,0.78,peso,2018
2024-10-01,PHILIPPINES,0.79,peso,2018
2024-10-01,..National Capital Region (NCR),0.82,peso,2018
2024-10-01,..Areas Outside National Capital Region (AONCR),0.78,peso,2018
2024-10-01,..Cordillera Administrative Region (CAR),0.8,peso,2018
2024-10-01,....Abra,0.79,peso,2018
2024-10-01,....Benguet,0.8,peso,2018
2024-10-01,....Ifugao,0.78,peso,2018
2024-10-01,....Kalinga,0.79,peso,2018
2024-10-01,....Mountain Province,0.76,peso,2018
2024-10-01,....Apayao,0.79,peso,2018
2024-10-01,....City of Baguio,0.82,peso,2018
2024-10-01,..Region I (Ilocos Region),0.8,peso,2018
2024-10-01,....Ilocos Norte,0.81,peso,2018
2024-10-01,....Ilocos Sur,0.79,peso,2018
2024-10-01,....La Union,0.84,peso,2018
2024-10-01,....Pangasinan,0.79,peso,2018
2024-10-01,..Region II (Cagayan Valley),0.78,peso,2018
2024-10-01,....Batanes,0.76,peso,2018
2024-10-01,....Cagayan,0.77,peso,2018
2024-10-01,....Isabela,0.81,peso,2018
2024-10-01,....Nueva Vizcaya,0.77,peso,2018
2024-10-01,....Quirino,0.76,peso,2018
2024-10-01,..Region III (Central Luzon),0.76,peso,2018
2024-10-01,....Bataan,0.75,peso,2018
2024-10-01,....Bulacan,0.78,peso,2018
2024-10-01,....Nueva Ecija,0.75,peso,2018
2024-10-01,....Pampanga,0.75,peso,2018
2024-10-01,....Tarlac,0.77,peso,2018
2024-10-01,....Zambales,0.76,peso,2018
2024-10-01,....Aurora,0.76,peso,2018
2024-10-01,....City of Angeles,0.78,peso,2018
2024-10-01,....City of Olongapo,0.77,peso,2018
2024-10-01,..Region IV-A (CALABARZON),0.79,peso,2018
2024-10-01,....Batangas,0.77,peso,2018
2024-10-01,....Cavite,0.8,peso,2018
2024-10-01,....Laguna,0.82,peso,2018
2024-10-01,....Quezon,0.81,peso,2018
2024-10-01,....Rizal,0.75,peso,2018
2024-10-01,....City of Lucena (Capital),0.81,peso,2018
2024-10-01,..MIMAROPA Region,0.75,peso,2018
2024-10-01,....Marinduque,0.76,peso,2018
2024-10-01,....Occidental Mindoro,0.73,peso,2018
2024-10-01,....Oriental Mindoro,0.73,peso,2018
2024-10-01,....Palawan,0.77,peso,2018
2024-10-01,....Romblon,0.76,peso,2018
2024-10-01,....City of Puerto Princesa (Capital),0.78,peso,2018
2024-10-01,..Region V (Bicol Region),0.76,peso,2018
2024-10-01,....Albay,0.75,peso,2018
2024-10-01,....Camarines Norte,0.77,peso,2018
2024-10-01,....Camarines Sur,0.74,peso,2018
2024-10-01,....Catanduanes,0.76,peso,2018
2024-10-01,....Masbate,0.77,peso,2018
2024-10-01,....Sorsogon,0.78,peso,2018
2024-10-01,..Region VI (Western Visayas),0.79,peso,2018
2024-10-01,....Aklan,0.8,peso,2018
2024-10-01,....Antique,0.78,peso,2018
2024-10-01,....Capiz,0.76,peso,2018
2024-10-01,....Iloilo,0.81,peso,2018
2024-10-01,....Guimaras,0.76,peso,2018
2024-10-01,....City of Iloilo (Capital),0.78,peso,2018
2024-10-01,..Region VII (Central Visayas),0.83,peso,2018
2024-10-01,....Bohol,0.8,peso,2018
2024-10-01,....Cebu,0.82,peso,2018
2024-10-01,....City of Cebu (Capital),0.85,peso,2018
2024-10-01,....City of Lapu-Lapu,0.86,peso,2018
2024-10-01,....City of Mandaue,0.84,peso,2018
2024-10-01,..Region VIII (Eastern Visayas),0.8,peso,2018
2024-10-01,....Eastern Samar,0.78,peso,2018
2024-10-01,....Leyte,0.81,peso,2018
2024-10-01,....Northern Samar,0.79,peso,2018
2024-10-01,....Samar,0.77,peso,2018
2024-10-01,....Southern Leyte,0.81,peso,2018
2024-10-01,....Biliran,0.81,peso,2018
2024-10-01,....City of Tacloban (Capital),0.84,peso,2018
2024-10-01,..Region IX (Zamboanga Peninsula),0.8,peso,2018
2024-10-01,....Zamboanga del Norte,0.8,peso,2018
2024-10-01,....Zamboanga del Sur,0.8,peso,2018
2024-10-01,....Zamboanga Sibugay,0.8,peso,2018
2024-10-01,....City of Zamboanga,0.82,peso,2018
2024-10-01,....City of Isabela,0.83,peso,2018
2024-10-01,..Region X (Northern Mindanao),0.78,peso,2018
2024-10-01,....Bukidnon,0.77,peso,2018
2024-10-01,....Camiguin,0.76,peso,2018
2024-10-01,....Lanao del Norte,0.8,peso,2018
2024-10-01,....Misamis Occidental,0.79,peso,2018
2024-10-01,....Misamis Oriental,0.76,peso,2018
2024-10-01,....City of Iligan,0.8,peso,2018
2024-10-01,....City of Cagayan de Oro (Capital),0.78,peso,2018
2024-10-01,..Region XI (Davao Region),0.78,peso,2018
2024-10-01,....Davao del Norte,0.83,peso,2018
2024-10-01,....Davao del Sur,0.77,peso,2018
2024-10-01,....Davao Oriental,0.77,peso,2018
2024-10-01,....Davao de Oro,0.77,peso,2018
2024-10-01,....Davao Occidental,0.79,peso,2018
2024-10-01,....City of Davao,0.77,peso,2018
2024-10-01,..Region XII (SOCCSKSARGEN),0.78,peso,2018
2024-10-01,....Cotabato,0.77,peso,2018
2024-10-01,....South Cotabato,0.78,peso,2018
2024-10-01,....Sultan Kudarat,0.8,peso,2018
2024-10-01,....Sarangani,0.77,peso,2018
2024-10-01,....City of General Santos,0.8,peso,2018
2024-10-01,..Bangsamoro Autonomous Region in Muslim Mindanao (BARMM),0.79,peso,2018
2024-10-01,....City of Cotabato,0.77,peso,2018
2024-10-01,....Basilan,0.77,peso,2018
2024-10-01,....Lanao del Sur,0.8,peso,2018
2024-10-01,....Maguindanao,0.8,peso,2018
2024-10-01,....Sulu,0.8,peso,2018
2024-10-01,....Tawi-tawi,0.77,peso,2018
2024-10-01,..Region XIII (Caraga),0.79,peso,2018
2024-10-01,....Agusan del Norte,0.82,peso,2018
2024-10-01,....Agusan del Sur,0.79,peso,2018
2024-10-01,....Surigao del Norte,0.79,peso,2018
2024-10-01,....Surigao del Sur,0.78,peso,2018
2024-10-01,....Dinagat Islands,0.73,peso,2018
2024-10-01,....City of Butuan (Capital),0.81,peso,2018
2024-10-01,..Negros Island Region (NIR),0.75,peso,2018
2024-10-01,....Negros Occidental,0.73,peso,2018
2024-10-01,....City of Bacolod (Capital),0.76,peso,2018
2024-10-01,....Negros Oriental,0.8,peso,2018
2024-10-01,....Siquijor,0.78,peso,2018
2024-11-01,PHILIPPINES,0.79,peso,2018
2024-11-01,..National Capital Region (NCR),0.81,peso,2018
2024-11-01,..Areas Outside National Capital Region (AONCR),0.78,peso,2018
2024-11-01,..Cordillera Administrative Region (CAR),0.79,peso,2018
2024-11-01,....Abra,0.78,peso,2018
2024-11-01,....Benguet,0.79,peso,2018
2024-11-01,....Ifugao,0.77,peso,2018
2024-11-01,....Kalinga,0.78,peso,2018
2024-11-01,....Mountain Province,0.76,peso,2018
2024-11-01,....Apayao,0.78,peso,2018
2024-11-01,....City of Baguio,0.81,peso,2018
2024-11-01,..Region I (Ilocos Region),0.8,peso,2018
2024-11-01,....Ilocos Norte,0.81,peso,2018
2024-11-01,....Ilocos Sur,0.78,peso,2018
2024-11-01,....La Union,0.84,peso,2018
2024-11-01,....Pangasinan,0.79,peso,2018
2024-11-01,..Region II (Cagayan Valley),0.78,peso,2018
2024-11-01,....Batanes,0.75,peso,2018
2024-11-01,....Cagayan,0.76,peso,2018
2024-11-01,....Isabela,0.81,peso,2018
2024-11-01,....Nueva Vizcaya,0.76,peso,2018
2024-11-01,....Quirino,0.77,peso,2018
2024-11-01,..Region III (Central Luzon),0.76,peso,2018
2024-11-01,....Bataan,0.75,peso,2018
2024-11-01,....Bulacan,0.78,peso,2018
2024-11-01,....Nueva Ecija,0.75,peso,2018
2024-11-01,....Pampanga,0.75,peso,2018
2024-11-01,....Tarlac,0.76,peso,2018
2024-11-01,....Zambales,0.75,peso,2018
2024-11-01,....Aurora,0.76,peso,2018
2024-11-01,....City of Angeles,0.78,peso,2018
2024-11-01,....City of Olongapo,0.76,peso,2018
2024-11-01,..Region IV-A (CALABARZON),0.79,peso,2018
2024-11-01,....Batangas,0.77,peso,2018
2024-11-01,....Cavite,0.79,peso,2018
2024-11-01,....Laguna,0.82,peso,2018
2024-11-01,....Quezon,0.81,peso,2018
2024-11-01,....Rizal,0.75,peso,2018
2024-11-01,....City of Lucena (Capital),0.81,peso,2018
2024-11-01,..MIMAROPA Region,0.75,peso,2018
2024-11-01,....Marinduque,0.75,peso,2018
2024-11-01,....Occidental Mindoro,0.72,peso,2018
2024-11-01,....Oriental Mindoro,0.73,peso,2018
2024-11-01,....Palawan,0.78,peso,2018
2024-11-01,....Romblon,0.76,peso,2018
2024-11-01,....City of Puerto Princesa (Capital),0.78,peso,2018
2024-11-01,..Region V (Bicol Region),0.75,peso,2018
2024-11-01,....Albay,0.74,peso,2018
2024-11-01,....Camarines Norte,0.77,peso,2018
2024-11-01,....Camarines Sur,0.74,peso,2018
2024-11-01,....Catanduanes,0.75,peso,2018
2024-11-01,....Masbate,0.76,peso,2018
2024-11-01,....Sorsogon,0.79,peso,2018
2024-11-01,..Region VI (Western Visayas),0.79,peso,2018
2024-11-01,....Aklan,0.81,peso,2018
2024-11-01,....Antique,0.78,peso,2018
2024-11-01,....Capiz,0.76,peso,2018
2024-11-01,....Iloilo,0.81,peso,2018
2024-11-01,....Guimaras,0.76,peso,2018
2024-11-01,....City of Iloilo (Capital),0.78,peso,2018
2024-11-01,..Region VII (Central Visayas),0.83,peso,2018
2024-11-01,....Bohol,0.81,peso,2018
2024-11-01,....Cebu,0.82,peso,2018
2024-11-01,....City of Cebu (Capital),0.85,peso,2018
2024-11-01,....City of Lapu-Lapu,0.86,peso,2018
2024-11-01,....City of Mandaue,0.84,peso,2018
2024-11-01,..Region VIII (Eastern Visayas),0.8,peso,2018
2024-11-01,....Eastern Samar,0.78,peso,2018
2024-11-01,....Leyte,0.81,peso,2018
2024-11-01,....Northern Samar,0.8,peso,2018
2024-11-01,....Samar,0.77,peso,2018
2024-11-01,....Southern Leyte,0.81,peso,2018
2024-11-01,....Biliran,0.83,peso,2018
2024-11-01,....City of Tacloban (Capital),0.83,peso,2018
2024-11-01,..Region IX (Zamboanga Peninsula),0.8,peso,2018
2024-11-01,....Zamboanga del Norte,0.8,peso,2018
2024-11-01,....Zamboanga del Sur,0.79,peso,2018
2024-11-01,....Zamboanga Sibugay,0.79,peso,2018
2024-11-01,....City of Zamboanga,0.82,peso,2018
2024-11-01,....City of Isabela,0.83,peso,2018
2024-11-01,..Region X (Northern Mindanao),0.78,peso,2018
2024-11-01,....Bukidnon,0.78,peso,2018
2024-11-01,....Camiguin,0.76,peso,2018
2024-11-01,....Lanao del Norte,0.8,peso,2018
2024-11-01,....Misamis Occidental,0.79,peso,2018
2024-11-01,....Misamis Oriental,0.76,peso,2018
2024-11-01,....City of Iligan,0.8,peso,2018
2024-11-01,....City of Cagayan de Oro (Capital),0.78,peso,2018
2024-11-01,..Region XI (Davao Region),0.78,peso,2018
2024-11-01,....Davao del Norte,0.82,peso,2018
2024-11-01,....Davao del Sur,0.77,peso,2018
2024-11-01,....Davao Oriental,0.77,peso,2018
2024-11-01,....Davao de Oro,0.77,peso,2018
2024-11-01,....Davao Occidental,0.79,peso,2018
2024-11-01,....City of Davao,0.77,peso,2018
2024-11-01,..Region XII (SOCCSKSARGEN),0.78,peso,2018
2024-11-01,....Cotabato,0.77,peso,2018
2024-11-01,....South Cotabato,0.78,peso,2018
2024-11-01,....Sultan Kudarat,0.8,peso,2018
2024-11-01,....Sarangani,0.77,peso,2018
2024-11-01,....City of General Santos,0.8,peso,2018
2024-11-01,..Bangsamoro Autonomous Region in Muslim Mindanao (BARMM),0.79,peso,2018
2024-11-01,....City of Cotabato,0.77,peso,2018
2024-11-01,....Basilan,0.78,peso,2018
2024-11-01,....Lanao del Sur,0.8,peso,2018
2024-11-01,....Maguindanao,0.8,peso,2018
2024-11-01,....Sulu,0.8,peso,2018
2024-11-01,....Tawi-tawi,0.77,peso,2018
2024-11-01,..Region XIII (Caraga),0.79,peso,2018
2024-11-01,....Agusan del Norte,0.82,peso,2018
2024-11-01,....Agusan del Sur,0.79,peso,2018
2024-11-01,....Surigao del Norte,0.79,peso,2018
2024-11-01,....Surigao del Sur,0.78,peso,2018
2024-11-01,....Dinagat Islands,0.74,peso,2018
2024-11-01,....City of Butuan (Capital),0.81,peso,2018
2024-11-01,..Negros Island Region (NIR),0.75,peso,2018
2024-11-01,....Negros Occidental,0.73,peso,2018
2024-11-01,....City of Bacolod (Capital),0.76,peso,2018
2024-11-01,....Negros Oriental,0.8,peso,2018
2024-11-01,....Siquijor,0.78,peso,2018
2024-12-01,PHILIPPINES,0.78,peso,2018
2024-12-01,..National Capital Region (NCR),0.8,peso,2018
2024-12-01,..Areas Outside National Capital Region (AONCR),0.78,peso,2018
2024-12-01,..Cordillera Administrative Region (CAR),0.79,peso,2018
2024-12-01,....Abra,0.78,peso,2018
2024-12-01,....Benguet,0.79,peso,2018
2024-12-01,....Ifugao,0.76,peso,2018
2024-12-01,....Kalinga,0.78,peso,2018
2024-12-01,....Mountain Province,0.75,peso,2018
2024-12-01,....Apayao,0.78,peso,2018
2024-12-01,....City of Baguio,0.81,peso,2018
2024-12-01,..Region I (Ilocos Region),0.8,peso,2018
2024-12-01,....Ilocos Norte,0.81,peso,2018
2024-12-01,....Ilocos Sur,0.77,peso,2018
2024-12-01,....La Union,0.83,peso,2018
2024-12-01,....Pangasinan,0.79,peso,2018
2024-12-01,..Region II (Cagayan Valley),0.77,peso,2018
2024-12-01,....Batanes,0.74,peso,2018
2024-12-01,....Cagayan,0.75,peso,2018
2024-12-01,....Isabela,0.8,peso,2018
2024-12-01,....Nueva Vizcaya,0.75,peso,2018
2024-12-01,....Quirino,0.77,peso,2018
2024-12-01,..Region III (Central Luzon),0.76,peso,2018
2024-12-01,....Bataan,0.75,peso,2018
2024-12-01,....Bulacan,0.77,peso,2018
2024-12-01,....Nueva Ecija,0.75,peso,2018
2024-12-01,....Pampanga,0.74,peso,2018
2024-12-01,....Tarlac,0.76,peso,2018
2024-12-01,....Zambales,0.75,peso,2018
2024-12-01,....Aurora,0.75,peso,2018
2024-12-01,....City of Angeles,0.78,peso,2018
2024-12-01,....City of Olongapo,0.76,peso,2018
2024-12-01,..Region IV-A (CALABARZON),0.78,peso,2018
2024-12-01,....Batangas,0.77,peso,2018
2024-12-01,....Cavite,0.79,peso,2018
2024-12-01,....Laguna,0.82,peso,2018
2024-12-01,....Quezon,0.8,peso,2018
2024-12-01,....Rizal,0.74,peso,2018
2024-12-01,....City of Lucena (Capital),0.81,peso,2018
2024-12-01,..MIMAROPA Region,0.75,peso,2018
2024-12-01,....Marinduque,0.75,peso,2018
2024-12-01,....Occidental Mindoro,0.73,peso,2018
2024-12-01,....Oriental Mindoro,0.71,peso,2018
2024-12-01,....Palawan,0.78,peso,2018
2024-12-01,....Romblon,0.76,peso,2018
2024-12-01,....City of Puerto Princesa (Capital),0.78,peso,2018
2024-12-01,..Region V (Bicol Region),0.75,peso,2018
2024-12-01,....Albay,0.74,peso,2018
2024-12-01,....Camarines Norte,0.76,peso,2018
2024-12-01,....Camarines Sur,0.75,peso,2018
2024-12-01,....Catanduanes,0.75,peso,2018
2024-12-01,....Masbate,0.76,peso,2018
2024-12-01,....Sorsogon,0.79,peso,2018
2024-12-01,..Region VI (Western Visayas),0.79,peso,2018
2024-12-01,....Aklan,0.8,peso,2018
2024-12-01,....Antique,0.78,peso,2018
2024-12-01,....Capiz,0.76,peso,2018
2024-12-01,....Iloilo,0.81,peso,2018
2024-12-01,....Guimaras,0.75,peso,2018
2024-12-01,....City of Iloilo (Capital),0.78,peso,2018
2024-12-01,..Region VII (Central Visayas),0.82,peso,2018
2024-12-01,....Bohol,0.79,peso,2018
2024-12-01,....Cebu,0.81,peso,2018
2024-12-01,....City of Cebu (Capital),0.85,peso,2018
2024-12-01,....City of Lapu-Lapu,0.85,peso,2018
2024-12-01,....City of Mandaue,0.84,peso,2018
2024-12-01,..Region VIII (Eastern Visayas),0.8,peso,2018
2024-12-01,....Eastern Samar,0.77,peso,2018
2024-12-01,....Leyte,0.81,peso,2018
2024-12-01,....Northern Samar,0.79,peso,2018
2024-12-01,....Samar,0.76,peso,2018
2024-12-01,....Southern Leyte,0.82,peso,2018
2024-12-01,....Biliran,0.82,peso,2018
2024-12-01,....City of Tacloban (Capital),0.83,peso,2018
2024-12-01,..Region IX (Zamboanga Peninsula),0.8,peso,2018
2024-12-01,....Zamboanga del Norte,0.8,peso,2018
2024-12-01,....Zamboanga del Sur,0.8,peso,2018
2024-12-01,....Zamboanga Sibugay,0.79,peso,2018
2024-12-01,....City of Zamboanga,0.81,peso,2018
2024-12-01,....City of Isabela,0.81,peso,2018
2024-12-01,..Region X (Northern Mindanao),0.78,peso,2018
2024-12-01,....Bukidnon,0.78,peso,2018
2024-12-01,....Camiguin,0.76,peso,2018
2024-12-01,....Lanao del Norte,0.8,peso,2018
2024-12-01,....Misamis Occidental,0.79,peso,2018
2024-12-01,....Misamis Oriental,0.75,peso,2018
2024-12-01,....City of Iligan,0.8,peso,2018
2024-12-01,....City of Cagayan de Oro (Capital),0.78,peso,2018
2024-12-01,..Region XI (Davao Region),0.78,peso,2018
2024-12-01,....Davao del Norte,0.82,peso,2018
2024-12-01,....Davao del Sur,0.77,peso,2018
2024-12-01,....Davao Oriental,0.77,peso,2018
2024-12-01,....Davao de Oro,0.77,peso,2018
2024-12-01,....Davao Occidental,0.79,peso,2018
2024-12-01,....City of Davao,0.76,peso,2018
2024-12-01,..Region XII (SOCCSKSARGEN),0.78,peso,2018
2024-12-01,....Cotabato,0.77,peso,2018
2024-12-01,....South Cotabato,0.78,peso,2018
2024-12-01,....Sultan Kudarat,0.8,peso,2018
2024-12-01,....Sarangani,0.77,peso,2018
2024-12-01,....City of General Santos,0.79,peso,2018
2024-12-01,..Bangsamoro Autonomous Region in Muslim Mindanao (BARMM),0.79,peso,2018
2024-12-01,....City of Cotabato,0.77,peso,2018
2024-12-01,....Basilan,0.77,peso,2018
2024-12-01,....Lanao del Sur,0.8,peso,2018
2024-12-01,....Maguindanao,0.8,peso,2018
2024-12-01,....Sulu,0.8,peso,2018
2024-12-01,....Tawi-tawi,0.76,peso,2018
2024-12-01,..Region XIII (Caraga),0.79,peso,2018
2024-12-01,....Agusan del Norte,0.81,peso,2018
2024-12-01,....Agusan del Sur,0.79,peso,2018
2024-12-01,....Surigao del Norte,0.78,peso,2018
2024-12-01,....Surigao del Sur,0.78,peso,2018
2024-12-01,....Dinagat Islands,0.73,peso,2018
2024-12-01,....City of Butuan (Capital),0.81,peso,2018
2024-12-01,..Negros Island Region (NIR),0.75,peso,2018
2024-12-01,....Negros Occidental,0.72,peso,2018
2024-12-01,....City of Bacolod (Capital),0.76,peso,2018
2024-12-01,....Negros Oriental,0.8,peso,2018
2024-12-01,....Siquijor,0.78,peso,2018
2025-01-01,PHILIPPINES,0.78,peso,2018
2025-01-01,..National Capital Region (NCR),0.8,peso,2018
2025-01-01,..Areas Outside National Capital Region (AONCR),0.77,peso,2018
2025-01-01,..Cordillera Administrative Region (CAR),0.78,peso,2018
2025-01-01,....Abra,0.77,peso,2018
2025-01-01,....Benguet,0.78,peso,2018
2025-01-01,....Ifugao,0.76,peso,2018
2025-01-01,....Kalinga,0.77,peso,2018
2025-01-01,....Mountain Province,0.75,peso,2018
2025-01-01,....Apayao,0.78,peso,2018
2025-01-01,....City of Baguio,0.8,peso,2018
2025-01-01,..Region I (Ilocos Region),0.79,peso,2018
2025-01-01,....Ilocos Norte,0.8,peso,2018
2025-01-01,....Ilocos Sur,0.77,peso,2018
2025-01-01,....La Union,0.83,peso,2018
2025-01-01,....Pangasinan,0.78,peso,2018
2025-01-01,..Region II (Cagayan Valley),0.76,peso,2018
2025-01-01,....Batanes,0.74,peso,2018
2025-01-01,....Cagayan,0.74,peso,2018
2025-01-01,....Isabela,0.79,peso,2018
2025-01-01,....Nueva Vizcaya,0.75,peso,2018
2025-01-01,....Quirino,0.76,peso,2018
2025-01-01,..Region III (Central Luzon),0.75,peso,2018
2025-01-01,....Bataan,0.74,peso,2018
2025-01-01,....Bulacan,0.77,peso,2018
2025-01-01,....Nueva Ecija,0.74,peso,2018
2025-01-01,....Pampanga,0.74,peso,2018
2025-01-01,....Tarlac,0.75,peso,2018
2025-01-01,....Zambales,0.75,peso,2018
2025-01-01,....Aurora,0.74,peso,2018
2025-01-01,....City of Angeles,0.77,peso,2018
2025-01-01,....City of Olongapo,0.76,peso,2018
2025-01-01,..Region IV-A (CALABARZON),0.78,peso,2018
2025-01-01,....Batangas,0.77,peso,2018
2025-01-01,....Cavite,0.79,peso,2018
2025-01-01,....Laguna,0.81,peso,2018
2025-01-01,....Quezon,0.79,peso,2018
2025-01-01,....Rizal,0.73,peso,2018
2025-01-01,....City of Lucena (Capital),0.79,peso,2018
2025-01-01,..MIMAROPA Region,0.75,peso,2018
2025-01-01,....Marinduque,0.74,peso,2018
2025-01-01,....Occidental Mindoro,0.73,peso,2018
2025-01-01,....Oriental Mindoro,0.72,peso,2018
2025-01-01,....Palawan,0.78,peso,2018
2025-01-01,....Romblon,0.76,peso,2018
2025-01-01,....City of Puerto Princesa (Capital),0.78,peso,2018
2025-01-01,..Region V (Bicol Region),0.75,peso,2018
2025-01-01,....Albay,0.73,peso,2018
2025-01-01,....Camarines Norte,0.75,peso,2018
2025-01-01,....Camarines Sur,0.74,peso,2018
2025-01-01,....Catanduanes,0.74,peso,2018
2025-01-01,....Masbate,0.75,peso,2018
2025-01-01,....Sorsogon,0.78,peso,2018
2025-01-01,..Region VI (Western Visayas),0.79,peso,2018
2025-01-01,....Aklan,0.79,peso,2018
2025-01-01,....Antique,0.77,peso,2018
2025-01-01,....Capiz,0.76,peso,2018
2025-01-01,....Iloilo,0.8,peso,2018
2025-01-01,....Guimaras,0.74,peso,2018
2025-01-01,....City of Iloilo (Capital),0.77,peso,2018
2025-01-01,..Region VII (Central Visayas),0.82,peso,2018
2025-01-01,....Bohol,0.79,peso,2018
2025-01-01,....Cebu,0.81,peso,2018
2025-01-01,....City of Cebu (Capital),0.85,peso,2018
2025-01-01,....City of Lapu-Lapu,0.85,peso,2018
2025-01-01,....City of Mandaue,0.83,peso,2018
2025-01-01,..Region VIII (Eastern Visayas),0.79,peso,2018
2025-01-01,....Eastern Samar,0.77,peso,2018
2025-01-01,....Leyte,0.8,peso,2018
2025-01-01,....Northern Samar,0.79,peso,2018
2025-01-01,....Samar,0.76,peso,2018
2025-01-01,....Southern Leyte,0.81,peso,2018
2025-01-01,....Biliran,0.82,peso,2018
2025-01-01,....City of Tacloban (Capital),0.83,peso,2018
2025-01-01,..Region IX (Zamboanga Peninsula),0.8,peso,2018
2025-01-01,....Zamboanga del Norte,0.8,peso,2018
2025-01-01,....Zamboanga del Sur,0.79,peso,2018
2025-01-01,....Zamboanga Sibugay,0.79,peso,2018
2025-01-01,....City of Zamboanga,0.81,peso,2018
2025-01-01,....City of Isabela,0.81,peso,2018
2025-01-01,..Region X (Northern Mindanao),0.77,peso,2018
2025-01-01,....Bukidnon,0.78,peso,2018
2025-01-01,....Camiguin,0.76,peso,2018
2025-01-01,....Lanao del Norte,0.8,peso,2018
2025-01-01,....Misamis Occidental,0.78,peso,2018
2025-01-01,....Misamis Oriental,0.75,peso,2018
2025-01-01,....City of Iligan,0.79,peso,2018
2025-01-01,....City of Cagayan de Oro (Capital),0.78,peso,2018
2025-01-01,..Region XI (Davao Region),0.77,peso,2018
2025-01-01,....Davao del Norte,0.82,peso,2018
2025-01-01,....Davao del Sur,0.76,peso,2018
2025-01-01,....Davao Oriental,0.77,peso,2018
2025-01-01,....Davao de Oro,0.76,peso,2018
2025-01-01,....Davao Occidental,0.78,peso,2018
2025-01-01,....City of Davao,0.76,peso,2018
2025-01-01,..Region XII (SOCCSKSARGEN),0.78,peso,2018
2025-01-01,....Cotabato,0.77,peso,2018
2025-01-01,....South Cotabato,0.78,peso,2018
2025-01-01,....Sultan Kudarat,0.79,peso,2018
2025-01-01,....Sarangani,0.76,peso,2018
2025-01-01,....City of General Santos,0.79,peso,2018
2025-01-01,..Bangsamoro Autonomous Region in Muslim Mindanao (BARMM),0.79,peso,2018
2025-01-01,....City of Cotabato,0.77,peso,2018
2025-01-01,....Basilan,0.77,peso,2018
2025-01-01,....Lanao del Sur,0.8,peso,2018
2025-01-01,....Maguindanao,0.79,peso,2018
2025-01-01,....Sulu,0.81,peso,2018
2025-01-01,....Tawi-tawi,0.76,peso,2018
2025-01-01,..Region XIII (Caraga),0.78,peso,2018
2025-01-01,....Agusan del Norte,0.81,peso,2018
2025-01-01,....Agusan del Sur,0.79,peso,2018
2025-01-01,....Surigao del Norte,0.77,peso,2018
2025-01-01,....Surigao del Sur,0.77,peso,2018
2025-01-01,....Dinagat Islands,0.73,peso,2018
2025-01-01,....City of Butuan (Capital),0.81,peso,2018
2025-01-01,..Negros Island Region (NIR),0.75,peso,2018
2025-01-01,....Negros Occidental,0.72,peso,2018
2025-01-01,....City of Bacolod (Capital),0.75,peso,2018
2025-01-01,....Negros Oriental,0.8,peso,2018
2025-01-01,....Siquijor,0.78,peso,2018
2025-02-01,PHILIPPINES,0.78,peso,2018
2025-02-01,..National Capital Region (NCR),0.8,peso,2018
2025-02-01,..Areas Outside National Capital Region (AONCR),0.78,peso,2018
2025-02-01,..Cordillera Administrative Region (CAR),0.79,peso,2018
2025-02-01,....Abra,0.8,peso,2018
2025-02-01,....Benguet,0.78,peso,2018
2025-02-01,....Ifugao,0.76,peso,2018
2025-02-01,....Kalinga,0.78,peso,2018
2025-02-01,....Mountain Province,0.76,peso,2018
2025-02-01,....Apayao,0.78,peso,2018
2025-02-01,....City of Baguio,0.8,peso,2018
2025-02-01,..Region I (Ilocos Region),0.79,peso,2018
2025-02-01,....Ilocos Norte,0.81,peso,2018
2025-02-01,....Ilocos Sur,0.77,peso,2018
2025-02-01,....La Union,0.82,peso,2018
2025-02-01,....Pangasinan,0.78,peso,2018
2025-02-01,..Region II (Cagayan Valley),0.77,peso,2018
2025-02-01,....Batanes,0.74,peso,2018
2025-02-01,....Cagayan,0.75,peso,2018
2025-02-01,....Isabela,0.79,peso,2018
2025-02-01,....Nueva Vizcaya,0.76,peso,2018
2025-02-01,....Quirino,0.77,peso,2018
2025-02-01,..Region III (Central Luzon),0.75,peso,2018
2025-02-01,....Bataan,0.75,peso,2018
2025-02-01,....Bulacan,0.77,peso,2018
2025-02-01,....Nueva Ecija,0.75,peso,2018
2025-02-01,....Pampanga,0.74,peso,2018
2025-02-01,....Tarlac,0.76,peso,2018
2025-02-01,....Zambales,0.76,peso,2018
2025-02-01,....Aurora,0.75,peso,2018
2025-02-01,....City of Angeles,0.77,peso,2018
2025-02-01,....City of Olongapo,0.75,peso,2018
2025-02-01,..Region IV-A (CALABARZON),0.78,peso,2018
2025-02-01,....Batangas,0.77,peso,2018
2025-02-01,....Cavite,0.79,peso,2018
2025-02-01,....Laguna,0.81,peso,2018
2025-02-01,....Quezon,0.79,peso,2018
2025-02-01,....Rizal,0.74,peso,2018
2025-02-01,....City of Lucena (Capital),0.8,peso,2018
2025-02-01,..MIMAROPA Region,0.75,peso,2018
2025-02-01,....Marinduque,0.75,peso,2018
2025-02-01,....Occidental Mindoro,0.72,peso,2018
2025-02-01,....Oriental Mindoro,0.72,peso,2018
2025-02-01,....Palawan,0.77,peso,2018
2025-02-01,....Romblon,0.76,peso,2018
2025-02-01,....City of Puerto Princesa (Capital),0.78,peso,2018
2025-02-01,..Region V (Bicol Region),0.75,peso,2018
2025-02-01,....Albay,0.74,peso,2018
2025-02-01,....Camarines Norte,0.76,peso,2018
2025-02-01,....Camarines Sur,0.74,peso,2018
2025-02-01,....Catanduanes,0.74,peso,2018
2025-02-01,....Masbate,0.75,peso,2018
2025-02-01,....Sorsogon,0.78,peso,2018
2025-02-01,..Region VI (Western Visayas),0.79,peso,2018
2025-02-01,....Aklan,0.8,peso,2018
2025-02-01,....Antique,0.77,peso,2018
2025-02-01,....Capiz,0.76,peso,2018
2025-02-01,....Iloilo,0.8,peso,2018
2025-02-01,....Guimaras,0.75,peso,2018
2025-02-01,....City of Iloilo (Capital),0.77,peso,2018
2025-02-01,..Region VII (Central Visayas),0.82,peso,2018
2025-02-01,....Bohol,0.79,peso,2018
2025-02-01,....Cebu,0.81,peso,2018
2025-02-01,....City of Cebu (Capital),0.85,peso,2018
2025-02-01,....City of Lapu-Lapu,0.85,peso,2018
2025-02-01,....City of Mandaue,0.83,peso,2018
2025-02-01,..Region VIII (Eastern Visayas),0.79,peso,2018
2025-02-01,....Eastern Samar,0.78,peso,2018
2025-02-01,....Leyte,0.8,peso,2018
2025-02-01,....Northern Samar,0.8,peso,2018
2025-02-01,....Samar,0.77,peso,2018
2025-02-01,....Southern Leyte,0.81,peso,2018
2025-02-01,....Biliran,0.81,peso,2018
2025-02-01,....City of Tacloban (Capital),0.83,peso,2018
2025-02-01,..Region IX (Zamboanga Peninsula),0.8,peso,2018
2025-02-01,....Zamboanga del Norte,0.8,peso,2018
2025-02-01,....Zamboanga del Sur,0.79,peso,2018
2025-02-01,....Zamboanga Sibugay,0.79,peso,2018
2025-02-01,....City of Zamboanga,0.81,peso,2018
2025-02-01,....City of Isabela,0.82,peso,2018
2025-02-01,..Region X (Northern Mindanao),0.78,peso,2018
2025-02-01,....Bukidnon,0.78,peso,2018
2025-02-01,....Camiguin,0.75,peso,2018
2025-02-01,....Lanao del Norte,0.8,peso,2018
2025-02-01,....Misamis Occidental,0.78,peso,2018
2025-02-01,....Misamis Oriental,0.75,peso,2018
2025-02-01,....City of Iligan,0.79,peso,2018
2025-02-01,....City of Cagayan de Oro (Capital),0.78,peso,2018
2025-02-01,..Region XI (Davao Region),0.77,peso,2018
2025-02-01,....Davao del Norte,0.82,peso,2018
2025-02-01,....Davao del Sur,0.76,peso,2018
2025-02-01,....Davao Oriental,0.77,peso,2018
2025-02-01,....Davao de Oro,0.77,peso,2018
2025-02-01,....Davao Occidental,0.79,peso,2018
2025-02-01,....City of Davao,0.76,peso,2018
2025-02-01,..Region XII (SOCCSKSARGEN),0.78,peso,2018
2025-02-01,....Cotabato,0.77,peso,2018
2025-02-01,....South Cotabato,0.78,peso,2018
2025-02-01,....Sultan Kudarat,0.8,peso,2018
2025-02-01,....Sarangani,0.77,peso,2018
2025-02-01,....City of General Santos,0.79,peso,2018
2025-02-01,..Bangsamoro Autonomous Region in Muslim Mindanao (BARMM),0.79,peso,2018
2025-02-01,....City of Cotabato,0.78,peso,2018
2025-02-01,....Basilan,0.77,peso,2018
2025-02-01,....Lanao del Sur,0.8,peso,2018
2025-02-01,....Maguindanao,0.8,peso,2018
2025-02-01,....Sulu,0.81,peso,2018
2025-02-01,....Tawi-tawi,0.77,peso,2018
2025-02-01,..Region XIII (Caraga),0.78,peso,2018
2025-02-01,....Agusan del Norte,0.81,peso,2018
2025-02-01,....Agusan del Sur,0.79,peso,2018
2025-02-01,....Surigao del Norte,0.77,peso,2018
2025-02-01,....Surigao del Sur,0.77,peso,2018
2025-02-01,....Dinagat Islands,0.73,peso,2018
2025-02-01,....City of Butuan (Capital),0.8,peso,2018
2025-02-01,..Negros Island Region (NIR),0.75,peso,2018
2025-02-01,....Negros Occidental,0.72,peso,2018
2025-02-01,....City of Bacolod (Capital),0.74,peso,2018
2025-02-01,....Negros Oriental,0.8,peso,2018
2025-02-01,....Siquijor,0.77,peso,2018
2025-03-01,PHILIPPINES,0.78,peso,2018
2025-03-01,..National Capital Region (NCR),0.8,peso,2018
2025-03-01,..Areas Outside National Capital Region (AONCR),0.78,peso,2018
2025-03-01,..Cordillera Administrative Region (CAR),0.79,peso,2018
2025-03-01,....Abra,0.8,peso,2018
2025-03-01,....Benguet,0.79,peso,2018
2025-03-01,....Ifugao,0.76,peso,2018
2025-03-01,....Kalinga,0.78,peso,2018
2025-03-01,....Mountain Province,0.75,peso,2018
2025-03-01,....Apayao,0.78,peso,2018
2025-03-01,....City of Baguio,0.81,peso,2018
2025-03-01,..Region I (Ilocos Region),0.79,peso,2018
2025-03-01,....Ilocos Norte,0.81,peso,2018
2025-03-01,....Ilocos Sur,0.77,peso,2018
2025-03-01,....La Union,0.83,peso,2018
2025-03-01,....Pangasinan,0.78,peso,2018
2025-03-01,..Region II (Cagayan Valley),0.77,peso,2018
2025-03-01,....Batanes,0.74,peso,2018
2025-03-01,....Cagayan,0.75,peso,2018
2025-03-01,....Isabela,0.8,peso,2018
2025-03-01,....Nueva Vizcaya,0.76,peso,2018
2025-03-01,....Quirino,0.77,peso,2018
2025-03-01,..Region III (Central Luzon),0.76,peso,2018
2025-03-01,....Bataan,0.75,peso,2018
2025-03-01,....Bulacan,0.77,peso,2018
2025-03-01,....Nueva Ecija,0.75,peso,2018
2025-03-01,....Pampanga,0.74,peso,2018
2025-03-01,....Tarlac,0.76,peso,2018
2025-03-01,....Zambales,0.76,peso,2018
2025-03-01,....Aurora,0.76,peso,2018
2025-03-01,....City of Angeles,0.77,peso,2018
2025-03-01,....City of Olongapo,0.76,peso,2018
2025-03-01,..Region IV-A (CALABARZON),0.78,peso,2018
2025-03-01,....Batangas,0.77,peso,2018
2025-03-01,....Cavite,0.79,peso,2018
2025-03-01,....Laguna,0.81,peso,2018
2025-03-01,....Quezon,0.79,peso,2018
2025-03-01,....Rizal,0.74,peso,2018
2025-03-01,....City of Lucena (Capital),0.8,peso,2018
2025-03-01,..MIMAROPA Region,0.74,peso,2018
2025-03-01,....Marinduque,0.75,peso,2018
2025-03-01,....Occidental Mindoro,0.73,peso,2018
2025-03-01,....Oriental Mindoro,0.73,peso,2018
2025-03-01,....Palawan,0.75,peso,2018
2025-03-01,....Romblon,0.76,peso,2018
2025-03-01,....City of Puerto Princesa (Capital),0.76,peso,2018
2025-03-01,..Region V (Bicol Region),0.75,peso,2018
2025-03-01,....Albay,0.74,peso,2018
2025-03-01,....Camarines Norte,0.76,peso,2018
2025-03-01,....Camarines Sur,0.74,peso,2018
2025-03-01,....Catanduanes,0.74,peso,2018
2025-03-01,....Masbate,0.75,peso,2018
2025-03-01,....Sorsogon,0.78,peso,2018
2025-03-01,..Region VI (Western Visayas),0.79,peso,2018
2025-03-01,....Aklan,0.81,peso,2018
2025-03-01,....Antique,0.78,peso,2018
2025-03-01,....Capiz,0.77,peso,2018
2025-03-01,....Iloilo,0.8,peso,2018
2025-03-01,....Guimaras,0.75,peso,2018
2025-03-01,....City of Iloilo (Capital),0.77,peso,2018
2025-03-01,..Region VII (Central Visayas),0.82,peso,2018
2025-03-01,....Bohol,0.79,peso,2018
2025-03-01,....Cebu,0.8,peso,2018
2025-03-01,....City of Cebu (Capital),0.85,peso,2018
2025-03-01,....City of Lapu-Lapu,0.85,peso,2018
2025-03-01,....City of Mandaue,0.83,peso,2018
2025-03-01,..Region VIII (Eastern Visayas),0.8,peso,2018
2025-03-01,....Eastern Samar,0.78,peso,2018
2025-03-01,....Leyte,0.8,peso,2018
2025-03-01,....Northern Samar,0.8,peso,2018
2025-03-01,....Samar,0.77,peso,2018
2025-03-01,....Southern Leyte,0.81,peso,2018
2025-03-01,....Biliran,0.81,peso,2018
2025-03-01,....City of Tacloban (Capital),0.83,peso,2018
2025-03-01,..Region IX (Zamboanga Peninsula),0.8,peso,2018
2025-03-01,....Zamboanga del Norte,0.8,peso,2018
2025-03-01,....Zamboanga del Sur,0.8,peso,2018
2025-03-01,....Zamboanga Sibugay,0.79,peso,2018
2025-03-01,....City of Zamboanga,0.81,peso,2018
2025-03-01,....City of Isabela,0.82,peso,2018
2025-03-01,..Region X (Northern Mindanao),0.78,peso,2018
2025-03-01,....Bukidnon,0.78,peso,2018
2025-03-01,....Camiguin,0.75,peso,2018
2025-03-01,....Lanao del Norte,0.8,peso,2018
2025-03-01,....Misamis Occidental,0.78,peso,2018
2025-03-01,....Misamis Oriental,0.75,peso,2018
2025-03-01,....City of Iligan,0.79,peso,2018
2025-03-01,....City of Cagayan de Oro (Capital),0.79,peso,2018
2025-03-01,..Region XI (Davao Region),0.77,peso,2018
2025-03-01,....Davao del Norte,0.82,peso,2018
2025-03-01,....Davao del Sur,0.76,peso,2018
2025-03-01,....Davao Oriental,0.77,peso,2018
2025-03-01,....Davao de Oro,0.77,peso,2018
2025-03-01,....Davao Occidental,0.79,peso,2018
2025-03-01,....City of Davao,0.76,peso,2018
2025-03-01,..Region XII (SOCCSKSARGEN),0.78,peso,2018
2025-03-01,....Cotabato,0.77,peso,2018
2025-03-01,....South Cotabato,0.78,peso,2018
2025-03-01,....Sultan Kudarat,0.8,peso,2018
2025-03-01,....Sarangani,0.77,peso,2018
2025-03-01,....City of General Santos,0.8,peso,2018
2025-03-01,..Bangsamoro Autonomous Region in Muslim Mindanao (BARMM),0.79,peso,2018
2025-03-01,....City of Cotabato,0.78,peso,2018
2025-03-01,....Basilan,0.77,peso,2018
2025-03-01,....Lanao del Sur,0.79,peso,2018
2025-03-01,....Maguindanao,0.79,peso,2018
2025-03-01,....Sulu,0.8,peso,2018
2025-03-01,....Tawi-tawi,0.77,peso,2018
2025-03-01,..Region XIII (Caraga),0.78,peso,2018
2025-03-01,....Agusan del Norte,0.8,peso,2018
2025-03-01,....Agusan del Sur,0.78,peso,2018
2025-03-01,....Surigao del Norte,0.77,peso,2018
2025-03-01,....Surigao del Sur,0.77,peso,2018
2025-03-01,....Dinagat Islands,0.73,peso,2018
2025-03-01,....City of Butuan (Capital),0.8,peso,2018
2025-03-01,..Negros Island Region (NIR),0.74,peso,2018
2025-03-01,....Negros Occidental,0.72,peso,2018
2025-03-01,....City of Bacolod (Capital),0.75,peso,2018
2025-03-01,....Negros Oriental,0.8,peso,2018
2025-03-01,....Siquijor,0.76,peso,2018
2025-04-01,PHILIPPINES,0.79,peso,2018
2025-04-01,..National Capital Region (NCR),0.8,peso,2018
2025-04-01,..Areas Outside National Capital Region (AONCR),0.78,peso,2018
2025-04-01,..Cordillera Administrative Region (CAR),0.79,peso,2018
2025-04-01,....Abra,0.81,peso,2018
2025-04-01,....Benguet,0.79,peso,2018
2025-04-01,....Ifugao,0.77,peso,2018
2025-04-01,....Kalinga,0.78,peso,2018
2025-04-01,....Mountain Province,0.76,peso,2018
2025-04-01,....Apayao,0.8,peso,2018
2025-04-01,....City of Baguio,0.8,peso,2018
2025-04-01,..Region I (Ilocos Region),0.8,peso,2018
2025-04-01,....Ilocos Norte,0.82,peso,2018
2025-04-01,....Ilocos Sur,0.78,peso,2018
2025-04-01,....La Union,0.84,peso,2018
2025-04-01,....Pangasinan,0.79,peso,2018
2025-04-01,..Region II (Cagayan Valley),0.78,peso,2018
2025-04-01,....Batanes,0.74,peso,2018
2025-04-01,....Cagayan,0.75,peso,2018
2025-04-01,....Isabela,0.8,peso,2018
2025-04-01,....Nueva Vizcaya,0.77,peso,2018
2025-04-01,....Quirino,0.78,peso,2018
2025-04-01,..Region III (Central Luzon),0.76,peso,2018
2025-04-01,....Bataan,0.75,peso,2018
2025-04-01,....Bulacan,0.77,peso,2018
2025-04-01,....Nueva Ecija,0.76,peso,2018
2025-04-01,....Pampanga,0.75,peso,2018
2025-04-01,....Tarlac,0.76,peso,2018
2025-04-01,....Zambales,0.76,peso,2018
2025-04-01,....Aurora,0.77,peso,2018
2025-04-01,....City of Angeles,0.78,peso,2018
2025-04-01,....City of Olongapo,0.76,peso,2018
2025-04-01,..Region IV-A (CALABARZON),0.78,peso,2018
2025-04-01,....Batangas,0.77,peso,2018
2025-04-01,....Cavite,0.8,peso,2018
2025-04-01,....Laguna,0.81,peso,2018
2025-04-01,....Quezon,0.8,peso,2018
2025-04-01,....Rizal,0.74,peso,2018
2025-04-01,....City of Lucena (Capital),0.8,peso,2018
2025-04-01,..MIMAROPA Region,0.75,peso,2018
2025-04-01,....Marinduque,0.75,peso,2018
2025-04-01,....Occidental Mindoro,0.73,peso,2018
2025-04-01,....Oriental Mindoro,0.73,peso,2018
2025-04-01,....Palawan,0.76,peso,2018
2025-04-01,....Romblon,0.77,peso,2018
2025-04-01,....City of Puerto Princesa (Capital),0.77,peso,2018
2025-04-01,..Region V (Bicol Region),0.76,peso,2018
2025-04-01,....Albay,0.75,peso,2018
2025-04-01,....Camarines Norte,0.76,peso,2018
2025-04-01,....Camarines Sur,0.75,peso,2018
2025-04-01,....Catanduanes,0.74,peso,2018
2025-04-01,....Masbate,0.76,peso,2018
2025-04-01,....Sorsogon,0.78,peso,2018
2025-04-01,..Region VI (Western Visayas),0.79,peso,2018
2025-04-01,....Aklan,0.81,peso,2018
2025-04-01,....Antique,0.79,peso,2018
2025-04-01,....Capiz,0.77,peso,2018
2025-04-01,....Iloilo,0.81,peso,2018
2025-04-01,....Guimaras,0.76,peso,2018
2025-04-01,....City of Iloilo (Capital),0.78,peso,2018
2025-04-01,..Region VII (Central Visayas),0.82,peso,2018
2025-04-01,....Bohol,0.8,peso,2018
2025-04-01,....Cebu,0.81,peso,2018
2025-04-01,....City of Cebu (Capital),0.85,peso,2018
2025-04-01,....City of Lapu-Lapu,0.86,peso,2018
2025-04-01,....City of Mandaue,0.84,peso,2018
2025-04-01,..Region VIII (Eastern Visayas),0.8,peso,2018
2025-04-01,....Eastern Samar,0.79,peso,2018
2025-04-01,....Leyte,0.8,peso,2018
2025-04-01,....Northern Samar,0.81,peso,2018
2025-04-01,....Samar,0.78,peso,2018
2025-04-01,....Southern Leyte,0.81,peso,2018
2025-04-01,....Biliran,0.81,peso,2018
2025-04-01,....City of Tacloban (Capital),0.83,peso,2018
2025-04-01,..Region IX (Zamboanga Peninsula),0.81,peso,2018
2025-04-01,....Zamboanga del Norte,0.81,peso,2018
2025-04-01,....Zamboanga del Sur,0.8,peso,2018
2025-04-01,....Zamboanga Sibugay,0.79,peso,2018
2025-04-01,....City of Zamboanga,0.82,peso,2018
2025-04-01,....City of Isabela,0.81,peso,2018
2025-04-01,..Region X (Northern Mindanao),0.79,peso,2018
2025-04-01,....Bukidnon,0.78,peso,2018
2025-04-01,....Camiguin,0.76,peso,2018
2025-04-01,....Lanao del Norte,0.8,peso,2018
2025-04-01,....Misamis Occidental,0.79,peso,2018
2025-04-01,....Misamis Oriental,0.76,peso,2018
2025-04-01,....City of Iligan,0.8,peso,2018
2025-04-01,....City of Cagayan de Oro (Capital),0.8,peso,2018
2025-04-01,..Region XI (Davao Region),0.78,peso,2018
2025-04-01,....Davao del Norte,0.82,peso,2018
2025-04-01,....Davao del Sur,0.76,peso,2018
2025-04-01,....Davao Oriental,0.79,peso,2018
2025-04-01,....Davao de Oro,0.77,peso,2018
2025-04-01,....Davao Occidental,0.79,peso,2018
2025-04-01,....City of Davao,0.76,peso,2018
2025-04-01,..Region XII (SOCCSKSARGEN),0.79,peso,2018
2025-04-01,....Cotabato,0.77,peso,2018
2025-04-01,....South Cotabato,0.79,peso,2018
2025-04-01,....Sultan Kudarat,0.8,peso,2018
2025-04-01,....Sarangani,0.77,peso,2018
2025-04-01,....City of General Santos,0.8,peso,2018
2025-04-01,..Bangsamoro Autonomous Region in Muslim Mindanao (BARMM),0.8,peso,2018
2025-04-01,....City of Cotabato,0.79,peso,2018
2025-04-01,....Basilan,0.77,peso,2018
2025-04-01,....Lanao del Sur,0.8,peso,2018
2025-04-01,....Maguindanao,0.81,peso,2018
2025-04-01,....Sulu,0.8,peso,2018
2025-04-01,....Tawi-tawi,0.77,peso,2018
2025-04-01,..Region XIII (Caraga),0.79,peso,2018
2025-04-01,....Agusan del Norte,0.81,peso,2018
2025-04-01,....Agusan del Sur,0.78,peso,2018
2025-04-01,....Surigao del Norte,0.78,peso,2018
2025-04-01,....Surigao del Sur,0.79,peso,2018
2025-04-01,....Dinagat Islands,0.74,peso,2018
2025-04-01,....City of Butuan (Capital),0.8,peso,2018
2025-04-01,..Negros Island Region (NIR),0.75,peso,2018
2025-04-01,....Negros Occidental,0.72,peso,2018
2025-04-01,....City of Bacolod (Capital),0.75,peso,2018
2025-04-01,....Negros Oriental,0.81,peso,2018
2025-04-01,....Siquijor,0.78,peso,2018
2025-05-01,PHILIPPINES,0.79,peso,2018
2025-05-01,..National Capital Region (NCR),0.81,peso,2018
2025-05-01,..Areas Outside National Capital Region (AONCR),0.78,peso,2018
2025-05-01,..Cordillera Administrative Region (CAR),0.79,peso,2018
2025-05-01,....Abra,0.79,peso,2018
2025-05-01,....Benguet,0.79,peso,2018
2025-05-01,....Ifugao,0.76,peso,2018
2025-05-01,....Kalinga,0.78,peso,2018
2025-05-01,....Mountain Province,0.76,peso,2018
2025-05-01,....Apayao,0.79,peso,2018
2025-05-01,....City of Baguio,0.81,peso,2018
2025-05-01,..Region I (Ilocos Region),0.8,peso,2018
2025-05-01,....Ilocos Norte,0.82,peso,2018
2025-05-01,....Ilocos Sur,0.78,peso,2018
2025-05-01,....La Union,0.83,peso,2018
2025-05-01,....Pangasinan,0.78,peso,2018
2025-05-01,..Region II (Cagayan Valley),0.78,peso,2018
2025-05-01,....Batanes,0.75,peso,2018
2025-05-01,....Cagayan,0.76,peso,2018
2025-05-01,....Isabela,0.8,peso,2018
2025-05-01,....Nueva Vizcaya,0.77,peso,2018
2025-05-01,....Quirino,0.76,peso,2018
2025-05-01,..Region III (Central Luzon),0.76,peso,2018
2025-05-01,....Bataan,0.75,peso,2018
2025-05-01,....Bulacan,0.77,peso,2018
2025-05-01,....Nueva Ecija,0.76,peso,2018
2025-05-01,....Pampanga,0.74,peso,2018
2025-05-01,....Tarlac,0.77,peso,2018
2025-05-01,....Zambales,0.76,peso,2018
2025-05-01,....Aurora,0.76,peso,2018
2025-05-01,....City of Angeles,0.78,peso,2018
2025-05-01,....City of Olongapo,0.76,peso,2018
2025-05-01,..Region IV-A (CALABARZON),0.78,peso,2018
2025-05-01,....Batangas,0.77,peso,2018
2025-05-01,....Cavite,0.8,peso,2018
2025-05-01,....Laguna,0.82,peso,2018
2025-05-01,....Quezon,0.8,peso,2018
2025-05-01,....Rizal,0.74,peso,2018
2025-05-01,....City of Lucena (Capital),0.8,peso,2018
2025-05-01,..MIMAROPA Region,0.75,peso,2018
2025-05-01,....Marinduque,0.76,peso,2018
2025-05-01,....Occidental Mindoro,0.72,peso,2018
2025-05-01,....Oriental Mindoro,0.73,peso,2018
2025-05-01,....Palawan,0.76,peso,2018
2025-05-01,....Romblon,0.77,peso,2018
2025-05-01,....City of Puerto Princesa (Capital),0.77,peso,2018
2025-05-01,..Region V (Bicol Region),0.75,peso,2018
2025-05-01,....Albay,0.74,peso,2018
2025-05-01,....Camarines Norte,0.76,peso,2018
2025-05-01,....Camarines Sur,0.75,peso,2018
2025-05-01,....Catanduanes,0.74,peso,2018
2025-05-01,....Masbate,0.76,peso,2018
2025-05-01,....Sorsogon,0.78,peso,2018
2025-05-01,..Region VI (Western Visayas),0.79,peso,2018
2025-05-01,....Aklan,0.81,peso,2018
2025-05-01,....Antique,0.79,peso,2018
2025-05-01,....Capiz,0.77,peso,2018
2025-05-01,....Iloilo,0.8,peso,2018
2025-05-01,....Guimaras,0.75,peso,2018
2025-05-01,....City of Iloilo (Capital),0.77,peso,2018
2025-05-01,..Region VII (Central Visayas),0.82,peso,2018
2025-05-01,....Bohol,0.8,peso,2018
2025-05-01,....Cebu,0.82,peso,2018
2025-05-01,....City of Cebu (Capital),0.85,peso,2018
2025-05-01,....City of Lapu-Lapu,0.85,peso,2018
2025-05-01,....City of Mandaue,0.83,peso,2018
2025-05-01,..Region VIII (Eastern Visayas),0.8,peso,2018
2025-05-01,....Eastern Samar,0.79,peso,2018
2025-05-01,....Leyte,0.8,peso,2018
2025-05-01,....Northern Samar,0.8,peso,2018
2025-05-01,....Samar,0.78,peso,2018
2025-05-01,....Southern Leyte,0.82,peso,2018
2025-05-01,....Biliran,0.81,peso,2018
2025-05-01,....City of Tacloban (Capital),0.83,peso,2018
2025-05-01,..Region IX (Zamboanga Peninsula),0.81,peso,2018
2025-05-01,....Zamboanga del Norte,0.81,peso,2018
2025-05-01,....Zamboanga del Sur,0.8,peso,2018
2025-05-01,....Zamboanga Sibugay,0.78,peso,2018
2025-05-01,....City of Zamboanga,0.82,peso,2018
2025-05-01,....City of Isabela,0.81,peso,2018
2025-05-01,..Region X (Northern Mindanao),0.78,peso,2018
2025-05-01,....Bukidnon,0.78,peso,2018
2025-05-01,....Camiguin,0.76,peso,2018
2025-05-01,....Lanao del Norte,0.8,peso,2018
2025-05-01,....Misamis Occidental,0.79,peso,2018
2025-05-01,....Misamis Oriental,0.76,peso,2018
2025-05-01,....City of Iligan,0.8,peso,2018
2025-05-01,....City of Cagayan de Oro (Capital),0.8,peso,2018
2025-05-01,..Region XI (Davao Region),0.78,peso,2018
2025-05-01,....Davao del Norte,0.83,peso,2018
2025-05-01,....Davao del Sur,0.76,peso,2018
2025-05-01,....Davao Oriental,0.79,peso,2018
2025-05-01,....Davao de Oro,0.78,peso,2018
2025-05-01,....Davao Occidental,0.8,peso,2018
2025-05-01,....City of Davao,0.76,peso,2018
2025-05-01,..Region XII (SOCCSKSARGEN),0.79,peso,2018
2025-05-01,....Cotabato,0.78,peso,2018
2025-05-01,....South Cotabato,0.79,peso,2018
2025-05-01,....Sultan Kudarat,0.8,peso,2018
2025-05-01,....Sarangani,0.77,peso,2018
2025-05-01,....City of General Santos,0.81,peso,2018
2025-05-01,..Bangsamoro Autonomous Region in Muslim Mindanao (BARMM),0.8,peso,2018
2025-05-01,....City of Cotabato,0.79,peso,2018
2025-05-01,....Basilan,0.79,peso,2018
2025-05-01,....Lanao del Sur,0.81,peso,2018
2025-05-01,....Maguindanao,0.81,peso,2018
2025-05-01,....Sulu,0.8,peso,2018
2025-05-01,....Tawi-tawi,0.77,peso,2018
2025-05-01,..Region XIII (Caraga),0.79,peso,2018
2025-05-01,....Agusan del Norte,0.81,peso,2018
2025-05-01,....Agusan del Sur,0.78,peso,2018
2025-05-01,....Surigao del Norte,0.78,peso,2018
2025-05-01,....Surigao del Sur,0.78,peso,2018
2025-05-01,....Dinagat Islands,0.74,peso,2018
2025-05-01,....City of Butuan (Capital),0.8,peso,2018
2025-05-01,..Negros Island Region (NIR),0.75,peso,2018
2025-05-01,....Negros Occidental,0.72,peso,2018
2025-05-01,....City of Bacolod (Capital),0.75,peso,2018
2025-05-01,....Negros Oriental,0.81,peso,2018
2025-05-01,....Siquijor,0.78,peso,2018
2025-06-01,PHILIPPINES,0.79,peso,2018
2025-06-01,..National Capital Region (NCR),0.8,peso,2018
2025-06-01,..Areas Outside National Capital Region (AONCR),0.78,peso,2018
2025-06-01,..Cordillera Administrative Region (CAR),0.79,peso,2018
2025-06-01,....Abra,0.79,peso,2018
2025-06-01,....Benguet,0.79,peso,2018
2025-06-01,....Ifugao,0.76,peso,2018
2025-06-01,....Kalinga,0.78,peso,2018
2025-06-01,....Mountain Province,0.76,peso,2018
2025-06-01,....Apayao,0.8,peso,2018
2025-06-01,....City of Baguio,0.81,peso,2018
2025-06-01,..Region I (Ilocos Region),0.79,peso,2018
2025-06-01,....Ilocos Norte,0.82,peso,2018
2025-06-01,....Ilocos Sur,0.79,peso,2018
2025-06-01,....La Union,0.84,peso,2018
2025-06-01,....Pangasinan,0.78,peso,2018
2025-06-01,..Region II (Cagayan Valley),0.78,peso,2018
2025-06-01,....Batanes,0.74,peso,2018
2025-06-01,....Cagayan,0.76,peso,2018
2025-06-01,....Isabela,0.8,peso,2018
2025-06-01,....Nueva Vizcaya,0.77,peso,2018
2025-06-01,....Quirino,0.77,peso,2018
2025-06-01,..Region III (Central Luzon),0.76,peso,2018
2025-06-01,....Bataan,0.75,peso,2018
2025-06-01,....Bulacan,0.77,peso,2018
2025-06-01,....Nueva Ecija,0.76,peso,2018
2025-06-01,....Pampanga,0.75,peso,2018
2025-06-01,....Tarlac,0.77,peso,2018
2025-06-01,....Zambales,0.76,peso,2018
2025-06-01,....Aurora,0.76,peso,2018
2025-06-01,....City of Angeles,0.77,peso,2018
2025-06-01,....City of Olongapo,0.76,peso,2018
2025-06-01,..Region IV-A (CALABARZON),0.78,peso,2018
2025-06-01,....Batangas,0.77,peso,2018
2025-06-01,....Cavite,0.79,peso,2018
2025-06-01,....Laguna,0.82,peso,2018
2025-06-01,....Quezon,0.8,peso,2018
2025-06-01,....Rizal,0.74,peso,2018
2025-06-01,....City of Lucena (Capital),0.81,peso,2018
2025-06-01,..MIMAROPA Region,0.74,peso,2018
2025-06-01,....Marinduque,0.75,peso,2018
2025-06-01,....Occidental Mindoro,0.72,peso,2018
2025-06-01,....Oriental Mindoro,0.72,peso,2018
2025-06-01,....Palawan,0.76,peso,2018
2025-06-01,....Romblon,0.77,peso,2018
2025-06-01,....City of Puerto Princesa (Capital),0.77,peso,2018
2025-06-01,..Region V (Bicol Region),0.75,peso,2018
2025-06-01,....Albay,0.74,peso,2018
2025-06-01,....Camarines Norte,0.76,peso,2018
2025-06-01,....Camarines Sur,0.75,peso,2018
2025-06-01,....Catanduanes,0.74,peso,2018
2025-06-01,....Masbate,0.76,peso,2018
2025-06-01,....Sorsogon,0.78,peso,2018
2025-06-01,..Region VI (Western Visayas),0.79,peso,2018
2025-06-01,....Aklan,0.81,peso,2018
2025-06-01,....Antique,0.79,peso,2018
2025-06-01,....Capiz,0.77,peso,2018
2025-06-01,....Iloilo,0.81,peso,2018
2025-06-01,....Guimaras,0.75,peso,2018
2025-06-01,....City of Iloilo (Capital),0.77,peso,2018
2025-06-01,..Region VII (Central Visayas),0.82,peso,2018
2025-06-01,....Bohol,0.8,peso,2018
2025-06-01,....Cebu,0.81,peso,2018
2025-06-01,....City of Cebu (Capital),0.85,peso,2018
2025-06-01,....City of Lapu-Lapu,0.85,peso,2018
2025-06-01,....City of Mandaue,0.84,peso,2018
2025-06-01,..Region VIII (Eastern Visayas),0.8,peso,2018
2025-06-01,....Eastern Samar,0.78,peso,2018
2025-06-01,....Leyte,0.81,peso,2018
2025-06-01,....Northern Samar,0.79,peso,2018
2025-06-01,....Samar,0.77,peso,2018
2025-06-01,....Southern Leyte,0.82,peso,2018
2025-06-01,....Biliran,0.82,peso,2018
2025-06-01,....City of Tacloban (Capital),0.83,peso,2018
2025-06-01,..Region IX (Zamboanga Peninsula),0.8,peso,2018
2025-06-01,....Zamboanga del Norte,0.8,peso,2018
2025-06-01,....Zamboanga del Sur,0.8,peso,2018
2025-06-01,....Zamboanga Sibugay,0.78,peso,2018
2025-06-01,....City of Zamboanga,0.82,peso,2018
2025-06-01,....City of Isabela,0.81,peso,2018
2025-06-01,..Region X (Northern Mindanao),0.78,peso,2018
2025-06-01,....Bukidnon,0.79,peso,2018
2025-06-01,....Camiguin,0.76,peso,2018
2025-06-01,....Lanao del Norte,0.8,peso,2018
2025-06-01,....Misamis Occidental,0.79,peso,2018
2025-06-01,....Misamis Oriental,0.76,peso,2018
2025-06-01,....City of Iligan,0.8,peso,2018
2025-06-01,....City of Cagayan de Oro (Capital),0.79,peso,2018
2025-06-01,..Region XI (Davao Region),0.78,peso,2018
2025-06-01,....Davao del Norte,0.83,peso,2018
2025-06-01,....Davao del Sur,0.77,peso,2018
2025-06-01,....Davao Oriental,0.78,peso,2018
2025-06-01,....Davao de Oro,0.78,peso,2018
2025-06-01,....Davao Occidental,0.8,peso,2018
2025-06-01,....City of Davao,0.76,peso,2018
2025-06-01,..Region XII (SOCCSKSARGEN),0.79,peso,2018
2025-06-01,....Cotabato,0.78,peso,2018
2025-06-01,....South Cotabato,0.79,peso,2018
2025-06-01,....Sultan Kudarat,0.8,peso,2018
2025-06-01,....Sarangani,0.77,peso,2018
2025-06-01,....City of General Santos,0.8,peso,2018
2025-06-01,..Bangsamoro Autonomous Region in Muslim Mindanao (BARMM),0.8,peso,2018
2025-06-01,....City of Cotabato,0.79,peso,2018
2025-06-01,....Basilan,0.78,peso,2018
2025-06-01,....Lanao del Sur,0.8,peso,2018
2025-06-01,....Maguindanao,0.81,peso,2018
2025-06-01,....Sulu,0.8,peso,2018
2025-06-01,....Tawi-tawi,0.78,peso,2018
2025-06-01,..Region XIII (Caraga),0.79,peso,2018
2025-06-01,....Agusan del Norte,0.82,peso,2018
2025-06-01,....Agusan del Sur,0.78,peso,2018
2025-06-01,....Surigao del Norte,0.78,peso,2018
2025-06-01,....Surigao del Sur,0.79,peso,2018
2025-06-01,....Dinagat Islands,0.74,peso,2018
2025-06-01,....City of Butuan (Capital),0.79,peso,2018
2025-06-01,..Negros Island Region (NIR),0.75,peso,2018
2025-06-01,....Negros Occidental,0.72,peso,2018
2025-06-01,....City of Bacolod (Capital),0.75,peso,2018
2025-06-01,....Negros Oriental,0.81,peso,2018
2025-06-01,....Siquijor,0.77,peso,2018
2025-07-01,PHILIPPINES,0.78,peso,2018
2025-07-01,..National Capital Region (NCR),0.8,peso,2018
2025-07-01,..Areas Outside National Capital Region (AONCR),0.78,peso,2018
2025-07-01,..Cordillera Administrative Region (CAR),0.79,peso,2018
2025-07-01,....Abra,0.8,peso,2018
2025-07-01,....Benguet,0.79,peso,2018
2025-07-01,....Ifugao,0.77,peso,2018
2025-07-01,....Kalinga,0.78,peso,2018
2025-07-01,....Mountain Province,0.76,peso,2018
2025-07-01,....Apayao,0.8,peso,2018
2025-07-01,....City of Baguio,0.8,peso,2018
2025-07-01,..Region I (Ilocos Region),0.79,peso,2018
2025-07-01,....Ilocos Norte,0.82,peso,2018
2025-07-01,....Ilocos Sur,0.79,peso,2018
2025-07-01,....La Union,0.83,peso,2018
2025-07-01,....Pangasinan,0.78,peso,2018
2025-07-01,..Region II (Cagayan Valley),0.78,peso,2018
2025-07-01,....Batanes,0.75,peso,2018
2025-07-01,....Cagayan,0.77,peso,2018
2025-07-01,....Isabela,0.8,peso,2018
2025-07-01,....Nueva Vizcaya,0.76,peso,2018
2025-07-01,....Quirino,0.77,peso,2018
2025-07-01,..Region III (Central Luzon),0.76,peso,2018
2025-07-01,....Bataan,0.76,peso,2018
2025-07-01,....Bulacan,0.77,peso,2018
2025-07-01,....Nueva Ecija,0.76,peso,2018
2025-07-01,....Pampanga,0.75,peso,2018
2025-07-01,....Tarlac,0.77,peso,2018
2025-07-01,....Zambales,0.77,peso,2018
2025-07-01,....Aurora,0.76,peso,2018
2025-07-01,....City of Angeles,0.77,peso,2018
2025-07-01,....City of Olongapo,0.76,peso,2018
2025-07-01,..Region IV-A (CALABARZON),0.78,peso,2018
2025-07-01,....Batangas,0.77,peso,2018
2025-07-01,....Cavite,0.78,peso,2018
2025-07-01,....Laguna,0.81,peso,2018
2025-07-01,....Quezon,0.8,peso,2018
2025-07-01,....Rizal,0.74,peso,2018
2025-07-01,....City of Lucena (Capital),0.8,peso,2018
2025-07-01,..MIMAROPA Region,0.74,peso,2018
2025-07-01,....Marinduque,0.75,peso,2018
2025-07-01,....Occidental Mindoro,0.71,peso,2018
2025-07-01,....Oriental Mindoro,0.72,peso,2018
2025-07-01,....Palawan,0.76,peso,2018
2025-07-01,....Romblon,0.77,peso,2018
2025-07-01,....City of Puerto Princesa (Capital),0.76,peso,2018
2025-07-01,..Region V (Bicol Region),0.75,peso,2018
2025-07-01,....Albay,0.74,peso,2018
2025-07-01,....Camarines Norte,0.76,peso,2018
2025-07-01,....Camarines Sur,0.74,peso,2018
2025-07-01,....Catanduanes,0.74,peso,2018
2025-07-01,....Masbate,0.76,peso,2018
2025-07-01,....Sorsogon,0.79,peso,2018
2025-07-01,..Region VI (Western Visayas),0.8,peso,2018
2025-07-01,....Aklan,0.82,peso,2018
2025-07-01,....Antique,0.79,peso,2018
2025-07-01,....Capiz,0.77,peso,2018
2025-07-01,....Iloilo,0.81,peso,2018
2025-07-01,....Guimaras,0.76,peso,2018
2025-07-01,....City of Iloilo (Capital),0.77,peso,2018
2025-07-01,..Region VII (Central Visayas),0.82,peso,2018
2025-07-01,....Bohol,0.8,peso,2018
2025-07-01,....Cebu,0.81,peso,2018
2025-07-01,....City of Cebu (Capital),0.84,peso,2018
2025-07-01,....City of Lapu-Lapu,0.83,peso,2018
2025-07-01,....City of Mandaue,0.82,peso,2018
2025-07-01,..Region VIII (Eastern Visayas),0.81,peso,2018
2025-07-01,....Eastern Samar,0.8,peso,2018
2025-07-01,....Leyte,0.81,peso,2018
2025-07-01,....Northern Samar,0.81,peso,2018
2025-07-01,....Samar,0.78,peso,2018
2025-07-01,....Southern Leyte,0.82,peso,2018
2025-07-01,....Biliran,0.83,peso,2018
2025-07-01,....City of Tacloban (Capital),0.83,peso,2018
2025-07-01,..Region IX (Zamboanga Peninsula),0.8,peso,2018
2025-07-01,....Zamboanga del Norte,0.8,peso,2018
2025-07-01,....Zamboanga del Sur,0.8,peso,2018
2025-07-01,....Zamboanga Sibugay,0.78,peso,2018
2025-07-01,....City of Zamboanga,0.81,peso,2018
2025-07-01,....City of Isabela,0.82,peso,2018
2025-07-01,..Region X (Northern Mindanao),0.78,peso,2018
2025-07-01,....Bukidnon,0.78,peso,2018
2025-07-01,....Camiguin,0.76,peso,2018
2025-07-01,....Lanao del Norte,0.81,peso,2018
2025-07-01,....Misamis Occidental,0.79,peso,2018
2025-07-01,....Misamis Oriental,0.76,peso,2018
2025-07-01,....City of Iligan,0.8,peso,2018
2025-07-01,....City of Cagayan de Oro (Capital),0.79,peso,2018
2025-07-01,..Region XI (Davao Region),0.78,peso,2018
2025-07-01,....Davao del Norte,0.83,peso,2018
2025-07-01,....Davao del Sur,0.77,peso,2018
2025-07-01,....Davao Oriental,0.78,peso,2018
2025-07-01,....Davao de Oro,0.78,peso,2018
2025-07-01,....Davao Occidental,0.8,peso,2018
2025-07-01,....City of Davao,0.76,peso,2018
2025-07-01,..Region XII (SOCCSKSARGEN),0.79,peso,2018
2025-07-01,....Cotabato,0.78,peso,2018
2025-07-01,....South Cotabato,0.79,peso,2018
2025-07-01,....Sultan Kudarat,0.8,peso,2018
2025-07-01,....Sarangani,0.77,peso,2018
2025-07-01,....City of General Santos,0.81,peso,2018
2025-07-01,..Bangsamoro Autonomous Region in Muslim Mindanao (BARMM),0.8,peso,2018
2025-07-01,....City of Cotabato,0.79,peso,2018
2025-07-01,....Basilan,0.79,peso,2018
2025-07-01,....Lanao del Sur,0.81,peso,2018
2025-07-01,....Maguindanao,0.81,peso,2018
2025-07-01,....Sulu,0.79,peso,2018
2025-07-01,....Tawi-tawi,0.79,peso,2018
2025-07-01,..Region XIII (Caraga),0.79,peso,2018
2025-07-01,....Agusan del Norte,0.82,peso,2018
2025-07-01,....Agusan del Sur,0.78,peso,2018
2025-07-01,....Surigao del Norte,0.78,peso,2018
2025-07-01,....Surigao del Sur,0.79,peso,2018
2025-07-01,....Dinagat Islands,0.73,peso,2018
2025-07-01,....City of Butuan (Capital),0.79,peso,2018
2025-07-01,..Negros Island Region (NIR),0.75,peso,2018
2025-07-01,....Negros Occidental,0.72,peso,2018
2025-07-01,....City of Bacolod (Capital),0.76,peso,2018
2025-07-01,....Negros Oriental,0.81,peso,2018
2025-07-01,....Siquijor,0.77,peso,2018
2025-08-01,PHILIPPINES,0.78,peso,2018
2025-08-01,..National Capital Region (NCR),0.79,peso,2018
2025-08-01,..Areas Outside National Capital Region (AONCR),0.77,peso,2018
2025-08-01,..Cordillera Administrative Region (CAR),0.78,peso,2018
2025-08-01,....Abra,0.8,peso,2018
2025-08-01,....Benguet,0.78,peso,2018
2025-08-01,....Ifugao,0.76,peso,2018
2025-08-01,....Kalinga,0.79,peso,2018
2025-08-01,....Mountain Province,0.75,peso,2018
2025-08-01,....Apayao,0.79,peso,2018
2025-08-01,....City of Baguio,0.79,peso,2018
2025-08-01,..Region I (Ilocos Region),0.79,peso,2018
2025-08-01,....Ilocos Norte,0.81,peso,2018
2025-08-01,....Ilocos Sur,0.79,peso,2018
2025-08-01,....La Union,0.83,peso,2018
2025-08-01,....Pangasinan,0.77,peso,2018
2025-08-01,..Region II (Cagayan Valley),0.78,peso,2018
2025-08-01,....Batanes,0.74,peso,2018
2025-08-01,....Cagayan,0.76,peso,2018
2025-08-01,....Isabela,0.81,peso,2018
2025-08-01,....Nueva Vizcaya,0.76,peso,2018
2025-08-01,....Quirino,0.77,peso,2018
2025-08-01,..Region III (Central Luzon),0.75,peso,2018
2025-08-01,....Bataan,0.75,peso,2018
2025-08-01,....Bulacan,0.76,peso,2018
2025-08-01,....Nueva Ecija,0.75,peso,2018
2025-08-01,....Pampanga,0.74,peso,2018
2025-08-01,....Tarlac,0.76,peso,2018
2025-08-01,....Zambales,0.76,peso,2018
2025-08-01,....Aurora,0.75,peso,2018
2025-08-01,....City of Angeles,0.76,peso,2018
2025-08-01,....City of Olongapo,0.76,peso,2018
2025-08-01,..Region IV-A (CALABARZON),0.77,peso,2018
2025-08-01,....Batangas,0.77,peso,2018
2025-08-01,....Cavite,0.77,peso,2018
2025-08-01,....Laguna,0.81,peso,2018
2025-08-01,....Quezon,0.79,peso,2018
2025-08-01,....Rizal,0.73,peso,2018
2025-08-01,....City of Lucena (Capital),0.8,peso,2018
2025-08-01,..MIMAROPA Region,0.74,peso,2018
2025-08-01,....Marinduque,0.75,peso,2018
2025-08-01,....Occidental Mindoro,0.71,peso,2018
2025-08-01,....Oriental Mindoro,0.72,peso,2018
2025-08-01,....Palawan,0.76,peso,2018
2025-08-01,....Romblon,0.77,peso,2018
2025-08-01,....City of Puerto Princesa (Capital),0.76,peso,2018
2025-08-01,..Region V (Bicol Region),0.75,peso,2018
2025-08-01,....Albay,0.74,peso,2018
2025-08-01,....Camarines Norte,0.77,peso,2018
2025-08-01,....Camarines Sur,0.74,peso,2018
2025-08-01,....Catanduanes,0.74,peso,2018
2025-08-01,....Masbate,0.76,peso,2018
2025-08-01,....Sorsogon,0.8,peso,2018
2025-08-01,..Region VI (Western Visayas),0.79,peso,2018
2025-08-01,....Aklan,0.81,peso,2018
2025-08-01,....Antique,0.79,peso,2018
2025-08-01,....Capiz,0.77,peso,2018
2025-08-01,....Iloilo,0.81,peso,2018
2025-08-01,....Guimaras,0.75,peso,2018
2025-08-01,....City of Iloilo (Capital),0.77,peso,2018
2025-08-01,..Region VII (Central Visayas),0.81,peso,2018
2025-08-01,....Bohol,0.8,peso,2018
2025-08-01,....Cebu,0.8,peso,2018
2025-08-01,....City of Cebu (Capital),0.83,peso,2018
2025-08-01,....City of Lapu-Lapu,0.82,peso,2018
2025-08-01,....City of Mandaue,0.81,peso,2018
2025-08-01,..Region VIII (Eastern Visayas),0.8,peso,2018
2025-08-01,....Eastern Samar,0.79,peso,2018
2025-08-01,....Leyte,0.81,peso,2018
2025-08-01,....Northern Samar,0.81,peso,2018
2025-08-01,....Samar,0.77,peso,2018
2025-08-01,....Southern Leyte,0.82,peso,2018
2025-08-01,....Biliran,0.83,peso,2018
2025-08-01,....City of Tacloban (Capital),0.83,peso,2018
2025-08-01,..Region IX (Zamboanga Peninsula),0.8,peso,2018
2025-08-01,....Zamboanga del Norte,0.81,peso,2018
2025-08-01,....Zamboanga del Sur,0.8,peso,2018
2025-08-01,....Zamboanga Sibugay,0.79,peso,2018
2025-08-01,....City of Zamboanga,0.81,peso,2018
2025-08-01,....City of Isabela,0.82,peso,2018
2025-08-01,..Region X (Northern Mindanao),0.78,peso,2018
2025-08-01,....Bukidnon,0.78,peso,2018
2025-08-01,....Camiguin,0.76,peso,2018
2025-08-01,....Lanao del Norte,0.81,peso,2018
2025-08-01,....Misamis Occidental,0.79,peso,2018
2025-08-01,....Misamis Oriental,0.76,peso,2018
2025-08-01,....City of Iligan,0.8,peso,2018
2025-08-01,....City of Cagayan de Oro (Capital),0.79,peso,2018
2025-08-01,..Region XI (Davao Region),0.78,peso,2018
2025-08-01,....Davao del Norte,0.82,peso,2018
2025-08-01,....Davao del Sur,0.76,peso,2018
2025-08-01,....Davao Oriental,0.78,peso,2018
2025-08-01,....Davao de Oro,0.78,peso,2018
2025-08-01,....Davao Occidental,0.8,peso,2018
2025-08-01,....City of Davao,0.76,peso,2018
2025-08-01,..Region XII (SOCCSKSARGEN),0.78,peso,2018
2025-08-01,....Cotabato,0.78,peso,2018
2025-08-01,....South Cotabato,0.78,peso,2018
2025-08-01,....Sultan Kudarat,0.8,peso,2018
2025-08-01,....Sarangani,0.77,peso,2018
2025-08-01,....City of General Santos,0.8,peso,2018
2025-08-01,..Bangsamoro Autonomous Region in Muslim Mindanao (BARMM),0.8,peso,2018
2025-08-01,....City of Cotabato,0.79,peso,2018
2025-08-01,....Basilan,0.8,peso,2018
2025-08-01,....Lanao del Sur,0.81,peso,2018
2025-08-01,....Maguindanao,0.81,peso,2018
2025-08-01,....Sulu,0.79,peso,2018
2025-08-01,....Tawi-tawi,0.79,peso,2018
2025-08-01,..Region XIII (Caraga),0.79,peso,2018
2025-08-01,....Agusan del Norte,0.82,peso,2018
2025-08-01,....Agusan del Sur,0.79,peso,2018
2025-08-01,....Surigao del Norte,0.78,peso,2018
2025-08-01,....Surigao del Sur,0.78,peso,2018
2025-08-01,....Dinagat Islands,0.73,peso,2018
2025-08-01,....City of Butuan (Capital),0.79,peso,2018
2025-08-01,..Negros Island Region (NIR),0.75,peso,2018
2025-08-01,....Negros Occidental,0.73,peso,2018
2025-08-01,....City of Bacolod (Capital),0.75,peso,2018
2025-08-01,....Negros Oriental,0.81,peso,2018
2025-08-01,....Siquijor,0.78,peso,2018
2025-09-01,PHILIPPINES,0.78,peso,2018
2025-09-01,..National Capital Region (NCR),0.79,peso,2018
2025-09-01,..Areas Outside National Capital Region (AONCR),0.77,peso,2018
2025-09-01,..Cordillera Administrative Region (CAR),0.79,peso,2018
2025-09-01,....Abra,0.8,peso,2018
2025-09-01,....Benguet,0.78,peso,2018
2025-09-01,....Ifugao,0.77,peso,2018
2025-09-01,....Kalinga,0.8,peso,2018
2025-09-01,....Mountain Province,0.75,peso,2018
2025-09-01,....Apayao,0.79,peso,2018
2025-09-01,....City of Baguio,0.79,peso,2018
2025-09-01,..Region I (Ilocos Region),0.79,peso,2018
2025-09-01,....Ilocos Norte,0.81,peso,2018
2025-09-01,....Ilocos Sur,0.79,peso,2018
2025-09-01,....La Union,0.83,peso,2018
2025-09-01,....Pangasinan,0.77,peso,2018
2025-09-01,..Region II (Cagayan Valley),0.78,peso,2018
2025-09-01,....Batanes,0.74,peso,2018
2025-09-01,....Cagayan,0.76,peso,2018
2025-09-01,....Isabela,0.81,peso,2018
2025-09-01,....Nueva Vizcaya,0.76,peso,2018
2025-09-01,....Quirino,0.77,peso,2018
2025-09-01,..Region III (Central Luzon),0.76,peso,2018
2025-09-01,....Bataan,0.75,peso,2018
2025-09-01,....Bulacan,0.77,peso,2018
2025-09-01,....Nueva Ecija,0.76,peso,2018
2025-09-01,....Pampanga,0.74,peso,2018
2025-09-01,....Tarlac,0.76,peso,2018
2025-09-01,....Zambales,0.76,peso,2018
2025-09-01,....Aurora,0.75,peso,2018
2025-09-01,....City of Angeles,0.76,peso,2018
2025-09-01,....City of Olongapo,0.76,peso,2018
2025-09-01,..Region IV-A (CALABARZON),0.77,peso,2018
2025-09-01,....Batangas,0.77,peso,2018
2025-09-01,....Cavite,0.78,peso,2018
2025-09-01,....Laguna,0.81,peso,2018
2025-09-01,....Quezon,0.8,peso,2018
2025-09-01,....Rizal,0.73,peso,2018
2025-09-01,....City of Lucena (Capital),0.8,peso,2018
2025-09-01,..MIMAROPA Region,0.74,peso,2018
2025-09-01,....Marinduque,0.75,peso,2018
2025-09-01,....Occidental Mindoro,0.71,peso,2018
2025-09-01,....Oriental Mindoro,0.72,peso,2018
2025-09-01,....Palawan,0.76,peso,2018
2025-09-01,....Romblon,0.77,peso,2018
2025-09-01,....City of Puerto Princesa (Capital),0.76,peso,2018
2025-09-01,..Region V (Bicol Region),0.75,peso,2018
2025-09-01,....Albay,0.74,peso,2018
2025-09-01,....Camarines Norte,0.77,peso,2018
2025-09-01,....Camarines Sur,0.74,peso,2018
2025-09-01,....Catanduanes,0.74,peso,2018
2025-09-01,....Masbate,0.76,peso,2018
2025-09-01,....Sorsogon,0.79,peso,2018
2025-09-01,..Region VI (Western Visayas),0.79,peso,2018
2025-09-01,....Aklan,0.81,peso,2018
2025-09-01,....Antique,0.79,peso,2018
2025-09-01,....Capiz,0.76,peso,2018
2025-09-01,....Iloilo,0.81,peso,2018
2025-09-01,....Guimaras,0.76,peso,2018
2025-09-01,....City of Iloilo (Capital),0.77,peso,2018
2025-09-01,..Region VII (Central Visayas),0.81,peso,2018
2025-09-01,....Bohol,0.8,peso,2018
2025-09-01,....Cebu,0.8,peso,2018
2025-09-01,....City of Cebu (Capital),0.83,peso,2018
2025-09-01,....City of Lapu-Lapu,0.81,peso,2018
2025-09-01,....City of Mandaue,0.81,peso,2018
2025-09-01,..Region VIII (Eastern Visayas),0.8,peso,2018
2025-09-01,....Eastern Samar,0.79,peso,2018
2025-09-01,....Leyte,0.8,peso,2018
2025-09-01,....Northern Samar,0.81,peso,2018
2025-09-01,....Samar,0.77,peso,2018
2025-09-01,....Southern Leyte,0.81,peso,2018
2025-09-01,....Biliran,0.82,peso,2018
2025-09-01,....City of Tacloban (Capital),0.82,peso,2018
2025-09-01,..Region IX (Zamboanga Peninsula),0.8,peso,2018
2025-09-01,....Zamboanga del Norte,0.8,peso,2018
2025-09-01,....Zamboanga del Sur,0.8,peso,2018
2025-09-01,....Zamboanga Sibugay,0.79,peso,2018
2025-09-01,....City of Zamboanga,0.81,peso,2018
2025-09-01,....City of Isabela,0.83,peso,2018
2025-09-01,..Region X (Northern Mindanao),0.78,peso,2018
2025-09-01,....Bukidnon,0.78,peso,2018
2025-09-01,....Camiguin,0.77,peso,2018
2025-09-01,....Lanao del Norte,0.81,peso,2018
2025-09-01,....Misamis Occidental,0.79,peso,2018
2025-09-01,....Misamis Oriental,0.76,peso,2018
2025-09-01,....City of Iligan,0.8,peso,2018
2025-09-01,....City of Cagayan de Oro (Capital),0.79,peso,2018
2025-09-01,..Region XI (Davao Region),0.77,peso,2018
2025-09-01,....Davao del Norte,0.82,peso,2018
2025-09-01,....Davao del Sur,0.76,peso,2018
2025-09-01,....Davao Oriental,0.78,peso,2018
2025-09-01,....Davao de Oro,0.77,peso,2018
2025-09-01,....Davao Occidental,0.8,peso,2018
2025-09-01,....City of Davao,0.76,peso,2018
2025-09-01,..Region XII (SOCCSKSARGEN),0.78,peso,2018
2025-09-01,....Cotabato,0.77,peso,2018
2025-09-01,....South Cotabato,0.78,peso,2018
2025-09-01,....Sultan Kudarat,0.8,peso,2018
2025-09-01,....Sarangani,0.77,peso,2018
2025-09-01,....City of General Santos,0.8,peso,2018
2025-09-01,..Bangsamoro Autonomous Region in Muslim Mindanao (BARMM),0.8,peso,2018
2025-09-01,....City of Cotabato,0.79,peso,2018
2025-09-01,....Basilan,0.79,peso,2018
2025-09-01,....Lanao del Sur,0.81,peso,2018
2025-09-01,....Maguindanao,0.82,peso,2018
2025-09-01,....Sulu,0.8,peso,2018
2025-09-01,....Tawi-tawi,0.79,peso,2018
2025-09-01,..Region XIII (Caraga),0.78,peso,2018
2025-09-01,....Agusan del Norte,0.81,peso,2018
2025-09-01,....Agusan del Sur,0.78,peso,2018
2025-09-01,....Surigao del Norte,0.78,peso,2018
2025-09-01,....Surigao del Sur,0.78,peso,2018
2025-09-01,....Dinagat Islands,0.73,peso,2018
2025-09-01,....City of Butuan (Capital),0.78,peso,2018
2025-09-01,..Negros Island Region (NIR),0.75,peso,2018
2025-09-01,....Negros Occidental,0.72,peso,2018
2025-09-01,....City of Bacolod (Capital),0.75,peso,2018
2025-09-01,....Negros Oriental,0.81,peso,2018
2025-09-01,....Siquijor,0.77,peso,2018
2025-10-01,PHILIPPINES,0.78,peso,2018
2025-10-01,..National Capital Region (NCR),0.79,peso,2018
2025-10-01,..Areas Outside National Capital Region (AONCR),0.77,peso,2018
2025-10-01,..Cordillera Administrative Region (CAR),0.79,peso,2018
2025-10-01,....Abra,0.79,peso,2018
2025-10-01,....Benguet,0.79,peso,2018
2025-10-01,....Ifugao,0.77,peso,2018
2025-10-01,....Kalinga,0.79,peso,2018
2025-10-01,....Mountain Province,0.74,peso,2018
2025-10-01,....Apayao,0.78,peso,2018
2025-10-01,....City of Baguio,0.79,peso,2018
2025-10-01,..Region I (Ilocos Region),0.79,peso,2018
2025-10-01,....Ilocos Norte,0.8,peso,2018
2025-10-01,....Ilocos Sur,0.79,peso,2018
2025-10-01,....La Union,0.83,peso,2018
2025-10-01,....Pangasinan,0.77,peso,2018
2025-10-01,..Region II (Cagayan Valley),0.78,peso,2018
2025-10-01,....Batanes,0.7,peso,2018
2025-10-01,....Cagayan,0.76,peso,2018
2025-10-01,....Isabela,0.8,peso,2018
2025-10-01,....Nueva Vizcaya,0.76,peso,2018
2025-10-01,....Quirino,0.77,peso,2018
2025-10-01,..Region III (Central Luzon),0.76,peso,2018
2025-10-01,....Bataan,0.74,peso,2018
2025-10-01,....Bulacan,0.77,peso,2018
2025-10-01,....Nueva Ecija,0.76,peso,2018
2025-10-01,....Pampanga,0.74,peso,2018
2025-10-01,....Tarlac,0.76,peso,2018
2025-10-01,....Zambales,0.76,peso,2018
2025-10-01,....Aurora,0.76,peso,2018
2025-10-01,....City of Angeles,0.76,peso,2018
2025-10-01,....City of Olongapo,0.76,peso,2018
2025-10-01,..Region IV-A (CALABARZON),0.77,peso,2018
2025-10-01,....Batangas,0.77,peso,2018
2025-10-01,....Cavite,0.78,peso,2018
2025-10-01,....Laguna,0.8,peso,2018
2025-10-01,....Quezon,0.79,peso,2018
2025-10-01,....Rizal,0.73,peso,2018
2025-10-01,....City of Lucena (Capital),0.8,peso,2018
2025-10-01,..MIMAROPA Region,0.74,peso,2018
2025-10-01,....Marinduque,0.75,peso,2018
2025-10-01,....Occidental Mindoro,0.71,peso,2018
2025-10-01,....Oriental Mindoro,0.72,peso,2018
2025-10-01,....Palawan,0.76,peso,2018
2025-10-01,....Romblon,0.77,peso,2018
2025-10-01,....City of Puerto Princesa (Capital),0.76,peso,2018
2025-10-01,..Region V (Bicol Region),0.75,peso,2018
2025-10-01,....Albay,0.74,peso,2018
2025-10-01,....Camarines Norte,0.76,peso,2018
2025-10-01,....Camarines Sur,0.74,peso,2018
2025-10-01,....Catanduanes,0.74,peso,2018
2025-10-01,....Masbate,0.75,peso,2018
2025-10-01,....Sorsogon,0.8,peso,2018
2025-10-01,..Region VI (Western Visayas),0.79,peso,2018
2025-10-01,....Aklan,0.81,peso,2018
2025-10-01,....Antique,0.79,peso,2018
2025-10-01,....Capiz,0.76,peso,2018
2025-10-01,....Iloilo,0.8,peso,2018
2025-10-01,....Guimaras,0.76,peso,2018
2025-10-01,....City of Iloilo (Capital),0.76,peso,2018
2025-10-01,..Region VII (Central Visayas),0.81,peso,2018
2025-10-01,....Bohol,0.8,peso,2018
2025-10-01,....Cebu,0.8,peso,2018
2025-10-01,....City of Cebu (Capital),0.83,peso,2018
2025-10-01,....City of Lapu-Lapu,0.81,peso,2018
2025-10-01,....City of Mandaue,0.81,peso,2018
2025-10-01,..Region VIII (Eastern Visayas),0.8,peso,2018
2025-10-01,....Eastern Samar,0.79,peso,2018
2025-10-01,....Leyte,0.81,peso,2018
2025-10-01,....Northern Samar,0.79,peso,2018
2025-10-01,....Samar,0.76,peso,2018
2025-10-01,....Southern Leyte,0.81,peso,2018
2025-10-01,....Biliran,0.81,peso,2018
2025-10-01,....City of Tacloban (Capital),0.83,peso,2018
2025-10-01,..Region IX (Zamboanga Peninsula),0.8,peso,2018
2025-10-01,....Zamboanga del Norte,0.8,peso,2018
2025-10-01,....Zamboanga del Sur,0.8,peso,2018
2025-10-01,....Zamboanga Sibugay,0.78,peso,2018
2025-10-01,....City of Zamboanga,0.81,peso,2018
2025-10-01,....City of Isabela,0.83,peso,2018
2025-10-01,..Region X (Northern Mindanao),0.78,peso,2018
2025-10-01,....Bukidnon,0.78,peso,2018
2025-10-01,....Camiguin,0.76,peso,2018
2025-10-01,....Lanao del Norte,0.81,peso,2018
2025-10-01,....Misamis Occidental,0.78,peso,2018
2025-10-01,....Misamis Oriental,0.75,peso,2018
2025-10-01,....City of Iligan,0.8,peso,2018
2025-10-01,....City of Cagayan de Oro (Capital),0.78,peso,2018
2025-10-01,..Region XI (Davao Region),0.78,peso,2018
2025-10-01,....Davao del Norte,0.83,peso,2018
2025-10-01,....Davao del Sur,0.76,peso,2018
2025-10-01,....Davao Oriental,0.78,peso,2018
2025-10-01,....Davao de Oro,0.77,peso,2018
2025-10-01,....Davao Occidental,0.8,peso,2018
2025-10-01,....City of Davao,0.76,peso,2018
2025-10-01,..Region XII (SOCCSKSARGEN),0.78,peso,2018
2025-10-01,....Cotabato,0.77,peso,2018
2025-10-01,....South Cotabato,0.78,peso,2018
2025-10-01,....Sultan Kudarat,0.8,peso,2018
2025-10-01,....Sarangani,0.77,peso,2018
2025-10-01,....City of General Santos,0.8,peso,2018
2025-10-01,..Bangsamoro Autonomous Region in Muslim Mindanao (BARMM),0.8,peso,2018
2025-10-01,....City of Cotabato,0.79,peso,2018
2025-10-01,....Basilan,0.79,peso,2018
2025-10-01,....Lanao del Sur,0.81,peso,2018
2025-10-01,....Maguindanao,0.82,peso,2018
2025-10-01,....Sulu,0.8,peso,2018
2025-10-01,....Tawi-tawi,0.78,peso,2018
2025-10-01,..Region XIII (Caraga),0.78,peso,2018
2025-10-01,....Agusan del Norte,0.81,peso,2018
2025-10-01,....Agusan del Sur,0.78,peso,2018
2025-10-01,....Surigao del Norte,0.78,peso,2018
2025-10-01,....Surigao del Sur,0.78,peso,2018
2025-10-01,....Dinagat Islands,0.73,peso,2018
2025-10-01,....City of Butuan (Capital),0.78,peso,2018
2025-10-01,..Negros Island Region (NIR),0.75,peso,2018
2025-10-01,....Negros Occidental,0.72,peso,2018
2025-10-01,....City of Bacolod (Capital),0.75,peso,2018
2025-10-01,....Negros Oriental,0.81,peso,2018
2025-10-01,....Siquijor,0.77,peso,2018
2025-11-01,PHILIPPINES,0.78,peso,2018
2025-11-01,..National Capital Region (NCR),0.79,peso,2018
2025-11-01,..Areas Outside National Capital Region (AONCR),0.77,peso,2018
2025-11-01,..Cordillera Administrative Region (CAR),0.78,peso,2018
2025-11-01,....Abra,0.79,peso,2018
2025-11-01,....Benguet,0.78,peso,2018
2025-11-01,....Ifugao,0.76,peso,2018
2025-11-01,....Kalinga,0.79,peso,2018
2025-11-01,....Mountain Province,0.74,peso,2018
2025-11-01,....Apayao,0.78,peso,2018
2025-11-01,....City of Baguio,0.79,peso,2018
2025-11-01,..Region I (Ilocos Region),0.79,peso,2018
2025-11-01,....Ilocos Norte,0.8,peso,2018
2025-11-01,....Ilocos Sur,0.79,peso,2018
2025-11-01,....La Union,0.84,peso,2018
2025-11-01,....Pangasinan,0.77,peso,2018
2025-11-01,..Region II (Cagayan Valley),0.78,peso,2018
2025-11-01,....Batanes,0.69,peso,2018
2025-11-01,....Cagayan,0.76,peso,2018
2025-11-01,....Isabela,0.81,peso,2018
2025-11-01,....Nueva Vizcaya,0.76,peso,2018
2025-11-01,....Quirino,0.77,peso,2018
2025-11-01,..Region III (Central Luzon),0.76,peso,2018
2025-11-01,....Bataan,0.75,peso,2018
2025-11-01,....Bulacan,0.77,peso,2018
2025-11-01,....Nueva Ecija,0.76,peso,2018
2025-11-01,....Pampanga,0.74,peso,2018
2025-11-01,....Tarlac,0.76,peso,2018
2025-11-01,....Zambales,0.77,peso,2018
2025-11-01,....Aurora,0.77,peso,2018
2025-11-01,....City of Angeles,0.76,peso,2018
2025-11-01,....City of Olongapo,0.76,peso,2018
2025-11-01,..Region IV-A (CALABARZON),0.77,peso,2018
2025-11-01,....Batangas,0.77,peso,2018
2025-11-01,....Cavite,0.78,peso,2018
2025-11-01,....Laguna,0.8,peso,2018
2025-11-01,....Quezon,0.8,peso,2018
2025-11-01,....Rizal,0.73,peso,2018
2025-11-01,....City of Lucena (Capital),0.8,peso,2018
2025-11-01,..MIMAROPA Region,0.74,peso,2018
2025-11-01,....Marinduque,0.75,peso,2018
2025-11-01,....Occidental Mindoro,0.71,peso,2018
2025-11-01,....Oriental Mindoro,0.71,peso,2018
2025-11-01,....Palawan,0.76,peso,2018
2025-11-01,....Romblon,0.77,peso,2018
2025-11-01,....City of Puerto Princesa (Capital),0.76,peso,2018
2025-11-01,..Region V (Bicol Region),0.75,peso,2018
2025-11-01,....Albay,0.74,peso,2018
2025-11-01,....Camarines Norte,0.76,peso,2018
2025-11-01,....Camarines Sur,0.74,peso,2018
2025-11-01,....Catanduanes,0.75,peso,2018
2025-11-01,....Masbate,0.74,peso,2018
2025-11-01,....Sorsogon,0.8,peso,2018
2025-11-01,..Region VI (Western Visayas),0.79,peso,2018
2025-11-01,....Aklan,0.8,peso,2018
2025-11-01,....Antique,0.78,peso,2018
2025-11-01,....Capiz,0.76,peso,2018
2025-11-01,....Iloilo,0.8,peso,2018
2025-11-01,....Guimaras,0.77,peso,2018
2025-11-01,....City of Iloilo (Capital),0.77,peso,2018
2025-11-01,..Region VII (Central Visayas),0.8,peso,2018
2025-11-01,....Bohol,0.79,peso,2018
2025-11-01,....Cebu,0.79,peso,2018
2025-11-01,....City of Cebu (Capital),0.83,peso,2018
2025-11-01,....City of Lapu-Lapu,0.81,peso,2018
2025-11-01,....City of Mandaue,0.81,peso,2018
2025-11-01,..Region VIII (Eastern Visayas),0.79,peso,2018
2025-11-01,....Eastern Samar,0.79,peso,2018
2025-11-01,....Leyte,0.8,peso,2018
2025-11-01,....Northern Samar,0.8,peso,2018
2025-11-01,....Samar,0.75,peso,2018
2025-11-01,....Southern Leyte,0.82,peso,2018
2025-11-01,....Biliran,0.81,peso,2018
2025-11-01,....City of Tacloban (Capital),0.82,peso,2018
2025-11-01,..Region IX (Zamboanga Peninsula),0.8,peso,2018
2025-11-01,....Zamboanga del Norte,0.81,peso,2018
2025-11-01,....Zamboanga del Sur,0.79,peso,2018
2025-11-01,....Zamboanga Sibugay,0.78,peso,2018
2025-11-01,....City of Zamboanga,0.81,peso,2018
2025-11-01,....City of Isabela,0.83,peso,2018
2025-11-01,..Region X (Northern Mindanao),0.78,peso,2018
2025-11-01,....Bukidnon,0.77,peso,2018
2025-11-01,....Camiguin,0.77,peso,2018
2025-11-01,....Lanao del Norte,0.82,peso,2018
2025-11-01,....Misamis Occidental,0.78,peso,2018
2025-11-01,....Misamis Oriental,0.75,peso,2018
2025-11-01,....City of Iligan,0.8,peso,2018
2025-11-01,....City of Cagayan de Oro (Capital),0.78,peso,2018
2025-11-01,..Region XI (Davao Region),0.77,peso,2018
2025-11-01,....Davao del Norte,0.81,peso,2018
2025-11-01,....Davao del Sur,0.76,peso,2018
2025-11-01,....Davao Oriental,0.77,peso,2018
2025-11-01,....Davao de Oro,0.77,peso,2018
2025-11-01,....Davao Occidental,0.8,peso,2018
2025-11-01,....City of Davao,0.75,peso,2018
2025-11-01,..Region XII (SOCCSKSARGEN),0.78,peso,2018
2025-11-01,....Cotabato,0.77,peso,2018
2025-11-01,....South Cotabato,0.78,peso,2018
2025-11-01,....Sultan Kudarat,0.8,peso,2018
2025-11-01,....Sarangani,0.76,peso,2018
2025-11-01,....City of General Santos,0.8,peso,2018
2025-11-01,..Bangsamoro Autonomous Region in Muslim Mindanao (BARMM),0.8,peso,2018
2025-11-01,....City of Cotabato,0.78,peso,2018
2025-11-01,....Basilan,0.78,peso,2018
2025-11-01,....Lanao del Sur,0.81,peso,2018
2025-11-01,....Maguindanao,0.82,peso,2018
2025-11-01,....Sulu,0.8,peso,2018
2025-11-01,....Tawi-tawi,0.77,peso,2018
2025-11-01,..Region XIII (Caraga),0.78,peso,2018
2025-11-01,....Agusan del Norte,0.8,peso,2018
2025-11-01,....Agusan del Sur,0.78,peso,2018
2025-11-01,....Surigao del Norte,0.77,peso,2018
2025-11-01,....Surigao del Sur,0.78,peso,2018
2025-11-01,....Dinagat Islands,0.73,peso,2018
2025-11-01,....City of Butuan (Capital),0.78,peso,2018
2025-11-01,..Negros Island Region (NIR),0.75,peso,2018
2025-11-01,....Negros Occidental,0.72,peso,2018
2025-11-01,....City of Bacolod (Capital),0.75,peso,2018
2025-11-01,....Negros Oriental,0.8,peso,2018
2025-11-01,....Siquijor,0.77,peso,2018
2025-12-01,PHILIPPINES,0.77,peso,2018
2025-12-01,..National Capital Region (NCR),0.79,peso,2018
2025-12-01,..Areas Outside National Capital Region (AONCR),0.77,peso,2018
2025-12-01,..Cordillera Administrative Region (CAR),0.78,peso,2018
2025-12-01,....Abra,0.79,peso,2018
2025-12-01,....Benguet,0.78,peso,2018
2025-12-01,....Ifugao,0.75,peso,2018
2025-12-01,....Kalinga,0.78,peso,2018
2025-12-01,....Mountain Province,0.73,peso,2018
2025-12-01,....Apayao,0.76,peso,2018
2025-12-01,....City of Baguio,0.79,peso,2018
2025-12-01,..Region I (Ilocos Region),0.78,peso,2018
2025-12-01,....Ilocos Norte,0.8,peso,2018
2025-12-01,....Ilocos Sur,0.78,peso,2018
2025-12-01,....La Union,0.83,peso,2018
2025-12-01,....Pangasinan,0.76,peso,2018
2025-12-01,..Region II (Cagayan Valley),0.76,peso,2018
2025-12-01,....Batanes,0.68,peso,2018
2025-12-01,....Cagayan,0.74,peso,2018
2025-12-01,....Isabela,0.79,peso,2018
2025-12-01,....Nueva Vizcaya,0.74,peso,2018
2025-12-01,....Quirino,0.75,peso,2018
2025-12-01,..Region III (Central Luzon),0.75,peso,2018
2025-12-01,....Bataan,0.75,peso,2018
2025-12-01,....Bulacan,0.76,peso,2018
2025-12-01,....Nueva Ecija,0.75,peso,2018
2025-12-01,....Pampanga,0.73,peso,2018
2025-12-01,....Tarlac,0.75,peso,2018
2025-12-01,....Zambales,0.76,peso,2018
2025-12-01,....Aurora,0.76,peso,2018
2025-12-01,....City of Angeles,0.76,peso,2018
2025-12-01,....City of Olongapo,0.75,peso,2018
2025-12-01,..Region IV-A (CALABARZON),0.77,peso,2018
2025-12-01,....Batangas,0.76,peso,2018
2025-12-01,....Cavite,0.77,peso,2018
2025-12-01,....Laguna,0.8,peso,2018
2025-12-01,....Quezon,0.78,peso,2018
2025-12-01,....Rizal,0.73,peso,2018
2025-12-01,....City of Lucena (Capital),0.79,peso,2018
2025-12-01,..MIMAROPA Region,0.74,peso,2018
2025-12-01,....Marinduque,0.74,peso,2018
2025-12-01,....Occidental Mindoro,0.71,peso,2018
2025-12-01,....Oriental Mindoro,0.72,peso,2018
2025-12-01,....Palawan,0.76,peso,2018
2025-12-01,....Romblon,0.76,peso,2018
2025-12-01,....City of Puerto Princesa (Capital),0.76,peso,2018
2025-12-01,..Region V (Bicol Region),0.74,peso,2018
2025-12-01,....Albay,0.73,peso,2018
2025-12-01,....Camarines Norte,0.75,peso,2018
2025-12-01,....Camarines Sur,0.72,peso,2018
2025-12-01,....Catanduanes,0.73,peso,2018
2025-12-01,....Masbate,0.74,peso,2018
2025-12-01,....Sorsogon,0.78,peso,2018
2025-12-01,..Region VI (Western Visayas),0.78,peso,2018
2025-12-01,....Aklan,0.8,peso,2018
2025-12-01,....Antique,0.77,peso,2018
2025-12-01,....Capiz,0.76,peso,2018
2025-12-01,....Iloilo,0.79,peso,2018
2025-12-01,....Guimaras,0.76,peso,2018
2025-12-01,....City of Iloilo (Capital),0.76,peso,2018
2025-12-01,..Region VII (Central Visayas),0.79,peso,2018
2025-12-01,....Bohol,0.79,peso,2018
2025-12-01,....Cebu,0.77,peso,2018
2025-12-01,....City of Cebu (Capital),0.82,peso,2018
2025-12-01,....City of Lapu-Lapu,0.8,peso,2018
2025-12-01,....City of Mandaue,0.8,peso,2018
2025-12-01,..Region VIII (Eastern Visayas),0.79,peso,2018
2025-12-01,....Eastern Samar,0.77,peso,2018
2025-12-01,....Leyte,0.8,peso,2018
2025-12-01,....Northern Samar,0.79,peso,2018
2025-12-01,....Samar,0.74,peso,2018
2025-12-01,....Southern Leyte,0.81,peso,2018
2025-12-01,....Biliran,0.81,peso,2018
2025-12-01,....City of Tacloban (Capital),0.82,peso,2018
2025-12-01,..Region IX (Zamboanga Peninsula),0.79,peso,2018
2025-12-01,....Zamboanga del Norte,0.79,peso,2018
2025-12-01,....Zamboanga del Sur,0.78,peso,2018
2025-12-01,....Zamboanga Sibugay,0.77,peso,2018
2025-12-01,....City of Zamboanga,0.8,peso,2018
2025-12-01,....City of Isabela,0.82,peso,2018
2025-12-01,..Region X (Northern Mindanao),0.77,peso,2018
2025-12-01,....Bukidnon,0.76,peso,2018
2025-12-01,....Camiguin,0.77,peso,2018
2025-12-01,....Lanao del Norte,0.81,peso,2018
2025-12-01,....Misamis Occidental,0.77,peso,2018
2025-12-01,....Misamis Oriental,0.74,peso,2018
2025-12-01,....City of Iligan,0.8,peso,2018
2025-12-01,....City of Cagayan de Oro (Capital),0.77,peso,2018
2025-12-01,..Region XI (Davao Region),0.76,peso,2018
2025-12-01,....Davao del Norte,0.81,peso,2018
2025-12-01,....Davao del Sur,0.74,peso,2018
2025-12-01,....Davao Oriental,0.76,peso,2018
2025-12-01,....Davao de Oro,0.76,peso,2018
2025-12-01,....Davao Occidental,0.78,peso,2018
2025-12-01,....City of Davao,0.75,peso,2018
2025-12-01,..Region XII (SOCCSKSARGEN),0.77,peso,2018
2025-12-01,....Cotabato,0.76,peso,2018
2025-12-01,....South Cotabato,0.76,peso,2018
2025-12-01,....Sultan Kudarat,0.79,peso,2018
2025-12-01,....Sarangani,0.75,peso,2018
2025-12-01,....City of General Santos,0.78,peso,2018
2025-12-01,..Bangsamoro Autonomous Region in Muslim Mindanao (BARMM),0.8,peso,2018
2025-12-01,....City of Cotabato,0.78,peso,2018
2025-12-01,....Basilan,0.76,peso,2018
2025-12-01,....Lanao del Sur,0.81,peso,2018
2025-12-01,....Maguindanao,0.82,peso,2018
2025-12-01,....Sulu,0.8,peso,2018
2025-12-01,....Tawi-tawi,0.77,peso,2018
2025-12-01,..Region XIII (Caraga),0.77,peso,2018
2025-12-01,....Agusan del Norte,0.79,peso,2018
2025-12-01,....Agusan del Sur,0.77,peso,2018
2025-12-01,....Surigao del Norte,0.76,peso,2018
2025-12-01,....Surigao del Sur,0.77,peso,2018
2025-12-01,....Dinagat Islands,0.71,peso,2018
2025-12-01,....City of Butuan (Capital),0.76,peso,2018
2025-12-01,..Negros Island Region (NIR),0.74,peso,2018
2025-12-01,....Negros Occidental,0.71,peso,2018
2025-12-01,....City of Bacolod (Capital),0.74,peso,2018
2025-12-01,....Negros Oriental,0.79,peso,2018
2025-12-01,....Siquijor,0.77,peso,2018
2026-01-01,PHILIPPINES,0.76,peso,2018
2026-01-01,..National Capital Region (NCR),0.79,peso,2018
2026-01-01,..Areas Outside National Capital Region (AONCR),0.76,peso,2018
2026-01-01,..Cordillera Administrative Region (CAR),0.77,peso,2018
2026-01-01,....Abra,0.79,peso,2018
2026-01-01,....Benguet,0.77,peso,2018
2026-01-01,....Ifugao,0.75,peso,2018
2026-01-01,....Kalinga,0.78,peso,2018
2026-01-01,....Mountain Province,0.74,peso,2018
2026-01-01,....Apayao,0.76,peso,2018
2026-01-01,....City of Baguio,0.77,peso,2018
2026-01-01,..Region I (Ilocos Region),0.78,peso,2018
2026-01-01,....Ilocos Norte,0.8,peso,2018
2026-01-01,....Ilocos Sur,0.79,peso,2018
2026-01-01,....La Union,0.82,peso,2018
2026-01-01,....Pangasinan,0.76,peso,2018
2026-01-01,..Region II (Cagayan Valley),0.76,peso,2018
2026-01-01,....Batanes,0.68,peso,2018
2026-01-01,....Cagayan,0.74,peso,2018
2026-01-01,....Isabela,0.8,peso,2018
2026-01-01,....Nueva Vizcaya,0.75,peso,2018
2026-01-01,....Quirino,0.75,peso,2018
2026-01-01,..Region III (Central Luzon),0.74,peso,2018
2026-01-01,....Bataan,0.74,peso,2018
2026-01-01,....Bulacan,0.76,peso,2018
2026-01-01,....Nueva Ecija,0.74,peso,2018
2026-01-01,....Pampanga,0.72,peso,2018
2026-01-01,....Tarlac,0.75,peso,2018
2026-01-01,....Zambales,0.75,peso,2018
2026-01-01,....Aurora,0.74,peso,2018
2026-01-01,....City of Angeles,0.75,peso,2018
2026-01-01,....City of Olongapo,0.75,peso,2018
2026-01-01,..Region IV-A (CALABARZON),0.76,peso,2018
2026-01-01,....Batangas,0.76,peso,2018
2026-01-01,....Cavite,0.77,peso,2018
2026-01-01,....Laguna,0.79,peso,2018
2026-01-01,....Quezon,0.78,peso,2018
2026-01-01,....Rizal,0.72,peso,2018
2026-01-01,....City of Lucena (Capital),0.79,peso,2018
2026-01-01,..MIMAROPA Region,0.74,peso,2018
2026-01-01,....Marinduque,0.73,peso,2018
2026-01-01,....Occidental Mindoro,0.71,peso,2018
2026-01-01,....Oriental Mindoro,0.71,peso,2018
2026-01-01,....Palawan,0.77,peso,2018
2026-01-01,....Romblon,0.76,peso,2018
2026-01-01,....City of Puerto Princesa (Capital),0.77,peso,2018
2026-01-01,..Region V (Bicol Region),0.73,peso,2018
2026-01-01,....Albay,0.72,peso,2018
2026-01-01,....Camarines Norte,0.75,peso,2018
2026-01-01,....Camarines Sur,0.72,peso,2018
2026-01-01,....Catanduanes,0.73,peso,2018
2026-01-01,....Masbate,0.73,peso,2018
2026-01-01,....Sorsogon,0.76,peso,2018
2026-01-01,..Region VI (Western Visayas),0.77,peso,2018
2026-01-01,....Aklan,0.78,peso,2018
2026-01-01,....Antique,0.75,peso,2018
2026-01-01,....Capiz,0.75,peso,2018
2026-01-01,....Iloilo,0.78,peso,2018
2026-01-01,....Guimaras,0.75,peso,2018
2026-01-01,....City of Iloilo (Capital),0.76,peso,2018
2026-01-01,..Region VII (Central Visayas),0.77,peso,2018
2026-01-01,....Bohol,0.77,peso,2018
2026-01-01,....Cebu,0.76,peso,2018
2026-01-01,....City of Cebu (Capital),0.81,peso,2018
2026-01-01,....City of Lapu-Lapu,0.79,peso,2018
2026-01-01,....City of Mandaue,0.79,peso,2018
2026-01-01,..Region VIII (Eastern Visayas),0.77,peso,2018
2026-01-01,....Eastern Samar,0.76,peso,2018
2026-01-01,....Leyte,0.78,peso,2018
2026-01-01,....Northern Samar,0.79,peso,2018
2026-01-01,....Samar,0.72,peso,2018
2026-01-01,....Southern Leyte,0.79,peso,2018
2026-01-01,....Biliran,0.8,peso,2018
2026-01-01,....City of Tacloban (Capital),0.81,peso,2018
2026-01-01,..Region IX (Zamboanga Peninsula),0.78,peso,2018
2026-01-01,....Zamboanga del Norte,0.78,peso,2018
2026-01-01,....Zamboanga del Sur,0.77,peso,2018
2026-01-01,....Zamboanga Sibugay,0.76,peso,2018
2026-01-01,....City of Zamboanga,0.79,peso,2018
2026-01-01,....City of Isabela,0.82,peso,2018
2026-01-01,..Region X (Northern Mindanao),0.76,peso,2018
2026-01-01,....Bukidnon,0.76,peso,2018
2026-01-01,....Camiguin,0.77,peso,2018
2026-01-01,....Lanao del Norte,0.78,peso,2018
2026-01-01,....Misamis Occidental,0.77,peso,2018
2026-01-01,....Misamis Oriental,0.74,peso,2018
2026-01-01,....City of Iligan,0.77,peso,2018
2026-01-01,....City of Cagayan de Oro (Capital),0.77,peso,2018
2026-01-01,..Region XI (Davao Region),0.75,peso,2018
2026-01-01,....Davao del Norte,0.79,peso,2018
2026-01-01,....Davao del Sur,0.73,peso,2018
2026-01-01,....Davao Oriental,0.75,peso,2018
2026-01-01,....Davao de Oro,0.74,peso,2018
2026-01-01,....Davao Occidental,0.77,peso,2018
2026-01-01,....City of Davao,0.74,peso,2018
2026-01-01,..Region XII (SOCCSKSARGEN),0.76,peso,2018
2026-01-01,....Cotabato,0.76,peso,2018
2026-01-01,....South Cotabato,0.76,peso,2018
2026-01-01,....Sultan Kudarat,0.78,peso,2018
2026-01-01,....Sarangani,0.74,peso,2018
2026-01-01,....City of General Santos,0.78,peso,2018
2026-01-01,..Bangsamoro Autonomous Region in Muslim Mindanao (BARMM),0.78,peso,2018
2026-01-01,....City of Cotabato,0.77,peso,2018
2026-01-01,....Basilan,0.73,peso,2018
2026-01-01,....Lanao del Sur,0.78,peso,2018
2026-01-01,....Maguindanao,0.8,peso,2018
2026-01-01,....Sulu,0.79,peso,2018
2026-01-01,....Tawi-tawi,0.74,peso,2018
2026-01-01,..Region XIII (Caraga),0.76,peso,2018
2026-01-01,....Agusan del Norte,0.77,peso,2018
2026-01-01,....Agusan del Sur,0.77,peso,2018
2026-01-01,....Surigao del Norte,0.75,peso,2018
2026-01-01,....Surigao del Sur,0.76,peso,2018
2026-01-01,....Dinagat Islands,0.7,peso,2018
2026-01-01,....City of Butuan (Capital),0.76,peso,2018
2026-01-01,..Negros Island Region (NIR),0.74,peso,2018
2026-01-01,....Negros Occidental,0.72,peso,2018
2026-01-01,....City of Bacolod (Capital),0.74,peso,2018
2026-01-01,....Negros Oriental,0.79,peso,2018
2026-01-01,....Siquijor,0.75,peso,2018
2026-02-01,PHILIPPINES,0.76,peso,2018
2026-02-01,..National Capital Region (NCR),0.79,peso,2018
2026-02-01,..Areas Outside National Capital Region (AONCR),0.76,peso,2018
2026-02-01,..Cordillera Administrative Region (CAR),0.77,peso,2018
2026-02-01,....Abra,0.78,peso,2018
2026-02-01,....Benguet,0.77,peso,2018
2026-02-01,....Ifugao,0.74,peso,2018
2026-02-01,....Kalinga,0.78,peso,2018
2026-02-01,....Mountain Province,0.73,peso,2018
2026-02-01,....Apayao,0.75,peso,2018
2026-02-01,....City of Baguio,0.77,peso,2018
2026-02-01,..Region I (Ilocos Region),0.78,peso,2018
2026-02-01,....Ilocos Norte,0.79,peso,2018
2026-02-01,....Ilocos Sur,0.79,peso,2018
2026-02-01,....La Union,0.81,peso,2018
2026-02-01,....Pangasinan,0.77,peso,2018
2026-02-01,..Region II (Cagayan Valley),0.77,peso,2018
2026-02-01,....Batanes,0.68,peso,2018
2026-02-01,....Cagayan,0.74,peso,2018
2026-02-01,....Isabela,0.8,peso,2018
2026-02-01,....Nueva Vizcaya,0.75,peso,2018
2026-02-01,....Quirino,0.75,peso,2018
2026-02-01,..Region III (Central Luzon),0.74,peso,2018
2026-02-01,....Bataan,0.72,peso,2018
2026-02-01,....Bulacan,0.76,peso,2018
2026-02-01,....Nueva Ecija,0.74,peso,2018
2026-02-01,....Pampanga,0.72,peso,2018
2026-02-01,....Tarlac,0.75,peso,2018
2026-02-01,....Zambales,0.75,peso,2018
2026-02-01,....Aurora,0.75,peso,2018
2026-02-01,....City of Angeles,0.75,peso,2018
2026-02-01,....City of Olongapo,0.74,peso,2018
2026-02-01,..Region IV-A (CALABARZON),0.76,peso,2018
2026-02-01,....Batangas,0.76,peso,2018
2026-02-01,....Cavite,0.77,peso,2018
2026-02-01,....Laguna,0.78,peso,2018
2026-02-01,....Quezon,0.78,peso,2018
2026-02-01,....Rizal,0.72,peso,2018
2026-02-01,....City of Lucena (Capital),0.79,peso,2018
2026-02-01,..MIMAROPA Region,0.73,peso,2018
2026-02-01,....Marinduque,0.73,peso,2018
2026-02-01,....Occidental Mindoro,0.71,peso,2018
2026-02-01,....Oriental Mindoro,0.7,peso,2018
2026-02-01,....Palawan,0.76,peso,2018
2026-02-01,....Romblon,0.76,peso,2018
2026-02-01,....City of Puerto Princesa (Capital),0.77,peso,2018
2026-02-01,..Region V (Bicol Region),0.73,peso,2018
2026-02-01,....Albay,0.72,peso,2018
2026-02-01,....Camarines Norte,0.73,peso,2018
2026-02-01,....Camarines Sur,0.72,peso,2018
2026-02-01,....Catanduanes,0.72,peso,2018
2026-02-01,....Masbate,0.73,peso,2018
2026-02-01,....Sorsogon,0.76,peso,2018
2026-02-01,..Region VI (Western Visayas),0.76,peso,2018
2026-02-01,....Aklan,0.77,peso,2018
2026-02-01,....Antique,0.75,peso,2018
2026-02-01,....Capiz,0.75,peso,2018
2026-02-01,....Iloilo,0.77,peso,2018
2026-02-01,....Guimaras,0.75,peso,2018
2026-02-01,....City of Iloilo (Capital),0.75,peso,2018
2026-02-01,..Region VII (Central Visayas),0.77,peso,2018
2026-02-01,....Bohol,0.77,peso,2018
2026-02-01,....Cebu,0.75,peso,2018
2026-02-01,....City of Cebu (Capital),0.81,peso,2018
2026-02-01,....City of Lapu-Lapu,0.79,peso,2018
2026-02-01,....City of Mandaue,0.79,peso,2018
2026-02-01,..Region VIII (Eastern Visayas),0.77,peso,2018
2026-02-01,....Eastern Samar,0.75,peso,2018
2026-02-01,....Leyte,0.78,peso,2018
2026-02-01,....Northern Samar,0.77,peso,2018
2026-02-01,....Samar,0.72,peso,2018
2026-02-01,....Southern Leyte,0.79,peso,2018
2026-02-01,....Biliran,0.77,peso,2018
2026-02-01,....City of Tacloban (Capital),0.81,peso,2018
2026-02-01,..Region IX (Zamboanga Peninsula),0.77,peso,2018
2026-02-01,....Zamboanga del Norte,0.78,peso,2018
2026-02-01,....Zamboanga del Sur,0.77,peso,2018
2026-02-01,....Zamboanga Sibugay,0.75,peso,2018
2026-02-01,....City of Zamboanga,0.79,peso,2018
2026-02-01,....City of Isabela,0.82,peso,2018
2026-02-01,..Region X (Northern Mindanao),0.76,peso,2018
2026-02-01,....Bukidnon,0.75,peso,2018
2026-02-01,....Camiguin,0.77,peso,2018
2026-02-01,....Lanao del Norte,0.78,peso,2018
2026-02-01,....Misamis Occidental,0.76,peso,2018
2026-02-01,....Misamis Oriental,0.74,peso,2018
2026-02-01,....City of Iligan,0.77,peso,2018
2026-02-01,....City of Cagayan de Oro (Capital),0.77,peso,2018
2026-02-01,..Region XI (Davao Region),0.75,peso,2018
2026-02-01,....Davao del Norte,0.78,peso,2018
2026-02-01,....Davao del Sur,0.73,peso,2018
2026-02-01,....Davao Oriental,0.75,peso,2018
2026-02-01,....Davao de Oro,0.74,peso,2018
2026-02-01,....Davao Occidental,0.76,peso,2018
2026-02-01,....City of Davao,0.74,peso,2018
2026-02-01,..Region XII (SOCCSKSARGEN),0.76,peso,2018
2026-02-01,....Cotabato,0.75,peso,2018
2026-02-01,....South Cotabato,0.75,peso,2018
2026-02-01,....Sultan Kudarat,0.78,peso,2018
2026-02-01,....Sarangani,0.74,peso,2018
2026-02-01,....City of General Santos,0.78,peso,2018
2026-02-01,..Bangsamoro Autonomous Region in Muslim Mindanao (BARMM),0.77,peso,2018
2026-02-01,....City of Cotabato,0.76,peso,2018
2026-02-01,....Basilan,0.74,peso,2018
2026-02-01,....Lanao del Sur,0.77,peso,2018
2026-02-01,....Maguindanao,0.78,peso,2018
2026-02-01,....Sulu,0.79,peso,2018
2026-02-01,....Tawi-tawi,0.73,peso,2018
2026-02-01,..Region XIII (Caraga),0.75,peso,2018
2026-02-01,....Agusan del Norte,0.77,peso,2018
2026-02-01,....Agusan del Sur,0.77,peso,2018
2026-02-01,....Surigao del Norte,0.75,peso,2018
2026-02-01,....Surigao del Sur,0.75,peso,2018
2026-02-01,....Dinagat Islands,0.7,peso,2018
2026-02-01,....City of Butuan (Capital),0.76,peso,2018
2026-02-01,..Negros Island Region (NIR),0.74,peso,2018
2026-02-01,....Negros Occidental,0.72,peso,2018
2026-02-01,....City of Bacolod (Capital),0.74,peso,2018
2026-02-01,....Negros Oriental,0.79,peso,2018
2026-02-01,....Siquijor,0.74,peso,2018
2026-03-01,PHILIPPINES,0.75,peso,2018
2026-03-01,..National Capital Region (NCR),0.78,peso,2018
2026-03-01,..Areas Outside National Capital Region (AONCR),0.75,peso,2018
2026-03-01,..Cordillera Administrative Region (CAR),0.76,peso,2018
2026-03-01,....Abra,0.77,peso,2018
2026-03-01,....Benguet,0.76,peso,2018
2026-03-01,....Ifugao,0.74,peso,2018
2026-03-01,....Kalinga,0.77,peso,2018
2026-03-01,....Mountain Province,0.72,peso,2018
2026-03-01,....Apayao,0.72,peso,2018
2026-03-01,....City of Baguio,0.76,peso,2018
2026-03-01,..Region I (Ilocos Region),0.77,peso,2018
2026-03-01,....Ilocos Norte,0.78,peso,2018
2026-03-01,....Ilocos Sur,0.77,peso,2018
2026-03-01,....La Union,0.8,peso,2018
2026-03-01,....Pangasinan,0.76,peso,2018
2026-03-01,..Region II (Cagayan Valley),0.76,peso,2018
2026-03-01,....Batanes,0.68,peso,2018
2026-03-01,....Cagayan,0.74,peso,2018
2026-03-01,....Isabela,0.78,peso,2018
2026-03-01,....Nueva Vizcaya,0.74,peso,2018
2026-03-01,....Quirino,0.74,peso,2018
2026-03-01,..Region III (Central Luzon),0.73,peso,2018
2026-03-01,....Bataan,0.71,peso,2018
2026-03-01,....Bulacan,0.75,peso,2018
2026-03-01,....Nueva Ecija,0.73,peso,2018
2026-03-01,....Pampanga,0.71,peso,2018
2026-03-01,....Tarlac,0.74,peso,2018
2026-03-01,....Zambales,0.75,peso,2018
2026-03-01,....Aurora,0.74,peso,2018
2026-03-01,....City of Angeles,0.74,peso,2018
2026-03-01,....City of Olongapo,0.73,peso,2018
2026-03-01,..Region IV-A (CALABARZON),0.75,peso,2018
2026-03-01,....Batangas,0.75,peso,2018
2026-03-01,....Cavite,0.76,peso,2018
2026-03-01,....Laguna,0.77,peso,2018
2026-03-01,....Quezon,0.78,peso,2018
2026-03-01,....Rizal,0.7,peso,2018
2026-03-01,....City of Lucena (Capital),0.77,peso,2018
2026-03-01,..MIMAROPA Region,0.72,peso,2018
2026-03-01,....Marinduque,0.73,peso,2018
2026-03-01,....Occidental Mindoro,0.69,peso,2018
2026-03-01,....Oriental Mindoro,0.69,peso,2018
2026-03-01,....Palawan,0.75,peso,2018
2026-03-01,....Romblon,0.76,peso,2018
2026-03-01,....City of Puerto Princesa (Capital),0.75,peso,2018
2026-03-01,..Region V (Bicol Region),0.72,peso,2018
2026-03-01,....Albay,0.71,peso,2018
2026-03-01,....Camarines Norte,0.72,peso,2018
2026-03-01,....Camarines Sur,0.71,peso,2018
2026-03-01,....Catanduanes,0.72,peso,2018
2026-03-01,....Masbate,0.72,peso,2018
2026-03-01,....Sorsogon,0.75,peso,2018
2026-03-01,..Region VI (Western Visayas),0.76,peso,2018
2026-03-01,....Aklan,0.77,peso,2018
2026-03-01,....Antique,0.75,peso,2018
2026-03-01,....Capiz,0.74,peso,2018
2026-03-01,....Iloilo,0.77,peso,2018
2026-03-01,....Guimaras,0.74,peso,2018
2026-03-01,....City of Iloilo (Capital),0.74,peso,2018
2026-03-01,..Region VII (Central Visayas),0.76,peso,2018
2026-03-01,....Bohol,0.76,peso,2018
2026-03-01,....Cebu,0.74,peso,2018
2026-03-01,....City of Cebu (Capital),0.79,peso,2018
2026-03-01,....City of Lapu-Lapu,0.78,peso,2018
2026-03-01,....City of Mandaue,0.78,peso,2018
2026-03-01,..Region VIII (Eastern Visayas),0.76,peso,2018
2026-03-01,....Eastern Samar,0.74,peso,2018
2026-03-01,....Leyte,0.77,peso,2018
2026-03-01,....Northern Samar,0.75,peso,2018
2026-03-01,....Samar,0.72,peso,2018
2026-03-01,....Southern Leyte,0.78,peso,2018
2026-03-01,....Biliran,0.77,peso,2018
2026-03-01,....City of Tacloban (Capital),0.8,peso,2018
2026-03-01,..Region IX (Zamboanga Peninsula),0.76,peso,2018
2026-03-01,....Zamboanga del Norte,0.76,peso,2018
2026-03-01,....Zamboanga del Sur,0.75,peso,2018
2026-03-01,....Zamboanga Sibugay,0.74,peso,2018
2026-03-01,....City of Zamboanga,0.77,peso,2018
2026-03-01,....City of Isabela,0.81,peso,2018
2026-03-01,..Region X (Northern Mindanao),0.75,peso,2018
2026-03-01,....Bukidnon,0.74,peso,2018
2026-03-01,....Camiguin,0.75,peso,2018
2026-03-01,....Lanao del Norte,0.77,peso,2018
2026-03-01,....Misamis Occidental,0.75,peso,2018
2026-03-01,....Misamis Oriental,0.73,peso,2018
2026-03-01,....City of Iligan,0.75,peso,2018
2026-03-01,....City of Cagayan de Oro (Capital),0.75,peso,2018
2026-03-01,..Region XI (Davao Region),0.73,peso,2018
2026-03-01,....Davao del Norte,0.77,peso,2018
2026-03-01,....Davao del Sur,0.71,peso,2018
2026-03-01,....Davao Oriental,0.73,peso,2018
2026-03-01,....Davao de Oro,0.71,peso,2018
2026-03-01,....Davao Occidental,0.73,peso,2018
2026-03-01,....City of Davao,0.73,peso,2018
2026-03-01,..Region XII (SOCCSKSARGEN),0.74,peso,2018
2026-03-01,....Cotabato,0.74,peso,2018
2026-03-01,....South Cotabato,0.74,peso,2018
2026-03-01,....Sultan Kudarat,0.76,peso,2018
2026-03-01,....Sarangani,0.72,peso,2018
2026-03-01,....City of General Santos,0.76,peso,2018
2026-03-01,..Bangsamoro Autonomous Region in Muslim Mindanao (BARMM),0.75,peso,2018
2026-03-01,....City of Cotabato,0.75,peso,2018
2026-03-01,....Basilan,0.73,peso,2018
2026-03-01,....Lanao del Sur,0.75,peso,2018
2026-03-01,....Maguindanao,0.76,peso,2018
2026-03-01,....Sulu,0.78,peso,2018
2026-03-01,....Tawi-tawi,0.71,peso,2018
2026-03-01,..Region XIII (Caraga),0.74,peso,2018
2026-03-01,....Agusan del Norte,0.75,peso,2018
2026-03-01,....Agusan del Sur,0.75,peso,2018
2026-03-01,....Surigao del Norte,0.73,peso,2018
2026-03-01,....Surigao del Sur,0.74,peso,2018
2026-03-01,....Dinagat Islands,0.68,peso,2018
2026-03-01,....City of Butuan (Capital),0.74,peso,2018
2026-03-01,..Negros Island Region (NIR),0.73,peso,2018
2026-03-01,....Negros Occidental,0.72,peso,2018
2026-03-01,....City of Bacolod (Capital),0.72,peso,2018
2026-03-01,....Negros Oriental,0.78,peso,2018
2026-03-01,....Siquijor,0.73,peso,2018
2026-04-01,PHILIPPINES,0.73,peso,2018
2026-04-01,..National Capital Region (NCR),0.76,peso,2018
2026-04-01,..Areas Outside National Capital Region (AONCR),0.73,peso,2018
2026-04-01,..Cordillera Administrative Region (CAR),0.74,peso,2018
2026-04-01,....Abra,0.73,peso,2018
2026-04-01,....Benguet,0.74,peso,2018
2026-04-01,....Ifugao,0.71,peso,2018
2026-04-01,....Kalinga,0.74,peso,2018
2026-04-01,....Mountain Province,0.69,peso,2018
2026-04-01,....Apayao,0.69,peso,2018
2026-04-01,....City of Baguio,0.75,peso,2018
2026-04-01,..Region I (Ilocos Region),0.74,peso,2018
2026-04-01,....Ilocos Norte,0.75,peso,2018
2026-04-01,....Ilocos Sur,0.73,peso,2018
2026-04-01,....La Union,0.78,peso,2018
2026-04-01,....Pangasinan,0.73,peso,2018
2026-04-01,..Region II (Cagayan Valley),0.73,peso,2018
2026-04-01,....Batanes,0.67,peso,2018
2026-04-01,....Cagayan,0.72,peso,2018
2026-04-01,....Isabela,0.75,peso,2018
2026-04-01,....Nueva Vizcaya,0.71,peso,2018
2026-04-01,....Quirino,0.7,peso,2018
2026-04-01,..Region III (Central Luzon),0.71,peso,2018
2026-04-01,....Bataan,0.69,peso,2018
2026-04-01,....Bulacan,0.73,peso,2018
2026-04-01,....Nueva Ecija,0.71,peso,2018
2026-04-01,....Pampanga,0.7,peso,2018
2026-04-01,....Tarlac,0.72,peso,2018
2026-04-01,....Zambales,0.73,peso,2018
2026-04-01,....Aurora,0.72,peso,2018
2026-04-01,....City of Angeles,0.73,peso,2018
2026-04-01,....City of Olongapo,0.72,peso,2018
2026-04-01,..Region IV-A (CALABARZON),0.73,peso,2018
2026-04-01,....Batangas,0.73,peso,2018
2026-04-01,....Cavite,0.74,peso,2018
2026-04-01,....Laguna,0.75,peso,2018
2026-04-01,....Quezon,0.74,peso,2018
2026-04-01,....Rizal,0.69,peso,2018
2026-04-01,....City of Lucena (Capital),0.75,peso,2018
2026-04-01,..MIMAROPA Region,0.7,peso,2018
2026-04-01,....Marinduque,0.71,peso,2018
2026-04-01,....Occidental Mindoro,0.67,peso,2018
2026-04-01,....Oriental Mindoro,0.68,peso,2018
2026-04-01,....Palawan,0.73,peso,2018
2026-04-01,....Romblon,0.74,peso,2018
2026-04-01,....City of Puerto Princesa (Capital),0.74,peso,2018
2026-04-01,..Region V (Bicol Region),0.7,peso,2018
2026-04-01,....Albay,0.7,peso,2018
2026-04-01,....Camarines Norte,0.71,peso,2018
2026-04-01,....Camarines Sur,0.69,peso,2018
2026-04-01,....Catanduanes,0.7,peso,2018
2026-04-01,....Masbate,0.71,peso,2018
2026-04-01,....Sorsogon,0.73,peso,2018
2026-04-01,..Region VI (Western Visayas),0.74,peso,2018
2026-04-01,....Aklan,0.75,peso,2018
2026-04-01,....Antique,0.73,peso,2018
2026-04-01,....Capiz,0.74,peso,2018
2026-04-01,....Iloilo,0.75,peso,2018
2026-04-01,....Guimaras,0.72,peso,2018
2026-04-01,....City of Iloilo (Capital),0.73,peso,2018
2026-04-01,..Region VII (Central Visayas),0.74,peso,2018
2026-04-01,....Bohol,0.75,peso,2018
2026-04-01,....Cebu,0.72,peso,2018
2026-04-01,....City of Cebu (Capital),0.78,peso,2018
2026-04-01,....City of Lapu-Lapu,0.77,peso,2018
2026-04-01,....City of Mandaue,0.76,peso,2018
2026-04-01,..Region VIII (Eastern Visayas),0.74,peso,2018
2026-04-01,....Eastern Samar,0.73,peso,2018
2026-04-01,....Leyte,0.75,peso,2018
2026-04-01,....Northern Samar,0.74,peso,2018
2026-04-01,....Samar,0.69,peso,2018
2026-04-01,....Southern Leyte,0.75,peso,2018
2026-04-01,....Biliran,0.73,peso,2018
2026-04-01,....City of Tacloban (Capital),0.78,peso,2018
2026-04-01,..Region IX (Zamboanga Peninsula),0.74,peso,2018
2026-04-01,....Zamboanga del Norte,0.74,peso,2018
2026-04-01,....Zamboanga del Sur,0.73,peso,2018
2026-04-01,....Zamboanga Sibugay,0.71,peso,2018
2026-04-01,....City of Zamboanga,0.76,peso,2018
2026-04-01,....City of Isabela,0.79,peso,2018
2026-04-01,..Region X (Northern Mindanao),0.73,peso,2018
2026-04-01,....Bukidnon,0.72,peso,2018
2026-04-01,....Camiguin,0.73,peso,2018
2026-04-01,....Lanao del Norte,0.73,peso,2018
2026-04-01,....Misamis Occidental,0.72,peso,2018
2026-04-01,....Misamis Oriental,0.71,peso,2018
2026-04-01,....City of Iligan,0.73,peso,2018
2026-04-01,....City of Cagayan de Oro (Capital),0.74,peso,2018
2026-04-01,..Region XI (Davao Region),0.71,peso,2018
2026-04-01,....Davao del Norte,0.75,peso,2018
2026-04-01,....Davao del Sur,0.69,peso,2018
2026-04-01,....Davao Oriental,0.7,peso,2018
2026-04-01,....Davao de Oro,0.69,peso,2018
2026-04-01,....Davao Occidental,0.71,peso,2018
2026-04-01,....City of Davao,0.71,peso,2018
2026-04-01,..Region XII (SOCCSKSARGEN),0.72,peso,2018
2026-04-01,....Cotabato,0.71,peso,2018
2026-04-01,....South Cotabato,0.73,peso,2018
2026-04-01,....Sultan Kudarat,0.74,peso,2018
2026-04-01,....Sarangani,0.7,peso,2018
2026-04-01,....City of General Santos,0.75,peso,2018
2026-04-01,..Bangsamoro Autonomous Region in Muslim Mindanao (BARMM),0.73,peso,2018
2026-04-01,....City of Cotabato,0.73,peso,2018
2026-04-01,....Basilan,0.71,peso,2018
2026-04-01,....Lanao del Sur,0.73,peso,2018
2026-04-01,....Maguindanao,0.74,peso,2018
2026-04-01,....Sulu,0.76,peso,2018
2026-04-01,....Tawi-tawi,0.7,peso,2018
2026-04-01,..Region XIII (Caraga),0.71,peso,2018
2026-04-01,....Agusan del Norte,0.72,peso,2018
2026-04-01,....Agusan del Sur,0.72,peso,2018
2026-04-01,....Surigao del Norte,0.72,peso,2018
2026-04-01,....Surigao del Sur,0.7,peso,2018
2026-04-01,....Dinagat Islands,0.66,peso,2018
2026-04-01,....City of Butuan (Capital),0.72,peso,2018
2026-04-01,..Negros Island Region (NIR),0.71,peso,2018
2026-04-01,....Negros Occidental,0.7,peso,2018
2026-04-01,....City of Bacolod (Capital),0.71,peso,2018
2026-04-01,....Negros Oriental,0.76,peso,2018
2026-04-01,....Siquijor,0.71,peso,2018
2026-05-01,PHILIPPINES,0.74,peso,2018
2026-05-01,..National Capital Region (NCR),0.77,peso,2018
2026-05-01,..Areas Outside National Capital Region (AONCR),0.73,peso,2018
2026-05-01,..Cordillera Administrative Region (CAR),0.74,peso,2018
2026-05-01,....Abra,0.73,peso,2018
2026-05-01,....Benguet,0.75,peso,2018
2026-05-01,....Ifugao,0.73,peso,2018
2026-05-01,....Kalinga,0.74,peso,2018
2026-05-01,....Mountain Province,0.69,peso,2018
2026-05-01,....Apayao,0.69,peso,2018
2026-05-01,....City of Baguio,0.75,peso,2018
2026-05-01,..Region I (Ilocos Region),0.75,peso,2018
2026-05-01,....Ilocos Norte,0.77,peso,2018
2026-05-01,....Ilocos Sur,0.74,peso,2018
2026-05-01,....La Union,0.79,peso,2018
2026-05-01,....Pangasinan,0.74,peso,2018
2026-05-01,..Region II (Cagayan Valley),0.73,peso,2018
2026-05-01,....Batanes,0.67,peso,2018
2026-05-01,....Cagayan,0.72,peso,2018
2026-05-01,....Isabela,0.76,peso,2018
2026-05-01,....Nueva Vizcaya,0.71,peso,2018
2026-05-01,....Quirino,0.71,peso,2018
2026-05-01,..Region III (Central Luzon),0.72,peso,2018
2026-05-01,....Bataan,0.69,peso,2018
2026-05-01,....Bulacan,0.73,peso,2018
2026-05-01,....Nueva Ecija,0.71,peso,2018
2026-05-01,....Pampanga,0.7,peso,2018
2026-05-01,....Tarlac,0.73,peso,2018
2026-05-01,....Zambales,0.73,peso,2018
2026-05-01,....Aurora,0.72,peso,2018
2026-05-01,....City of Angeles,0.74,peso,2018
2026-05-01,....City of Olongapo,0.72,peso,2018
2026-05-01,..Region IV-A (CALABARZON),0.73,peso,2018
2026-05-01,....Batangas,0.73,peso,2018
2026-05-01,....Cavite,0.75,peso,2018
2026-05-01,....Laguna,0.76,peso,2018
2026-05-01,....Quezon,0.74,peso,2018
2026-05-01,....Rizal,0.69,peso,2018
2026-05-01,....City of Lucena (Capital),0.75,peso,2018
2026-05-01,..MIMAROPA Region,0.7,peso,2018
2026-05-01,....Marinduque,0.72,peso,2018
2026-05-01,....Occidental Mindoro,0.68,peso,2018
2026-05-01,....Oriental Mindoro,0.68,peso,2018
2026-05-01,....Palawan,0.72,peso,2018
2026-05-01,....Romblon,0.74,peso,2018
2026-05-01,....City of Puerto Princesa (Capital),0.74,peso,2018
2026-05-01,..Region V (Bicol Region),0.7,peso,2018
2026-05-01,....Albay,0.7,peso,2018
2026-05-01,....Camarines Norte,0.7,peso,2018
2026-05-01,....Camarines Sur,0.69,peso,2018
2026-05-01,....Catanduanes,0.69,peso,2018
2026-05-01,....Masbate,0.7,peso,2018
2026-05-01,....Sorsogon,0.73,peso,2018
2026-05-01,..Region VI (Western Visayas),0.74,peso,2018
2026-05-01,....Aklan,0.75,peso,2018
2026-05-01,....Antique,0.73,peso,2018
2026-05-01,....Capiz,0.74,peso,2018
2026-05-01,....Iloilo,0.75,peso,2018
2026-05-01,....Guimaras,0.72,peso,2018
2026-05-01,....City of Iloilo (Capital),0.73,peso,2018
2026-05-01,..Region VII (Central Visayas),0.74,peso,2018
2026-05-01,....Bohol,0.74,peso,2018
2026-05-01,....Cebu,0.72,peso,2018
2026-05-01,....City of Cebu (Capital),0.78,peso,2018
2026-05-01,....City of Lapu-Lapu,0.77,peso,2018
2026-05-01,....City of Mandaue,0.76,peso,2018
2026-05-01,..Region VIII (Eastern Visayas),0.74,peso,2018
2026-05-01,....Eastern Samar,0.74,peso,2018
2026-05-01,....Leyte,0.76,peso,2018
2026-05-01,....Northern Samar,0.75,peso,2018
2026-05-01,....Samar,0.69,peso,2018
2026-05-01,....Southern Leyte,0.76,peso,2018
2026-05-01,....Biliran,0.74,peso,2018
2026-05-01,....City of Tacloban (Capital),0.79,peso,2018
2026-05-01,..Region IX (Zamboanga Peninsula),0.75,peso,2018
2026-05-01,....Zamboanga del Norte,0.74,peso,2018
2026-05-01,....Zamboanga del Sur,0.73,peso,2018
2026-05-01,....Zamboanga Sibugay,0.72,peso,2018
2026-05-01,....City of Zamboanga,0.77,peso,2018
2026-05-01,....City of Isabela,0.79,peso,2018
2026-05-01,..Region X (Northern Mindanao),0.73,peso,2018
2026-05-01,....Bukidnon,0.72,peso,2018
2026-05-01,....Camiguin,0.73,peso,2018
2026-05-01,....Lanao del Norte,0.74,peso,2018
2026-05-01,....Misamis Occidental,0.73,peso,2018
2026-05-01,....Misamis Oriental,0.71,peso,2018
2026-05-01,....City of Iligan,0.74,peso,2018
2026-05-01,....City of Cagayan de Oro (Capital),0.75,peso,2018
2026-05-01,..Region XI (Davao Region),0.72,peso,2018
2026-05-01,....Davao del Norte,0.76,peso,2018
2026-05-01,....Davao del Sur,0.7,peso,2018
2026-05-01,....Davao Oriental,0.71,peso,2018
2026-05-01,....Davao de Oro,0.7,peso,2018
2026-05-01,....Davao Occidental,0.72,peso,2018
2026-05-01,....City of Davao,0.72,peso,2018
2026-05-01,..Region XII (SOCCSKSARGEN),0.73,peso,2018
2026-05-01,....Cotabato,0.72,peso,2018
2026-05-01,....South Cotabato,0.74,peso,2018
2026-05-01,....Sultan Kudarat,0.74,peso,2018
2026-05-01,....Sarangani,0.7,peso,2018
2026-05-01,....City of General Santos,0.76,peso,2018
2026-05-01,..Bangsamoro Autonomous Region in Muslim Mindanao (BARMM),0.74,peso,2018
2026-05-01,....City of Cotabato,0.73,peso,2018
2026-05-01,....Basilan,0.71,peso,2018
2026-05-01,....Lanao del Sur,0.73,peso,2018
2026-05-01,....Maguindanao,0.74,peso,2018
2026-05-01,....Sulu,0.77,peso,2018
2026-05-01,....Tawi-tawi,0.71,peso,2018
2026-05-01,..Region XIII (Caraga),0.72,peso,2018
2026-05-01,....Agusan del Norte,0.72,peso,2018
2026-05-01,....Agusan del Sur,0.73,peso,2018
2026-05-01,....Surigao del Norte,0.72,peso,2018
2026-05-01,....Surigao del Sur,0.71,peso,2018
2026-05-01,....Dinagat Islands,0.67,peso,2018
2026-05-01,....City of Butuan (Capital),0.73,peso,2018
2026-05-01,..Negros Island Region (NIR),0.71,peso,2018
2026-05-01,....Negros Occidental,0.69,peso,2018
2026-05-01,....City of Bacolod (Capital),0.7,peso,2018
2026-05-01,....Negros Oriental,0.76,peso,2018
2026-05-01,....Siquijor,0.71,peso,2018
2026-06-01,PHILIPPINES,0.74,peso,2018
2026-06-01,..National Capital Region (NCR),0.77,peso,2018
2026-06-01,..Areas Outside National Capital Region (AONCR),0.73,peso,2018
2026-06-01,..Cordillera Administrative Region (CAR),0.74,peso,2018
2026-06-01,....Abra,0.72,peso,2018
2026-06-01,....Benguet,0.75,peso,2018
2026-06-01,....Ifugao,0.74,peso,2018
2026-06-01,....Kalinga,0.74,peso,2018
2026-06-01,....Mountain Province,0.7,peso,2018
2026-06-01,....Apayao,0.69,peso,2018
2026-06-01,....City of Baguio,0.75,peso,2018
2026-06-01,..Region I (Ilocos Region),0.76,peso,2018
2026-06-01,....Ilocos Norte,0.77,peso,2018
2026-06-01,....Ilocos Sur,0.75,peso,2018
2026-06-01,....La Union,0.79,peso,2018
2026-06-01,....Pangasinan,0.75,peso,2018
2026-06-01,..Region II (Cagayan Valley),0.74,peso,2018
2026-06-01,....Batanes,0.67,peso,2018
2026-06-01,....Cagayan,0.72,peso,2018
2026-06-01,....Isabela,0.77,peso,2018
2026-06-01,....Nueva Vizcaya,0.71,peso,2018
2026-06-01,....Quirino,0.72,peso,2018
2026-06-01,..Region III (Central Luzon),0.72,peso,2018
2026-06-01,....Bataan,0.7,peso,2018
2026-06-01,....Bulacan,0.73,peso,2018
2026-06-01,....Nueva Ecija,0.72,peso,2018
2026-06-01,....Pampanga,0.71,peso,2018
2026-06-01,....Tarlac,0.72,peso,2018
2026-06-01,....Zambales,0.72,peso,2018
2026-06-01,....Aurora,0.72,peso,2018
2026-06-01,....City of Angeles,0.74,peso,2018
2026-06-01,....City of Olongapo,0.72,peso,2018
2026-06-01,..Region IV-A (CALABARZON),0.74,peso,2018
2026-06-01,....Batangas,0.74,peso,2018
2026-06-01,....Cavite,0.75,peso,2018
2026-06-01,....Laguna,0.76,peso,2018
2026-06-01,....Quezon,0.76,peso,2018
2026-06-01,....Rizal,0.69,peso,2018
2026-06-01,....City of Lucena (Capital),0.78,peso,2018
2026-06-01,..MIMAROPA Region,0.7,peso,2018
2026-06-01,....Marinduque,0.71,peso,2018
2026-06-01,....Occidental Mindoro,0.68,peso,2018
2026-06-01,....Oriental Mindoro,0.67,peso,2018
2026-06-01,....Palawan,0.73,peso,2018
2026-06-01,....Romblon,0.74,peso,2018
2026-06-01,....City of Puerto Princesa (Capital),0.74,peso,2018
2026-06-01,..Region V (Bicol Region),0.7,peso,2018
2026-06-01,....Albay,0.7,peso,2018
2026-06-01,....Camarines Norte,0.7,peso,2018
2026-06-01,....Camarines Sur,0.69,peso,2018
2026-06-01,....Catanduanes,0.7,peso,2018
2026-06-01,....Masbate,0.7,peso,2018
2026-06-01,....Sorsogon,0.73,peso,2018
2026-06-01,..Region VI (Western Visayas),0.74,peso,2018
2026-06-01,....Aklan,0.75,peso,2018
2026-06-01,....Antique,0.72,peso,2018
2026-06-01,....Capiz,0.74,peso,2018
2026-06-01,....Iloilo,0.75,peso,2018
2026-06-01,....Guimaras,0.72,peso,2018
2026-06-01,....City of Iloilo (Capital),0.72,peso,2018
2026-06-01,..Region VII (Central Visayas),0.75,peso,2018
2026-06-01,....Bohol,0.75,peso,2018
2026-06-01,....Cebu,0.72,peso,2018
2026-06-01,....City of Cebu (Capital),0.78,peso,2018
2026-06-01,....City of Lapu-Lapu,0.79,peso,2018
2026-06-01,....City of Mandaue,0.77,peso,2018
2026-06-01,..Region VIII (Eastern Visayas),0.75,peso,2018
2026-06-01,....Eastern Samar,0.74,peso,2018
2026-06-01,....Leyte,0.76,peso,2018
2026-06-01,....Northern Samar,0.75,peso,2018
2026-06-01,....Samar,0.7,peso,2018
2026-06-01,....Southern Leyte,0.76,peso,2018
2026-06-01,....Biliran,0.74,peso,2018
2026-06-01,....City of Tacloban (Capital),0.79,peso,2018
2026-06-01,..Region IX (Zamboanga Peninsula),0.75,peso,2018
2026-06-01,....Zamboanga del Norte,0.75,peso,2018
2026-06-01,....Zamboanga del Sur,0.74,peso,2018
2026-06-01,....Zamboanga Sibugay,0.73,peso,2018
2026-06-01,....City of Zamboanga,0.78,peso,2018
2026-06-01,....City of Isabela,0.8,peso,2018
2026-06-01,..Region X (Northern Mindanao),0.73,peso,2018
2026-06-01,....Bukidnon,0.72,peso,2018
2026-06-01,....Camiguin,0.74,peso,2018
2026-06-01,....Lanao del Norte,0.75,peso,2018
2026-06-01,....Misamis Occidental,0.74,peso,2018
2026-06-01,....Misamis Oriental,0.71,peso,2018
2026-06-01,....City of Iligan,0.74,peso,2018
2026-06-01,....City of Cagayan de Oro (Capital),0.75,peso,2018
2026-06-01,..Region XI (Davao Region),0.72,peso,2018
2026-06-01,....Davao del Norte,0.76,peso,2018
2026-06-01,....Davao del Sur,0.7,peso,2018
2026-06-01,....Davao Oriental,0.71,peso,2018
2026-06-01,....Davao de Oro,0.7,peso,2018
2026-06-01,....Davao Occidental,0.72,peso,2018
2026-06-01,....City of Davao,0.72,peso,2018
2026-06-01,..Region XII (SOCCSKSARGEN),0.73,peso,2018
2026-06-01,....Cotabato,0.71,peso,2018
2026-06-01,....South Cotabato,0.74,peso,2018
2026-06-01,....Sultan Kudarat,0.75,peso,2018
2026-06-01,....Sarangani,0.71,peso,2018
2026-06-01,....City of General Santos,0.76,peso,2018
2026-06-01,..Bangsamoro Autonomous Region in Muslim Mindanao (BARMM),0.74,peso,2018
2026-06-01,....City of Cotabato,0.73,peso,2018
2026-06-01,....Basilan,0.71,peso,2018
2026-06-01,....Lanao del Sur,0.74,peso,2018
2026-06-01,....Maguindanao,0.74,peso,2018
2026-06-01,....Sulu,0.77,peso,2018
2026-06-01,....Tawi-tawi,0.72,peso,2018
2026-06-01,..Region XIII (Caraga),0.72,peso,2018
2026-06-01,....Agusan del Norte,0.72,peso,2018
2026-06-01,....Agusan del Sur,0.73,peso,2018
2026-06-01,....Surigao del Norte,0.73,peso,2018
2026-06-01,....Surigao del Sur,0.72,peso,2018
2026-06-01,....Dinagat Islands,0.67,peso,2018
2026-06-01,....City of Butuan (Capital),0.73,peso,2018
2026-06-01,..Negros Island Region (NIR),0.71,peso,2018
2026-06-01,....Negros Occidental,0.7,peso,2018
2026-06-01,....City of Bacolod (Capital),0.7,peso,2018
2026-06-01,....Negros Oriental,0.76,peso,2018
2026-06-01,....Siquijor,0.71,peso,2018
2026-07-01,PHILIPPINES,0.74,peso,2018
2026-07-01,..National Capital Region (NCR),0.77,peso,2018
2026-07-01,..Areas Outside National Capital Region (AONCR),0.73,peso,2018
2026-07-01,..Cordillera Administrative Region (CAR),0.74,peso,2018
2026-07-01,....Abra,0.71,peso,2018
2026-07-01,....Benguet,0.75,peso,2018
2026-07-01,....Ifugao,0.74,peso,2018
2026-07-01,....Kalinga,0.74,peso,2018
2026-07-01,....Mountain Province,0.7,peso,2018
2026-07-01,....Apayao,0.69,peso,2018
2026-07-01,....City of Baguio,0.75,peso,2018
2026-07-01,..Region I (Ilocos Region),0.75,peso,2018
2026-07-01,....Ilocos Norte,0.77,peso,2018
2026-07-01,....Ilocos Sur,0.75,peso,2018
2026-07-01,....La Union,0.78,peso,2018
2026-07-01,....Pangasinan,0.74,peso,2018
2026-07-01,..Region II (Cagayan Valley),0.73,peso,2018
2026-07-01,....Batanes,0.67,peso,2018
2026-07-01,....Cagayan,0.71,peso,2018
2026-07-01,....Isabela,0.77,peso,2018
2026-07-01,....Nueva Vizcaya,0.71,peso,2018
2026-07-01,....Quirino,0.72,peso,2018
2026-07-01,..Region III (Central Luzon),0.72,peso,2018
2026-07-01,....Bataan,0.69,peso,2018
2026-07-01,....Bulacan,0.73,peso,2018
2026-07-01,....Nueva Ecija,0.71,peso,2018
2026-07-01,....Pampanga,0.71,peso,2018
2026-07-01,....Tarlac,0.72,peso,2018
2026-07-01,....Zambales,0.72,peso,2018
2026-07-01,....Aurora,0.71,peso,2018
2026-07-01,....City of Angeles,0.74,peso,2018
2026-07-01,....City of Olongapo,0.72,peso,2018
2026-07-01,..Region IV-A (CALABARZON),0.74,peso,2018
2026-07-01,....Batangas,0.73,peso,2018
2026-07-01,....Cavite,0.75,peso,2018
2026-07-01,....Laguna,0.76,peso,2018
2026-07-01,....Quezon,0.75,peso,2018
2026-07-01,....Rizal,0.69,peso,2018
2026-07-01,....City of Lucena (Capital),0.77,peso,2018
2026-07-01,..MIMAROPA Region,0.7,peso,2018
2026-07-01,....Marinduque,0.71,peso,2018
2026-07-01,....Occidental Mindoro,0.69,peso,2018
2026-07-01,....Oriental Mindoro,0.67,peso,2018
2026-07-01,....Palawan,0.73,peso,2018
2026-07-01,....Romblon,0.74,peso,2018
2026-07-01,....City of Puerto Princesa (Capital),0.74,peso,2018
2026-07-01,..Region V (Bicol Region),0.7,peso,2018
2026-07-01,....Albay,0.7,peso,2018
2026-07-01,....Camarines Norte,0.7,peso,2018
2026-07-01,....Camarines Sur,0.68,peso,2018
2026-07-01,....Catanduanes,0.7,peso,2018
2026-07-01,....Masbate,0.71,peso,2018
2026-07-01,....Sorsogon,0.73,peso,2018
2026-07-01,..Region VI (Western Visayas),0.74,peso,2018
2026-07-01,....Aklan,0.76,peso,2018
2026-07-01,....Antique,0.72,peso,2018
2026-07-01,....Capiz,0.74,peso,2018
2026-07-01,....Iloilo,0.74,peso,2018
2026-07-01,....Guimaras,0.72,peso,2018
2026-07-01,....City of Iloilo (Capital),0.72,peso,2018
2026-07-01,..Region VII (Central Visayas),0.75,peso,2018
2026-07-01,....Bohol,0.75,peso,2018
2026-07-01,....Cebu,0.73,peso,2018
2026-07-01,....City of Cebu (Capital),0.78,peso,2018
2026-07-01,....City of Lapu-Lapu,0.78,peso,2018
2026-07-01,....City of Mandaue,0.77,peso,2018
2026-07-01,..Region VIII (Eastern Visayas),0.74,peso,2018
2026-07-01,....Eastern Samar,0.74,peso,2018
2026-07-01,....Leyte,0.76,peso,2018
2026-07-01,....Northern Samar,0.74,peso,2018
2026-07-01,....Samar,0.69,peso,2018
2026-07-01,....Southern Leyte,0.76,peso,2018
2026-07-01,....Biliran,0.74,peso,2018
2026-07-01,....City of Tacloban (Capital),0.8,peso,2018
2026-07-01,..Region IX (Zamboanga Peninsula),0.75,peso,2018
2026-07-01,....Zamboanga del Norte,0.74,peso,2018
2026-07-01,....Zamboanga del Sur,0.74,peso,2018
2026-07-01,....Zamboanga Sibugay,0.72,peso,2018
2026-07-01,....City of Zamboanga,0.78,peso,2018
2026-07-01,....City of Isabela,0.8,peso,2018
2026-07-01,..Region X (Northern Mindanao),0.74,peso,2018
2026-07-01,....Bukidnon,0.73,peso,2018
2026-07-01,....Camiguin,0.73,peso,2018
2026-07-01,....Lanao del Norte,0.75,peso,2018
2026-07-01,....Misamis Occidental,0.74,peso,2018
2026-07-01,....Misamis Oriental,0.72,peso,2018
2026-07-01,....City of Iligan,0.74,peso,2018
2026-07-01,....City of Cagayan de Oro (Capital),0.76,peso,2018
2026-07-01,..Region XI (Davao Region),0.72,peso,2018
2026-07-01,....Davao del Norte,0.76,peso,2018
2026-07-01,....Davao del Sur,0.7,peso,2018
2026-07-01,....Davao Oriental,0.72,peso,2018
2026-07-01,....Davao de Oro,0.7,peso,2018
2026-07-01,....Davao Occidental,0.73,peso,2018
2026-07-01,....City of Davao,0.72,peso,2018
2026-07-01,..Region XII (SOCCSKSARGEN),0.73,peso,2018
2026-07-01,....Cotabato,0.71,peso,2018
2026-07-01,....South Cotabato,0.74,peso,2018
2026-07-01,....Sultan Kudarat,0.75,peso,2018
2026-07-01,....Sarangani,0.7,peso,2018
2026-07-01,....City of General Santos,0.75,peso,2018
2026-07-01,..Bangsamoro Autonomous Region in Muslim Mindanao (BARMM),0.74,peso,2018
2026-07-01,....City of Cotabato,0.73,peso,2018
2026-07-01,....Basilan,0.72,peso,2018
2026-07-01,....Lanao del Sur,0.74,peso,2018
2026-07-01,....Maguindanao,0.74,peso,2018
2026-07-01,....Sulu,0.77,peso,2018
2026-07-01,....Tawi-tawi,0.72,peso,2018
2026-07-01,..Region XIII (Caraga),0.73,peso,2018
2026-07-01,....Agusan del Norte,0.73,peso,2018
2026-07-01,....Agusan del Sur,0.73,peso,2018
2026-07-01,....Surigao del Norte,0.73,peso,2018
2026-07-01,....Surigao del Sur,0.72,peso,2018
2026-07-01,....Dinagat Islands,0.67,peso,2018
2026-07-01,....City of Butuan (Capital),0.73,peso,2018
2026-07-01,..Negros Island Region (NIR),0.71,peso,2018
2026-07-01,....Negros Occidental,0.69,peso,2018
2026-07-01,....City of Bacolod (Capital),0.7,peso,2018
2026-07-01,....Negros Oriental,0.76,peso,2018
2026-07-01,....Siquijor,0.71,peso,2018
2026-08-01,PHILIPPINES,0.73,peso,2018
2026-08-01,..National Capital Region (NCR),0.76,peso,2018
2026-08-01,..Areas Outside National Capital Region (AONCR),0.73,peso,2018
2026-08-01,..Cordillera Administrative Region (CAR),0.74,peso,2018
2026-08-01,....Abra,0.7,peso,2018
2026-08-01,....Benguet,0.75,peso,2018
2026-08-01,....Ifugao,0.74,peso,2018
2026-08-01,....Kalinga,0.74,peso,2018
2026-08-01,....Mountain Province,0.7,peso,2018
2026-08-01,....Apayao,0.69,peso,2018
2026-08-01,....City of Baguio,0.75,peso,2018
2026-08-01,..Region I (Ilocos Region),0.75,peso,2018
2026-08-01,....Ilocos Norte,0.77,peso,2018
2026-08-01,....Ilocos Sur,0.74,peso,2018
2026-08-01,....La Union,0.78,peso,2018
2026-08-01,....Pangasinan,0.74,peso,2018
2026-08-01,..Region II (Cagayan Valley),0.73,peso,2018
2026-08-01,....Batanes,0.66,peso,2018
2026-08-01,....Cagayan,0.71,peso,2018
2026-08-01,....Isabela,0.76,peso,2018
2026-08-01,....Nueva Vizcaya,0.71,peso,2018
2026-08-01,....Quirino,0.71,peso,2018
2026-08-01,..Region III (Central Luzon),0.71,peso,2018
2026-08-01,....Bataan,0.69,peso,2018
2026-08-01,....Bulacan,0.73,peso,2018
2026-08-01,....Nueva Ecija,0.71,peso,2018
2026-08-01,....Pampanga,0.7,peso,2018
2026-08-01,....Tarlac,0.72,peso,2018
2026-08-01,....Zambales,0.72,peso,2018
2026-08-01,....Aurora,0.71,peso,2018
2026-08-01,....City of Angeles,0.73,peso,2018
2026-08-01,....City of Olongapo,0.72,peso,2018
2026-08-01,..Region IV-A (CALABARZON),0.73,peso,2018
2026-08-01,....Batangas,0.73,peso,2018
2026-08-01,....Cavite,0.74,peso,2018
2026-08-01,....Laguna,0.75,peso,2018
2026-08-01,....Quezon,0.74,peso,2018
2026-08-01,....Rizal,0.68,peso,2018
2026-08-01,....City of Lucena (Capital),0.76,peso,2018
2026-08-01,..MIMAROPA Region,0.7,peso,2018
2026-08-01,....Marinduque,0.71,peso,2018
2026-08-01,....Occidental Mindoro,0.68,peso,2018
2026-08-01,....Oriental Mindoro,0.67,peso,2018
2026-08-01,....Palawan,0.72,peso,2018
2026-08-01,....Romblon,0.74,peso,2018
2026-08-01,....City of Puerto Princesa (Capital),0.73,peso,2018
2026-08-01,..Region V (Bicol Region),0.7,peso,2018
2026-08-01,....Albay,0.7,peso,2018
2026-08-01,....Camarines Norte,0.7,peso,2018
2026-08-01,....Camarines Sur,0.68,peso,2018
2026-08-01,....Catanduanes,0.7,peso,2018
2026-08-01,....Masbate,0.7,peso,2018
2026-08-01,....Sorsogon,0.73,peso,2018
2026-08-01,..Region VI (Western Visayas),0.73,peso,2018
2026-08-01,....Aklan,0.73,peso,2018
2026-08-01,....Antique,0.72,peso,2018
2026-08-01,....Capiz,0.74,peso,2018
2026-08-01,....Iloilo,0.74,peso,2018
2026-08-01,....Guimaras,0.72,peso,2018
2026-08-01,....City of Iloilo (Capital),0.72,peso,2018
2026-08-01,..Region VII (Central Visayas),0.75,peso,2018
2026-08-01,....Bohol,0.74,peso,2018
2026-08-01,....Cebu,0.73,peso,2018
2026-08-01,....City of Cebu (Capital),0.78,peso,2018
2026-08-01,....City of Lapu-Lapu,0.78,peso,2018
2026-08-01,....City of Mandaue,0.77,peso,2018
2026-08-01,..Region VIII (Eastern Visayas),0.74,peso,2018
2026-08-01,....Eastern Samar,0.73,peso,2018
2026-08-01,....Leyte,0.75,peso,2018
2026-08-01,....Northern Samar,0.74,peso,2018
2026-08-01,....Samar,0.69,peso,2018
2026-08-01,....Southern Leyte,0.76,peso,2018
2026-08-01,....Biliran,0.74,peso,2018
2026-08-01,....City of Tacloban (Capital),0.8,peso,2018
2026-08-01,..Region IX (Zamboanga Peninsula),0.75,peso,2018
2026-08-01,....Zamboanga del Norte,0.74,peso,2018
2026-08-01,....Zamboanga del Sur,0.73,peso,2018
2026-08-01,....Zamboanga Sibugay,0.72,peso,2018
2026-08-01,....City of Zamboanga,0.77,peso,2018
2026-08-01,....City of Isabela,0.81,peso,2018
2026-08-01,..Region X (Northern Mindanao),0.74,peso,2018
2026-08-01,....Bukidnon,0.73,peso,2018
2026-08-01,....Camiguin,0.73,peso,2018
2026-08-01,....Lanao del Norte,0.75,peso,2018
2026-08-01,....Misamis Occidental,0.73,peso,2018
2026-08-01,....Misamis Oriental,0.72,peso,2018
2026-08-01,....City of Iligan,0.74,peso,2018
2026-08-01,....City of Cagayan de Oro (Capital),0.76,peso,2018
2026-08-01,..Region XI (Davao Region),0.71,peso,2018
2026-08-01,....Davao del Norte,0.75,peso,2018
2026-08-01,....Davao del Sur,0.68,peso,2018
2026-08-01,....Davao Oriental,0.71,peso,2018
2026-08-01,....Davao de Oro,0.7,peso,2018
2026-08-01,....Davao Occidental,0.72,peso,2018
2026-08-01,....City of Davao,0.71,peso,2018
2026-08-01,..Region XII (SOCCSKSARGEN),0.73,peso,2018
2026-08-01,....Cotabato,0.7,peso,2018
2026-08-01,....South Cotabato,0.74,peso,2018
2026-08-01,....Sultan Kudarat,0.75,peso,2018
2026-08-01,....Sarangani,0.7,peso,2018
2026-08-01,....City of General Santos,0.76,peso,2018
2026-08-01,..Bangsamoro Autonomous Region in Muslim Mindanao (BARMM),0.74,peso,2018
2026-08-01,....City of Cotabato,0.73,peso,2018
2026-08-01,....Basilan,0.72,peso,2018
2026-08-01,....Lanao del Sur,0.74,peso,2018
2026-08-01,....Maguindanao,0.74,peso,2018
2026-08-01,....Sulu,0.77,peso,2018
2026-08-01,....Tawi-tawi,0.72,peso,2018
2026-08-01,..Region XIII (Caraga),0.72,peso,2018
2026-08-01,....Agusan del Norte,0.73,peso,2018
2026-08-01,....Agusan del Sur,0.73,peso,2018
2026-08-01,....Surigao del Norte,0.73,peso,2018
2026-08-01,....Surigao del Sur,0.72,peso,2018
2026-08-01,....Dinagat Islands,0.67,peso,2018
2026-08-01,....City of Butuan (Capital),0.73,peso,2018
2026-08-01,..Negros Island Region (NIR),0.71,peso,2018
2026-08-01,....Negros Occidental,0.69,peso,2018
2026-08-01,....City of Bacolod (Capital),0.7,peso,2018
2026-08-01,....Negros Oriental,0.76,peso,2018
2026-08-01,....Siquijor,0.71,peso,2018
