"Region, Province, and HUC","Per Capita Income Decile","Indicator","Value (Reported value — see source for units)","Source status","Release","Source"
"PHILIPPINES","All Income Groups","Average Income   (in thousand pesos)","314.82","","2026-08-03T09-38-59-7a63a72104f8","https://openstat.psa.gov.ph/PXWeb/pxweb/en/DB/DB__1E__IE/0081E3AIES0.px"
"PHILIPPINES","All Income Groups","Average Expenditure  (in thousand pesos)","229.99","","2026-08-03T09-38-59-7a63a72104f8","https://openstat.psa.gov.ph/PXWeb/pxweb/en/DB/DB__1E__IE/0081E3AIES0.px"
"PHILIPPINES","All Income Groups","Average Savings  (in thousand pesos)","84.83","","2026-08-03T09-38-59-7a63a72104f8","https://openstat.psa.gov.ph/PXWeb/pxweb/en/DB/DB__1E__IE/0081E3AIES0.px"
"PHILIPPINES","First Decile","Average Income   (in thousand pesos)","127.7","","2026-08-03T09-38-59-7a63a72104f8","https://openstat.psa.gov.ph/PXWeb/pxweb/en/DB/DB__1E__IE/0081E3AIES0.px"
"PHILIPPINES","First Decile","Average Expenditure  (in thousand pesos)","113.96","","2026-08-03T09-38-59-7a63a72104f8","https://openstat.psa.gov.ph/PXWeb/pxweb/en/DB/DB__1E__IE/0081E3AIES0.px"
"PHILIPPINES","First Decile","Average Savings  (in thousand pesos)","13.74","","2026-08-03T09-38-59-7a63a72104f8","https://openstat.psa.gov.ph/PXWeb/pxweb/en/DB/DB__1E__IE/0081E3AIES0.px"
"PHILIPPINES","Second Decile","Average Income   (in thousand pesos)","162.75","","2026-08-03T09-38-59-7a63a72104f8","https://openstat.psa.gov.ph/PXWeb/pxweb/en/DB/DB__1E__IE/0081E3AIES0.px"
"PHILIPPINES","Second Decile","Average Expenditure  (in thousand pesos)","137.86","","2026-08-03T09-38-59-7a63a72104f8","https://openstat.psa.gov.ph/PXWeb/pxweb/en/DB/DB__1E__IE/0081E3AIES0.px"
"PHILIPPINES","Second Decile","Average Savings  (in thousand pesos)","24.89","","2026-08-03T09-38-59-7a63a72104f8","https://openstat.psa.gov.ph/PXWeb/pxweb/en/DB/DB__1E__IE/0081E3AIES0.px"
"PHILIPPINES","Third Decile","Average Income   (in thousand pesos)","185.77","","2026-08-03T09-38-59-7a63a72104f8","https://openstat.psa.gov.ph/PXWeb/pxweb/en/DB/DB__1E__IE/0081E3AIES0.px"
"PHILIPPINES","Third Decile","Average Expenditure  (in thousand pesos)","153.73","","2026-08-03T09-38-59-7a63a72104f8","https://openstat.psa.gov.ph/PXWeb/pxweb/en/DB/DB__1E__IE/0081E3AIES0.px"
"PHILIPPINES","Third Decile","Average Savings  (in thousand pesos)","32.04","","2026-08-03T09-38-59-7a63a72104f8","https://openstat.psa.gov.ph/PXWeb/pxweb/en/DB/DB__1E__IE/0081E3AIES0.px"
"PHILIPPINES","Fourth Decile","Average Income   (in thousand pesos)","214.95","","2026-08-03T09-38-59-7a63a72104f8","https://openstat.psa.gov.ph/PXWeb/pxweb/en/DB/DB__1E__IE/0081E3AIES0.px"
"PHILIPPINES","Fourth Decile","Average Expenditure  (in thousand pesos)","174.33","","2026-08-03T09-38-59-7a63a72104f8","https://openstat.psa.gov.ph/PXWeb/pxweb/en/DB/DB__1E__IE/0081E3AIES0.px"
"PHILIPPINES","Fourth Decile","Average Savings  (in thousand pesos)","40.62","","2026-08-03T09-38-59-7a63a72104f8","https://openstat.psa.gov.ph/PXWeb/pxweb/en/DB/DB__1E__IE/0081E3AIES0.px"
"PHILIPPINES","Fifth Decile","Average Income   (in thousand pesos)","242.5","","2026-08-03T09-38-59-7a63a72104f8","https://openstat.psa.gov.ph/PXWeb/pxweb/en/DB/DB__1E__IE/0081E3AIES0.px"
"PHILIPPINES","Fifth Decile","Average Expenditure  (in thousand pesos)","192.68","","2026-08-03T09-38-59-7a63a72104f8","https://openstat.psa.gov.ph/PXWeb/pxweb/en/DB/DB__1E__IE/0081E3AIES0.px"
"PHILIPPINES","Fifth Decile","Average Savings  (in thousand pesos)","49.82","","2026-08-03T09-38-59-7a63a72104f8","https://openstat.psa.gov.ph/PXWeb/pxweb/en/DB/DB__1E__IE/0081E3AIES0.px"
"PHILIPPINES","Sixth Decile","Average Income   (in thousand pesos)","275.12","","2026-08-03T09-38-59-7a63a72104f8","https://openstat.psa.gov.ph/PXWeb/pxweb/en/DB/DB__1E__IE/0081E3AIES0.px"
"PHILIPPINES","Sixth Decile","Average Expenditure  (in thousand pesos)","213.46","","2026-08-03T09-38-59-7a63a72104f8","https://openstat.psa.gov.ph/PXWeb/pxweb/en/DB/DB__1E__IE/0081E3AIES0.px"
"PHILIPPINES","Sixth Decile","Average Savings  (in thousand pesos)","61.66","","2026-08-03T09-38-59-7a63a72104f8","https://openstat.psa.gov.ph/PXWeb/pxweb/en/DB/DB__1E__IE/0081E3AIES0.px"
"PHILIPPINES","Seventh Decile","Average Income   (in thousand pesos)","313.49","","2026-08-03T09-38-59-7a63a72104f8","https://openstat.psa.gov.ph/PXWeb/pxweb/en/DB/DB__1E__IE/0081E3AIES0.px"
"PHILIPPINES","Seventh Decile","Average Expenditure  (in thousand pesos)","237.28","","2026-08-03T09-38-59-7a63a72104f8","https://openstat.psa.gov.ph/PXWeb/pxweb/en/DB/DB__1E__IE/0081E3AIES0.px"
"PHILIPPINES","Seventh Decile","Average Savings  (in thousand pesos)","76.21","","2026-08-03T09-38-59-7a63a72104f8","https://openstat.psa.gov.ph/PXWeb/pxweb/en/DB/DB__1E__IE/0081E3AIES0.px"
"PHILIPPINES","Eighth Decile","Average Income   (in thousand pesos)","370.97","","2026-08-03T09-38-59-7a63a72104f8","https://openstat.psa.gov.ph/PXWeb/pxweb/en/DB/DB__1E__IE/0081E3AIES0.px"
"PHILIPPINES","Eighth Decile","Average Expenditure  (in thousand pesos)","270.86","","2026-08-03T09-38-59-7a63a72104f8","https://openstat.psa.gov.ph/PXWeb/pxweb/en/DB/DB__1E__IE/0081E3AIES0.px"
"PHILIPPINES","Eighth Decile","Average Savings  (in thousand pesos)","100.12","","2026-08-03T09-38-59-7a63a72104f8","https://openstat.psa.gov.ph/PXWeb/pxweb/en/DB/DB__1E__IE/0081E3AIES0.px"
"PHILIPPINES","Ninth Decile","Average Income   (in thousand pesos)","456.81","","2026-08-03T09-38-59-7a63a72104f8","https://openstat.psa.gov.ph/PXWeb/pxweb/en/DB/DB__1E__IE/0081E3AIES0.px"
"PHILIPPINES","Ninth Decile","Average Expenditure  (in thousand pesos)","319.38","","2026-08-03T09-38-59-7a63a72104f8","https://openstat.psa.gov.ph/PXWeb/pxweb/en/DB/DB__1E__IE/0081E3AIES0.px"
"PHILIPPINES","Ninth Decile","Average Savings  (in thousand pesos)","137.43","","2026-08-03T09-38-59-7a63a72104f8","https://openstat.psa.gov.ph/PXWeb/pxweb/en/DB/DB__1E__IE/0081E3AIES0.px"
"PHILIPPINES","Tenth Decile","Average Income   (in thousand pesos)","798.1","","2026-08-03T09-38-59-7a63a72104f8","https://openstat.psa.gov.ph/PXWeb/pxweb/en/DB/DB__1E__IE/0081E3AIES0.px"
"PHILIPPINES","Tenth Decile","Average Expenditure  (in thousand pesos)","486.33","","2026-08-03T09-38-59-7a63a72104f8","https://openstat.psa.gov.ph/PXWeb/pxweb/en/DB/DB__1E__IE/0081E3AIES0.px"
"PHILIPPINES","Tenth Decile","Average Savings  (in thousand pesos)","311.78","","2026-08-03T09-38-59-7a63a72104f8","https://openstat.psa.gov.ph/PXWeb/pxweb/en/DB/DB__1E__IE/0081E3AIES0.px"
"NATIONAL CAPITAL REGION","All Income Groups","Average Income   (in thousand pesos)","457.68","","2026-08-03T09-38-59-7a63a72104f8","https://openstat.psa.gov.ph/PXWeb/pxweb/en/DB/DB__1E__IE/0081E3AIES0.px"
"NATIONAL CAPITAL REGION","All Income Groups","Average Expenditure  (in thousand pesos)","343.19","","2026-08-03T09-38-59-7a63a72104f8","https://openstat.psa.gov.ph/PXWeb/pxweb/en/DB/DB__1E__IE/0081E3AIES0.px"
"NATIONAL CAPITAL REGION","All Income Groups","Average Savings  (in thousand pesos)","114.49","","2026-08-03T09-38-59-7a63a72104f8","https://openstat.psa.gov.ph/PXWeb/pxweb/en/DB/DB__1E__IE/0081E3AIES0.px"
"NATIONAL CAPITAL REGION","First Decile","Average Income   (in thousand pesos)","231.78","","2026-08-03T09-38-59-7a63a72104f8","https://openstat.psa.gov.ph/PXWeb/pxweb/en/DB/DB__1E__IE/0081E3AIES0.px"
"NATIONAL CAPITAL REGION","First Decile","Average Expenditure  (in thousand pesos)","219.44","","2026-08-03T09-38-59-7a63a72104f8","https://openstat.psa.gov.ph/PXWeb/pxweb/en/DB/DB__1E__IE/0081E3AIES0.px"
"NATIONAL CAPITAL REGION","First Decile","Average Savings  (in thousand pesos)","12.35","","2026-08-03T09-38-59-7a63a72104f8","https://openstat.psa.gov.ph/PXWeb/pxweb/en/DB/DB__1E__IE/0081E3AIES0.px"
"NATIONAL CAPITAL REGION","Second Decile","Average Income   (in thousand pesos)","288.03","","2026-08-03T09-38-59-7a63a72104f8","https://openstat.psa.gov.ph/PXWeb/pxweb/en/DB/DB__1E__IE/0081E3AIES0.px"
"NATIONAL CAPITAL REGION","Second Decile","Average Expenditure  (in thousand pesos)","252.79","","2026-08-03T09-38-59-7a63a72104f8","https://openstat.psa.gov.ph/PXWeb/pxweb/en/DB/DB__1E__IE/0081E3AIES0.px"
"NATIONAL CAPITAL REGION","Second Decile","Average Savings  (in thousand pesos)","35.24","","2026-08-03T09-38-59-7a63a72104f8","https://openstat.psa.gov.ph/PXWeb/pxweb/en/DB/DB__1E__IE/0081E3AIES0.px"
"NATIONAL CAPITAL REGION","Third Decile","Average Income   (in thousand pesos)","313.99","","2026-08-03T09-38-59-7a63a72104f8","https://openstat.psa.gov.ph/PXWeb/pxweb/en/DB/DB__1E__IE/0081E3AIES0.px"
"NATIONAL CAPITAL REGION","Third Decile","Average Expenditure  (in thousand pesos)","264.93","","2026-08-03T09-38-59-7a63a72104f8","https://openstat.psa.gov.ph/PXWeb/pxweb/en/DB/DB__1E__IE/0081E3AIES0.px"
"NATIONAL CAPITAL REGION","Third Decile","Average Savings  (in thousand pesos)","49.06","","2026-08-03T09-38-59-7a63a72104f8","https://openstat.psa.gov.ph/PXWeb/pxweb/en/DB/DB__1E__IE/0081E3AIES0.px"
"NATIONAL CAPITAL REGION","Fourth Decile","Average Income   (in thousand pesos)","348.19","","2026-08-03T09-38-59-7a63a72104f8","https://openstat.psa.gov.ph/PXWeb/pxweb/en/DB/DB__1E__IE/0081E3AIES0.px"
"NATIONAL CAPITAL REGION","Fourth Decile","Average Expenditure  (in thousand pesos)","281.17","","2026-08-03T09-38-59-7a63a72104f8","https://openstat.psa.gov.ph/PXWeb/pxweb/en/DB/DB__1E__IE/0081E3AIES0.px"
"NATIONAL CAPITAL REGION","Fourth Decile","Average Savings  (in thousand pesos)","67.02","","2026-08-03T09-38-59-7a63a72104f8","https://openstat.psa.gov.ph/PXWeb/pxweb/en/DB/DB__1E__IE/0081E3AIES0.px"
"NATIONAL CAPITAL REGION","Fifth Decile","Average Income   (in thousand pesos)","379.77","","2026-08-03T09-38-59-7a63a72104f8","https://openstat.psa.gov.ph/PXWeb/pxweb/en/DB/DB__1E__IE/0081E3AIES0.px"
"NATIONAL CAPITAL REGION","Fifth Decile","Average Expenditure  (in thousand pesos)","299.21","","2026-08-03T09-38-59-7a63a72104f8","https://openstat.psa.gov.ph/PXWeb/pxweb/en/DB/DB__1E__IE/0081E3AIES0.px"
"NATIONAL CAPITAL REGION","Fifth Decile","Average Savings  (in thousand pesos)","80.56","","2026-08-03T09-38-59-7a63a72104f8","https://openstat.psa.gov.ph/PXWeb/pxweb/en/DB/DB__1E__IE/0081E3AIES0.px"
"NATIONAL CAPITAL REGION","Sixth Decile","Average Income   (in thousand pesos)","417.65","","2026-08-03T09-38-59-7a63a72104f8","https://openstat.psa.gov.ph/PXWeb/pxweb/en/DB/DB__1E__IE/0081E3AIES0.px"
"NATIONAL CAPITAL REGION","Sixth Decile","Average Expenditure  (in thousand pesos)","320.56","","2026-08-03T09-38-59-7a63a72104f8","https://openstat.psa.gov.ph/PXWeb/pxweb/en/DB/DB__1E__IE/0081E3AIES0.px"
"NATIONAL CAPITAL REGION","Sixth Decile","Average Savings  (in thousand pesos)","97.1","","2026-08-03T09-38-59-7a63a72104f8","https://openstat.psa.gov.ph/PXWeb/pxweb/en/DB/DB__1E__IE/0081E3AIES0.px"
"NATIONAL CAPITAL REGION","Seventh Decile","Average Income   (in thousand pesos)","461.7","","2026-08-03T09-38-59-7a63a72104f8","https://openstat.psa.gov.ph/PXWeb/pxweb/en/DB/DB__1E__IE/0081E3AIES0.px"
"NATIONAL CAPITAL REGION","Seventh Decile","Average Expenditure  (in thousand pesos)","345.27","","2026-08-03T09-38-59-7a63a72104f8","https://openstat.psa.gov.ph/PXWeb/pxweb/en/DB/DB__1E__IE/0081E3AIES0.px"
"NATIONAL CAPITAL REGION","Seventh Decile","Average Savings  (in thousand pesos)","116.42","","2026-08-03T09-38-59-7a63a72104f8","https://openstat.psa.gov.ph/PXWeb/pxweb/en/DB/DB__1E__IE/0081E3AIES0.px"
"NATIONAL CAPITAL REGION","Eighth Decile","Average Income   (in thousand pesos)","511.83","","2026-08-03T09-38-59-7a63a72104f8","https://openstat.psa.gov.ph/PXWeb/pxweb/en/DB/DB__1E__IE/0081E3AIES0.px"
"NATIONAL CAPITAL REGION","Eighth Decile","Average Expenditure  (in thousand pesos)","367.87","","2026-08-03T09-38-59-7a63a72104f8","https://openstat.psa.gov.ph/PXWeb/pxweb/en/DB/DB__1E__IE/0081E3AIES0.px"
"NATIONAL CAPITAL REGION","Eighth Decile","Average Savings  (in thousand pesos)","143.96","","2026-08-03T09-38-59-7a63a72104f8","https://openstat.psa.gov.ph/PXWeb/pxweb/en/DB/DB__1E__IE/0081E3AIES0.px"
"NATIONAL CAPITAL REGION","Ninth Decile","Average Income   (in thousand pesos)","574.99","","2026-08-03T09-38-59-7a63a72104f8","https://openstat.psa.gov.ph/PXWeb/pxweb/en/DB/DB__1E__IE/0081E3AIES0.px"
"NATIONAL CAPITAL REGION","Ninth Decile","Average Expenditure  (in thousand pesos)","404.66","","2026-08-03T09-38-59-7a63a72104f8","https://openstat.psa.gov.ph/PXWeb/pxweb/en/DB/DB__1E__IE/0081E3AIES0.px"
"NATIONAL CAPITAL REGION","Ninth Decile","Average Savings  (in thousand pesos)","170.33","","2026-08-03T09-38-59-7a63a72104f8","https://openstat.psa.gov.ph/PXWeb/pxweb/en/DB/DB__1E__IE/0081E3AIES0.px"
"NATIONAL CAPITAL REGION","Tenth Decile","Average Income   (in thousand pesos)","1048.62","","2026-08-03T09-38-59-7a63a72104f8","https://openstat.psa.gov.ph/PXWeb/pxweb/en/DB/DB__1E__IE/0081E3AIES0.px"
"NATIONAL CAPITAL REGION","Tenth Decile","Average Expenditure  (in thousand pesos)","675.82","","2026-08-03T09-38-59-7a63a72104f8","https://openstat.psa.gov.ph/PXWeb/pxweb/en/DB/DB__1E__IE/0081E3AIES0.px"
"NATIONAL CAPITAL REGION","Tenth Decile","Average Savings  (in thousand pesos)","372.8","","2026-08-03T09-38-59-7a63a72104f8","https://openstat.psa.gov.ph/PXWeb/pxweb/en/DB/DB__1E__IE/0081E3AIES0.px"
"City of Manila","All Income Groups","Average Income   (in thousand pesos)","430.29","","2026-08-03T09-38-59-7a63a72104f8","https://openstat.psa.gov.ph/PXWeb/pxweb/en/DB/DB__1E__IE/0081E3AIES0.px"
"City of Manila","All Income Groups","Average Expenditure  (in thousand pesos)","347.77","","2026-08-03T09-38-59-7a63a72104f8","https://openstat.psa.gov.ph/PXWeb/pxweb/en/DB/DB__1E__IE/0081E3AIES0.px"
"City of Manila","All Income Groups","Average Savings  (in thousand pesos)","82.52","","2026-08-03T09-38-59-7a63a72104f8","https://openstat.psa.gov.ph/PXWeb/pxweb/en/DB/DB__1E__IE/0081E3AIES0.px"
"City of Manila","First Decile","Average Income   (in thousand pesos)","211.33","","2026-08-03T09-38-59-7a63a72104f8","https://openstat.psa.gov.ph/PXWeb/pxweb/en/DB/DB__1E__IE/0081E3AIES0.px"
"City of Manila","First Decile","Average Expenditure  (in thousand pesos)","220.86","","2026-08-03T09-38-59-7a63a72104f8","https://openstat.psa.gov.ph/PXWeb/pxweb/en/DB/DB__1E__IE/0081E3AIES0.px"
"City of Manila","First Decile","Average Savings  (in thousand pesos)","-9.53","","2026-08-03T09-38-59-7a63a72104f8","https://openstat.psa.gov.ph/PXWeb/pxweb/en/DB/DB__1E__IE/0081E3AIES0.px"
"City of Manila","Second Decile","Average Income   (in thousand pesos)","292.57","","2026-08-03T09-38-59-7a63a72104f8","https://openstat.psa.gov.ph/PXWeb/pxweb/en/DB/DB__1E__IE/0081E3AIES0.px"
"City of Manila","Second Decile","Average Expenditure  (in thousand pesos)","277.68","","2026-08-03T09-38-59-7a63a72104f8","https://openstat.psa.gov.ph/PXWeb/pxweb/en/DB/DB__1E__IE/0081E3AIES0.px"
"City of Manila","Second Decile","Average Savings  (in thousand pesos)","14.9","","2026-08-03T09-38-59-7a63a72104f8","https://openstat.psa.gov.ph/PXWeb/pxweb/en/DB/DB__1E__IE/0081E3AIES0.px"
"City of Manila","Third Decile","Average Income   (in thousand pesos)","324.17","","2026-08-03T09-38-59-7a63a72104f8","https://openstat.psa.gov.ph/PXWeb/pxweb/en/DB/DB__1E__IE/0081E3AIES0.px"
"City of Manila","Third Decile","Average Expenditure  (in thousand pesos)","297.58","","2026-08-03T09-38-59-7a63a72104f8","https://openstat.psa.gov.ph/PXWeb/pxweb/en/DB/DB__1E__IE/0081E3AIES0.px"
"City of Manila","Third Decile","Average Savings  (in thousand pesos)","26.6","","2026-08-03T09-38-59-7a63a72104f8","https://openstat.psa.gov.ph/PXWeb/pxweb/en/DB/DB__1E__IE/0081E3AIES0.px"
"City of Manila","Fourth Decile","Average Income   (in thousand pesos)","352.22","","2026-08-03T09-38-59-7a63a72104f8","https://openstat.psa.gov.ph/PXWeb/pxweb/en/DB/DB__1E__IE/0081E3AIES0.px"
"City of Manila","Fourth Decile","Average Expenditure  (in thousand pesos)","312.82","","2026-08-03T09-38-59-7a63a72104f8","https://openstat.psa.gov.ph/PXWeb/pxweb/en/DB/DB__1E__IE/0081E3AIES0.px"
"City of Manila","Fourth Decile","Average Savings  (in thousand pesos)","39.4","","2026-08-03T09-38-59-7a63a72104f8","https://openstat.psa.gov.ph/PXWeb/pxweb/en/DB/DB__1E__IE/0081E3AIES0.px"
"City of Manila","Fifth Decile","Average Income   (in thousand pesos)","363.3","","2026-08-03T09-38-59-7a63a72104f8","https://openstat.psa.gov.ph/PXWeb/pxweb/en/DB/DB__1E__IE/0081E3AIES0.px"
"City of Manila","Fifth Decile","Average Expenditure  (in thousand pesos)","315.74","","2026-08-03T09-38-59-7a63a72104f8","https://openstat.psa.gov.ph/PXWeb/pxweb/en/DB/DB__1E__IE/0081E3AIES0.px"
"City of Manila","Fifth Decile","Average Savings  (in thousand pesos)","47.56","","2026-08-03T09-38-59-7a63a72104f8","https://openstat.psa.gov.ph/PXWeb/pxweb/en/DB/DB__1E__IE/0081E3AIES0.px"
"City of Manila","Sixth Decile","Average Income   (in thousand pesos)","398.01","","2026-08-03T09-38-59-7a63a72104f8","https://openstat.psa.gov.ph/PXWeb/pxweb/en/DB/DB__1E__IE/0081E3AIES0.px"
"City of Manila","Sixth Decile","Average Expenditure  (in thousand pesos)","327.82","","2026-08-03T09-38-59-7a63a72104f8","https://openstat.psa.gov.ph/PXWeb/pxweb/en/DB/DB__1E__IE/0081E3AIES0.px"
"City of Manila","Sixth Decile","Average Savings  (in thousand pesos)","70.19","","2026-08-03T09-38-59-7a63a72104f8","https://openstat.psa.gov.ph/PXWeb/pxweb/en/DB/DB__1E__IE/0081E3AIES0.px"
"City of Manila","Seventh Decile","Average Income   (in thousand pesos)","447.62","","2026-08-03T09-38-59-7a63a72104f8","https://openstat.psa.gov.ph/PXWeb/pxweb/en/DB/DB__1E__IE/0081E3AIES0.px"
"City of Manila","Seventh Decile","Average Expenditure  (in thousand pesos)","365.43","","2026-08-03T09-38-59-7a63a72104f8","https://openstat.psa.gov.ph/PXWeb/pxweb/en/DB/DB__1E__IE/0081E3AIES0.px"
"City of Manila","Seventh Decile","Average Savings  (in thousand pesos)","82.19","","2026-08-03T09-38-59-7a63a72104f8","https://openstat.psa.gov.ph/PXWeb/pxweb/en/DB/DB__1E__IE/0081E3AIES0.px"
"City of Manila","Eighth Decile","Average Income   (in thousand pesos)","531.78","","2026-08-03T09-38-59-7a63a72104f8","https://openstat.psa.gov.ph/PXWeb/pxweb/en/DB/DB__1E__IE/0081E3AIES0.px"
"City of Manila","Eighth Decile","Average Expenditure  (in thousand pesos)","408.17","","2026-08-03T09-38-59-7a63a72104f8","https://openstat.psa.gov.ph/PXWeb/pxweb/en/DB/DB__1E__IE/0081E3AIES0.px"
"City of Manila","Eighth Decile","Average Savings  (in thousand pesos)","123.6","","2026-08-03T09-38-59-7a63a72104f8","https://openstat.psa.gov.ph/PXWeb/pxweb/en/DB/DB__1E__IE/0081E3AIES0.px"
"City of Manila","Ninth Decile","Average Income   (in thousand pesos)","545.6","","2026-08-03T09-38-59-7a63a72104f8","https://openstat.psa.gov.ph/PXWeb/pxweb/en/DB/DB__1E__IE/0081E3AIES0.px"
"City of Manila","Ninth Decile","Average Expenditure  (in thousand pesos)","392.32","","2026-08-03T09-38-59-7a63a72104f8","https://openstat.psa.gov.ph/PXWeb/pxweb/en/DB/DB__1E__IE/0081E3AIES0.px"
"City of Manila","Ninth Decile","Average Savings  (in thousand pesos)","153.29","","2026-08-03T09-38-59-7a63a72104f8","https://openstat.psa.gov.ph/PXWeb/pxweb/en/DB/DB__1E__IE/0081E3AIES0.px"
"City of Manila","Tenth Decile","Average Income   (in thousand pesos)","833.51","","2026-08-03T09-38-59-7a63a72104f8","https://openstat.psa.gov.ph/PXWeb/pxweb/en/DB/DB__1E__IE/0081E3AIES0.px"
"City of Manila","Tenth Decile","Average Expenditure  (in thousand pesos)","557.93","","2026-08-03T09-38-59-7a63a72104f8","https://openstat.psa.gov.ph/PXWeb/pxweb/en/DB/DB__1E__IE/0081E3AIES0.px"
"City of Manila","Tenth Decile","Average Savings  (in thousand pesos)","275.57","","2026-08-03T09-38-59-7a63a72104f8","https://openstat.psa.gov.ph/PXWeb/pxweb/en/DB/DB__1E__IE/0081E3AIES0.px"
"City of Mandaluyong","All Income Groups","Average Income   (in thousand pesos)","593.6","","2026-08-03T09-38-59-7a63a72104f8","https://openstat.psa.gov.ph/PXWeb/pxweb/en/DB/DB__1E__IE/0081E3AIES0.px"
"City of Mandaluyong","All Income Groups","Average Expenditure  (in thousand pesos)","452.93","","2026-08-03T09-38-59-7a63a72104f8","https://openstat.psa.gov.ph/PXWeb/pxweb/en/DB/DB__1E__IE/0081E3AIES0.px"
"City of Mandaluyong","All Income Groups","Average Savings  (in thousand pesos)","140.67","","2026-08-03T09-38-59-7a63a72104f8","https://openstat.psa.gov.ph/PXWeb/pxweb/en/DB/DB__1E__IE/0081E3AIES0.px"
"City of Mandaluyong","First Decile","Average Income   (in thousand pesos)","300.29","","2026-08-03T09-38-59-7a63a72104f8","https://openstat.psa.gov.ph/PXWeb/pxweb/en/DB/DB__1E__IE/0081E3AIES0.px"
"City of Mandaluyong","First Decile","Average Expenditure  (in thousand pesos)","297.98","","2026-08-03T09-38-59-7a63a72104f8","https://openstat.psa.gov.ph/PXWeb/pxweb/en/DB/DB__1E__IE/0081E3AIES0.px"
"City of Mandaluyong","First Decile","Average Savings  (in thousand pesos)","2.31","","2026-08-03T09-38-59-7a63a72104f8","https://openstat.psa.gov.ph/PXWeb/pxweb/en/DB/DB__1E__IE/0081E3AIES0.px"
"City of Mandaluyong","Second Decile","Average Income   (in thousand pesos)","355.13","","2026-08-03T09-38-59-7a63a72104f8","https://openstat.psa.gov.ph/PXWeb/pxweb/en/DB/DB__1E__IE/0081E3AIES0.px"
"City of Mandaluyong","Second Decile","Average Expenditure  (in thousand pesos)","319.75","","2026-08-03T09-38-59-7a63a72104f8","https://openstat.psa.gov.ph/PXWeb/pxweb/en/DB/DB__1E__IE/0081E3AIES0.px"
"City of Mandaluyong","Second Decile","Average Savings  (in thousand pesos)","35.38","","2026-08-03T09-38-59-7a63a72104f8","https://openstat.psa.gov.ph/PXWeb/pxweb/en/DB/DB__1E__IE/0081E3AIES0.px"
"City of Mandaluyong","Third Decile","Average Income   (in thousand pesos)","423.31","","2026-08-03T09-38-59-7a63a72104f8","https://openstat.psa.gov.ph/PXWeb/pxweb/en/DB/DB__1E__IE/0081E3AIES0.px"
"City of Mandaluyong","Third Decile","Average Expenditure  (in thousand pesos)","367.63","","2026-08-03T09-38-59-7a63a72104f8","https://openstat.psa.gov.ph/PXWeb/pxweb/en/DB/DB__1E__IE/0081E3AIES0.px"
"City of Mandaluyong","Third Decile","Average Savings  (in thousand pesos)","55.68","","2026-08-03T09-38-59-7a63a72104f8","https://openstat.psa.gov.ph/PXWeb/pxweb/en/DB/DB__1E__IE/0081E3AIES0.px"
"City of Mandaluyong","Fourth Decile","Average Income   (in thousand pesos)","418.36","","2026-08-03T09-38-59-7a63a72104f8","https://openstat.psa.gov.ph/PXWeb/pxweb/en/DB/DB__1E__IE/0081E3AIES0.px"
"City of Mandaluyong","Fourth Decile","Average Expenditure  (in thousand pesos)","361.42","","2026-08-03T09-38-59-7a63a72104f8","https://openstat.psa.gov.ph/PXWeb/pxweb/en/DB/DB__1E__IE/0081E3AIES0.px"
"City of Mandaluyong","Fourth Decile","Average Savings  (in thousand pesos)","56.93","","2026-08-03T09-38-59-7a63a72104f8","https://openstat.psa.gov.ph/PXWeb/pxweb/en/DB/DB__1E__IE/0081E3AIES0.px"
"City of Mandaluyong","Fifth Decile","Average Income   (in thousand pesos)","471.26","","2026-08-03T09-38-59-7a63a72104f8","https://openstat.psa.gov.ph/PXWeb/pxweb/en/DB/DB__1E__IE/0081E3AIES0.px"
"City of Mandaluyong","Fifth Decile","Average Expenditure  (in thousand pesos)","366.65","","2026-08-03T09-38-59-7a63a72104f8","https://openstat.psa.gov.ph/PXWeb/pxweb/en/DB/DB__1E__IE/0081E3AIES0.px"
"City of Mandaluyong","Fifth Decile","Average Savings  (in thousand pesos)","104.62","","2026-08-03T09-38-59-7a63a72104f8","https://openstat.psa.gov.ph/PXWeb/pxweb/en/DB/DB__1E__IE/0081E3AIES0.px"
"City of Mandaluyong","Sixth Decile","Average Income   (in thousand pesos)","512.01","","2026-08-03T09-38-59-7a63a72104f8","https://openstat.psa.gov.ph/PXWeb/pxweb/en/DB/DB__1E__IE/0081E3AIES0.px"
"City of Mandaluyong","Sixth Decile","Average Expenditure  (in thousand pesos)","395.57","","2026-08-03T09-38-59-7a63a72104f8","https://openstat.psa.gov.ph/PXWeb/pxweb/en/DB/DB__1E__IE/0081E3AIES0.px"
"City of Mandaluyong","Sixth Decile","Average Savings  (in thousand pesos)","116.44","","2026-08-03T09-38-59-7a63a72104f8","https://openstat.psa.gov.ph/PXWeb/pxweb/en/DB/DB__1E__IE/0081E3AIES0.px"
"City of Mandaluyong","Seventh Decile","Average Income   (in thousand pesos)","574.65","","2026-08-03T09-38-59-7a63a72104f8","https://openstat.psa.gov.ph/PXWeb/pxweb/en/DB/DB__1E__IE/0081E3AIES0.px"
"City of Mandaluyong","Seventh Decile","Average Expenditure  (in thousand pesos)","423.99","","2026-08-03T09-38-59-7a63a72104f8","https://openstat.psa.gov.ph/PXWeb/pxweb/en/DB/DB__1E__IE/0081E3AIES0.px"
"City of Mandaluyong","Seventh Decile","Average Savings  (in thousand pesos)","150.66","","2026-08-03T09-38-59-7a63a72104f8","https://openstat.psa.gov.ph/PXWeb/pxweb/en/DB/DB__1E__IE/0081E3AIES0.px"
"City of Mandaluyong","Eighth Decile","Average Income   (in thousand pesos)","717.35","","2026-08-03T09-38-59-7a63a72104f8","https://openstat.psa.gov.ph/PXWeb/pxweb/en/DB/DB__1E__IE/0081E3AIES0.px"
"City of Mandaluyong","Eighth Decile","Average Expenditure  (in thousand pesos)","554.92","","2026-08-03T09-38-59-7a63a72104f8","https://openstat.psa.gov.ph/PXWeb/pxweb/en/DB/DB__1E__IE/0081E3AIES0.px"
"City of Mandaluyong","Eighth Decile","Average Savings  (in thousand pesos)","162.44","","2026-08-03T09-38-59-7a63a72104f8","https://openstat.psa.gov.ph/PXWeb/pxweb/en/DB/DB__1E__IE/0081E3AIES0.px"
"City of Mandaluyong","Ninth Decile","Average Income   (in thousand pesos)","791.69","","2026-08-03T09-38-59-7a63a72104f8","https://openstat.psa.gov.ph/PXWeb/pxweb/en/DB/DB__1E__IE/0081E3AIES0.px"
"City of Mandaluyong","Ninth Decile","Average Expenditure  (in thousand pesos)","584.58","","2026-08-03T09-38-59-7a63a72104f8","https://openstat.psa.gov.ph/PXWeb/pxweb/en/DB/DB__1E__IE/0081E3AIES0.px"
"City of Mandaluyong","Ninth Decile","Average Savings  (in thousand pesos)","207.11","","2026-08-03T09-38-59-7a63a72104f8","https://openstat.psa.gov.ph/PXWeb/pxweb/en/DB/DB__1E__IE/0081E3AIES0.px"
"City of Mandaluyong","Tenth Decile","Average Income   (in thousand pesos)","1366.75","","2026-08-03T09-38-59-7a63a72104f8","https://openstat.psa.gov.ph/PXWeb/pxweb/en/DB/DB__1E__IE/0081E3AIES0.px"
"City of Mandaluyong","Tenth Decile","Average Expenditure  (in thousand pesos)","854.31","","2026-08-03T09-38-59-7a63a72104f8","https://openstat.psa.gov.ph/PXWeb/pxweb/en/DB/DB__1E__IE/0081E3AIES0.px"
"City of Mandaluyong","Tenth Decile","Average Savings  (in thousand pesos)","512.44","","2026-08-03T09-38-59-7a63a72104f8","https://openstat.psa.gov.ph/PXWeb/pxweb/en/DB/DB__1E__IE/0081E3AIES0.px"
"City of San Juan","All Income Groups","Average Income   (in thousand pesos)","751.17","","2026-08-03T09-38-59-7a63a72104f8","https://openstat.psa.gov.ph/PXWeb/pxweb/en/DB/DB__1E__IE/0081E3AIES0.px"
"City of San Juan","All Income Groups","Average Expenditure  (in thousand pesos)","578.23","","2026-08-03T09-38-59-7a63a72104f8","https://openstat.psa.gov.ph/PXWeb/pxweb/en/DB/DB__1E__IE/0081E3AIES0.px"
"City of San Juan","All Income Groups","Average Savings  (in thousand pesos)","172.93","","2026-08-03T09-38-59-7a63a72104f8","https://openstat.psa.gov.ph/PXWeb/pxweb/en/DB/DB__1E__IE/0081E3AIES0.px"
"City of San Juan","First Decile","Average Income   (in thousand pesos)","292.91","","2026-08-03T09-38-59-7a63a72104f8","https://openstat.psa.gov.ph/PXWeb/pxweb/en/DB/DB__1E__IE/0081E3AIES0.px"
"City of San Juan","First Decile","Average Expenditure  (in thousand pesos)","286.26","","2026-08-03T09-38-59-7a63a72104f8","https://openstat.psa.gov.ph/PXWeb/pxweb/en/DB/DB__1E__IE/0081E3AIES0.px"
"City of San Juan","First Decile","Average Savings  (in thousand pesos)","6.65","","2026-08-03T09-38-59-7a63a72104f8","https://openstat.psa.gov.ph/PXWeb/pxweb/en/DB/DB__1E__IE/0081E3AIES0.px"
"City of San Juan","Second Decile","Average Income   (in thousand pesos)","435.26","","2026-08-03T09-38-59-7a63a72104f8","https://openstat.psa.gov.ph/PXWeb/pxweb/en/DB/DB__1E__IE/0081E3AIES0.px"
"City of San Juan","Second Decile","Average Expenditure  (in thousand pesos)","379.81","","2026-08-03T09-38-59-7a63a72104f8","https://openstat.psa.gov.ph/PXWeb/pxweb/en/DB/DB__1E__IE/0081E3AIES0.px"
"City of San Juan","Second Decile","Average Savings  (in thousand pesos)","55.45","","2026-08-03T09-38-59-7a63a72104f8","https://openstat.psa.gov.ph/PXWeb/pxweb/en/DB/DB__1E__IE/0081E3AIES0.px"
"City of San Juan","Third Decile","Average Income   (in thousand pesos)","458.96","","2026-08-03T09-38-59-7a63a72104f8","https://openstat.psa.gov.ph/PXWeb/pxweb/en/DB/DB__1E__IE/0081E3AIES0.px"
"City of San Juan","Third Decile","Average Expenditure  (in thousand pesos)","401.88","","2026-08-03T09-38-59-7a63a72104f8","https://openstat.psa.gov.ph/PXWeb/pxweb/en/DB/DB__1E__IE/0081E3AIES0.px"
"City of San Juan","Third Decile","Average Savings  (in thousand pesos)","57.08","","2026-08-03T09-38-59-7a63a72104f8","https://openstat.psa.gov.ph/PXWeb/pxweb/en/DB/DB__1E__IE/0081E3AIES0.px"
"City of San Juan","Fourth Decile","Average Income   (in thousand pesos)","463.28","","2026-08-03T09-38-59-7a63a72104f8","https://openstat.psa.gov.ph/PXWeb/pxweb/en/DB/DB__1E__IE/0081E3AIES0.px"
"City of San Juan","Fourth Decile","Average Expenditure  (in thousand pesos)","378.21","","2026-08-03T09-38-59-7a63a72104f8","https://openstat.psa.gov.ph/PXWeb/pxweb/en/DB/DB__1E__IE/0081E3AIES0.px"
"City of San Juan","Fourth Decile","Average Savings  (in thousand pesos)","85.07","","2026-08-03T09-38-59-7a63a72104f8","https://openstat.psa.gov.ph/PXWeb/pxweb/en/DB/DB__1E__IE/0081E3AIES0.px"
"City of San Juan","Fifth Decile","Average Income   (in thousand pesos)","559.88","","2026-08-03T09-38-59-7a63a72104f8","https://openstat.psa.gov.ph/PXWeb/pxweb/en/DB/DB__1E__IE/0081E3AIES0.px"
"City of San Juan","Fifth Decile","Average Expenditure  (in thousand pesos)","447.17","","2026-08-03T09-38-59-7a63a72104f8","https://openstat.psa.gov.ph/PXWeb/pxweb/en/DB/DB__1E__IE/0081E3AIES0.px"
"City of San Juan","Fifth Decile","Average Savings  (in thousand pesos)","112.71","","2026-08-03T09-38-59-7a63a72104f8","https://openstat.psa.gov.ph/PXWeb/pxweb/en/DB/DB__1E__IE/0081E3AIES0.px"
"City of San Juan","Sixth Decile","Average Income   (in thousand pesos)","592.02","","2026-08-03T09-38-59-7a63a72104f8","https://openstat.psa.gov.ph/PXWeb/pxweb/en/DB/DB__1E__IE/0081E3AIES0.px"
"City of San Juan","Sixth Decile","Average Expenditure  (in thousand pesos)","470.14","","2026-08-03T09-38-59-7a63a72104f8","https://openstat.psa.gov.ph/PXWeb/pxweb/en/DB/DB__1E__IE/0081E3AIES0.px"
"City of San Juan","Sixth Decile","Average Savings  (in thousand pesos)","121.88","","2026-08-03T09-38-59-7a63a72104f8","https://openstat.psa.gov.ph/PXWeb/pxweb/en/DB/DB__1E__IE/0081E3AIES0.px"
"City of San Juan","Seventh Decile","Average Income   (in thousand pesos)","703.05","","2026-08-03T09-38-59-7a63a72104f8","https://openstat.psa.gov.ph/PXWeb/pxweb/en/DB/DB__1E__IE/0081E3AIES0.px"
"City of San Juan","Seventh Decile","Average Expenditure  (in thousand pesos)","600.99","","2026-08-03T09-38-59-7a63a72104f8","https://openstat.psa.gov.ph/PXWeb/pxweb/en/DB/DB__1E__IE/0081E3AIES0.px"
"City of San Juan","Seventh Decile","Average Savings  (in thousand pesos)","102.06","","2026-08-03T09-38-59-7a63a72104f8","https://openstat.psa.gov.ph/PXWeb/pxweb/en/DB/DB__1E__IE/0081E3AIES0.px"
"City of San Juan","Eighth Decile","Average Income   (in thousand pesos)","721.53","","2026-08-03T09-38-59-7a63a72104f8","https://openstat.psa.gov.ph/PXWeb/pxweb/en/DB/DB__1E__IE/0081E3AIES0.px"
"City of San Juan","Eighth Decile","Average Expenditure  (in thousand pesos)","575.57","","2026-08-03T09-38-59-7a63a72104f8","https://openstat.psa.gov.ph/PXWeb/pxweb/en/DB/DB__1E__IE/0081E3AIES0.px"
"City of San Juan","Eighth Decile","Average Savings  (in thousand pesos)","145.96","","2026-08-03T09-38-59-7a63a72104f8","https://openstat.psa.gov.ph/PXWeb/pxweb/en/DB/DB__1E__IE/0081E3AIES0.px"
"City of San Juan","Ninth Decile","Average Income   (in thousand pesos)","1183.76","","2026-08-03T09-38-59-7a63a72104f8","https://openstat.psa.gov.ph/PXWeb/pxweb/en/DB/DB__1E__IE/0081E3AIES0.px"
"City of San Juan","Ninth Decile","Average Expenditure  (in thousand pesos)","962.42","","2026-08-03T09-38-59-7a63a72104f8","https://openstat.psa.gov.ph/PXWeb/pxweb/en/DB/DB__1E__IE/0081E3AIES0.px"
"City of San Juan","Ninth Decile","Average Savings  (in thousand pesos)","221.34","","2026-08-03T09-38-59-7a63a72104f8","https://openstat.psa.gov.ph/PXWeb/pxweb/en/DB/DB__1E__IE/0081E3AIES0.px"
"City of San Juan","Tenth Decile","Average Income   (in thousand pesos)","1916.17","","2026-08-03T09-38-59-7a63a72104f8","https://openstat.psa.gov.ph/PXWeb/pxweb/en/DB/DB__1E__IE/0081E3AIES0.px"
"City of San Juan","Tenth Decile","Average Expenditure  (in thousand pesos)","1171.04","","2026-08-03T09-38-59-7a63a72104f8","https://openstat.psa.gov.ph/PXWeb/pxweb/en/DB/DB__1E__IE/0081E3AIES0.px"
"City of San Juan","Tenth Decile","Average Savings  (in thousand pesos)","745.13","","2026-08-03T09-38-59-7a63a72104f8","https://openstat.psa.gov.ph/PXWeb/pxweb/en/DB/DB__1E__IE/0081E3AIES0.px"
"Quezon City","All Income Groups","Average Income   (in thousand pesos)","428.43","","2026-08-03T09-38-59-7a63a72104f8","https://openstat.psa.gov.ph/PXWeb/pxweb/en/DB/DB__1E__IE/0081E3AIES0.px"
"Quezon City","All Income Groups","Average Expenditure  (in thousand pesos)","349.49","","2026-08-03T09-38-59-7a63a72104f8","https://openstat.psa.gov.ph/PXWeb/pxweb/en/DB/DB__1E__IE/0081E3AIES0.px"
"Quezon City","All Income Groups","Average Savings  (in thousand pesos)","78.94","","2026-08-03T09-38-59-7a63a72104f8","https://openstat.psa.gov.ph/PXWeb/pxweb/en/DB/DB__1E__IE/0081E3AIES0.px"
"Quezon City","First Decile","Average Income   (in thousand pesos)","245.75","","2026-08-03T09-38-59-7a63a72104f8","https://openstat.psa.gov.ph/PXWeb/pxweb/en/DB/DB__1E__IE/0081E3AIES0.px"
"Quezon City","First Decile","Average Expenditure  (in thousand pesos)","232.21","","2026-08-03T09-38-59-7a63a72104f8","https://openstat.psa.gov.ph/PXWeb/pxweb/en/DB/DB__1E__IE/0081E3AIES0.px"
"Quezon City","First Decile","Average Savings  (in thousand pesos)","13.54","","2026-08-03T09-38-59-7a63a72104f8","https://openstat.psa.gov.ph/PXWeb/pxweb/en/DB/DB__1E__IE/0081E3AIES0.px"
"Quezon City","Second Decile","Average Income   (in thousand pesos)","299.6","","2026-08-03T09-38-59-7a63a72104f8","https://openstat.psa.gov.ph/PXWeb/pxweb/en/DB/DB__1E__IE/0081E3AIES0.px"
"Quezon City","Second Decile","Average Expenditure  (in thousand pesos)","260.8","","2026-08-03T09-38-59-7a63a72104f8","https://openstat.psa.gov.ph/PXWeb/pxweb/en/DB/DB__1E__IE/0081E3AIES0.px"
"Quezon City","Second Decile","Average Savings  (in thousand pesos)","38.8","","2026-08-03T09-38-59-7a63a72104f8","https://openstat.psa.gov.ph/PXWeb/pxweb/en/DB/DB__1E__IE/0081E3AIES0.px"
"Quezon City","Third Decile","Average Income   (in thousand pesos)","298.39","","2026-08-03T09-38-59-7a63a72104f8","https://openstat.psa.gov.ph/PXWeb/pxweb/en/DB/DB__1E__IE/0081E3AIES0.px"
"Quezon City","Third Decile","Average Expenditure  (in thousand pesos)","252.42","","2026-08-03T09-38-59-7a63a72104f8","https://openstat.psa.gov.ph/PXWeb/pxweb/en/DB/DB__1E__IE/0081E3AIES0.px"
"Quezon City","Third Decile","Average Savings  (in thousand pesos)","45.96","","2026-08-03T09-38-59-7a63a72104f8","https://openstat.psa.gov.ph/PXWeb/pxweb/en/DB/DB__1E__IE/0081E3AIES0.px"
"Quezon City","Fourth Decile","Average Income   (in thousand pesos)","347.49","","2026-08-03T09-38-59-7a63a72104f8","https://openstat.psa.gov.ph/PXWeb/pxweb/en/DB/DB__1E__IE/0081E3AIES0.px"
"Quezon City","Fourth Decile","Average Expenditure  (in thousand pesos)","283.07","","2026-08-03T09-38-59-7a63a72104f8","https://openstat.psa.gov.ph/PXWeb/pxweb/en/DB/DB__1E__IE/0081E3AIES0.px"
"Quezon City","Fourth Decile","Average Savings  (in thousand pesos)","64.42","","2026-08-03T09-38-59-7a63a72104f8","https://openstat.psa.gov.ph/PXWeb/pxweb/en/DB/DB__1E__IE/0081E3AIES0.px"
"Quezon City","Fifth Decile","Average Income   (in thousand pesos)","365.83","","2026-08-03T09-38-59-7a63a72104f8","https://openstat.psa.gov.ph/PXWeb/pxweb/en/DB/DB__1E__IE/0081E3AIES0.px"
"Quezon City","Fifth Decile","Average Expenditure  (in thousand pesos)","297.78","","2026-08-03T09-38-59-7a63a72104f8","https://openstat.psa.gov.ph/PXWeb/pxweb/en/DB/DB__1E__IE/0081E3AIES0.px"
"Quezon City","Fifth Decile","Average Savings  (in thousand pesos)","68.05","","2026-08-03T09-38-59-7a63a72104f8","https://openstat.psa.gov.ph/PXWeb/pxweb/en/DB/DB__1E__IE/0081E3AIES0.px"
"Quezon City","Sixth Decile","Average Income   (in thousand pesos)","377.1","","2026-08-03T09-38-59-7a63a72104f8","https://openstat.psa.gov.ph/PXWeb/pxweb/en/DB/DB__1E__IE/0081E3AIES0.px"
"Quezon City","Sixth Decile","Average Expenditure  (in thousand pesos)","306.01","","2026-08-03T09-38-59-7a63a72104f8","https://openstat.psa.gov.ph/PXWeb/pxweb/en/DB/DB__1E__IE/0081E3AIES0.px"
"Quezon City","Sixth Decile","Average Savings  (in thousand pesos)","71.08","","2026-08-03T09-38-59-7a63a72104f8","https://openstat.psa.gov.ph/PXWeb/pxweb/en/DB/DB__1E__IE/0081E3AIES0.px"
"Quezon City","Seventh Decile","Average Income   (in thousand pesos)","440.48","","2026-08-03T09-38-59-7a63a72104f8","https://openstat.psa.gov.ph/PXWeb/pxweb/en/DB/DB__1E__IE/0081E3AIES0.px"
"Quezon City","Seventh Decile","Average Expenditure  (in thousand pesos)","353.37","","2026-08-03T09-38-59-7a63a72104f8","https://openstat.psa.gov.ph/PXWeb/pxweb/en/DB/DB__1E__IE/0081E3AIES0.px"
"Quezon City","Seventh Decile","Average Savings  (in thousand pesos)","87.11","","2026-08-03T09-38-59-7a63a72104f8","https://openstat.psa.gov.ph/PXWeb/pxweb/en/DB/DB__1E__IE/0081E3AIES0.px"
"Quezon City","Eighth Decile","Average Income   (in thousand pesos)","494.56","","2026-08-03T09-38-59-7a63a72104f8","https://openstat.psa.gov.ph/PXWeb/pxweb/en/DB/DB__1E__IE/0081E3AIES0.px"
"Quezon City","Eighth Decile","Average Expenditure  (in thousand pesos)","382.79","","2026-08-03T09-38-59-7a63a72104f8","https://openstat.psa.gov.ph/PXWeb/pxweb/en/DB/DB__1E__IE/0081E3AIES0.px"
"Quezon City","Eighth Decile","Average Savings  (in thousand pesos)","111.77","","2026-08-03T09-38-59-7a63a72104f8","https://openstat.psa.gov.ph/PXWeb/pxweb/en/DB/DB__1E__IE/0081E3AIES0.px"
"Quezon City","Ninth Decile","Average Income   (in thousand pesos)","532.56","","2026-08-03T09-38-59-7a63a72104f8","https://openstat.psa.gov.ph/PXWeb/pxweb/en/DB/DB__1E__IE/0081E3AIES0.px"
"Quezon City","Ninth Decile","Average Expenditure  (in thousand pesos)","411.26","","2026-08-03T09-38-59-7a63a72104f8","https://openstat.psa.gov.ph/PXWeb/pxweb/en/DB/DB__1E__IE/0081E3AIES0.px"
"Quezon City","Ninth Decile","Average Savings  (in thousand pesos)","121.3","","2026-08-03T09-38-59-7a63a72104f8","https://openstat.psa.gov.ph/PXWeb/pxweb/en/DB/DB__1E__IE/0081E3AIES0.px"
"Quezon City","Tenth Decile","Average Income   (in thousand pesos)","879.2","","2026-08-03T09-38-59-7a63a72104f8","https://openstat.psa.gov.ph/PXWeb/pxweb/en/DB/DB__1E__IE/0081E3AIES0.px"
"Quezon City","Tenth Decile","Average Expenditure  (in thousand pesos)","712.69","","2026-08-03T09-38-59-7a63a72104f8","https://openstat.psa.gov.ph/PXWeb/pxweb/en/DB/DB__1E__IE/0081E3AIES0.px"
"Quezon City","Tenth Decile","Average Savings  (in thousand pesos)","166.51","","2026-08-03T09-38-59-7a63a72104f8","https://openstat.psa.gov.ph/PXWeb/pxweb/en/DB/DB__1E__IE/0081E3AIES0.px"
"City of Marikina","All Income Groups","Average Income   (in thousand pesos)","496.04","","2026-08-03T09-38-59-7a63a72104f8","https://openstat.psa.gov.ph/PXWeb/pxweb/en/DB/DB__1E__IE/0081E3AIES0.px"
"City of Marikina","All Income Groups","Average Expenditure  (in thousand pesos)","402.09","","2026-08-03T09-38-59-7a63a72104f8","https://openstat.psa.gov.ph/PXWeb/pxweb/en/DB/DB__1E__IE/0081E3AIES0.px"
"City of Marikina","All Income Groups","Average Savings  (in thousand pesos)","93.95","","2026-08-03T09-38-59-7a63a72104f8","https://openstat.psa.gov.ph/PXWeb/pxweb/en/DB/DB__1E__IE/0081E3AIES0.px"
"City of Marikina","First Decile","Average Income   (in thousand pesos)","253.96","","2026-08-03T09-38-59-7a63a72104f8","https://openstat.psa.gov.ph/PXWeb/pxweb/en/DB/DB__1E__IE/0081E3AIES0.px"
"City of Marikina","First Decile","Average Expenditure  (in thousand pesos)","238.16","","2026-08-03T09-38-59-7a63a72104f8","https://openstat.psa.gov.ph/PXWeb/pxweb/en/DB/DB__1E__IE/0081E3AIES0.px"
"City of Marikina","First Decile","Average Savings  (in thousand pesos)","15.8","","2026-08-03T09-38-59-7a63a72104f8","https://openstat.psa.gov.ph/PXWeb/pxweb/en/DB/DB__1E__IE/0081E3AIES0.px"
"City of Marikina","Second Decile","Average Income   (in thousand pesos)","301.5","","2026-08-03T09-38-59-7a63a72104f8","https://openstat.psa.gov.ph/PXWeb/pxweb/en/DB/DB__1E__IE/0081E3AIES0.px"
"City of Marikina","Second Decile","Average Expenditure  (in thousand pesos)","266.95","","2026-08-03T09-38-59-7a63a72104f8","https://openstat.psa.gov.ph/PXWeb/pxweb/en/DB/DB__1E__IE/0081E3AIES0.px"
"City of Marikina","Second Decile","Average Savings  (in thousand pesos)","34.55","","2026-08-03T09-38-59-7a63a72104f8","https://openstat.psa.gov.ph/PXWeb/pxweb/en/DB/DB__1E__IE/0081E3AIES0.px"
"City of Marikina","Third Decile","Average Income   (in thousand pesos)","314.61","","2026-08-03T09-38-59-7a63a72104f8","https://openstat.psa.gov.ph/PXWeb/pxweb/en/DB/DB__1E__IE/0081E3AIES0.px"
"City of Marikina","Third Decile","Average Expenditure  (in thousand pesos)","273.45","","2026-08-03T09-38-59-7a63a72104f8","https://openstat.psa.gov.ph/PXWeb/pxweb/en/DB/DB__1E__IE/0081E3AIES0.px"
"City of Marikina","Third Decile","Average Savings  (in thousand pesos)","41.16","","2026-08-03T09-38-59-7a63a72104f8","https://openstat.psa.gov.ph/PXWeb/pxweb/en/DB/DB__1E__IE/0081E3AIES0.px"
"City of Marikina","Fourth Decile","Average Income   (in thousand pesos)","372.1","","2026-08-03T09-38-59-7a63a72104f8","https://openstat.psa.gov.ph/PXWeb/pxweb/en/DB/DB__1E__IE/0081E3AIES0.px"
"City of Marikina","Fourth Decile","Average Expenditure  (in thousand pesos)","313.96","","2026-08-03T09-38-59-7a63a72104f8","https://openstat.psa.gov.ph/PXWeb/pxweb/en/DB/DB__1E__IE/0081E3AIES0.px"
"City of Marikina","Fourth Decile","Average Savings  (in thousand pesos)","58.14","","2026-08-03T09-38-59-7a63a72104f8","https://openstat.psa.gov.ph/PXWeb/pxweb/en/DB/DB__1E__IE/0081E3AIES0.px"
"City of Marikina","Fifth Decile","Average Income   (in thousand pesos)","419.49","","2026-08-03T09-38-59-7a63a72104f8","https://openstat.psa.gov.ph/PXWeb/pxweb/en/DB/DB__1E__IE/0081E3AIES0.px"
"City of Marikina","Fifth Decile","Average Expenditure  (in thousand pesos)","352.87","","2026-08-03T09-38-59-7a63a72104f8","https://openstat.psa.gov.ph/PXWeb/pxweb/en/DB/DB__1E__IE/0081E3AIES0.px"
"City of Marikina","Fifth Decile","Average Savings  (in thousand pesos)","66.62","","2026-08-03T09-38-59-7a63a72104f8","https://openstat.psa.gov.ph/PXWeb/pxweb/en/DB/DB__1E__IE/0081E3AIES0.px"
"City of Marikina","Sixth Decile","Average Income   (in thousand pesos)","451.46","","2026-08-03T09-38-59-7a63a72104f8","https://openstat.psa.gov.ph/PXWeb/pxweb/en/DB/DB__1E__IE/0081E3AIES0.px"
"City of Marikina","Sixth Decile","Average Expenditure  (in thousand pesos)","356.77","","2026-08-03T09-38-59-7a63a72104f8","https://openstat.psa.gov.ph/PXWeb/pxweb/en/DB/DB__1E__IE/0081E3AIES0.px"
"City of Marikina","Sixth Decile","Average Savings  (in thousand pesos)","94.68","","2026-08-03T09-38-59-7a63a72104f8","https://openstat.psa.gov.ph/PXWeb/pxweb/en/DB/DB__1E__IE/0081E3AIES0.px"
"City of Marikina","Seventh Decile","Average Income   (in thousand pesos)","526.45","","2026-08-03T09-38-59-7a63a72104f8","https://openstat.psa.gov.ph/PXWeb/pxweb/en/DB/DB__1E__IE/0081E3AIES0.px"
"City of Marikina","Seventh Decile","Average Expenditure  (in thousand pesos)","431.07","","2026-08-03T09-38-59-7a63a72104f8","https://openstat.psa.gov.ph/PXWeb/pxweb/en/DB/DB__1E__IE/0081E3AIES0.px"
"City of Marikina","Seventh Decile","Average Savings  (in thousand pesos)","95.38","","2026-08-03T09-38-59-7a63a72104f8","https://openstat.psa.gov.ph/PXWeb/pxweb/en/DB/DB__1E__IE/0081E3AIES0.px"
"City of Marikina","Eighth Decile","Average Income   (in thousand pesos)","550.13","","2026-08-03T09-38-59-7a63a72104f8","https://openstat.psa.gov.ph/PXWeb/pxweb/en/DB/DB__1E__IE/0081E3AIES0.px"
"City of Marikina","Eighth Decile","Average Expenditure  (in thousand pesos)","467.36","","2026-08-03T09-38-59-7a63a72104f8","https://openstat.psa.gov.ph/PXWeb/pxweb/en/DB/DB__1E__IE/0081E3AIES0.px"
"City of Marikina","Eighth Decile","Average Savings  (in thousand pesos)","82.77","","2026-08-03T09-38-59-7a63a72104f8","https://openstat.psa.gov.ph/PXWeb/pxweb/en/DB/DB__1E__IE/0081E3AIES0.px"
"City of Marikina","Ninth Decile","Average Income   (in thousand pesos)","671.21","","2026-08-03T09-38-59-7a63a72104f8","https://openstat.psa.gov.ph/PXWeb/pxweb/en/DB/DB__1E__IE/0081E3AIES0.px"
"City of Marikina","Ninth Decile","Average Expenditure  (in thousand pesos)","519.34","","2026-08-03T09-38-59-7a63a72104f8","https://openstat.psa.gov.ph/PXWeb/pxweb/en/DB/DB__1E__IE/0081E3AIES0.px"
"City of Marikina","Ninth Decile","Average Savings  (in thousand pesos)","151.87","","2026-08-03T09-38-59-7a63a72104f8","https://openstat.psa.gov.ph/PXWeb/pxweb/en/DB/DB__1E__IE/0081E3AIES0.px"
"City of Marikina","Tenth Decile","Average Income   (in thousand pesos)","1096.79","","2026-08-03T09-38-59-7a63a72104f8","https://openstat.psa.gov.ph/PXWeb/pxweb/en/DB/DB__1E__IE/0081E3AIES0.px"
"City of Marikina","Tenth Decile","Average Expenditure  (in thousand pesos)","799.08","","2026-08-03T09-38-59-7a63a72104f8","https://openstat.psa.gov.ph/PXWeb/pxweb/en/DB/DB__1E__IE/0081E3AIES0.px"
"City of Marikina","Tenth Decile","Average Savings  (in thousand pesos)","297.71","","2026-08-03T09-38-59-7a63a72104f8","https://openstat.psa.gov.ph/PXWeb/pxweb/en/DB/DB__1E__IE/0081E3AIES0.px"
"City of Pasig","All Income Groups","Average Income   (in thousand pesos)","526.18","","2026-08-03T09-38-59-7a63a72104f8","https://openstat.psa.gov.ph/PXWeb/pxweb/en/DB/DB__1E__IE/0081E3AIES0.px"
"City of Pasig","All Income Groups","Average Expenditure  (in thousand pesos)","379.18","","2026-08-03T09-38-59-7a63a72104f8","https://openstat.psa.gov.ph/PXWeb/pxweb/en/DB/DB__1E__IE/0081E3AIES0.px"
"City of Pasig","All Income Groups","Average Savings  (in thousand pesos)","147","","2026-08-03T09-38-59-7a63a72104f8","https://openstat.psa.gov.ph/PXWeb/pxweb/en/DB/DB__1E__IE/0081E3AIES0.px"
"City of Pasig","First Decile","Average Income   (in thousand pesos)","231.04","","2026-08-03T09-38-59-7a63a72104f8","https://openstat.psa.gov.ph/PXWeb/pxweb/en/DB/DB__1E__IE/0081E3AIES0.px"
"City of Pasig","First Decile","Average Expenditure  (in thousand pesos)","215.85","","2026-08-03T09-38-59-7a63a72104f8","https://openstat.psa.gov.ph/PXWeb/pxweb/en/DB/DB__1E__IE/0081E3AIES0.px"
"City of Pasig","First Decile","Average Savings  (in thousand pesos)","15.19","","2026-08-03T09-38-59-7a63a72104f8","https://openstat.psa.gov.ph/PXWeb/pxweb/en/DB/DB__1E__IE/0081E3AIES0.px"
"City of Pasig","Second Decile","Average Income   (in thousand pesos)","288.29","","2026-08-03T09-38-59-7a63a72104f8","https://openstat.psa.gov.ph/PXWeb/pxweb/en/DB/DB__1E__IE/0081E3AIES0.px"
"City of Pasig","Second Decile","Average Expenditure  (in thousand pesos)","247.79","","2026-08-03T09-38-59-7a63a72104f8","https://openstat.psa.gov.ph/PXWeb/pxweb/en/DB/DB__1E__IE/0081E3AIES0.px"
"City of Pasig","Second Decile","Average Savings  (in thousand pesos)","40.5","","2026-08-03T09-38-59-7a63a72104f8","https://openstat.psa.gov.ph/PXWeb/pxweb/en/DB/DB__1E__IE/0081E3AIES0.px"
"City of Pasig","Third Decile","Average Income   (in thousand pesos)","346.53","","2026-08-03T09-38-59-7a63a72104f8","https://openstat.psa.gov.ph/PXWeb/pxweb/en/DB/DB__1E__IE/0081E3AIES0.px"
"City of Pasig","Third Decile","Average Expenditure  (in thousand pesos)","285.54","","2026-08-03T09-38-59-7a63a72104f8","https://openstat.psa.gov.ph/PXWeb/pxweb/en/DB/DB__1E__IE/0081E3AIES0.px"
"City of Pasig","Third Decile","Average Savings  (in thousand pesos)","61","","2026-08-03T09-38-59-7a63a72104f8","https://openstat.psa.gov.ph/PXWeb/pxweb/en/DB/DB__1E__IE/0081E3AIES0.px"
"City of Pasig","Fourth Decile","Average Income   (in thousand pesos)","368.23","","2026-08-03T09-38-59-7a63a72104f8","https://openstat.psa.gov.ph/PXWeb/pxweb/en/DB/DB__1E__IE/0081E3AIES0.px"
"City of Pasig","Fourth Decile","Average Expenditure  (in thousand pesos)","296.21","","2026-08-03T09-38-59-7a63a72104f8","https://openstat.psa.gov.ph/PXWeb/pxweb/en/DB/DB__1E__IE/0081E3AIES0.px"
"City of Pasig","Fourth Decile","Average Savings  (in thousand pesos)","72.02","","2026-08-03T09-38-59-7a63a72104f8","https://openstat.psa.gov.ph/PXWeb/pxweb/en/DB/DB__1E__IE/0081E3AIES0.px"
"City of Pasig","Fifth Decile","Average Income   (in thousand pesos)","444.3","","2026-08-03T09-38-59-7a63a72104f8","https://openstat.psa.gov.ph/PXWeb/pxweb/en/DB/DB__1E__IE/0081E3AIES0.px"
"City of Pasig","Fifth Decile","Average Expenditure  (in thousand pesos)","337.08","","2026-08-03T09-38-59-7a63a72104f8","https://openstat.psa.gov.ph/PXWeb/pxweb/en/DB/DB__1E__IE/0081E3AIES0.px"
"City of Pasig","Fifth Decile","Average Savings  (in thousand pesos)","107.22","","2026-08-03T09-38-59-7a63a72104f8","https://openstat.psa.gov.ph/PXWeb/pxweb/en/DB/DB__1E__IE/0081E3AIES0.px"
"City of Pasig","Sixth Decile","Average Income   (in thousand pesos)","485.18","","2026-08-03T09-38-59-7a63a72104f8","https://openstat.psa.gov.ph/PXWeb/pxweb/en/DB/DB__1E__IE/0081E3AIES0.px"
"City of Pasig","Sixth Decile","Average Expenditure  (in thousand pesos)","358.52","","2026-08-03T09-38-59-7a63a72104f8","https://openstat.psa.gov.ph/PXWeb/pxweb/en/DB/DB__1E__IE/0081E3AIES0.px"
"City of Pasig","Sixth Decile","Average Savings  (in thousand pesos)","126.66","","2026-08-03T09-38-59-7a63a72104f8","https://openstat.psa.gov.ph/PXWeb/pxweb/en/DB/DB__1E__IE/0081E3AIES0.px"
"City of Pasig","Seventh Decile","Average Income   (in thousand pesos)","558.44","","2026-08-03T09-38-59-7a63a72104f8","https://openstat.psa.gov.ph/PXWeb/pxweb/en/DB/DB__1E__IE/0081E3AIES0.px"
"City of Pasig","Seventh Decile","Average Expenditure  (in thousand pesos)","396.34","","2026-08-03T09-38-59-7a63a72104f8","https://openstat.psa.gov.ph/PXWeb/pxweb/en/DB/DB__1E__IE/0081E3AIES0.px"
"City of Pasig","Seventh Decile","Average Savings  (in thousand pesos)","162.1","","2026-08-03T09-38-59-7a63a72104f8","https://openstat.psa.gov.ph/PXWeb/pxweb/en/DB/DB__1E__IE/0081E3AIES0.px"
"City of Pasig","Eighth Decile","Average Income   (in thousand pesos)","545.5","","2026-08-03T09-38-59-7a63a72104f8","https://openstat.psa.gov.ph/PXWeb/pxweb/en/DB/DB__1E__IE/0081E3AIES0.px"
"City of Pasig","Eighth Decile","Average Expenditure  (in thousand pesos)","388.89","","2026-08-03T09-38-59-7a63a72104f8","https://openstat.psa.gov.ph/PXWeb/pxweb/en/DB/DB__1E__IE/0081E3AIES0.px"
"City of Pasig","Eighth Decile","Average Savings  (in thousand pesos)","156.62","","2026-08-03T09-38-59-7a63a72104f8","https://openstat.psa.gov.ph/PXWeb/pxweb/en/DB/DB__1E__IE/0081E3AIES0.px"
"City of Pasig","Ninth Decile","Average Income   (in thousand pesos)","673.71","","2026-08-03T09-38-59-7a63a72104f8","https://openstat.psa.gov.ph/PXWeb/pxweb/en/DB/DB__1E__IE/0081E3AIES0.px"
"City of Pasig","Ninth Decile","Average Expenditure  (in thousand pesos)","454.21","","2026-08-03T09-38-59-7a63a72104f8","https://openstat.psa.gov.ph/PXWeb/pxweb/en/DB/DB__1E__IE/0081E3AIES0.px"
"City of Pasig","Ninth Decile","Average Savings  (in thousand pesos)","219.5","","2026-08-03T09-38-59-7a63a72104f8","https://openstat.psa.gov.ph/PXWeb/pxweb/en/DB/DB__1E__IE/0081E3AIES0.px"
"City of Pasig","Tenth Decile","Average Income   (in thousand pesos)","1318.07","","2026-08-03T09-38-59-7a63a72104f8","https://openstat.psa.gov.ph/PXWeb/pxweb/en/DB/DB__1E__IE/0081E3AIES0.px"
"City of Pasig","Tenth Decile","Average Expenditure  (in thousand pesos)","809.97","","2026-08-03T09-38-59-7a63a72104f8","https://openstat.psa.gov.ph/PXWeb/pxweb/en/DB/DB__1E__IE/0081E3AIES0.px"
"City of Pasig","Tenth Decile","Average Savings  (in thousand pesos)","508.1","","2026-08-03T09-38-59-7a63a72104f8","https://openstat.psa.gov.ph/PXWeb/pxweb/en/DB/DB__1E__IE/0081E3AIES0.px"
"City of Caloocan","All Income Groups","Average Income   (in thousand pesos)","350.48","","2026-08-03T09-38-59-7a63a72104f8","https://openstat.psa.gov.ph/PXWeb/pxweb/en/DB/DB__1E__IE/0081E3AIES0.px"
"City of Caloocan","All Income Groups","Average Expenditure  (in thousand pesos)","264.62","","2026-08-03T09-38-59-7a63a72104f8","https://openstat.psa.gov.ph/PXWeb/pxweb/en/DB/DB__1E__IE/0081E3AIES0.px"
"City of Caloocan","All Income Groups","Average Savings  (in thousand pesos)","85.86","","2026-08-03T09-38-59-7a63a72104f8","https://openstat.psa.gov.ph/PXWeb/pxweb/en/DB/DB__1E__IE/0081E3AIES0.px"
"City of Caloocan","First Decile","Average Income   (in thousand pesos)","222.25","","2026-08-03T09-38-59-7a63a72104f8","https://openstat.psa.gov.ph/PXWeb/pxweb/en/DB/DB__1E__IE/0081E3AIES0.px"
"City of Caloocan","First Decile","Average Expenditure  (in thousand pesos)","211.57","","2026-08-03T09-38-59-7a63a72104f8","https://openstat.psa.gov.ph/PXWeb/pxweb/en/DB/DB__1E__IE/0081E3AIES0.px"
"City of Caloocan","First Decile","Average Savings  (in thousand pesos)","10.68","","2026-08-03T09-38-59-7a63a72104f8","https://openstat.psa.gov.ph/PXWeb/pxweb/en/DB/DB__1E__IE/0081E3AIES0.px"
"City of Caloocan","Second Decile","Average Income   (in thousand pesos)","255.26","","2026-08-03T09-38-59-7a63a72104f8","https://openstat.psa.gov.ph/PXWeb/pxweb/en/DB/DB__1E__IE/0081E3AIES0.px"
"City of Caloocan","Second Decile","Average Expenditure  (in thousand pesos)","226.3","","2026-08-03T09-38-59-7a63a72104f8","https://openstat.psa.gov.ph/PXWeb/pxweb/en/DB/DB__1E__IE/0081E3AIES0.px"
"City of Caloocan","Second Decile","Average Savings  (in thousand pesos)","28.95","","2026-08-03T09-38-59-7a63a72104f8","https://openstat.psa.gov.ph/PXWeb/pxweb/en/DB/DB__1E__IE/0081E3AIES0.px"
"City of Caloocan","Third Decile","Average Income   (in thousand pesos)","264.91","","2026-08-03T09-38-59-7a63a72104f8","https://openstat.psa.gov.ph/PXWeb/pxweb/en/DB/DB__1E__IE/0081E3AIES0.px"
"City of Caloocan","Third Decile","Average Expenditure  (in thousand pesos)","222.16","","2026-08-03T09-38-59-7a63a72104f8","https://openstat.psa.gov.ph/PXWeb/pxweb/en/DB/DB__1E__IE/0081E3AIES0.px"
"City of Caloocan","Third Decile","Average Savings  (in thousand pesos)","42.75","","2026-08-03T09-38-59-7a63a72104f8","https://openstat.psa.gov.ph/PXWeb/pxweb/en/DB/DB__1E__IE/0081E3AIES0.px"
"City of Caloocan","Fourth Decile","Average Income   (in thousand pesos)","306.69","","2026-08-03T09-38-59-7a63a72104f8","https://openstat.psa.gov.ph/PXWeb/pxweb/en/DB/DB__1E__IE/0081E3AIES0.px"
"City of Caloocan","Fourth Decile","Average Expenditure  (in thousand pesos)","242.54","","2026-08-03T09-38-59-7a63a72104f8","https://openstat.psa.gov.ph/PXWeb/pxweb/en/DB/DB__1E__IE/0081E3AIES0.px"
"City of Caloocan","Fourth Decile","Average Savings  (in thousand pesos)","64.15","","2026-08-03T09-38-59-7a63a72104f8","https://openstat.psa.gov.ph/PXWeb/pxweb/en/DB/DB__1E__IE/0081E3AIES0.px"
"City of Caloocan","Fifth Decile","Average Income   (in thousand pesos)","333.31","","2026-08-03T09-38-59-7a63a72104f8","https://openstat.psa.gov.ph/PXWeb/pxweb/en/DB/DB__1E__IE/0081E3AIES0.px"
"City of Caloocan","Fifth Decile","Average Expenditure  (in thousand pesos)","258.86","","2026-08-03T09-38-59-7a63a72104f8","https://openstat.psa.gov.ph/PXWeb/pxweb/en/DB/DB__1E__IE/0081E3AIES0.px"
"City of Caloocan","Fifth Decile","Average Savings  (in thousand pesos)","74.45","","2026-08-03T09-38-59-7a63a72104f8","https://openstat.psa.gov.ph/PXWeb/pxweb/en/DB/DB__1E__IE/0081E3AIES0.px"
"City of Caloocan","Sixth Decile","Average Income   (in thousand pesos)","348.85","","2026-08-03T09-38-59-7a63a72104f8","https://openstat.psa.gov.ph/PXWeb/pxweb/en/DB/DB__1E__IE/0081E3AIES0.px"
"City of Caloocan","Sixth Decile","Average Expenditure  (in thousand pesos)","267.4","","2026-08-03T09-38-59-7a63a72104f8","https://openstat.psa.gov.ph/PXWeb/pxweb/en/DB/DB__1E__IE/0081E3AIES0.px"
"City of Caloocan","Sixth Decile","Average Savings  (in thousand pesos)","81.45","","2026-08-03T09-38-59-7a63a72104f8","https://openstat.psa.gov.ph/PXWeb/pxweb/en/DB/DB__1E__IE/0081E3AIES0.px"
"City of Caloocan","Seventh Decile","Average Income   (in thousand pesos)","389.48","","2026-08-03T09-38-59-7a63a72104f8","https://openstat.psa.gov.ph/PXWeb/pxweb/en/DB/DB__1E__IE/0081E3AIES0.px"
"City of Caloocan","Seventh Decile","Average Expenditure  (in thousand pesos)","283.04","","2026-08-03T09-38-59-7a63a72104f8","https://openstat.psa.gov.ph/PXWeb/pxweb/en/DB/DB__1E__IE/0081E3AIES0.px"
"City of Caloocan","Seventh Decile","Average Savings  (in thousand pesos)","106.44","","2026-08-03T09-38-59-7a63a72104f8","https://openstat.psa.gov.ph/PXWeb/pxweb/en/DB/DB__1E__IE/0081E3AIES0.px"
"City of Caloocan","Eighth Decile","Average Income   (in thousand pesos)","411.61","","2026-08-03T09-38-59-7a63a72104f8","https://openstat.psa.gov.ph/PXWeb/pxweb/en/DB/DB__1E__IE/0081E3AIES0.px"
"City of Caloocan","Eighth Decile","Average Expenditure  (in thousand pesos)","286.18","","2026-08-03T09-38-59-7a63a72104f8","https://openstat.psa.gov.ph/PXWeb/pxweb/en/DB/DB__1E__IE/0081E3AIES0.px"
"City of Caloocan","Eighth Decile","Average Savings  (in thousand pesos)","125.43","","2026-08-03T09-38-59-7a63a72104f8","https://openstat.psa.gov.ph/PXWeb/pxweb/en/DB/DB__1E__IE/0081E3AIES0.px"
"City of Caloocan","Ninth Decile","Average Income   (in thousand pesos)","431.29","","2026-08-03T09-38-59-7a63a72104f8","https://openstat.psa.gov.ph/PXWeb/pxweb/en/DB/DB__1E__IE/0081E3AIES0.px"
"City of Caloocan","Ninth Decile","Average Expenditure  (in thousand pesos)","298.53","","2026-08-03T09-38-59-7a63a72104f8","https://openstat.psa.gov.ph/PXWeb/pxweb/en/DB/DB__1E__IE/0081E3AIES0.px"
"City of Caloocan","Ninth Decile","Average Savings  (in thousand pesos)","132.77","","2026-08-03T09-38-59-7a63a72104f8","https://openstat.psa.gov.ph/PXWeb/pxweb/en/DB/DB__1E__IE/0081E3AIES0.px"
"City of Caloocan","Tenth Decile","Average Income   (in thousand pesos)","540.16","","2026-08-03T09-38-59-7a63a72104f8","https://openstat.psa.gov.ph/PXWeb/pxweb/en/DB/DB__1E__IE/0081E3AIES0.px"
"City of Caloocan","Tenth Decile","Average Expenditure  (in thousand pesos)","349.17","","2026-08-03T09-38-59-7a63a72104f8","https://openstat.psa.gov.ph/PXWeb/pxweb/en/DB/DB__1E__IE/0081E3AIES0.px"
"City of Caloocan","Tenth Decile","Average Savings  (in thousand pesos)","190.99","","2026-08-03T09-38-59-7a63a72104f8","https://openstat.psa.gov.ph/PXWeb/pxweb/en/DB/DB__1E__IE/0081E3AIES0.px"
"City of Malabon","All Income Groups","Average Income   (in thousand pesos)","339.21","","2026-08-03T09-38-59-7a63a72104f8","https://openstat.psa.gov.ph/PXWeb/pxweb/en/DB/DB__1E__IE/0081E3AIES0.px"
"City of Malabon","All Income Groups","Average Expenditure  (in thousand pesos)","265.16","","2026-08-03T09-38-59-7a63a72104f8","https://openstat.psa.gov.ph/PXWeb/pxweb/en/DB/DB__1E__IE/0081E3AIES0.px"
"City of Malabon","All Income Groups","Average Savings  (in thousand pesos)","74.05","","2026-08-03T09-38-59-7a63a72104f8","https://openstat.psa.gov.ph/PXWeb/pxweb/en/DB/DB__1E__IE/0081E3AIES0.px"
"City of Malabon","First Decile","Average Income   (in thousand pesos)","209.17","","2026-08-03T09-38-59-7a63a72104f8","https://openstat.psa.gov.ph/PXWeb/pxweb/en/DB/DB__1E__IE/0081E3AIES0.px"
"City of Malabon","First Decile","Average Expenditure  (in thousand pesos)","193.94","","2026-08-03T09-38-59-7a63a72104f8","https://openstat.psa.gov.ph/PXWeb/pxweb/en/DB/DB__1E__IE/0081E3AIES0.px"
"City of Malabon","First Decile","Average Savings  (in thousand pesos)","15.24","","2026-08-03T09-38-59-7a63a72104f8","https://openstat.psa.gov.ph/PXWeb/pxweb/en/DB/DB__1E__IE/0081E3AIES0.px"
"City of Malabon","Second Decile","Average Income   (in thousand pesos)","232.94","","2026-08-03T09-38-59-7a63a72104f8","https://openstat.psa.gov.ph/PXWeb/pxweb/en/DB/DB__1E__IE/0081E3AIES0.px"
"City of Malabon","Second Decile","Average Expenditure  (in thousand pesos)","204.82","","2026-08-03T09-38-59-7a63a72104f8","https://openstat.psa.gov.ph/PXWeb/pxweb/en/DB/DB__1E__IE/0081E3AIES0.px"
"City of Malabon","Second Decile","Average Savings  (in thousand pesos)","28.12","","2026-08-03T09-38-59-7a63a72104f8","https://openstat.psa.gov.ph/PXWeb/pxweb/en/DB/DB__1E__IE/0081E3AIES0.px"
"City of Malabon","Third Decile","Average Income   (in thousand pesos)","264.48","","2026-08-03T09-38-59-7a63a72104f8","https://openstat.psa.gov.ph/PXWeb/pxweb/en/DB/DB__1E__IE/0081E3AIES0.px"
"City of Malabon","Third Decile","Average Expenditure  (in thousand pesos)","225.24","","2026-08-03T09-38-59-7a63a72104f8","https://openstat.psa.gov.ph/PXWeb/pxweb/en/DB/DB__1E__IE/0081E3AIES0.px"
"City of Malabon","Third Decile","Average Savings  (in thousand pesos)","39.24","","2026-08-03T09-38-59-7a63a72104f8","https://openstat.psa.gov.ph/PXWeb/pxweb/en/DB/DB__1E__IE/0081E3AIES0.px"
"City of Malabon","Fourth Decile","Average Income   (in thousand pesos)","284.92","","2026-08-03T09-38-59-7a63a72104f8","https://openstat.psa.gov.ph/PXWeb/pxweb/en/DB/DB__1E__IE/0081E3AIES0.px"
"City of Malabon","Fourth Decile","Average Expenditure  (in thousand pesos)","235.18","","2026-08-03T09-38-59-7a63a72104f8","https://openstat.psa.gov.ph/PXWeb/pxweb/en/DB/DB__1E__IE/0081E3AIES0.px"
"City of Malabon","Fourth Decile","Average Savings  (in thousand pesos)","49.74","","2026-08-03T09-38-59-7a63a72104f8","https://openstat.psa.gov.ph/PXWeb/pxweb/en/DB/DB__1E__IE/0081E3AIES0.px"
"City of Malabon","Fifth Decile","Average Income   (in thousand pesos)","295.49","","2026-08-03T09-38-59-7a63a72104f8","https://openstat.psa.gov.ph/PXWeb/pxweb/en/DB/DB__1E__IE/0081E3AIES0.px"
"City of Malabon","Fifth Decile","Average Expenditure  (in thousand pesos)","234.46","","2026-08-03T09-38-59-7a63a72104f8","https://openstat.psa.gov.ph/PXWeb/pxweb/en/DB/DB__1E__IE/0081E3AIES0.px"
"City of Malabon","Fifth Decile","Average Savings  (in thousand pesos)","61.03","","2026-08-03T09-38-59-7a63a72104f8","https://openstat.psa.gov.ph/PXWeb/pxweb/en/DB/DB__1E__IE/0081E3AIES0.px"
"City of Malabon","Sixth Decile","Average Income   (in thousand pesos)","354.58","","2026-08-03T09-38-59-7a63a72104f8","https://openstat.psa.gov.ph/PXWeb/pxweb/en/DB/DB__1E__IE/0081E3AIES0.px"
"City of Malabon","Sixth Decile","Average Expenditure  (in thousand pesos)","278.14","","2026-08-03T09-38-59-7a63a72104f8","https://openstat.psa.gov.ph/PXWeb/pxweb/en/DB/DB__1E__IE/0081E3AIES0.px"
"City of Malabon","Sixth Decile","Average Savings  (in thousand pesos)","76.44","","2026-08-03T09-38-59-7a63a72104f8","https://openstat.psa.gov.ph/PXWeb/pxweb/en/DB/DB__1E__IE/0081E3AIES0.px"
"City of Malabon","Seventh Decile","Average Income   (in thousand pesos)","368","","2026-08-03T09-38-59-7a63a72104f8","https://openstat.psa.gov.ph/PXWeb/pxweb/en/DB/DB__1E__IE/0081E3AIES0.px"
"City of Malabon","Seventh Decile","Average Expenditure  (in thousand pesos)","282","","2026-08-03T09-38-59-7a63a72104f8","https://openstat.psa.gov.ph/PXWeb/pxweb/en/DB/DB__1E__IE/0081E3AIES0.px"
"City of Malabon","Seventh Decile","Average Savings  (in thousand pesos)","86","","2026-08-03T09-38-59-7a63a72104f8","https://openstat.psa.gov.ph/PXWeb/pxweb/en/DB/DB__1E__IE/0081E3AIES0.px"
"City of Malabon","Eighth Decile","Average Income   (in thousand pesos)","359.07","","2026-08-03T09-38-59-7a63a72104f8","https://openstat.psa.gov.ph/PXWeb/pxweb/en/DB/DB__1E__IE/0081E3AIES0.px"
"City of Malabon","Eighth Decile","Average Expenditure  (in thousand pesos)","273.42","","2026-08-03T09-38-59-7a63a72104f8","https://openstat.psa.gov.ph/PXWeb/pxweb/en/DB/DB__1E__IE/0081E3AIES0.px"
"City of Malabon","Eighth Decile","Average Savings  (in thousand pesos)","85.64","","2026-08-03T09-38-59-7a63a72104f8","https://openstat.psa.gov.ph/PXWeb/pxweb/en/DB/DB__1E__IE/0081E3AIES0.px"
"City of Malabon","Ninth Decile","Average Income   (in thousand pesos)","463.53","","2026-08-03T09-38-59-7a63a72104f8","https://openstat.psa.gov.ph/PXWeb/pxweb/en/DB/DB__1E__IE/0081E3AIES0.px"
"City of Malabon","Ninth Decile","Average Expenditure  (in thousand pesos)","336.54","","2026-08-03T09-38-59-7a63a72104f8","https://openstat.psa.gov.ph/PXWeb/pxweb/en/DB/DB__1E__IE/0081E3AIES0.px"
"City of Malabon","Ninth Decile","Average Savings  (in thousand pesos)","126.99","","2026-08-03T09-38-59-7a63a72104f8","https://openstat.psa.gov.ph/PXWeb/pxweb/en/DB/DB__1E__IE/0081E3AIES0.px"
"City of Malabon","Tenth Decile","Average Income   (in thousand pesos)","558.39","","2026-08-03T09-38-59-7a63a72104f8","https://openstat.psa.gov.ph/PXWeb/pxweb/en/DB/DB__1E__IE/0081E3AIES0.px"
"City of Malabon","Tenth Decile","Average Expenditure  (in thousand pesos)","387.02","","2026-08-03T09-38-59-7a63a72104f8","https://openstat.psa.gov.ph/PXWeb/pxweb/en/DB/DB__1E__IE/0081E3AIES0.px"
"City of Malabon","Tenth Decile","Average Savings  (in thousand pesos)","171.37","","2026-08-03T09-38-59-7a63a72104f8","https://openstat.psa.gov.ph/PXWeb/pxweb/en/DB/DB__1E__IE/0081E3AIES0.px"
"City of Navotas","All Income Groups","Average Income   (in thousand pesos)","300.34","","2026-08-03T09-38-59-7a63a72104f8","https://openstat.psa.gov.ph/PXWeb/pxweb/en/DB/DB__1E__IE/0081E3AIES0.px"
"City of Navotas","All Income Groups","Average Expenditure  (in thousand pesos)","245.31","","2026-08-03T09-38-59-7a63a72104f8","https://openstat.psa.gov.ph/PXWeb/pxweb/en/DB/DB__1E__IE/0081E3AIES0.px"
"City of Navotas","All Income Groups","Average Savings  (in thousand pesos)","55.03","","2026-08-03T09-38-59-7a63a72104f8","https://openstat.psa.gov.ph/PXWeb/pxweb/en/DB/DB__1E__IE/0081E3AIES0.px"
"City of Navotas","First Decile","Average Income   (in thousand pesos)","206.16","","2026-08-03T09-38-59-7a63a72104f8","https://openstat.psa.gov.ph/PXWeb/pxweb/en/DB/DB__1E__IE/0081E3AIES0.px"
"City of Navotas","First Decile","Average Expenditure  (in thousand pesos)","197.55","","2026-08-03T09-38-59-7a63a72104f8","https://openstat.psa.gov.ph/PXWeb/pxweb/en/DB/DB__1E__IE/0081E3AIES0.px"
"City of Navotas","First Decile","Average Savings  (in thousand pesos)","8.61","","2026-08-03T09-38-59-7a63a72104f8","https://openstat.psa.gov.ph/PXWeb/pxweb/en/DB/DB__1E__IE/0081E3AIES0.px"
"City of Navotas","Second Decile","Average Income   (in thousand pesos)","224.73","","2026-08-03T09-38-59-7a63a72104f8","https://openstat.psa.gov.ph/PXWeb/pxweb/en/DB/DB__1E__IE/0081E3AIES0.px"
"City of Navotas","Second Decile","Average Expenditure  (in thousand pesos)","203.98","","2026-08-03T09-38-59-7a63a72104f8","https://openstat.psa.gov.ph/PXWeb/pxweb/en/DB/DB__1E__IE/0081E3AIES0.px"
"City of Navotas","Second Decile","Average Savings  (in thousand pesos)","20.75","","2026-08-03T09-38-59-7a63a72104f8","https://openstat.psa.gov.ph/PXWeb/pxweb/en/DB/DB__1E__IE/0081E3AIES0.px"
"City of Navotas","Third Decile","Average Income   (in thousand pesos)","269.29","","2026-08-03T09-38-59-7a63a72104f8","https://openstat.psa.gov.ph/PXWeb/pxweb/en/DB/DB__1E__IE/0081E3AIES0.px"
"City of Navotas","Third Decile","Average Expenditure  (in thousand pesos)","237.78","","2026-08-03T09-38-59-7a63a72104f8","https://openstat.psa.gov.ph/PXWeb/pxweb/en/DB/DB__1E__IE/0081E3AIES0.px"
"City of Navotas","Third Decile","Average Savings  (in thousand pesos)","31.51","","2026-08-03T09-38-59-7a63a72104f8","https://openstat.psa.gov.ph/PXWeb/pxweb/en/DB/DB__1E__IE/0081E3AIES0.px"
"City of Navotas","Fourth Decile","Average Income   (in thousand pesos)","257.62","","2026-08-03T09-38-59-7a63a72104f8","https://openstat.psa.gov.ph/PXWeb/pxweb/en/DB/DB__1E__IE/0081E3AIES0.px"
"City of Navotas","Fourth Decile","Average Expenditure  (in thousand pesos)","222","","2026-08-03T09-38-59-7a63a72104f8","https://openstat.psa.gov.ph/PXWeb/pxweb/en/DB/DB__1E__IE/0081E3AIES0.px"
"City of Navotas","Fourth Decile","Average Savings  (in thousand pesos)","35.62","","2026-08-03T09-38-59-7a63a72104f8","https://openstat.psa.gov.ph/PXWeb/pxweb/en/DB/DB__1E__IE/0081E3AIES0.px"
"City of Navotas","Fifth Decile","Average Income   (in thousand pesos)","276.64","","2026-08-03T09-38-59-7a63a72104f8","https://openstat.psa.gov.ph/PXWeb/pxweb/en/DB/DB__1E__IE/0081E3AIES0.px"
"City of Navotas","Fifth Decile","Average Expenditure  (in thousand pesos)","232.92","","2026-08-03T09-38-59-7a63a72104f8","https://openstat.psa.gov.ph/PXWeb/pxweb/en/DB/DB__1E__IE/0081E3AIES0.px"
"City of Navotas","Fifth Decile","Average Savings  (in thousand pesos)","43.73","","2026-08-03T09-38-59-7a63a72104f8","https://openstat.psa.gov.ph/PXWeb/pxweb/en/DB/DB__1E__IE/0081E3AIES0.px"
"City of Navotas","Sixth Decile","Average Income   (in thousand pesos)","301","","2026-08-03T09-38-59-7a63a72104f8","https://openstat.psa.gov.ph/PXWeb/pxweb/en/DB/DB__1E__IE/0081E3AIES0.px"
"City of Navotas","Sixth Decile","Average Expenditure  (in thousand pesos)","243.27","","2026-08-03T09-38-59-7a63a72104f8","https://openstat.psa.gov.ph/PXWeb/pxweb/en/DB/DB__1E__IE/0081E3AIES0.px"
"City of Navotas","Sixth Decile","Average Savings  (in thousand pesos)","57.73","","2026-08-03T09-38-59-7a63a72104f8","https://openstat.psa.gov.ph/PXWeb/pxweb/en/DB/DB__1E__IE/0081E3AIES0.px"
"City of Navotas","Seventh Decile","Average Income   (in thousand pesos)","313.83","","2026-08-03T09-38-59-7a63a72104f8","https://openstat.psa.gov.ph/PXWeb/pxweb/en/DB/DB__1E__IE/0081E3AIES0.px"
"City of Navotas","Seventh Decile","Average Expenditure  (in thousand pesos)","255.83","","2026-08-03T09-38-59-7a63a72104f8","https://openstat.psa.gov.ph/PXWeb/pxweb/en/DB/DB__1E__IE/0081E3AIES0.px"
"City of Navotas","Seventh Decile","Average Savings  (in thousand pesos)","58","","2026-08-03T09-38-59-7a63a72104f8","https://openstat.psa.gov.ph/PXWeb/pxweb/en/DB/DB__1E__IE/0081E3AIES0.px"
"City of Navotas","Eighth Decile","Average Income   (in thousand pesos)","330.53","","2026-08-03T09-38-59-7a63a72104f8","https://openstat.psa.gov.ph/PXWeb/pxweb/en/DB/DB__1E__IE/0081E3AIES0.px"
"City of Navotas","Eighth Decile","Average Expenditure  (in thousand pesos)","255.47","","2026-08-03T09-38-59-7a63a72104f8","https://openstat.psa.gov.ph/PXWeb/pxweb/en/DB/DB__1E__IE/0081E3AIES0.px"
"City of Navotas","Eighth Decile","Average Savings  (in thousand pesos)","75.07","","2026-08-03T09-38-59-7a63a72104f8","https://openstat.psa.gov.ph/PXWeb/pxweb/en/DB/DB__1E__IE/0081E3AIES0.px"
"City of Navotas","Ninth Decile","Average Income   (in thousand pesos)","388.49","","2026-08-03T09-38-59-7a63a72104f8","https://openstat.psa.gov.ph/PXWeb/pxweb/en/DB/DB__1E__IE/0081E3AIES0.px"
"City of Navotas","Ninth Decile","Average Expenditure  (in thousand pesos)","293.95","","2026-08-03T09-38-59-7a63a72104f8","https://openstat.psa.gov.ph/PXWeb/pxweb/en/DB/DB__1E__IE/0081E3AIES0.px"
"City of Navotas","Ninth Decile","Average Savings  (in thousand pesos)","94.54","","2026-08-03T09-38-59-7a63a72104f8","https://openstat.psa.gov.ph/PXWeb/pxweb/en/DB/DB__1E__IE/0081E3AIES0.px"
"City of Navotas","Tenth Decile","Average Income   (in thousand pesos)","434.16","","2026-08-03T09-38-59-7a63a72104f8","https://openstat.psa.gov.ph/PXWeb/pxweb/en/DB/DB__1E__IE/0081E3AIES0.px"
"City of Navotas","Tenth Decile","Average Expenditure  (in thousand pesos)","309.95","","2026-08-03T09-38-59-7a63a72104f8","https://openstat.psa.gov.ph/PXWeb/pxweb/en/DB/DB__1E__IE/0081E3AIES0.px"
"City of Navotas","Tenth Decile","Average Savings  (in thousand pesos)","124.22","","2026-08-03T09-38-59-7a63a72104f8","https://openstat.psa.gov.ph/PXWeb/pxweb/en/DB/DB__1E__IE/0081E3AIES0.px"
"City of Valenzuela","All Income Groups","Average Income   (in thousand pesos)","359.24","","2026-08-03T09-38-59-7a63a72104f8","https://openstat.psa.gov.ph/PXWeb/pxweb/en/DB/DB__1E__IE/0081E3AIES0.px"
"City of Valenzuela","All Income Groups","Average Expenditure  (in thousand pesos)","272.12","","2026-08-03T09-38-59-7a63a72104f8","https://openstat.psa.gov.ph/PXWeb/pxweb/en/DB/DB__1E__IE/0081E3AIES0.px"
"City of Valenzuela","All Income Groups","Average Savings  (in thousand pesos)","87.12","","2026-08-03T09-38-59-7a63a72104f8","https://openstat.psa.gov.ph/PXWeb/pxweb/en/DB/DB__1E__IE/0081E3AIES0.px"
"City of Valenzuela","First Decile","Average Income   (in thousand pesos)","229.1","","2026-08-03T09-38-59-7a63a72104f8","https://openstat.psa.gov.ph/PXWeb/pxweb/en/DB/DB__1E__IE/0081E3AIES0.px"
"City of Valenzuela","First Decile","Average Expenditure  (in thousand pesos)","208.71","","2026-08-03T09-38-59-7a63a72104f8","https://openstat.psa.gov.ph/PXWeb/pxweb/en/DB/DB__1E__IE/0081E3AIES0.px"
"City of Valenzuela","First Decile","Average Savings  (in thousand pesos)","20.39","","2026-08-03T09-38-59-7a63a72104f8","https://openstat.psa.gov.ph/PXWeb/pxweb/en/DB/DB__1E__IE/0081E3AIES0.px"
"City of Valenzuela","Second Decile","Average Income   (in thousand pesos)","248.95","","2026-08-03T09-38-59-7a63a72104f8","https://openstat.psa.gov.ph/PXWeb/pxweb/en/DB/DB__1E__IE/0081E3AIES0.px"
"City of Valenzuela","Second Decile","Average Expenditure  (in thousand pesos)","215","","2026-08-03T09-38-59-7a63a72104f8","https://openstat.psa.gov.ph/PXWeb/pxweb/en/DB/DB__1E__IE/0081E3AIES0.px"
"City of Valenzuela","Second Decile","Average Savings  (in thousand pesos)","33.95","","2026-08-03T09-38-59-7a63a72104f8","https://openstat.psa.gov.ph/PXWeb/pxweb/en/DB/DB__1E__IE/0081E3AIES0.px"
"City of Valenzuela","Third Decile","Average Income   (in thousand pesos)","267.61","","2026-08-03T09-38-59-7a63a72104f8","https://openstat.psa.gov.ph/PXWeb/pxweb/en/DB/DB__1E__IE/0081E3AIES0.px"
"City of Valenzuela","Third Decile","Average Expenditure  (in thousand pesos)","223.93","","2026-08-03T09-38-59-7a63a72104f8","https://openstat.psa.gov.ph/PXWeb/pxweb/en/DB/DB__1E__IE/0081E3AIES0.px"
"City of Valenzuela","Third Decile","Average Savings  (in thousand pesos)","43.67","","2026-08-03T09-38-59-7a63a72104f8","https://openstat.psa.gov.ph/PXWeb/pxweb/en/DB/DB__1E__IE/0081E3AIES0.px"
"City of Valenzuela","Fourth Decile","Average Income   (in thousand pesos)","308.26","","2026-08-03T09-38-59-7a63a72104f8","https://openstat.psa.gov.ph/PXWeb/pxweb/en/DB/DB__1E__IE/0081E3AIES0.px"
"City of Valenzuela","Fourth Decile","Average Expenditure  (in thousand pesos)","257.06","","2026-08-03T09-38-59-7a63a72104f8","https://openstat.psa.gov.ph/PXWeb/pxweb/en/DB/DB__1E__IE/0081E3AIES0.px"
"City of Valenzuela","Fourth Decile","Average Savings  (in thousand pesos)","51.2","","2026-08-03T09-38-59-7a63a72104f8","https://openstat.psa.gov.ph/PXWeb/pxweb/en/DB/DB__1E__IE/0081E3AIES0.px"
"City of Valenzuela","Fifth Decile","Average Income   (in thousand pesos)","352.57","","2026-08-03T09-38-59-7a63a72104f8","https://openstat.psa.gov.ph/PXWeb/pxweb/en/DB/DB__1E__IE/0081E3AIES0.px"
"City of Valenzuela","Fifth Decile","Average Expenditure  (in thousand pesos)","267.88","","2026-08-03T09-38-59-7a63a72104f8","https://openstat.psa.gov.ph/PXWeb/pxweb/en/DB/DB__1E__IE/0081E3AIES0.px"
"City of Valenzuela","Fifth Decile","Average Savings  (in thousand pesos)","84.69","","2026-08-03T09-38-59-7a63a72104f8","https://openstat.psa.gov.ph/PXWeb/pxweb/en/DB/DB__1E__IE/0081E3AIES0.px"
"City of Valenzuela","Sixth Decile","Average Income   (in thousand pesos)","375.92","","2026-08-03T09-38-59-7a63a72104f8","https://openstat.psa.gov.ph/PXWeb/pxweb/en/DB/DB__1E__IE/0081E3AIES0.px"
"City of Valenzuela","Sixth Decile","Average Expenditure  (in thousand pesos)","283.33","","2026-08-03T09-38-59-7a63a72104f8","https://openstat.psa.gov.ph/PXWeb/pxweb/en/DB/DB__1E__IE/0081E3AIES0.px"
"City of Valenzuela","Sixth Decile","Average Savings  (in thousand pesos)","92.59","","2026-08-03T09-38-59-7a63a72104f8","https://openstat.psa.gov.ph/PXWeb/pxweb/en/DB/DB__1E__IE/0081E3AIES0.px"
"City of Valenzuela","Seventh Decile","Average Income   (in thousand pesos)","382.22","","2026-08-03T09-38-59-7a63a72104f8","https://openstat.psa.gov.ph/PXWeb/pxweb/en/DB/DB__1E__IE/0081E3AIES0.px"
"City of Valenzuela","Seventh Decile","Average Expenditure  (in thousand pesos)","278.27","","2026-08-03T09-38-59-7a63a72104f8","https://openstat.psa.gov.ph/PXWeb/pxweb/en/DB/DB__1E__IE/0081E3AIES0.px"
"City of Valenzuela","Seventh Decile","Average Savings  (in thousand pesos)","103.94","","2026-08-03T09-38-59-7a63a72104f8","https://openstat.psa.gov.ph/PXWeb/pxweb/en/DB/DB__1E__IE/0081E3AIES0.px"
"City of Valenzuela","Eighth Decile","Average Income   (in thousand pesos)","424.69","","2026-08-03T09-38-59-7a63a72104f8","https://openstat.psa.gov.ph/PXWeb/pxweb/en/DB/DB__1E__IE/0081E3AIES0.px"
"City of Valenzuela","Eighth Decile","Average Expenditure  (in thousand pesos)","306.88","","2026-08-03T09-38-59-7a63a72104f8","https://openstat.psa.gov.ph/PXWeb/pxweb/en/DB/DB__1E__IE/0081E3AIES0.px"
"City of Valenzuela","Eighth Decile","Average Savings  (in thousand pesos)","117.82","","2026-08-03T09-38-59-7a63a72104f8","https://openstat.psa.gov.ph/PXWeb/pxweb/en/DB/DB__1E__IE/0081E3AIES0.px"
"City of Valenzuela","Ninth Decile","Average Income   (in thousand pesos)","417.53","","2026-08-03T09-38-59-7a63a72104f8","https://openstat.psa.gov.ph/PXWeb/pxweb/en/DB/DB__1E__IE/0081E3AIES0.px"
"City of Valenzuela","Ninth Decile","Average Expenditure  (in thousand pesos)","300.81","","2026-08-03T09-38-59-7a63a72104f8","https://openstat.psa.gov.ph/PXWeb/pxweb/en/DB/DB__1E__IE/0081E3AIES0.px"
"City of Valenzuela","Ninth Decile","Average Savings  (in thousand pesos)","116.72","","2026-08-03T09-38-59-7a63a72104f8","https://openstat.psa.gov.ph/PXWeb/pxweb/en/DB/DB__1E__IE/0081E3AIES0.px"
"City of Valenzuela","Tenth Decile","Average Income   (in thousand pesos)","584.53","","2026-08-03T09-38-59-7a63a72104f8","https://openstat.psa.gov.ph/PXWeb/pxweb/en/DB/DB__1E__IE/0081E3AIES0.px"
"City of Valenzuela","Tenth Decile","Average Expenditure  (in thousand pesos)","378.84","","2026-08-03T09-38-59-7a63a72104f8","https://openstat.psa.gov.ph/PXWeb/pxweb/en/DB/DB__1E__IE/0081E3AIES0.px"
"City of Valenzuela","Tenth Decile","Average Savings  (in thousand pesos)","205.7","","2026-08-03T09-38-59-7a63a72104f8","https://openstat.psa.gov.ph/PXWeb/pxweb/en/DB/DB__1E__IE/0081E3AIES0.px"
"City of Las Piñas","All Income Groups","Average Income   (in thousand pesos)","530.24","","2026-08-03T09-38-59-7a63a72104f8","https://openstat.psa.gov.ph/PXWeb/pxweb/en/DB/DB__1E__IE/0081E3AIES0.px"
"City of Las Piñas","All Income Groups","Average Expenditure  (in thousand pesos)","348.91","","2026-08-03T09-38-59-7a63a72104f8","https://openstat.psa.gov.ph/PXWeb/pxweb/en/DB/DB__1E__IE/0081E3AIES0.px"
"City of Las Piñas","All Income Groups","Average Savings  (in thousand pesos)","181.33","","2026-08-03T09-38-59-7a63a72104f8","https://openstat.psa.gov.ph/PXWeb/pxweb/en/DB/DB__1E__IE/0081E3AIES0.px"
"City of Las Piñas","First Decile","Average Income   (in thousand pesos)","269.02","","2026-08-03T09-38-59-7a63a72104f8","https://openstat.psa.gov.ph/PXWeb/pxweb/en/DB/DB__1E__IE/0081E3AIES0.px"
"City of Las Piñas","First Decile","Average Expenditure  (in thousand pesos)","228.65","","2026-08-03T09-38-59-7a63a72104f8","https://openstat.psa.gov.ph/PXWeb/pxweb/en/DB/DB__1E__IE/0081E3AIES0.px"
"City of Las Piñas","First Decile","Average Savings  (in thousand pesos)","40.37","","2026-08-03T09-38-59-7a63a72104f8","https://openstat.psa.gov.ph/PXWeb/pxweb/en/DB/DB__1E__IE/0081E3AIES0.px"
"City of Las Piñas","Second Decile","Average Income   (in thousand pesos)","328.26","","2026-08-03T09-38-59-7a63a72104f8","https://openstat.psa.gov.ph/PXWeb/pxweb/en/DB/DB__1E__IE/0081E3AIES0.px"
"City of Las Piñas","Second Decile","Average Expenditure  (in thousand pesos)","248.84","","2026-08-03T09-38-59-7a63a72104f8","https://openstat.psa.gov.ph/PXWeb/pxweb/en/DB/DB__1E__IE/0081E3AIES0.px"
"City of Las Piñas","Second Decile","Average Savings  (in thousand pesos)","79.42","","2026-08-03T09-38-59-7a63a72104f8","https://openstat.psa.gov.ph/PXWeb/pxweb/en/DB/DB__1E__IE/0081E3AIES0.px"
"City of Las Piñas","Third Decile","Average Income   (in thousand pesos)","364.21","","2026-08-03T09-38-59-7a63a72104f8","https://openstat.psa.gov.ph/PXWeb/pxweb/en/DB/DB__1E__IE/0081E3AIES0.px"
"City of Las Piñas","Third Decile","Average Expenditure  (in thousand pesos)","268.85","","2026-08-03T09-38-59-7a63a72104f8","https://openstat.psa.gov.ph/PXWeb/pxweb/en/DB/DB__1E__IE/0081E3AIES0.px"
"City of Las Piñas","Third Decile","Average Savings  (in thousand pesos)","95.36","","2026-08-03T09-38-59-7a63a72104f8","https://openstat.psa.gov.ph/PXWeb/pxweb/en/DB/DB__1E__IE/0081E3AIES0.px"
"City of Las Piñas","Fourth Decile","Average Income   (in thousand pesos)","407.88","","2026-08-03T09-38-59-7a63a72104f8","https://openstat.psa.gov.ph/PXWeb/pxweb/en/DB/DB__1E__IE/0081E3AIES0.px"
"City of Las Piñas","Fourth Decile","Average Expenditure  (in thousand pesos)","281.59","","2026-08-03T09-38-59-7a63a72104f8","https://openstat.psa.gov.ph/PXWeb/pxweb/en/DB/DB__1E__IE/0081E3AIES0.px"
"City of Las Piñas","Fourth Decile","Average Savings  (in thousand pesos)","126.28","","2026-08-03T09-38-59-7a63a72104f8","https://openstat.psa.gov.ph/PXWeb/pxweb/en/DB/DB__1E__IE/0081E3AIES0.px"
"City of Las Piñas","Fifth Decile","Average Income   (in thousand pesos)","492.6","","2026-08-03T09-38-59-7a63a72104f8","https://openstat.psa.gov.ph/PXWeb/pxweb/en/DB/DB__1E__IE/0081E3AIES0.px"
"City of Las Piñas","Fifth Decile","Average Expenditure  (in thousand pesos)","320.97","","2026-08-03T09-38-59-7a63a72104f8","https://openstat.psa.gov.ph/PXWeb/pxweb/en/DB/DB__1E__IE/0081E3AIES0.px"
"City of Las Piñas","Fifth Decile","Average Savings  (in thousand pesos)","171.62","","2026-08-03T09-38-59-7a63a72104f8","https://openstat.psa.gov.ph/PXWeb/pxweb/en/DB/DB__1E__IE/0081E3AIES0.px"
"City of Las Piñas","Sixth Decile","Average Income   (in thousand pesos)","500.17","","2026-08-03T09-38-59-7a63a72104f8","https://openstat.psa.gov.ph/PXWeb/pxweb/en/DB/DB__1E__IE/0081E3AIES0.px"
"City of Las Piñas","Sixth Decile","Average Expenditure  (in thousand pesos)","324.24","","2026-08-03T09-38-59-7a63a72104f8","https://openstat.psa.gov.ph/PXWeb/pxweb/en/DB/DB__1E__IE/0081E3AIES0.px"
"City of Las Piñas","Sixth Decile","Average Savings  (in thousand pesos)","175.93","","2026-08-03T09-38-59-7a63a72104f8","https://openstat.psa.gov.ph/PXWeb/pxweb/en/DB/DB__1E__IE/0081E3AIES0.px"
"City of Las Piñas","Seventh Decile","Average Income   (in thousand pesos)","534.39","","2026-08-03T09-38-59-7a63a72104f8","https://openstat.psa.gov.ph/PXWeb/pxweb/en/DB/DB__1E__IE/0081E3AIES0.px"
"City of Las Piñas","Seventh Decile","Average Expenditure  (in thousand pesos)","350.03","","2026-08-03T09-38-59-7a63a72104f8","https://openstat.psa.gov.ph/PXWeb/pxweb/en/DB/DB__1E__IE/0081E3AIES0.px"
"City of Las Piñas","Seventh Decile","Average Savings  (in thousand pesos)","184.36","","2026-08-03T09-38-59-7a63a72104f8","https://openstat.psa.gov.ph/PXWeb/pxweb/en/DB/DB__1E__IE/0081E3AIES0.px"
"City of Las Piñas","Eighth Decile","Average Income   (in thousand pesos)","652.44","","2026-08-03T09-38-59-7a63a72104f8","https://openstat.psa.gov.ph/PXWeb/pxweb/en/DB/DB__1E__IE/0081E3AIES0.px"
"City of Las Piñas","Eighth Decile","Average Expenditure  (in thousand pesos)","410.79","","2026-08-03T09-38-59-7a63a72104f8","https://openstat.psa.gov.ph/PXWeb/pxweb/en/DB/DB__1E__IE/0081E3AIES0.px"
"City of Las Piñas","Eighth Decile","Average Savings  (in thousand pesos)","241.65","","2026-08-03T09-38-59-7a63a72104f8","https://openstat.psa.gov.ph/PXWeb/pxweb/en/DB/DB__1E__IE/0081E3AIES0.px"
"City of Las Piñas","Ninth Decile","Average Income   (in thousand pesos)","770.86","","2026-08-03T09-38-59-7a63a72104f8","https://openstat.psa.gov.ph/PXWeb/pxweb/en/DB/DB__1E__IE/0081E3AIES0.px"
"City of Las Piñas","Ninth Decile","Average Expenditure  (in thousand pesos)","481.28","","2026-08-03T09-38-59-7a63a72104f8","https://openstat.psa.gov.ph/PXWeb/pxweb/en/DB/DB__1E__IE/0081E3AIES0.px"
"City of Las Piñas","Ninth Decile","Average Savings  (in thousand pesos)","289.58","","2026-08-03T09-38-59-7a63a72104f8","https://openstat.psa.gov.ph/PXWeb/pxweb/en/DB/DB__1E__IE/0081E3AIES0.px"
"City of Las Piñas","Tenth Decile","Average Income   (in thousand pesos)","979.5","","2026-08-03T09-38-59-7a63a72104f8","https://openstat.psa.gov.ph/PXWeb/pxweb/en/DB/DB__1E__IE/0081E3AIES0.px"
"City of Las Piñas","Tenth Decile","Average Expenditure  (in thousand pesos)","572.32","","2026-08-03T09-38-59-7a63a72104f8","https://openstat.psa.gov.ph/PXWeb/pxweb/en/DB/DB__1E__IE/0081E3AIES0.px"
"City of Las Piñas","Tenth Decile","Average Savings  (in thousand pesos)","407.18","","2026-08-03T09-38-59-7a63a72104f8","https://openstat.psa.gov.ph/PXWeb/pxweb/en/DB/DB__1E__IE/0081E3AIES0.px"
"City of Muntinlupa","All Income Groups","Average Income   (in thousand pesos)","451.14","","2026-08-03T09-38-59-7a63a72104f8","https://openstat.psa.gov.ph/PXWeb/pxweb/en/DB/DB__1E__IE/0081E3AIES0.px"
"City of Muntinlupa","All Income Groups","Average Expenditure  (in thousand pesos)","335.25","","2026-08-03T09-38-59-7a63a72104f8","https://openstat.psa.gov.ph/PXWeb/pxweb/en/DB/DB__1E__IE/0081E3AIES0.px"
"City of Muntinlupa","All Income Groups","Average Savings  (in thousand pesos)","115.89","","2026-08-03T09-38-59-7a63a72104f8","https://openstat.psa.gov.ph/PXWeb/pxweb/en/DB/DB__1E__IE/0081E3AIES0.px"
"City of Muntinlupa","First Decile","Average Income   (in thousand pesos)","285.33","","2026-08-03T09-38-59-7a63a72104f8","https://openstat.psa.gov.ph/PXWeb/pxweb/en/DB/DB__1E__IE/0081E3AIES0.px"
"City of Muntinlupa","First Decile","Average Expenditure  (in thousand pesos)","247.71","","2026-08-03T09-38-59-7a63a72104f8","https://openstat.psa.gov.ph/PXWeb/pxweb/en/DB/DB__1E__IE/0081E3AIES0.px"
"City of Muntinlupa","First Decile","Average Savings  (in thousand pesos)","37.61","","2026-08-03T09-38-59-7a63a72104f8","https://openstat.psa.gov.ph/PXWeb/pxweb/en/DB/DB__1E__IE/0081E3AIES0.px"
"City of Muntinlupa","Second Decile","Average Income   (in thousand pesos)","320.96","","2026-08-03T09-38-59-7a63a72104f8","https://openstat.psa.gov.ph/PXWeb/pxweb/en/DB/DB__1E__IE/0081E3AIES0.px"
"City of Muntinlupa","Second Decile","Average Expenditure  (in thousand pesos)","274.14","","2026-08-03T09-38-59-7a63a72104f8","https://openstat.psa.gov.ph/PXWeb/pxweb/en/DB/DB__1E__IE/0081E3AIES0.px"
"City of Muntinlupa","Second Decile","Average Savings  (in thousand pesos)","46.83","","2026-08-03T09-38-59-7a63a72104f8","https://openstat.psa.gov.ph/PXWeb/pxweb/en/DB/DB__1E__IE/0081E3AIES0.px"
"City of Muntinlupa","Third Decile","Average Income   (in thousand pesos)","349.47","","2026-08-03T09-38-59-7a63a72104f8","https://openstat.psa.gov.ph/PXWeb/pxweb/en/DB/DB__1E__IE/0081E3AIES0.px"
"City of Muntinlupa","Third Decile","Average Expenditure  (in thousand pesos)","282.46","","2026-08-03T09-38-59-7a63a72104f8","https://openstat.psa.gov.ph/PXWeb/pxweb/en/DB/DB__1E__IE/0081E3AIES0.px"
"City of Muntinlupa","Third Decile","Average Savings  (in thousand pesos)","67.01","","2026-08-03T09-38-59-7a63a72104f8","https://openstat.psa.gov.ph/PXWeb/pxweb/en/DB/DB__1E__IE/0081E3AIES0.px"
"City of Muntinlupa","Fourth Decile","Average Income   (in thousand pesos)","381.92","","2026-08-03T09-38-59-7a63a72104f8","https://openstat.psa.gov.ph/PXWeb/pxweb/en/DB/DB__1E__IE/0081E3AIES0.px"
"City of Muntinlupa","Fourth Decile","Average Expenditure  (in thousand pesos)","306.85","","2026-08-03T09-38-59-7a63a72104f8","https://openstat.psa.gov.ph/PXWeb/pxweb/en/DB/DB__1E__IE/0081E3AIES0.px"
"City of Muntinlupa","Fourth Decile","Average Savings  (in thousand pesos)","75.07","","2026-08-03T09-38-59-7a63a72104f8","https://openstat.psa.gov.ph/PXWeb/pxweb/en/DB/DB__1E__IE/0081E3AIES0.px"
"City of Muntinlupa","Fifth Decile","Average Income   (in thousand pesos)","383.71","","2026-08-03T09-38-59-7a63a72104f8","https://openstat.psa.gov.ph/PXWeb/pxweb/en/DB/DB__1E__IE/0081E3AIES0.px"
"City of Muntinlupa","Fifth Decile","Average Expenditure  (in thousand pesos)","298.99","","2026-08-03T09-38-59-7a63a72104f8","https://openstat.psa.gov.ph/PXWeb/pxweb/en/DB/DB__1E__IE/0081E3AIES0.px"
"City of Muntinlupa","Fifth Decile","Average Savings  (in thousand pesos)","84.72","","2026-08-03T09-38-59-7a63a72104f8","https://openstat.psa.gov.ph/PXWeb/pxweb/en/DB/DB__1E__IE/0081E3AIES0.px"
"City of Muntinlupa","Sixth Decile","Average Income   (in thousand pesos)","449.99","","2026-08-03T09-38-59-7a63a72104f8","https://openstat.psa.gov.ph/PXWeb/pxweb/en/DB/DB__1E__IE/0081E3AIES0.px"
"City of Muntinlupa","Sixth Decile","Average Expenditure  (in thousand pesos)","343.77","","2026-08-03T09-38-59-7a63a72104f8","https://openstat.psa.gov.ph/PXWeb/pxweb/en/DB/DB__1E__IE/0081E3AIES0.px"
"City of Muntinlupa","Sixth Decile","Average Savings  (in thousand pesos)","106.22","","2026-08-03T09-38-59-7a63a72104f8","https://openstat.psa.gov.ph/PXWeb/pxweb/en/DB/DB__1E__IE/0081E3AIES0.px"
"City of Muntinlupa","Seventh Decile","Average Income   (in thousand pesos)","459.42","","2026-08-03T09-38-59-7a63a72104f8","https://openstat.psa.gov.ph/PXWeb/pxweb/en/DB/DB__1E__IE/0081E3AIES0.px"
"City of Muntinlupa","Seventh Decile","Average Expenditure  (in thousand pesos)","342.56","","2026-08-03T09-38-59-7a63a72104f8","https://openstat.psa.gov.ph/PXWeb/pxweb/en/DB/DB__1E__IE/0081E3AIES0.px"
"City of Muntinlupa","Seventh Decile","Average Savings  (in thousand pesos)","116.86","","2026-08-03T09-38-59-7a63a72104f8","https://openstat.psa.gov.ph/PXWeb/pxweb/en/DB/DB__1E__IE/0081E3AIES0.px"
"City of Muntinlupa","Eighth Decile","Average Income   (in thousand pesos)","480.95","","2026-08-03T09-38-59-7a63a72104f8","https://openstat.psa.gov.ph/PXWeb/pxweb/en/DB/DB__1E__IE/0081E3AIES0.px"
"City of Muntinlupa","Eighth Decile","Average Expenditure  (in thousand pesos)","347.41","","2026-08-03T09-38-59-7a63a72104f8","https://openstat.psa.gov.ph/PXWeb/pxweb/en/DB/DB__1E__IE/0081E3AIES0.px"
"City of Muntinlupa","Eighth Decile","Average Savings  (in thousand pesos)","133.54","","2026-08-03T09-38-59-7a63a72104f8","https://openstat.psa.gov.ph/PXWeb/pxweb/en/DB/DB__1E__IE/0081E3AIES0.px"
"City of Muntinlupa","Ninth Decile","Average Income   (in thousand pesos)","572.42","","2026-08-03T09-38-59-7a63a72104f8","https://openstat.psa.gov.ph/PXWeb/pxweb/en/DB/DB__1E__IE/0081E3AIES0.px"
"City of Muntinlupa","Ninth Decile","Average Expenditure  (in thousand pesos)","397.43","","2026-08-03T09-38-59-7a63a72104f8","https://openstat.psa.gov.ph/PXWeb/pxweb/en/DB/DB__1E__IE/0081E3AIES0.px"
"City of Muntinlupa","Ninth Decile","Average Savings  (in thousand pesos)","174.99","","2026-08-03T09-38-59-7a63a72104f8","https://openstat.psa.gov.ph/PXWeb/pxweb/en/DB/DB__1E__IE/0081E3AIES0.px"
"City of Muntinlupa","Tenth Decile","Average Income   (in thousand pesos)","825.82","","2026-08-03T09-38-59-7a63a72104f8","https://openstat.psa.gov.ph/PXWeb/pxweb/en/DB/DB__1E__IE/0081E3AIES0.px"
"City of Muntinlupa","Tenth Decile","Average Expenditure  (in thousand pesos)","510.33","","2026-08-03T09-38-59-7a63a72104f8","https://openstat.psa.gov.ph/PXWeb/pxweb/en/DB/DB__1E__IE/0081E3AIES0.px"
"City of Muntinlupa","Tenth Decile","Average Savings  (in thousand pesos)","315.49","","2026-08-03T09-38-59-7a63a72104f8","https://openstat.psa.gov.ph/PXWeb/pxweb/en/DB/DB__1E__IE/0081E3AIES0.px"
"City of Parañaque","All Income Groups","Average Income   (in thousand pesos)","495.94","","2026-08-03T09-38-59-7a63a72104f8","https://openstat.psa.gov.ph/PXWeb/pxweb/en/DB/DB__1E__IE/0081E3AIES0.px"
"City of Parañaque","All Income Groups","Average Expenditure  (in thousand pesos)","342.68","","2026-08-03T09-38-59-7a63a72104f8","https://openstat.psa.gov.ph/PXWeb/pxweb/en/DB/DB__1E__IE/0081E3AIES0.px"
"City of Parañaque","All Income Groups","Average Savings  (in thousand pesos)","153.26","","2026-08-03T09-38-59-7a63a72104f8","https://openstat.psa.gov.ph/PXWeb/pxweb/en/DB/DB__1E__IE/0081E3AIES0.px"
"City of Parañaque","First Decile","Average Income   (in thousand pesos)","260.87","","2026-08-03T09-38-59-7a63a72104f8","https://openstat.psa.gov.ph/PXWeb/pxweb/en/DB/DB__1E__IE/0081E3AIES0.px"
"City of Parañaque","First Decile","Average Expenditure  (in thousand pesos)","234.82","","2026-08-03T09-38-59-7a63a72104f8","https://openstat.psa.gov.ph/PXWeb/pxweb/en/DB/DB__1E__IE/0081E3AIES0.px"
"City of Parañaque","First Decile","Average Savings  (in thousand pesos)","26.05","","2026-08-03T09-38-59-7a63a72104f8","https://openstat.psa.gov.ph/PXWeb/pxweb/en/DB/DB__1E__IE/0081E3AIES0.px"
"City of Parañaque","Second Decile","Average Income   (in thousand pesos)","309.15","","2026-08-03T09-38-59-7a63a72104f8","https://openstat.psa.gov.ph/PXWeb/pxweb/en/DB/DB__1E__IE/0081E3AIES0.px"
"City of Parañaque","Second Decile","Average Expenditure  (in thousand pesos)","252.8","","2026-08-03T09-38-59-7a63a72104f8","https://openstat.psa.gov.ph/PXWeb/pxweb/en/DB/DB__1E__IE/0081E3AIES0.px"
"City of Parañaque","Second Decile","Average Savings  (in thousand pesos)","56.35","","2026-08-03T09-38-59-7a63a72104f8","https://openstat.psa.gov.ph/PXWeb/pxweb/en/DB/DB__1E__IE/0081E3AIES0.px"
"City of Parañaque","Third Decile","Average Income   (in thousand pesos)","326.12","","2026-08-03T09-38-59-7a63a72104f8","https://openstat.psa.gov.ph/PXWeb/pxweb/en/DB/DB__1E__IE/0081E3AIES0.px"
"City of Parañaque","Third Decile","Average Expenditure  (in thousand pesos)","250.03","","2026-08-03T09-38-59-7a63a72104f8","https://openstat.psa.gov.ph/PXWeb/pxweb/en/DB/DB__1E__IE/0081E3AIES0.px"
"City of Parañaque","Third Decile","Average Savings  (in thousand pesos)","76.09","","2026-08-03T09-38-59-7a63a72104f8","https://openstat.psa.gov.ph/PXWeb/pxweb/en/DB/DB__1E__IE/0081E3AIES0.px"
"City of Parañaque","Fourth Decile","Average Income   (in thousand pesos)","391.1","","2026-08-03T09-38-59-7a63a72104f8","https://openstat.psa.gov.ph/PXWeb/pxweb/en/DB/DB__1E__IE/0081E3AIES0.px"
"City of Parañaque","Fourth Decile","Average Expenditure  (in thousand pesos)","284.54","","2026-08-03T09-38-59-7a63a72104f8","https://openstat.psa.gov.ph/PXWeb/pxweb/en/DB/DB__1E__IE/0081E3AIES0.px"
"City of Parañaque","Fourth Decile","Average Savings  (in thousand pesos)","106.56","","2026-08-03T09-38-59-7a63a72104f8","https://openstat.psa.gov.ph/PXWeb/pxweb/en/DB/DB__1E__IE/0081E3AIES0.px"
"City of Parañaque","Fifth Decile","Average Income   (in thousand pesos)","420.41","","2026-08-03T09-38-59-7a63a72104f8","https://openstat.psa.gov.ph/PXWeb/pxweb/en/DB/DB__1E__IE/0081E3AIES0.px"
"City of Parañaque","Fifth Decile","Average Expenditure  (in thousand pesos)","296.14","","2026-08-03T09-38-59-7a63a72104f8","https://openstat.psa.gov.ph/PXWeb/pxweb/en/DB/DB__1E__IE/0081E3AIES0.px"
"City of Parañaque","Fifth Decile","Average Savings  (in thousand pesos)","124.28","","2026-08-03T09-38-59-7a63a72104f8","https://openstat.psa.gov.ph/PXWeb/pxweb/en/DB/DB__1E__IE/0081E3AIES0.px"
"City of Parañaque","Sixth Decile","Average Income   (in thousand pesos)","434.15","","2026-08-03T09-38-59-7a63a72104f8","https://openstat.psa.gov.ph/PXWeb/pxweb/en/DB/DB__1E__IE/0081E3AIES0.px"
"City of Parañaque","Sixth Decile","Average Expenditure  (in thousand pesos)","306.3","","2026-08-03T09-38-59-7a63a72104f8","https://openstat.psa.gov.ph/PXWeb/pxweb/en/DB/DB__1E__IE/0081E3AIES0.px"
"City of Parañaque","Sixth Decile","Average Savings  (in thousand pesos)","127.85","","2026-08-03T09-38-59-7a63a72104f8","https://openstat.psa.gov.ph/PXWeb/pxweb/en/DB/DB__1E__IE/0081E3AIES0.px"
"City of Parañaque","Seventh Decile","Average Income   (in thousand pesos)","508.11","","2026-08-03T09-38-59-7a63a72104f8","https://openstat.psa.gov.ph/PXWeb/pxweb/en/DB/DB__1E__IE/0081E3AIES0.px"
"City of Parañaque","Seventh Decile","Average Expenditure  (in thousand pesos)","349.08","","2026-08-03T09-38-59-7a63a72104f8","https://openstat.psa.gov.ph/PXWeb/pxweb/en/DB/DB__1E__IE/0081E3AIES0.px"
"City of Parañaque","Seventh Decile","Average Savings  (in thousand pesos)","159.03","","2026-08-03T09-38-59-7a63a72104f8","https://openstat.psa.gov.ph/PXWeb/pxweb/en/DB/DB__1E__IE/0081E3AIES0.px"
"City of Parañaque","Eighth Decile","Average Income   (in thousand pesos)","522.99","","2026-08-03T09-38-59-7a63a72104f8","https://openstat.psa.gov.ph/PXWeb/pxweb/en/DB/DB__1E__IE/0081E3AIES0.px"
"City of Parañaque","Eighth Decile","Average Expenditure  (in thousand pesos)","345.4","","2026-08-03T09-38-59-7a63a72104f8","https://openstat.psa.gov.ph/PXWeb/pxweb/en/DB/DB__1E__IE/0081E3AIES0.px"
"City of Parañaque","Eighth Decile","Average Savings  (in thousand pesos)","177.59","","2026-08-03T09-38-59-7a63a72104f8","https://openstat.psa.gov.ph/PXWeb/pxweb/en/DB/DB__1E__IE/0081E3AIES0.px"
"City of Parañaque","Ninth Decile","Average Income   (in thousand pesos)","620.85","","2026-08-03T09-38-59-7a63a72104f8","https://openstat.psa.gov.ph/PXWeb/pxweb/en/DB/DB__1E__IE/0081E3AIES0.px"
"City of Parañaque","Ninth Decile","Average Expenditure  (in thousand pesos)","441.32","","2026-08-03T09-38-59-7a63a72104f8","https://openstat.psa.gov.ph/PXWeb/pxweb/en/DB/DB__1E__IE/0081E3AIES0.px"
"City of Parañaque","Ninth Decile","Average Savings  (in thousand pesos)","179.53","","2026-08-03T09-38-59-7a63a72104f8","https://openstat.psa.gov.ph/PXWeb/pxweb/en/DB/DB__1E__IE/0081E3AIES0.px"
"City of Parañaque","Tenth Decile","Average Income   (in thousand pesos)","1163.96","","2026-08-03T09-38-59-7a63a72104f8","https://openstat.psa.gov.ph/PXWeb/pxweb/en/DB/DB__1E__IE/0081E3AIES0.px"
"City of Parañaque","Tenth Decile","Average Expenditure  (in thousand pesos)","665.29","","2026-08-03T09-38-59-7a63a72104f8","https://openstat.psa.gov.ph/PXWeb/pxweb/en/DB/DB__1E__IE/0081E3AIES0.px"
"City of Parañaque","Tenth Decile","Average Savings  (in thousand pesos)","498.67","","2026-08-03T09-38-59-7a63a72104f8","https://openstat.psa.gov.ph/PXWeb/pxweb/en/DB/DB__1E__IE/0081E3AIES0.px"
"Pasay City","All Income Groups","Average Income   (in thousand pesos)","425.41","","2026-08-03T09-38-59-7a63a72104f8","https://openstat.psa.gov.ph/PXWeb/pxweb/en/DB/DB__1E__IE/0081E3AIES0.px"
"Pasay City","All Income Groups","Average Expenditure  (in thousand pesos)","296.78","","2026-08-03T09-38-59-7a63a72104f8","https://openstat.psa.gov.ph/PXWeb/pxweb/en/DB/DB__1E__IE/0081E3AIES0.px"
"Pasay City","All Income Groups","Average Savings  (in thousand pesos)","128.63","","2026-08-03T09-38-59-7a63a72104f8","https://openstat.psa.gov.ph/PXWeb/pxweb/en/DB/DB__1E__IE/0081E3AIES0.px"
"Pasay City","First Decile","Average Income   (in thousand pesos)","259.01","","2026-08-03T09-38-59-7a63a72104f8","https://openstat.psa.gov.ph/PXWeb/pxweb/en/DB/DB__1E__IE/0081E3AIES0.px"
"Pasay City","First Decile","Average Expenditure  (in thousand pesos)","227.11","","2026-08-03T09-38-59-7a63a72104f8","https://openstat.psa.gov.ph/PXWeb/pxweb/en/DB/DB__1E__IE/0081E3AIES0.px"
"Pasay City","First Decile","Average Savings  (in thousand pesos)","31.9","","2026-08-03T09-38-59-7a63a72104f8","https://openstat.psa.gov.ph/PXWeb/pxweb/en/DB/DB__1E__IE/0081E3AIES0.px"
"Pasay City","Second Decile","Average Income   (in thousand pesos)","292.37","","2026-08-03T09-38-59-7a63a72104f8","https://openstat.psa.gov.ph/PXWeb/pxweb/en/DB/DB__1E__IE/0081E3AIES0.px"
"Pasay City","Second Decile","Average Expenditure  (in thousand pesos)","248.19","","2026-08-03T09-38-59-7a63a72104f8","https://openstat.psa.gov.ph/PXWeb/pxweb/en/DB/DB__1E__IE/0081E3AIES0.px"
"Pasay City","Second Decile","Average Savings  (in thousand pesos)","44.19","","2026-08-03T09-38-59-7a63a72104f8","https://openstat.psa.gov.ph/PXWeb/pxweb/en/DB/DB__1E__IE/0081E3AIES0.px"
"Pasay City","Third Decile","Average Income   (in thousand pesos)","317.68","","2026-08-03T09-38-59-7a63a72104f8","https://openstat.psa.gov.ph/PXWeb/pxweb/en/DB/DB__1E__IE/0081E3AIES0.px"
"Pasay City","Third Decile","Average Expenditure  (in thousand pesos)","256.25","","2026-08-03T09-38-59-7a63a72104f8","https://openstat.psa.gov.ph/PXWeb/pxweb/en/DB/DB__1E__IE/0081E3AIES0.px"
"Pasay City","Third Decile","Average Savings  (in thousand pesos)","61.43","","2026-08-03T09-38-59-7a63a72104f8","https://openstat.psa.gov.ph/PXWeb/pxweb/en/DB/DB__1E__IE/0081E3AIES0.px"
"Pasay City","Fourth Decile","Average Income   (in thousand pesos)","360.23","","2026-08-03T09-38-59-7a63a72104f8","https://openstat.psa.gov.ph/PXWeb/pxweb/en/DB/DB__1E__IE/0081E3AIES0.px"
"Pasay City","Fourth Decile","Average Expenditure  (in thousand pesos)","266.88","","2026-08-03T09-38-59-7a63a72104f8","https://openstat.psa.gov.ph/PXWeb/pxweb/en/DB/DB__1E__IE/0081E3AIES0.px"
"Pasay City","Fourth Decile","Average Savings  (in thousand pesos)","93.36","","2026-08-03T09-38-59-7a63a72104f8","https://openstat.psa.gov.ph/PXWeb/pxweb/en/DB/DB__1E__IE/0081E3AIES0.px"
"Pasay City","Fifth Decile","Average Income   (in thousand pesos)","411.06","","2026-08-03T09-38-59-7a63a72104f8","https://openstat.psa.gov.ph/PXWeb/pxweb/en/DB/DB__1E__IE/0081E3AIES0.px"
"Pasay City","Fifth Decile","Average Expenditure  (in thousand pesos)","297.88","","2026-08-03T09-38-59-7a63a72104f8","https://openstat.psa.gov.ph/PXWeb/pxweb/en/DB/DB__1E__IE/0081E3AIES0.px"
"Pasay City","Fifth Decile","Average Savings  (in thousand pesos)","113.19","","2026-08-03T09-38-59-7a63a72104f8","https://openstat.psa.gov.ph/PXWeb/pxweb/en/DB/DB__1E__IE/0081E3AIES0.px"
"Pasay City","Sixth Decile","Average Income   (in thousand pesos)","436.75","","2026-08-03T09-38-59-7a63a72104f8","https://openstat.psa.gov.ph/PXWeb/pxweb/en/DB/DB__1E__IE/0081E3AIES0.px"
"Pasay City","Sixth Decile","Average Expenditure  (in thousand pesos)","314.48","","2026-08-03T09-38-59-7a63a72104f8","https://openstat.psa.gov.ph/PXWeb/pxweb/en/DB/DB__1E__IE/0081E3AIES0.px"
"Pasay City","Sixth Decile","Average Savings  (in thousand pesos)","122.27","","2026-08-03T09-38-59-7a63a72104f8","https://openstat.psa.gov.ph/PXWeb/pxweb/en/DB/DB__1E__IE/0081E3AIES0.px"
"Pasay City","Seventh Decile","Average Income   (in thousand pesos)","463.08","","2026-08-03T09-38-59-7a63a72104f8","https://openstat.psa.gov.ph/PXWeb/pxweb/en/DB/DB__1E__IE/0081E3AIES0.px"
"Pasay City","Seventh Decile","Average Expenditure  (in thousand pesos)","304.65","","2026-08-03T09-38-59-7a63a72104f8","https://openstat.psa.gov.ph/PXWeb/pxweb/en/DB/DB__1E__IE/0081E3AIES0.px"
"Pasay City","Seventh Decile","Average Savings  (in thousand pesos)","158.43","","2026-08-03T09-38-59-7a63a72104f8","https://openstat.psa.gov.ph/PXWeb/pxweb/en/DB/DB__1E__IE/0081E3AIES0.px"
"Pasay City","Eighth Decile","Average Income   (in thousand pesos)","504.01","","2026-08-03T09-38-59-7a63a72104f8","https://openstat.psa.gov.ph/PXWeb/pxweb/en/DB/DB__1E__IE/0081E3AIES0.px"
"Pasay City","Eighth Decile","Average Expenditure  (in thousand pesos)","339.28","","2026-08-03T09-38-59-7a63a72104f8","https://openstat.psa.gov.ph/PXWeb/pxweb/en/DB/DB__1E__IE/0081E3AIES0.px"
"Pasay City","Eighth Decile","Average Savings  (in thousand pesos)","164.73","","2026-08-03T09-38-59-7a63a72104f8","https://openstat.psa.gov.ph/PXWeb/pxweb/en/DB/DB__1E__IE/0081E3AIES0.px"
"Pasay City","Ninth Decile","Average Income   (in thousand pesos)","507.38","","2026-08-03T09-38-59-7a63a72104f8","https://openstat.psa.gov.ph/PXWeb/pxweb/en/DB/DB__1E__IE/0081E3AIES0.px"
"Pasay City","Ninth Decile","Average Expenditure  (in thousand pesos)","329.28","","2026-08-03T09-38-59-7a63a72104f8","https://openstat.psa.gov.ph/PXWeb/pxweb/en/DB/DB__1E__IE/0081E3AIES0.px"
"Pasay City","Ninth Decile","Average Savings  (in thousand pesos)","178.1","","2026-08-03T09-38-59-7a63a72104f8","https://openstat.psa.gov.ph/PXWeb/pxweb/en/DB/DB__1E__IE/0081E3AIES0.px"
"Pasay City","Tenth Decile","Average Income   (in thousand pesos)","698.7","","2026-08-03T09-38-59-7a63a72104f8","https://openstat.psa.gov.ph/PXWeb/pxweb/en/DB/DB__1E__IE/0081E3AIES0.px"
"Pasay City","Tenth Decile","Average Expenditure  (in thousand pesos)","382.5","","2026-08-03T09-38-59-7a63a72104f8","https://openstat.psa.gov.ph/PXWeb/pxweb/en/DB/DB__1E__IE/0081E3AIES0.px"
"Pasay City","Tenth Decile","Average Savings  (in thousand pesos)","316.2","","2026-08-03T09-38-59-7a63a72104f8","https://openstat.psa.gov.ph/PXWeb/pxweb/en/DB/DB__1E__IE/0081E3AIES0.px"
"City of Makati","All Income Groups","Average Income   (in thousand pesos)","712.6","","2026-08-03T09-38-59-7a63a72104f8","https://openstat.psa.gov.ph/PXWeb/pxweb/en/DB/DB__1E__IE/0081E3AIES0.px"
"City of Makati","All Income Groups","Average Expenditure  (in thousand pesos)","451.78","","2026-08-03T09-38-59-7a63a72104f8","https://openstat.psa.gov.ph/PXWeb/pxweb/en/DB/DB__1E__IE/0081E3AIES0.px"
"City of Makati","All Income Groups","Average Savings  (in thousand pesos)","260.82","","2026-08-03T09-38-59-7a63a72104f8","https://openstat.psa.gov.ph/PXWeb/pxweb/en/DB/DB__1E__IE/0081E3AIES0.px"
"City of Makati","First Decile","Average Income   (in thousand pesos)","262.98","","2026-08-03T09-38-59-7a63a72104f8","https://openstat.psa.gov.ph/PXWeb/pxweb/en/DB/DB__1E__IE/0081E3AIES0.px"
"City of Makati","First Decile","Average Expenditure  (in thousand pesos)","233.03","","2026-08-03T09-38-59-7a63a72104f8","https://openstat.psa.gov.ph/PXWeb/pxweb/en/DB/DB__1E__IE/0081E3AIES0.px"
"City of Makati","First Decile","Average Savings  (in thousand pesos)","29.95","","2026-08-03T09-38-59-7a63a72104f8","https://openstat.psa.gov.ph/PXWeb/pxweb/en/DB/DB__1E__IE/0081E3AIES0.px"
"City of Makati","Second Decile","Average Income   (in thousand pesos)","338.63","","2026-08-03T09-38-59-7a63a72104f8","https://openstat.psa.gov.ph/PXWeb/pxweb/en/DB/DB__1E__IE/0081E3AIES0.px"
"City of Makati","Second Decile","Average Expenditure  (in thousand pesos)","269.27","","2026-08-03T09-38-59-7a63a72104f8","https://openstat.psa.gov.ph/PXWeb/pxweb/en/DB/DB__1E__IE/0081E3AIES0.px"
"City of Makati","Second Decile","Average Savings  (in thousand pesos)","69.36","","2026-08-03T09-38-59-7a63a72104f8","https://openstat.psa.gov.ph/PXWeb/pxweb/en/DB/DB__1E__IE/0081E3AIES0.px"
"City of Makati","Third Decile","Average Income   (in thousand pesos)","429.79","","2026-08-03T09-38-59-7a63a72104f8","https://openstat.psa.gov.ph/PXWeb/pxweb/en/DB/DB__1E__IE/0081E3AIES0.px"
"City of Makati","Third Decile","Average Expenditure  (in thousand pesos)","325.26","","2026-08-03T09-38-59-7a63a72104f8","https://openstat.psa.gov.ph/PXWeb/pxweb/en/DB/DB__1E__IE/0081E3AIES0.px"
"City of Makati","Third Decile","Average Savings  (in thousand pesos)","104.53","","2026-08-03T09-38-59-7a63a72104f8","https://openstat.psa.gov.ph/PXWeb/pxweb/en/DB/DB__1E__IE/0081E3AIES0.px"
"City of Makati","Fourth Decile","Average Income   (in thousand pesos)","460.58","","2026-08-03T09-38-59-7a63a72104f8","https://openstat.psa.gov.ph/PXWeb/pxweb/en/DB/DB__1E__IE/0081E3AIES0.px"
"City of Makati","Fourth Decile","Average Expenditure  (in thousand pesos)","330.22","","2026-08-03T09-38-59-7a63a72104f8","https://openstat.psa.gov.ph/PXWeb/pxweb/en/DB/DB__1E__IE/0081E3AIES0.px"
"City of Makati","Fourth Decile","Average Savings  (in thousand pesos)","130.36","","2026-08-03T09-38-59-7a63a72104f8","https://openstat.psa.gov.ph/PXWeb/pxweb/en/DB/DB__1E__IE/0081E3AIES0.px"
"City of Makati","Fifth Decile","Average Income   (in thousand pesos)","496.03","","2026-08-03T09-38-59-7a63a72104f8","https://openstat.psa.gov.ph/PXWeb/pxweb/en/DB/DB__1E__IE/0081E3AIES0.px"
"City of Makati","Fifth Decile","Average Expenditure  (in thousand pesos)","348.36","","2026-08-03T09-38-59-7a63a72104f8","https://openstat.psa.gov.ph/PXWeb/pxweb/en/DB/DB__1E__IE/0081E3AIES0.px"
"City of Makati","Fifth Decile","Average Savings  (in thousand pesos)","147.67","","2026-08-03T09-38-59-7a63a72104f8","https://openstat.psa.gov.ph/PXWeb/pxweb/en/DB/DB__1E__IE/0081E3AIES0.px"
"City of Makati","Sixth Decile","Average Income   (in thousand pesos)","550.77","","2026-08-03T09-38-59-7a63a72104f8","https://openstat.psa.gov.ph/PXWeb/pxweb/en/DB/DB__1E__IE/0081E3AIES0.px"
"City of Makati","Sixth Decile","Average Expenditure  (in thousand pesos)","360.51","","2026-08-03T09-38-59-7a63a72104f8","https://openstat.psa.gov.ph/PXWeb/pxweb/en/DB/DB__1E__IE/0081E3AIES0.px"
"City of Makati","Sixth Decile","Average Savings  (in thousand pesos)","190.26","","2026-08-03T09-38-59-7a63a72104f8","https://openstat.psa.gov.ph/PXWeb/pxweb/en/DB/DB__1E__IE/0081E3AIES0.px"
"City of Makati","Seventh Decile","Average Income   (in thousand pesos)","614.59","","2026-08-03T09-38-59-7a63a72104f8","https://openstat.psa.gov.ph/PXWeb/pxweb/en/DB/DB__1E__IE/0081E3AIES0.px"
"City of Makati","Seventh Decile","Average Expenditure  (in thousand pesos)","380.77","","2026-08-03T09-38-59-7a63a72104f8","https://openstat.psa.gov.ph/PXWeb/pxweb/en/DB/DB__1E__IE/0081E3AIES0.px"
"City of Makati","Seventh Decile","Average Savings  (in thousand pesos)","233.82","","2026-08-03T09-38-59-7a63a72104f8","https://openstat.psa.gov.ph/PXWeb/pxweb/en/DB/DB__1E__IE/0081E3AIES0.px"
"City of Makati","Eighth Decile","Average Income   (in thousand pesos)","678.93","","2026-08-03T09-38-59-7a63a72104f8","https://openstat.psa.gov.ph/PXWeb/pxweb/en/DB/DB__1E__IE/0081E3AIES0.px"
"City of Makati","Eighth Decile","Average Expenditure  (in thousand pesos)","415.52","","2026-08-03T09-38-59-7a63a72104f8","https://openstat.psa.gov.ph/PXWeb/pxweb/en/DB/DB__1E__IE/0081E3AIES0.px"
"City of Makati","Eighth Decile","Average Savings  (in thousand pesos)","263.41","","2026-08-03T09-38-59-7a63a72104f8","https://openstat.psa.gov.ph/PXWeb/pxweb/en/DB/DB__1E__IE/0081E3AIES0.px"
"City of Makati","Ninth Decile","Average Income   (in thousand pesos)","791.27","","2026-08-03T09-38-59-7a63a72104f8","https://openstat.psa.gov.ph/PXWeb/pxweb/en/DB/DB__1E__IE/0081E3AIES0.px"
"City of Makati","Ninth Decile","Average Expenditure  (in thousand pesos)","498.59","","2026-08-03T09-38-59-7a63a72104f8","https://openstat.psa.gov.ph/PXWeb/pxweb/en/DB/DB__1E__IE/0081E3AIES0.px"
"City of Makati","Ninth Decile","Average Savings  (in thousand pesos)","292.69","","2026-08-03T09-38-59-7a63a72104f8","https://openstat.psa.gov.ph/PXWeb/pxweb/en/DB/DB__1E__IE/0081E3AIES0.px"
"City of Makati","Tenth Decile","Average Income   (in thousand pesos)","2495.54","","2026-08-03T09-38-59-7a63a72104f8","https://openstat.psa.gov.ph/PXWeb/pxweb/en/DB/DB__1E__IE/0081E3AIES0.px"
"City of Makati","Tenth Decile","Average Expenditure  (in thousand pesos)","1352.9","","2026-08-03T09-38-59-7a63a72104f8","https://openstat.psa.gov.ph/PXWeb/pxweb/en/DB/DB__1E__IE/0081E3AIES0.px"
"City of Makati","Tenth Decile","Average Savings  (in thousand pesos)","1142.63","","2026-08-03T09-38-59-7a63a72104f8","https://openstat.psa.gov.ph/PXWeb/pxweb/en/DB/DB__1E__IE/0081E3AIES0.px"
"Pateros","All Income Groups","Average Income   (in thousand pesos)","449.88","","2026-08-03T09-38-59-7a63a72104f8","https://openstat.psa.gov.ph/PXWeb/pxweb/en/DB/DB__1E__IE/0081E3AIES0.px"
"Pateros","All Income Groups","Average Expenditure  (in thousand pesos)","324.07","","2026-08-03T09-38-59-7a63a72104f8","https://openstat.psa.gov.ph/PXWeb/pxweb/en/DB/DB__1E__IE/0081E3AIES0.px"
"Pateros","All Income Groups","Average Savings  (in thousand pesos)","125.81","","2026-08-03T09-38-59-7a63a72104f8","https://openstat.psa.gov.ph/PXWeb/pxweb/en/DB/DB__1E__IE/0081E3AIES0.px"
"Pateros","First Decile","Average Income   (in thousand pesos)","222.16","","2026-08-03T09-38-59-7a63a72104f8","https://openstat.psa.gov.ph/PXWeb/pxweb/en/DB/DB__1E__IE/0081E3AIES0.px"
"Pateros","First Decile","Average Expenditure  (in thousand pesos)","208.03","","2026-08-03T09-38-59-7a63a72104f8","https://openstat.psa.gov.ph/PXWeb/pxweb/en/DB/DB__1E__IE/0081E3AIES0.px"
"Pateros","First Decile","Average Savings  (in thousand pesos)","14.13","","2026-08-03T09-38-59-7a63a72104f8","https://openstat.psa.gov.ph/PXWeb/pxweb/en/DB/DB__1E__IE/0081E3AIES0.px"
"Pateros","Second Decile","Average Income   (in thousand pesos)","277.29","","2026-08-03T09-38-59-7a63a72104f8","https://openstat.psa.gov.ph/PXWeb/pxweb/en/DB/DB__1E__IE/0081E3AIES0.px"
"Pateros","Second Decile","Average Expenditure  (in thousand pesos)","241.41","","2026-08-03T09-38-59-7a63a72104f8","https://openstat.psa.gov.ph/PXWeb/pxweb/en/DB/DB__1E__IE/0081E3AIES0.px"
"Pateros","Second Decile","Average Savings  (in thousand pesos)","35.88","","2026-08-03T09-38-59-7a63a72104f8","https://openstat.psa.gov.ph/PXWeb/pxweb/en/DB/DB__1E__IE/0081E3AIES0.px"
"Pateros","Third Decile","Average Income   (in thousand pesos)","306.8","","2026-08-03T09-38-59-7a63a72104f8","https://openstat.psa.gov.ph/PXWeb/pxweb/en/DB/DB__1E__IE/0081E3AIES0.px"
"Pateros","Third Decile","Average Expenditure  (in thousand pesos)","246.28","","2026-08-03T09-38-59-7a63a72104f8","https://openstat.psa.gov.ph/PXWeb/pxweb/en/DB/DB__1E__IE/0081E3AIES0.px"
"Pateros","Third Decile","Average Savings  (in thousand pesos)","60.51","","2026-08-03T09-38-59-7a63a72104f8","https://openstat.psa.gov.ph/PXWeb/pxweb/en/DB/DB__1E__IE/0081E3AIES0.px"
"Pateros","Fourth Decile","Average Income   (in thousand pesos)","373.06","","2026-08-03T09-38-59-7a63a72104f8","https://openstat.psa.gov.ph/PXWeb/pxweb/en/DB/DB__1E__IE/0081E3AIES0.px"
"Pateros","Fourth Decile","Average Expenditure  (in thousand pesos)","283.63","","2026-08-03T09-38-59-7a63a72104f8","https://openstat.psa.gov.ph/PXWeb/pxweb/en/DB/DB__1E__IE/0081E3AIES0.px"
"Pateros","Fourth Decile","Average Savings  (in thousand pesos)","89.43","","2026-08-03T09-38-59-7a63a72104f8","https://openstat.psa.gov.ph/PXWeb/pxweb/en/DB/DB__1E__IE/0081E3AIES0.px"
"Pateros","Fifth Decile","Average Income   (in thousand pesos)","418.22","","2026-08-03T09-38-59-7a63a72104f8","https://openstat.psa.gov.ph/PXWeb/pxweb/en/DB/DB__1E__IE/0081E3AIES0.px"
"Pateros","Fifth Decile","Average Expenditure  (in thousand pesos)","326.29","","2026-08-03T09-38-59-7a63a72104f8","https://openstat.psa.gov.ph/PXWeb/pxweb/en/DB/DB__1E__IE/0081E3AIES0.px"
"Pateros","Fifth Decile","Average Savings  (in thousand pesos)","91.93","","2026-08-03T09-38-59-7a63a72104f8","https://openstat.psa.gov.ph/PXWeb/pxweb/en/DB/DB__1E__IE/0081E3AIES0.px"
"Pateros","Sixth Decile","Average Income   (in thousand pesos)","445.49","","2026-08-03T09-38-59-7a63a72104f8","https://openstat.psa.gov.ph/PXWeb/pxweb/en/DB/DB__1E__IE/0081E3AIES0.px"
"Pateros","Sixth Decile","Average Expenditure  (in thousand pesos)","322.98","","2026-08-03T09-38-59-7a63a72104f8","https://openstat.psa.gov.ph/PXWeb/pxweb/en/DB/DB__1E__IE/0081E3AIES0.px"
"Pateros","Sixth Decile","Average Savings  (in thousand pesos)","122.51","","2026-08-03T09-38-59-7a63a72104f8","https://openstat.psa.gov.ph/PXWeb/pxweb/en/DB/DB__1E__IE/0081E3AIES0.px"
"Pateros","Seventh Decile","Average Income   (in thousand pesos)","461.98","","2026-08-03T09-38-59-7a63a72104f8","https://openstat.psa.gov.ph/PXWeb/pxweb/en/DB/DB__1E__IE/0081E3AIES0.px"
"Pateros","Seventh Decile","Average Expenditure  (in thousand pesos)","334","","2026-08-03T09-38-59-7a63a72104f8","https://openstat.psa.gov.ph/PXWeb/pxweb/en/DB/DB__1E__IE/0081E3AIES0.px"
"Pateros","Seventh Decile","Average Savings  (in thousand pesos)","127.98","","2026-08-03T09-38-59-7a63a72104f8","https://openstat.psa.gov.ph/PXWeb/pxweb/en/DB/DB__1E__IE/0081E3AIES0.px"
"Pateros","Eighth Decile","Average Income   (in thousand pesos)","525.02","","2026-08-03T09-38-59-7a63a72104f8","https://openstat.psa.gov.ph/PXWeb/pxweb/en/DB/DB__1E__IE/0081E3AIES0.px"
"Pateros","Eighth Decile","Average Expenditure  (in thousand pesos)","373.47","","2026-08-03T09-38-59-7a63a72104f8","https://openstat.psa.gov.ph/PXWeb/pxweb/en/DB/DB__1E__IE/0081E3AIES0.px"
"Pateros","Eighth Decile","Average Savings  (in thousand pesos)","151.55","","2026-08-03T09-38-59-7a63a72104f8","https://openstat.psa.gov.ph/PXWeb/pxweb/en/DB/DB__1E__IE/0081E3AIES0.px"
"Pateros","Ninth Decile","Average Income   (in thousand pesos)","644.98","","2026-08-03T09-38-59-7a63a72104f8","https://openstat.psa.gov.ph/PXWeb/pxweb/en/DB/DB__1E__IE/0081E3AIES0.px"
"Pateros","Ninth Decile","Average Expenditure  (in thousand pesos)","427.02","","2026-08-03T09-38-59-7a63a72104f8","https://openstat.psa.gov.ph/PXWeb/pxweb/en/DB/DB__1E__IE/0081E3AIES0.px"
"Pateros","Ninth Decile","Average Savings  (in thousand pesos)","217.96","","2026-08-03T09-38-59-7a63a72104f8","https://openstat.psa.gov.ph/PXWeb/pxweb/en/DB/DB__1E__IE/0081E3AIES0.px"
"Pateros","Tenth Decile","Average Income   (in thousand pesos)","817.15","","2026-08-03T09-38-59-7a63a72104f8","https://openstat.psa.gov.ph/PXWeb/pxweb/en/DB/DB__1E__IE/0081E3AIES0.px"
"Pateros","Tenth Decile","Average Expenditure  (in thousand pesos)","475","","2026-08-03T09-38-59-7a63a72104f8","https://openstat.psa.gov.ph/PXWeb/pxweb/en/DB/DB__1E__IE/0081E3AIES0.px"
"Pateros","Tenth Decile","Average Savings  (in thousand pesos)","342.15","","2026-08-03T09-38-59-7a63a72104f8","https://openstat.psa.gov.ph/PXWeb/pxweb/en/DB/DB__1E__IE/0081E3AIES0.px"
"City of Taguig","All Income Groups","Average Income   (in thousand pesos)","463.1","","2026-08-03T09-38-59-7a63a72104f8","https://openstat.psa.gov.ph/PXWeb/pxweb/en/DB/DB__1E__IE/0081E3AIES0.px"
"City of Taguig","All Income Groups","Average Expenditure  (in thousand pesos)","331.73","","2026-08-03T09-38-59-7a63a72104f8","https://openstat.psa.gov.ph/PXWeb/pxweb/en/DB/DB__1E__IE/0081E3AIES0.px"
"City of Taguig","All Income Groups","Average Savings  (in thousand pesos)","131.37","","2026-08-03T09-38-59-7a63a72104f8","https://openstat.psa.gov.ph/PXWeb/pxweb/en/DB/DB__1E__IE/0081E3AIES0.px"
"City of Taguig","First Decile","Average Income   (in thousand pesos)","210.23","","2026-08-03T09-38-59-7a63a72104f8","https://openstat.psa.gov.ph/PXWeb/pxweb/en/DB/DB__1E__IE/0081E3AIES0.px"
"City of Taguig","First Decile","Average Expenditure  (in thousand pesos)","201.62","","2026-08-03T09-38-59-7a63a72104f8","https://openstat.psa.gov.ph/PXWeb/pxweb/en/DB/DB__1E__IE/0081E3AIES0.px"
"City of Taguig","First Decile","Average Savings  (in thousand pesos)","8.61","","2026-08-03T09-38-59-7a63a72104f8","https://openstat.psa.gov.ph/PXWeb/pxweb/en/DB/DB__1E__IE/0081E3AIES0.px"
"City of Taguig","Second Decile","Average Income   (in thousand pesos)","267.17","","2026-08-03T09-38-59-7a63a72104f8","https://openstat.psa.gov.ph/PXWeb/pxweb/en/DB/DB__1E__IE/0081E3AIES0.px"
"City of Taguig","Second Decile","Average Expenditure  (in thousand pesos)","238.64","","2026-08-03T09-38-59-7a63a72104f8","https://openstat.psa.gov.ph/PXWeb/pxweb/en/DB/DB__1E__IE/0081E3AIES0.px"
"City of Taguig","Second Decile","Average Savings  (in thousand pesos)","28.53","","2026-08-03T09-38-59-7a63a72104f8","https://openstat.psa.gov.ph/PXWeb/pxweb/en/DB/DB__1E__IE/0081E3AIES0.px"
"City of Taguig","Third Decile","Average Income   (in thousand pesos)","316.62","","2026-08-03T09-38-59-7a63a72104f8","https://openstat.psa.gov.ph/PXWeb/pxweb/en/DB/DB__1E__IE/0081E3AIES0.px"
"City of Taguig","Third Decile","Average Expenditure  (in thousand pesos)","271.95","","2026-08-03T09-38-59-7a63a72104f8","https://openstat.psa.gov.ph/PXWeb/pxweb/en/DB/DB__1E__IE/0081E3AIES0.px"
"City of Taguig","Third Decile","Average Savings  (in thousand pesos)","44.67","","2026-08-03T09-38-59-7a63a72104f8","https://openstat.psa.gov.ph/PXWeb/pxweb/en/DB/DB__1E__IE/0081E3AIES0.px"
"City of Taguig","Fourth Decile","Average Income   (in thousand pesos)","338.92","","2026-08-03T09-38-59-7a63a72104f8","https://openstat.psa.gov.ph/PXWeb/pxweb/en/DB/DB__1E__IE/0081E3AIES0.px"
"City of Taguig","Fourth Decile","Average Expenditure  (in thousand pesos)","272.55","","2026-08-03T09-38-59-7a63a72104f8","https://openstat.psa.gov.ph/PXWeb/pxweb/en/DB/DB__1E__IE/0081E3AIES0.px"
"City of Taguig","Fourth Decile","Average Savings  (in thousand pesos)","66.37","","2026-08-03T09-38-59-7a63a72104f8","https://openstat.psa.gov.ph/PXWeb/pxweb/en/DB/DB__1E__IE/0081E3AIES0.px"
"City of Taguig","Fifth Decile","Average Income   (in thousand pesos)","362.92","","2026-08-03T09-38-59-7a63a72104f8","https://openstat.psa.gov.ph/PXWeb/pxweb/en/DB/DB__1E__IE/0081E3AIES0.px"
"City of Taguig","Fifth Decile","Average Expenditure  (in thousand pesos)","283.95","","2026-08-03T09-38-59-7a63a72104f8","https://openstat.psa.gov.ph/PXWeb/pxweb/en/DB/DB__1E__IE/0081E3AIES0.px"
"City of Taguig","Fifth Decile","Average Savings  (in thousand pesos)","78.97","","2026-08-03T09-38-59-7a63a72104f8","https://openstat.psa.gov.ph/PXWeb/pxweb/en/DB/DB__1E__IE/0081E3AIES0.px"
"City of Taguig","Sixth Decile","Average Income   (in thousand pesos)","436.2","","2026-08-03T09-38-59-7a63a72104f8","https://openstat.psa.gov.ph/PXWeb/pxweb/en/DB/DB__1E__IE/0081E3AIES0.px"
"City of Taguig","Sixth Decile","Average Expenditure  (in thousand pesos)","318.99","","2026-08-03T09-38-59-7a63a72104f8","https://openstat.psa.gov.ph/PXWeb/pxweb/en/DB/DB__1E__IE/0081E3AIES0.px"
"City of Taguig","Sixth Decile","Average Savings  (in thousand pesos)","117.2","","2026-08-03T09-38-59-7a63a72104f8","https://openstat.psa.gov.ph/PXWeb/pxweb/en/DB/DB__1E__IE/0081E3AIES0.px"
"City of Taguig","Seventh Decile","Average Income   (in thousand pesos)","447.13","","2026-08-03T09-38-59-7a63a72104f8","https://openstat.psa.gov.ph/PXWeb/pxweb/en/DB/DB__1E__IE/0081E3AIES0.px"
"City of Taguig","Seventh Decile","Average Expenditure  (in thousand pesos)","323.3","","2026-08-03T09-38-59-7a63a72104f8","https://openstat.psa.gov.ph/PXWeb/pxweb/en/DB/DB__1E__IE/0081E3AIES0.px"
"City of Taguig","Seventh Decile","Average Savings  (in thousand pesos)","123.82","","2026-08-03T09-38-59-7a63a72104f8","https://openstat.psa.gov.ph/PXWeb/pxweb/en/DB/DB__1E__IE/0081E3AIES0.px"
"City of Taguig","Eighth Decile","Average Income   (in thousand pesos)","528.52","","2026-08-03T09-38-59-7a63a72104f8","https://openstat.psa.gov.ph/PXWeb/pxweb/en/DB/DB__1E__IE/0081E3AIES0.px"
"City of Taguig","Eighth Decile","Average Expenditure  (in thousand pesos)","354.14","","2026-08-03T09-38-59-7a63a72104f8","https://openstat.psa.gov.ph/PXWeb/pxweb/en/DB/DB__1E__IE/0081E3AIES0.px"
"City of Taguig","Eighth Decile","Average Savings  (in thousand pesos)","174.37","","2026-08-03T09-38-59-7a63a72104f8","https://openstat.psa.gov.ph/PXWeb/pxweb/en/DB/DB__1E__IE/0081E3AIES0.px"
"City of Taguig","Ninth Decile","Average Income   (in thousand pesos)","582.49","","2026-08-03T09-38-59-7a63a72104f8","https://openstat.psa.gov.ph/PXWeb/pxweb/en/DB/DB__1E__IE/0081E3AIES0.px"
"City of Taguig","Ninth Decile","Average Expenditure  (in thousand pesos)","383.73","","2026-08-03T09-38-59-7a63a72104f8","https://openstat.psa.gov.ph/PXWeb/pxweb/en/DB/DB__1E__IE/0081E3AIES0.px"
"City of Taguig","Ninth Decile","Average Savings  (in thousand pesos)","198.76","","2026-08-03T09-38-59-7a63a72104f8","https://openstat.psa.gov.ph/PXWeb/pxweb/en/DB/DB__1E__IE/0081E3AIES0.px"
"City of Taguig","Tenth Decile","Average Income   (in thousand pesos)","1136.23","","2026-08-03T09-38-59-7a63a72104f8","https://openstat.psa.gov.ph/PXWeb/pxweb/en/DB/DB__1E__IE/0081E3AIES0.px"
"City of Taguig","Tenth Decile","Average Expenditure  (in thousand pesos)","666.22","","2026-08-03T09-38-59-7a63a72104f8","https://openstat.psa.gov.ph/PXWeb/pxweb/en/DB/DB__1E__IE/0081E3AIES0.px"
"City of Taguig","Tenth Decile","Average Savings  (in thousand pesos)","470.01","","2026-08-03T09-38-59-7a63a72104f8","https://openstat.psa.gov.ph/PXWeb/pxweb/en/DB/DB__1E__IE/0081E3AIES0.px"
"CORDILLERA ADMINISTRATIVE REGION","All Income Groups","Average Income   (in thousand pesos)","320.18","","2026-08-03T09-38-59-7a63a72104f8","https://openstat.psa.gov.ph/PXWeb/pxweb/en/DB/DB__1E__IE/0081E3AIES0.px"
"CORDILLERA ADMINISTRATIVE REGION","All Income Groups","Average Expenditure  (in thousand pesos)","220.91","","2026-08-03T09-38-59-7a63a72104f8","https://openstat.psa.gov.ph/PXWeb/pxweb/en/DB/DB__1E__IE/0081E3AIES0.px"
"CORDILLERA ADMINISTRATIVE REGION","All Income Groups","Average Savings  (in thousand pesos)","99.27","","2026-08-03T09-38-59-7a63a72104f8","https://openstat.psa.gov.ph/PXWeb/pxweb/en/DB/DB__1E__IE/0081E3AIES0.px"
"CORDILLERA ADMINISTRATIVE REGION","First Decile","Average Income   (in thousand pesos)","157.36","","2026-08-03T09-38-59-7a63a72104f8","https://openstat.psa.gov.ph/PXWeb/pxweb/en/DB/DB__1E__IE/0081E3AIES0.px"
"CORDILLERA ADMINISTRATIVE REGION","First Decile","Average Expenditure  (in thousand pesos)","147.27","","2026-08-03T09-38-59-7a63a72104f8","https://openstat.psa.gov.ph/PXWeb/pxweb/en/DB/DB__1E__IE/0081E3AIES0.px"
"CORDILLERA ADMINISTRATIVE REGION","First Decile","Average Savings  (in thousand pesos)","10.09","","2026-08-03T09-38-59-7a63a72104f8","https://openstat.psa.gov.ph/PXWeb/pxweb/en/DB/DB__1E__IE/0081E3AIES0.px"
"CORDILLERA ADMINISTRATIVE REGION","Second Decile","Average Income   (in thousand pesos)","192.59","","2026-08-03T09-38-59-7a63a72104f8","https://openstat.psa.gov.ph/PXWeb/pxweb/en/DB/DB__1E__IE/0081E3AIES0.px"
"CORDILLERA ADMINISTRATIVE REGION","Second Decile","Average Expenditure  (in thousand pesos)","166.69","","2026-08-03T09-38-59-7a63a72104f8","https://openstat.psa.gov.ph/PXWeb/pxweb/en/DB/DB__1E__IE/0081E3AIES0.px"
"CORDILLERA ADMINISTRATIVE REGION","Second Decile","Average Savings  (in thousand pesos)","25.9","","2026-08-03T09-38-59-7a63a72104f8","https://openstat.psa.gov.ph/PXWeb/pxweb/en/DB/DB__1E__IE/0081E3AIES0.px"
"CORDILLERA ADMINISTRATIVE REGION","Third Decile","Average Income   (in thousand pesos)","217.3","","2026-08-03T09-38-59-7a63a72104f8","https://openstat.psa.gov.ph/PXWeb/pxweb/en/DB/DB__1E__IE/0081E3AIES0.px"
"CORDILLERA ADMINISTRATIVE REGION","Third Decile","Average Expenditure  (in thousand pesos)","176.64","","2026-08-03T09-38-59-7a63a72104f8","https://openstat.psa.gov.ph/PXWeb/pxweb/en/DB/DB__1E__IE/0081E3AIES0.px"
"CORDILLERA ADMINISTRATIVE REGION","Third Decile","Average Savings  (in thousand pesos)","40.67","","2026-08-03T09-38-59-7a63a72104f8","https://openstat.psa.gov.ph/PXWeb/pxweb/en/DB/DB__1E__IE/0081E3AIES0.px"
"CORDILLERA ADMINISTRATIVE REGION","Fourth Decile","Average Income   (in thousand pesos)","238.04","","2026-08-03T09-38-59-7a63a72104f8","https://openstat.psa.gov.ph/PXWeb/pxweb/en/DB/DB__1E__IE/0081E3AIES0.px"
"CORDILLERA ADMINISTRATIVE REGION","Fourth Decile","Average Expenditure  (in thousand pesos)","186.42","","2026-08-03T09-38-59-7a63a72104f8","https://openstat.psa.gov.ph/PXWeb/pxweb/en/DB/DB__1E__IE/0081E3AIES0.px"
"CORDILLERA ADMINISTRATIVE REGION","Fourth Decile","Average Savings  (in thousand pesos)","51.62","","2026-08-03T09-38-59-7a63a72104f8","https://openstat.psa.gov.ph/PXWeb/pxweb/en/DB/DB__1E__IE/0081E3AIES0.px"
"CORDILLERA ADMINISTRATIVE REGION","Fifth Decile","Average Income   (in thousand pesos)","254.23","","2026-08-03T09-38-59-7a63a72104f8","https://openstat.psa.gov.ph/PXWeb/pxweb/en/DB/DB__1E__IE/0081E3AIES0.px"
"CORDILLERA ADMINISTRATIVE REGION","Fifth Decile","Average Expenditure  (in thousand pesos)","193.41","","2026-08-03T09-38-59-7a63a72104f8","https://openstat.psa.gov.ph/PXWeb/pxweb/en/DB/DB__1E__IE/0081E3AIES0.px"
"CORDILLERA ADMINISTRATIVE REGION","Fifth Decile","Average Savings  (in thousand pesos)","60.82","","2026-08-03T09-38-59-7a63a72104f8","https://openstat.psa.gov.ph/PXWeb/pxweb/en/DB/DB__1E__IE/0081E3AIES0.px"
"CORDILLERA ADMINISTRATIVE REGION","Sixth Decile","Average Income   (in thousand pesos)","301.13","","2026-08-03T09-38-59-7a63a72104f8","https://openstat.psa.gov.ph/PXWeb/pxweb/en/DB/DB__1E__IE/0081E3AIES0.px"
"CORDILLERA ADMINISTRATIVE REGION","Sixth Decile","Average Expenditure  (in thousand pesos)","216.41","","2026-08-03T09-38-59-7a63a72104f8","https://openstat.psa.gov.ph/PXWeb/pxweb/en/DB/DB__1E__IE/0081E3AIES0.px"
"CORDILLERA ADMINISTRATIVE REGION","Sixth Decile","Average Savings  (in thousand pesos)","84.72","","2026-08-03T09-38-59-7a63a72104f8","https://openstat.psa.gov.ph/PXWeb/pxweb/en/DB/DB__1E__IE/0081E3AIES0.px"
"CORDILLERA ADMINISTRATIVE REGION","Seventh Decile","Average Income   (in thousand pesos)","337.47","","2026-08-03T09-38-59-7a63a72104f8","https://openstat.psa.gov.ph/PXWeb/pxweb/en/DB/DB__1E__IE/0081E3AIES0.px"
"CORDILLERA ADMINISTRATIVE REGION","Seventh Decile","Average Expenditure  (in thousand pesos)","233.17","","2026-08-03T09-38-59-7a63a72104f8","https://openstat.psa.gov.ph/PXWeb/pxweb/en/DB/DB__1E__IE/0081E3AIES0.px"
"CORDILLERA ADMINISTRATIVE REGION","Seventh Decile","Average Savings  (in thousand pesos)","104.3","","2026-08-03T09-38-59-7a63a72104f8","https://openstat.psa.gov.ph/PXWeb/pxweb/en/DB/DB__1E__IE/0081E3AIES0.px"
"CORDILLERA ADMINISTRATIVE REGION","Eighth Decile","Average Income   (in thousand pesos)","389.23","","2026-08-03T09-38-59-7a63a72104f8","https://openstat.psa.gov.ph/PXWeb/pxweb/en/DB/DB__1E__IE/0081E3AIES0.px"
"CORDILLERA ADMINISTRATIVE REGION","Eighth Decile","Average Expenditure  (in thousand pesos)","253.18","","2026-08-03T09-38-59-7a63a72104f8","https://openstat.psa.gov.ph/PXWeb/pxweb/en/DB/DB__1E__IE/0081E3AIES0.px"
"CORDILLERA ADMINISTRATIVE REGION","Eighth Decile","Average Savings  (in thousand pesos)","136.05","","2026-08-03T09-38-59-7a63a72104f8","https://openstat.psa.gov.ph/PXWeb/pxweb/en/DB/DB__1E__IE/0081E3AIES0.px"
"CORDILLERA ADMINISTRATIVE REGION","Ninth Decile","Average Income   (in thousand pesos)","441.05","","2026-08-03T09-38-59-7a63a72104f8","https://openstat.psa.gov.ph/PXWeb/pxweb/en/DB/DB__1E__IE/0081E3AIES0.px"
"CORDILLERA ADMINISTRATIVE REGION","Ninth Decile","Average Expenditure  (in thousand pesos)","272.92","","2026-08-03T09-38-59-7a63a72104f8","https://openstat.psa.gov.ph/PXWeb/pxweb/en/DB/DB__1E__IE/0081E3AIES0.px"
"CORDILLERA ADMINISTRATIVE REGION","Ninth Decile","Average Savings  (in thousand pesos)","168.13","","2026-08-03T09-38-59-7a63a72104f8","https://openstat.psa.gov.ph/PXWeb/pxweb/en/DB/DB__1E__IE/0081E3AIES0.px"
"CORDILLERA ADMINISTRATIVE REGION","Tenth Decile","Average Income   (in thousand pesos)","673.06","","2026-08-03T09-38-59-7a63a72104f8","https://openstat.psa.gov.ph/PXWeb/pxweb/en/DB/DB__1E__IE/0081E3AIES0.px"
"CORDILLERA ADMINISTRATIVE REGION","Tenth Decile","Average Expenditure  (in thousand pesos)","362.88","","2026-08-03T09-38-59-7a63a72104f8","https://openstat.psa.gov.ph/PXWeb/pxweb/en/DB/DB__1E__IE/0081E3AIES0.px"
"CORDILLERA ADMINISTRATIVE REGION","Tenth Decile","Average Savings  (in thousand pesos)","310.18","","2026-08-03T09-38-59-7a63a72104f8","https://openstat.psa.gov.ph/PXWeb/pxweb/en/DB/DB__1E__IE/0081E3AIES0.px"
"ABRA","All Income Groups","Average Income   (in thousand pesos)","244.4","","2026-08-03T09-38-59-7a63a72104f8","https://openstat.psa.gov.ph/PXWeb/pxweb/en/DB/DB__1E__IE/0081E3AIES0.px"
"ABRA","All Income Groups","Average Expenditure  (in thousand pesos)","200.07","","2026-08-03T09-38-59-7a63a72104f8","https://openstat.psa.gov.ph/PXWeb/pxweb/en/DB/DB__1E__IE/0081E3AIES0.px"
"ABRA","All Income Groups","Average Savings  (in thousand pesos)","44.33","","2026-08-03T09-38-59-7a63a72104f8","https://openstat.psa.gov.ph/PXWeb/pxweb/en/DB/DB__1E__IE/0081E3AIES0.px"
"ABRA","First Decile","Average Income   (in thousand pesos)","126.01","","2026-08-03T09-38-59-7a63a72104f8","https://openstat.psa.gov.ph/PXWeb/pxweb/en/DB/DB__1E__IE/0081E3AIES0.px"
"ABRA","First Decile","Average Expenditure  (in thousand pesos)","126.43","","2026-08-03T09-38-59-7a63a72104f8","https://openstat.psa.gov.ph/PXWeb/pxweb/en/DB/DB__1E__IE/0081E3AIES0.px"
"ABRA","First Decile","Average Savings  (in thousand pesos)","-0.41","","2026-08-03T09-38-59-7a63a72104f8","https://openstat.psa.gov.ph/PXWeb/pxweb/en/DB/DB__1E__IE/0081E3AIES0.px"
"ABRA","Second Decile","Average Income   (in thousand pesos)","162.34","","2026-08-03T09-38-59-7a63a72104f8","https://openstat.psa.gov.ph/PXWeb/pxweb/en/DB/DB__1E__IE/0081E3AIES0.px"
"ABRA","Second Decile","Average Expenditure  (in thousand pesos)","156.67","","2026-08-03T09-38-59-7a63a72104f8","https://openstat.psa.gov.ph/PXWeb/pxweb/en/DB/DB__1E__IE/0081E3AIES0.px"
"ABRA","Second Decile","Average Savings  (in thousand pesos)","5.67","","2026-08-03T09-38-59-7a63a72104f8","https://openstat.psa.gov.ph/PXWeb/pxweb/en/DB/DB__1E__IE/0081E3AIES0.px"
"ABRA","Third Decile","Average Income   (in thousand pesos)","170.53","","2026-08-03T09-38-59-7a63a72104f8","https://openstat.psa.gov.ph/PXWeb/pxweb/en/DB/DB__1E__IE/0081E3AIES0.px"
"ABRA","Third Decile","Average Expenditure  (in thousand pesos)","159.53","","2026-08-03T09-38-59-7a63a72104f8","https://openstat.psa.gov.ph/PXWeb/pxweb/en/DB/DB__1E__IE/0081E3AIES0.px"
"ABRA","Third Decile","Average Savings  (in thousand pesos)","10.99","","2026-08-03T09-38-59-7a63a72104f8","https://openstat.psa.gov.ph/PXWeb/pxweb/en/DB/DB__1E__IE/0081E3AIES0.px"
"ABRA","Fourth Decile","Average Income   (in thousand pesos)","191.47","","2026-08-03T09-38-59-7a63a72104f8","https://openstat.psa.gov.ph/PXWeb/pxweb/en/DB/DB__1E__IE/0081E3AIES0.px"
"ABRA","Fourth Decile","Average Expenditure  (in thousand pesos)","169.11","","2026-08-03T09-38-59-7a63a72104f8","https://openstat.psa.gov.ph/PXWeb/pxweb/en/DB/DB__1E__IE/0081E3AIES0.px"
"ABRA","Fourth Decile","Average Savings  (in thousand pesos)","22.36","","2026-08-03T09-38-59-7a63a72104f8","https://openstat.psa.gov.ph/PXWeb/pxweb/en/DB/DB__1E__IE/0081E3AIES0.px"
"ABRA","Fifth Decile","Average Income   (in thousand pesos)","205.16","","2026-08-03T09-38-59-7a63a72104f8","https://openstat.psa.gov.ph/PXWeb/pxweb/en/DB/DB__1E__IE/0081E3AIES0.px"
"ABRA","Fifth Decile","Average Expenditure  (in thousand pesos)","176.74","","2026-08-03T09-38-59-7a63a72104f8","https://openstat.psa.gov.ph/PXWeb/pxweb/en/DB/DB__1E__IE/0081E3AIES0.px"
"ABRA","Fifth Decile","Average Savings  (in thousand pesos)","28.42","","2026-08-03T09-38-59-7a63a72104f8","https://openstat.psa.gov.ph/PXWeb/pxweb/en/DB/DB__1E__IE/0081E3AIES0.px"
"ABRA","Sixth Decile","Average Income   (in thousand pesos)","205.61","","2026-08-03T09-38-59-7a63a72104f8","https://openstat.psa.gov.ph/PXWeb/pxweb/en/DB/DB__1E__IE/0081E3AIES0.px"
"ABRA","Sixth Decile","Average Expenditure  (in thousand pesos)","171.93","","2026-08-03T09-38-59-7a63a72104f8","https://openstat.psa.gov.ph/PXWeb/pxweb/en/DB/DB__1E__IE/0081E3AIES0.px"
"ABRA","Sixth Decile","Average Savings  (in thousand pesos)","33.68","","2026-08-03T09-38-59-7a63a72104f8","https://openstat.psa.gov.ph/PXWeb/pxweb/en/DB/DB__1E__IE/0081E3AIES0.px"
"ABRA","Seventh Decile","Average Income   (in thousand pesos)","236.83","","2026-08-03T09-38-59-7a63a72104f8","https://openstat.psa.gov.ph/PXWeb/pxweb/en/DB/DB__1E__IE/0081E3AIES0.px"
"ABRA","Seventh Decile","Average Expenditure  (in thousand pesos)","199.01","","2026-08-03T09-38-59-7a63a72104f8","https://openstat.psa.gov.ph/PXWeb/pxweb/en/DB/DB__1E__IE/0081E3AIES0.px"
"ABRA","Seventh Decile","Average Savings  (in thousand pesos)","37.81","","2026-08-03T09-38-59-7a63a72104f8","https://openstat.psa.gov.ph/PXWeb/pxweb/en/DB/DB__1E__IE/0081E3AIES0.px"
"ABRA","Eighth Decile","Average Income   (in thousand pesos)","259.01","","2026-08-03T09-38-59-7a63a72104f8","https://openstat.psa.gov.ph/PXWeb/pxweb/en/DB/DB__1E__IE/0081E3AIES0.px"
"ABRA","Eighth Decile","Average Expenditure  (in thousand pesos)","207.04","","2026-08-03T09-38-59-7a63a72104f8","https://openstat.psa.gov.ph/PXWeb/pxweb/en/DB/DB__1E__IE/0081E3AIES0.px"
"ABRA","Eighth Decile","Average Savings  (in thousand pesos)","51.97","","2026-08-03T09-38-59-7a63a72104f8","https://openstat.psa.gov.ph/PXWeb/pxweb/en/DB/DB__1E__IE/0081E3AIES0.px"
"ABRA","Ninth Decile","Average Income   (in thousand pesos)","320.76","","2026-08-03T09-38-59-7a63a72104f8","https://openstat.psa.gov.ph/PXWeb/pxweb/en/DB/DB__1E__IE/0081E3AIES0.px"
"ABRA","Ninth Decile","Average Expenditure  (in thousand pesos)","238.15","","2026-08-03T09-38-59-7a63a72104f8","https://openstat.psa.gov.ph/PXWeb/pxweb/en/DB/DB__1E__IE/0081E3AIES0.px"
"ABRA","Ninth Decile","Average Savings  (in thousand pesos)","82.61","","2026-08-03T09-38-59-7a63a72104f8","https://openstat.psa.gov.ph/PXWeb/pxweb/en/DB/DB__1E__IE/0081E3AIES0.px"
"ABRA","Tenth Decile","Average Income   (in thousand pesos)","564.94","","2026-08-03T09-38-59-7a63a72104f8","https://openstat.psa.gov.ph/PXWeb/pxweb/en/DB/DB__1E__IE/0081E3AIES0.px"
"ABRA","Tenth Decile","Average Expenditure  (in thousand pesos)","395.3","","2026-08-03T09-38-59-7a63a72104f8","https://openstat.psa.gov.ph/PXWeb/pxweb/en/DB/DB__1E__IE/0081E3AIES0.px"
"ABRA","Tenth Decile","Average Savings  (in thousand pesos)","169.64","","2026-08-03T09-38-59-7a63a72104f8","https://openstat.psa.gov.ph/PXWeb/pxweb/en/DB/DB__1E__IE/0081E3AIES0.px"
"BENGUET (Excluding City of Baguio)","All Income Groups","Average Income   (in thousand pesos)","305.61","","2026-08-03T09-38-59-7a63a72104f8","https://openstat.psa.gov.ph/PXWeb/pxweb/en/DB/DB__1E__IE/0081E3AIES0.px"
"BENGUET (Excluding City of Baguio)","All Income Groups","Average Expenditure  (in thousand pesos)","212.02","","2026-08-03T09-38-59-7a63a72104f8","https://openstat.psa.gov.ph/PXWeb/pxweb/en/DB/DB__1E__IE/0081E3AIES0.px"
"BENGUET (Excluding City of Baguio)","All Income Groups","Average Savings  (in thousand pesos)","93.59","","2026-08-03T09-38-59-7a63a72104f8","https://openstat.psa.gov.ph/PXWeb/pxweb/en/DB/DB__1E__IE/0081E3AIES0.px"
"BENGUET (Excluding City of Baguio)","First Decile","Average Income   (in thousand pesos)","151.67","","2026-08-03T09-38-59-7a63a72104f8","https://openstat.psa.gov.ph/PXWeb/pxweb/en/DB/DB__1E__IE/0081E3AIES0.px"
"BENGUET (Excluding City of Baguio)","First Decile","Average Expenditure  (in thousand pesos)","143.09","","2026-08-03T09-38-59-7a63a72104f8","https://openstat.psa.gov.ph/PXWeb/pxweb/en/DB/DB__1E__IE/0081E3AIES0.px"
"BENGUET (Excluding City of Baguio)","First Decile","Average Savings  (in thousand pesos)","8.59","","2026-08-03T09-38-59-7a63a72104f8","https://openstat.psa.gov.ph/PXWeb/pxweb/en/DB/DB__1E__IE/0081E3AIES0.px"
"BENGUET (Excluding City of Baguio)","Second Decile","Average Income   (in thousand pesos)","195.94","","2026-08-03T09-38-59-7a63a72104f8","https://openstat.psa.gov.ph/PXWeb/pxweb/en/DB/DB__1E__IE/0081E3AIES0.px"
"BENGUET (Excluding City of Baguio)","Second Decile","Average Expenditure  (in thousand pesos)","173.62","","2026-08-03T09-38-59-7a63a72104f8","https://openstat.psa.gov.ph/PXWeb/pxweb/en/DB/DB__1E__IE/0081E3AIES0.px"
"BENGUET (Excluding City of Baguio)","Second Decile","Average Savings  (in thousand pesos)","22.32","","2026-08-03T09-38-59-7a63a72104f8","https://openstat.psa.gov.ph/PXWeb/pxweb/en/DB/DB__1E__IE/0081E3AIES0.px"
"BENGUET (Excluding City of Baguio)","Third Decile","Average Income   (in thousand pesos)","226.48","","2026-08-03T09-38-59-7a63a72104f8","https://openstat.psa.gov.ph/PXWeb/pxweb/en/DB/DB__1E__IE/0081E3AIES0.px"
"BENGUET (Excluding City of Baguio)","Third Decile","Average Expenditure  (in thousand pesos)","192.69","","2026-08-03T09-38-59-7a63a72104f8","https://openstat.psa.gov.ph/PXWeb/pxweb/en/DB/DB__1E__IE/0081E3AIES0.px"
"BENGUET (Excluding City of Baguio)","Third Decile","Average Savings  (in thousand pesos)","33.79","","2026-08-03T09-38-59-7a63a72104f8","https://openstat.psa.gov.ph/PXWeb/pxweb/en/DB/DB__1E__IE/0081E3AIES0.px"
"BENGUET (Excluding City of Baguio)","Fourth Decile","Average Income   (in thousand pesos)","243.55","","2026-08-03T09-38-59-7a63a72104f8","https://openstat.psa.gov.ph/PXWeb/pxweb/en/DB/DB__1E__IE/0081E3AIES0.px"
"BENGUET (Excluding City of Baguio)","Fourth Decile","Average Expenditure  (in thousand pesos)","181.99","","2026-08-03T09-38-59-7a63a72104f8","https://openstat.psa.gov.ph/PXWeb/pxweb/en/DB/DB__1E__IE/0081E3AIES0.px"
"BENGUET (Excluding City of Baguio)","Fourth Decile","Average Savings  (in thousand pesos)","61.55","","2026-08-03T09-38-59-7a63a72104f8","https://openstat.psa.gov.ph/PXWeb/pxweb/en/DB/DB__1E__IE/0081E3AIES0.px"
"BENGUET (Excluding City of Baguio)","Fifth Decile","Average Income   (in thousand pesos)","263.73","","2026-08-03T09-38-59-7a63a72104f8","https://openstat.psa.gov.ph/PXWeb/pxweb/en/DB/DB__1E__IE/0081E3AIES0.px"
"BENGUET (Excluding City of Baguio)","Fifth Decile","Average Expenditure  (in thousand pesos)","201.08","","2026-08-03T09-38-59-7a63a72104f8","https://openstat.psa.gov.ph/PXWeb/pxweb/en/DB/DB__1E__IE/0081E3AIES0.px"
"BENGUET (Excluding City of Baguio)","Fifth Decile","Average Savings  (in thousand pesos)","62.66","","2026-08-03T09-38-59-7a63a72104f8","https://openstat.psa.gov.ph/PXWeb/pxweb/en/DB/DB__1E__IE/0081E3AIES0.px"
"BENGUET (Excluding City of Baguio)","Sixth Decile","Average Income   (in thousand pesos)","306.9","","2026-08-03T09-38-59-7a63a72104f8","https://openstat.psa.gov.ph/PXWeb/pxweb/en/DB/DB__1E__IE/0081E3AIES0.px"
"BENGUET (Excluding City of Baguio)","Sixth Decile","Average Expenditure  (in thousand pesos)","217.28","","2026-08-03T09-38-59-7a63a72104f8","https://openstat.psa.gov.ph/PXWeb/pxweb/en/DB/DB__1E__IE/0081E3AIES0.px"
"BENGUET (Excluding City of Baguio)","Sixth Decile","Average Savings  (in thousand pesos)","89.62","","2026-08-03T09-38-59-7a63a72104f8","https://openstat.psa.gov.ph/PXWeb/pxweb/en/DB/DB__1E__IE/0081E3AIES0.px"
"BENGUET (Excluding City of Baguio)","Seventh Decile","Average Income   (in thousand pesos)","338.97","","2026-08-03T09-38-59-7a63a72104f8","https://openstat.psa.gov.ph/PXWeb/pxweb/en/DB/DB__1E__IE/0081E3AIES0.px"
"BENGUET (Excluding City of Baguio)","Seventh Decile","Average Expenditure  (in thousand pesos)","227.41","","2026-08-03T09-38-59-7a63a72104f8","https://openstat.psa.gov.ph/PXWeb/pxweb/en/DB/DB__1E__IE/0081E3AIES0.px"
"BENGUET (Excluding City of Baguio)","Seventh Decile","Average Savings  (in thousand pesos)","111.55","","2026-08-03T09-38-59-7a63a72104f8","https://openstat.psa.gov.ph/PXWeb/pxweb/en/DB/DB__1E__IE/0081E3AIES0.px"
"BENGUET (Excluding City of Baguio)","Eighth Decile","Average Income   (in thousand pesos)","361.36","","2026-08-03T09-38-59-7a63a72104f8","https://openstat.psa.gov.ph/PXWeb/pxweb/en/DB/DB__1E__IE/0081E3AIES0.px"
"BENGUET (Excluding City of Baguio)","Eighth Decile","Average Expenditure  (in thousand pesos)","229.58","","2026-08-03T09-38-59-7a63a72104f8","https://openstat.psa.gov.ph/PXWeb/pxweb/en/DB/DB__1E__IE/0081E3AIES0.px"
"BENGUET (Excluding City of Baguio)","Eighth Decile","Average Savings  (in thousand pesos)","131.78","","2026-08-03T09-38-59-7a63a72104f8","https://openstat.psa.gov.ph/PXWeb/pxweb/en/DB/DB__1E__IE/0081E3AIES0.px"
"BENGUET (Excluding City of Baguio)","Ninth Decile","Average Income   (in thousand pesos)","404.42","","2026-08-03T09-38-59-7a63a72104f8","https://openstat.psa.gov.ph/PXWeb/pxweb/en/DB/DB__1E__IE/0081E3AIES0.px"
"BENGUET (Excluding City of Baguio)","Ninth Decile","Average Expenditure  (in thousand pesos)","242.99","","2026-08-03T09-38-59-7a63a72104f8","https://openstat.psa.gov.ph/PXWeb/pxweb/en/DB/DB__1E__IE/0081E3AIES0.px"
"BENGUET (Excluding City of Baguio)","Ninth Decile","Average Savings  (in thousand pesos)","161.42","","2026-08-03T09-38-59-7a63a72104f8","https://openstat.psa.gov.ph/PXWeb/pxweb/en/DB/DB__1E__IE/0081E3AIES0.px"
"BENGUET (Excluding City of Baguio)","Tenth Decile","Average Income   (in thousand pesos)","561.61","","2026-08-03T09-38-59-7a63a72104f8","https://openstat.psa.gov.ph/PXWeb/pxweb/en/DB/DB__1E__IE/0081E3AIES0.px"
"BENGUET (Excluding City of Baguio)","Tenth Decile","Average Expenditure  (in thousand pesos)","309.74","","2026-08-03T09-38-59-7a63a72104f8","https://openstat.psa.gov.ph/PXWeb/pxweb/en/DB/DB__1E__IE/0081E3AIES0.px"
"BENGUET (Excluding City of Baguio)","Tenth Decile","Average Savings  (in thousand pesos)","251.87","","2026-08-03T09-38-59-7a63a72104f8","https://openstat.psa.gov.ph/PXWeb/pxweb/en/DB/DB__1E__IE/0081E3AIES0.px"
"..City of Baguio","All Income Groups","Average Income   (in thousand pesos)","395.01","","2026-08-03T09-38-59-7a63a72104f8","https://openstat.psa.gov.ph/PXWeb/pxweb/en/DB/DB__1E__IE/0081E3AIES0.px"
"..City of Baguio","All Income Groups","Average Expenditure  (in thousand pesos)","261.48","","2026-08-03T09-38-59-7a63a72104f8","https://openstat.psa.gov.ph/PXWeb/pxweb/en/DB/DB__1E__IE/0081E3AIES0.px"
"..City of Baguio","All Income Groups","Average Savings  (in thousand pesos)","133.53","","2026-08-03T09-38-59-7a63a72104f8","https://openstat.psa.gov.ph/PXWeb/pxweb/en/DB/DB__1E__IE/0081E3AIES0.px"
"..City of Baguio","First Decile","Average Income   (in thousand pesos)","217.01","","2026-08-03T09-38-59-7a63a72104f8","https://openstat.psa.gov.ph/PXWeb/pxweb/en/DB/DB__1E__IE/0081E3AIES0.px"
"..City of Baguio","First Decile","Average Expenditure  (in thousand pesos)","192.77","","2026-08-03T09-38-59-7a63a72104f8","https://openstat.psa.gov.ph/PXWeb/pxweb/en/DB/DB__1E__IE/0081E3AIES0.px"
"..City of Baguio","First Decile","Average Savings  (in thousand pesos)","24.24","","2026-08-03T09-38-59-7a63a72104f8","https://openstat.psa.gov.ph/PXWeb/pxweb/en/DB/DB__1E__IE/0081E3AIES0.px"
"..City of Baguio","Second Decile","Average Income   (in thousand pesos)","256","","2026-08-03T09-38-59-7a63a72104f8","https://openstat.psa.gov.ph/PXWeb/pxweb/en/DB/DB__1E__IE/0081E3AIES0.px"
"..City of Baguio","Second Decile","Average Expenditure  (in thousand pesos)","205.02","","2026-08-03T09-38-59-7a63a72104f8","https://openstat.psa.gov.ph/PXWeb/pxweb/en/DB/DB__1E__IE/0081E3AIES0.px"
"..City of Baguio","Second Decile","Average Savings  (in thousand pesos)","50.98","","2026-08-03T09-38-59-7a63a72104f8","https://openstat.psa.gov.ph/PXWeb/pxweb/en/DB/DB__1E__IE/0081E3AIES0.px"
"..City of Baguio","Third Decile","Average Income   (in thousand pesos)","309.81","","2026-08-03T09-38-59-7a63a72104f8","https://openstat.psa.gov.ph/PXWeb/pxweb/en/DB/DB__1E__IE/0081E3AIES0.px"
"..City of Baguio","Third Decile","Average Expenditure  (in thousand pesos)","236.13","","2026-08-03T09-38-59-7a63a72104f8","https://openstat.psa.gov.ph/PXWeb/pxweb/en/DB/DB__1E__IE/0081E3AIES0.px"
"..City of Baguio","Third Decile","Average Savings  (in thousand pesos)","73.68","","2026-08-03T09-38-59-7a63a72104f8","https://openstat.psa.gov.ph/PXWeb/pxweb/en/DB/DB__1E__IE/0081E3AIES0.px"
"..City of Baguio","Fourth Decile","Average Income   (in thousand pesos)","343.78","","2026-08-03T09-38-59-7a63a72104f8","https://openstat.psa.gov.ph/PXWeb/pxweb/en/DB/DB__1E__IE/0081E3AIES0.px"
"..City of Baguio","Fourth Decile","Average Expenditure  (in thousand pesos)","249.65","","2026-08-03T09-38-59-7a63a72104f8","https://openstat.psa.gov.ph/PXWeb/pxweb/en/DB/DB__1E__IE/0081E3AIES0.px"
"..City of Baguio","Fourth Decile","Average Savings  (in thousand pesos)","94.13","","2026-08-03T09-38-59-7a63a72104f8","https://openstat.psa.gov.ph/PXWeb/pxweb/en/DB/DB__1E__IE/0081E3AIES0.px"
"..City of Baguio","Fifth Decile","Average Income   (in thousand pesos)","357.09","","2026-08-03T09-38-59-7a63a72104f8","https://openstat.psa.gov.ph/PXWeb/pxweb/en/DB/DB__1E__IE/0081E3AIES0.px"
"..City of Baguio","Fifth Decile","Average Expenditure  (in thousand pesos)","248.98","","2026-08-03T09-38-59-7a63a72104f8","https://openstat.psa.gov.ph/PXWeb/pxweb/en/DB/DB__1E__IE/0081E3AIES0.px"
"..City of Baguio","Fifth Decile","Average Savings  (in thousand pesos)","108.1","","2026-08-03T09-38-59-7a63a72104f8","https://openstat.psa.gov.ph/PXWeb/pxweb/en/DB/DB__1E__IE/0081E3AIES0.px"
"..City of Baguio","Sixth Decile","Average Income   (in thousand pesos)","402.8","","2026-08-03T09-38-59-7a63a72104f8","https://openstat.psa.gov.ph/PXWeb/pxweb/en/DB/DB__1E__IE/0081E3AIES0.px"
"..City of Baguio","Sixth Decile","Average Expenditure  (in thousand pesos)","275.55","","2026-08-03T09-38-59-7a63a72104f8","https://openstat.psa.gov.ph/PXWeb/pxweb/en/DB/DB__1E__IE/0081E3AIES0.px"
"..City of Baguio","Sixth Decile","Average Savings  (in thousand pesos)","127.25","","2026-08-03T09-38-59-7a63a72104f8","https://openstat.psa.gov.ph/PXWeb/pxweb/en/DB/DB__1E__IE/0081E3AIES0.px"
"..City of Baguio","Seventh Decile","Average Income   (in thousand pesos)","442.53","","2026-08-03T09-38-59-7a63a72104f8","https://openstat.psa.gov.ph/PXWeb/pxweb/en/DB/DB__1E__IE/0081E3AIES0.px"
"..City of Baguio","Seventh Decile","Average Expenditure  (in thousand pesos)","282.04","","2026-08-03T09-38-59-7a63a72104f8","https://openstat.psa.gov.ph/PXWeb/pxweb/en/DB/DB__1E__IE/0081E3AIES0.px"
"..City of Baguio","Seventh Decile","Average Savings  (in thousand pesos)","160.49","","2026-08-03T09-38-59-7a63a72104f8","https://openstat.psa.gov.ph/PXWeb/pxweb/en/DB/DB__1E__IE/0081E3AIES0.px"
"..City of Baguio","Eighth Decile","Average Income   (in thousand pesos)","488.11","","2026-08-03T09-38-59-7a63a72104f8","https://openstat.psa.gov.ph/PXWeb/pxweb/en/DB/DB__1E__IE/0081E3AIES0.px"
"..City of Baguio","Eighth Decile","Average Expenditure  (in thousand pesos)","301.85","","2026-08-03T09-38-59-7a63a72104f8","https://openstat.psa.gov.ph/PXWeb/pxweb/en/DB/DB__1E__IE/0081E3AIES0.px"
"..City of Baguio","Eighth Decile","Average Savings  (in thousand pesos)","186.26","","2026-08-03T09-38-59-7a63a72104f8","https://openstat.psa.gov.ph/PXWeb/pxweb/en/DB/DB__1E__IE/0081E3AIES0.px"
"..City of Baguio","Ninth Decile","Average Income   (in thousand pesos)","461.19","","2026-08-03T09-38-59-7a63a72104f8","https://openstat.psa.gov.ph/PXWeb/pxweb/en/DB/DB__1E__IE/0081E3AIES0.px"
"..City of Baguio","Ninth Decile","Average Expenditure  (in thousand pesos)","268.86","","2026-08-03T09-38-59-7a63a72104f8","https://openstat.psa.gov.ph/PXWeb/pxweb/en/DB/DB__1E__IE/0081E3AIES0.px"
"..City of Baguio","Ninth Decile","Average Savings  (in thousand pesos)","192.33","","2026-08-03T09-38-59-7a63a72104f8","https://openstat.psa.gov.ph/PXWeb/pxweb/en/DB/DB__1E__IE/0081E3AIES0.px"
"..City of Baguio","Tenth Decile","Average Income   (in thousand pesos)","669.61","","2026-08-03T09-38-59-7a63a72104f8","https://openstat.psa.gov.ph/PXWeb/pxweb/en/DB/DB__1E__IE/0081E3AIES0.px"
"..City of Baguio","Tenth Decile","Average Expenditure  (in thousand pesos)","353.24","","2026-08-03T09-38-59-7a63a72104f8","https://openstat.psa.gov.ph/PXWeb/pxweb/en/DB/DB__1E__IE/0081E3AIES0.px"
"..City of Baguio","Tenth Decile","Average Savings  (in thousand pesos)","316.37","","2026-08-03T09-38-59-7a63a72104f8","https://openstat.psa.gov.ph/PXWeb/pxweb/en/DB/DB__1E__IE/0081E3AIES0.px"
"IFUGAO","All Income Groups","Average Income   (in thousand pesos)","287.15","","2026-08-03T09-38-59-7a63a72104f8","https://openstat.psa.gov.ph/PXWeb/pxweb/en/DB/DB__1E__IE/0081E3AIES0.px"
"IFUGAO","All Income Groups","Average Expenditure  (in thousand pesos)","178.87","","2026-08-03T09-38-59-7a63a72104f8","https://openstat.psa.gov.ph/PXWeb/pxweb/en/DB/DB__1E__IE/0081E3AIES0.px"
"IFUGAO","All Income Groups","Average Savings  (in thousand pesos)","108.29","","2026-08-03T09-38-59-7a63a72104f8","https://openstat.psa.gov.ph/PXWeb/pxweb/en/DB/DB__1E__IE/0081E3AIES0.px"
"IFUGAO","First Decile","Average Income   (in thousand pesos)","157.81","","2026-08-03T09-38-59-7a63a72104f8","https://openstat.psa.gov.ph/PXWeb/pxweb/en/DB/DB__1E__IE/0081E3AIES0.px"
"IFUGAO","First Decile","Average Expenditure  (in thousand pesos)","127.62","","2026-08-03T09-38-59-7a63a72104f8","https://openstat.psa.gov.ph/PXWeb/pxweb/en/DB/DB__1E__IE/0081E3AIES0.px"
"IFUGAO","First Decile","Average Savings  (in thousand pesos)","30.19","","2026-08-03T09-38-59-7a63a72104f8","https://openstat.psa.gov.ph/PXWeb/pxweb/en/DB/DB__1E__IE/0081E3AIES0.px"
"IFUGAO","Second Decile","Average Income   (in thousand pesos)","188.41","","2026-08-03T09-38-59-7a63a72104f8","https://openstat.psa.gov.ph/PXWeb/pxweb/en/DB/DB__1E__IE/0081E3AIES0.px"
"IFUGAO","Second Decile","Average Expenditure  (in thousand pesos)","147.39","","2026-08-03T09-38-59-7a63a72104f8","https://openstat.psa.gov.ph/PXWeb/pxweb/en/DB/DB__1E__IE/0081E3AIES0.px"
"IFUGAO","Second Decile","Average Savings  (in thousand pesos)","41.02","","2026-08-03T09-38-59-7a63a72104f8","https://openstat.psa.gov.ph/PXWeb/pxweb/en/DB/DB__1E__IE/0081E3AIES0.px"
"IFUGAO","Third Decile","Average Income   (in thousand pesos)","208.61","","2026-08-03T09-38-59-7a63a72104f8","https://openstat.psa.gov.ph/PXWeb/pxweb/en/DB/DB__1E__IE/0081E3AIES0.px"
"IFUGAO","Third Decile","Average Expenditure  (in thousand pesos)","153.77","","2026-08-03T09-38-59-7a63a72104f8","https://openstat.psa.gov.ph/PXWeb/pxweb/en/DB/DB__1E__IE/0081E3AIES0.px"
"IFUGAO","Third Decile","Average Savings  (in thousand pesos)","54.84","","2026-08-03T09-38-59-7a63a72104f8","https://openstat.psa.gov.ph/PXWeb/pxweb/en/DB/DB__1E__IE/0081E3AIES0.px"
"IFUGAO","Fourth Decile","Average Income   (in thousand pesos)","201.31","","2026-08-03T09-38-59-7a63a72104f8","https://openstat.psa.gov.ph/PXWeb/pxweb/en/DB/DB__1E__IE/0081E3AIES0.px"
"IFUGAO","Fourth Decile","Average Expenditure  (in thousand pesos)","140.85","","2026-08-03T09-38-59-7a63a72104f8","https://openstat.psa.gov.ph/PXWeb/pxweb/en/DB/DB__1E__IE/0081E3AIES0.px"
"IFUGAO","Fourth Decile","Average Savings  (in thousand pesos)","60.46","","2026-08-03T09-38-59-7a63a72104f8","https://openstat.psa.gov.ph/PXWeb/pxweb/en/DB/DB__1E__IE/0081E3AIES0.px"
"IFUGAO","Fifth Decile","Average Income   (in thousand pesos)","219.7","","2026-08-03T09-38-59-7a63a72104f8","https://openstat.psa.gov.ph/PXWeb/pxweb/en/DB/DB__1E__IE/0081E3AIES0.px"
"IFUGAO","Fifth Decile","Average Expenditure  (in thousand pesos)","153.75","","2026-08-03T09-38-59-7a63a72104f8","https://openstat.psa.gov.ph/PXWeb/pxweb/en/DB/DB__1E__IE/0081E3AIES0.px"
"IFUGAO","Fifth Decile","Average Savings  (in thousand pesos)","65.95","","2026-08-03T09-38-59-7a63a72104f8","https://openstat.psa.gov.ph/PXWeb/pxweb/en/DB/DB__1E__IE/0081E3AIES0.px"
"IFUGAO","Sixth Decile","Average Income   (in thousand pesos)","229.19","","2026-08-03T09-38-59-7a63a72104f8","https://openstat.psa.gov.ph/PXWeb/pxweb/en/DB/DB__1E__IE/0081E3AIES0.px"
"IFUGAO","Sixth Decile","Average Expenditure  (in thousand pesos)","158.57","","2026-08-03T09-38-59-7a63a72104f8","https://openstat.psa.gov.ph/PXWeb/pxweb/en/DB/DB__1E__IE/0081E3AIES0.px"
"IFUGAO","Sixth Decile","Average Savings  (in thousand pesos)","70.62","","2026-08-03T09-38-59-7a63a72104f8","https://openstat.psa.gov.ph/PXWeb/pxweb/en/DB/DB__1E__IE/0081E3AIES0.px"
"IFUGAO","Seventh Decile","Average Income   (in thousand pesos)","243.88","","2026-08-03T09-38-59-7a63a72104f8","https://openstat.psa.gov.ph/PXWeb/pxweb/en/DB/DB__1E__IE/0081E3AIES0.px"
"IFUGAO","Seventh Decile","Average Expenditure  (in thousand pesos)","159.33","","2026-08-03T09-38-59-7a63a72104f8","https://openstat.psa.gov.ph/PXWeb/pxweb/en/DB/DB__1E__IE/0081E3AIES0.px"
"IFUGAO","Seventh Decile","Average Savings  (in thousand pesos)","84.56","","2026-08-03T09-38-59-7a63a72104f8","https://openstat.psa.gov.ph/PXWeb/pxweb/en/DB/DB__1E__IE/0081E3AIES0.px"
"IFUGAO","Eighth Decile","Average Income   (in thousand pesos)","286.49","","2026-08-03T09-38-59-7a63a72104f8","https://openstat.psa.gov.ph/PXWeb/pxweb/en/DB/DB__1E__IE/0081E3AIES0.px"
"IFUGAO","Eighth Decile","Average Expenditure  (in thousand pesos)","174.57","","2026-08-03T09-38-59-7a63a72104f8","https://openstat.psa.gov.ph/PXWeb/pxweb/en/DB/DB__1E__IE/0081E3AIES0.px"
"IFUGAO","Eighth Decile","Average Savings  (in thousand pesos)","111.91","","2026-08-03T09-38-59-7a63a72104f8","https://openstat.psa.gov.ph/PXWeb/pxweb/en/DB/DB__1E__IE/0081E3AIES0.px"
"IFUGAO","Ninth Decile","Average Income   (in thousand pesos)","375.53","","2026-08-03T09-38-59-7a63a72104f8","https://openstat.psa.gov.ph/PXWeb/pxweb/en/DB/DB__1E__IE/0081E3AIES0.px"
"IFUGAO","Ninth Decile","Average Expenditure  (in thousand pesos)","225.02","","2026-08-03T09-38-59-7a63a72104f8","https://openstat.psa.gov.ph/PXWeb/pxweb/en/DB/DB__1E__IE/0081E3AIES0.px"
"IFUGAO","Ninth Decile","Average Savings  (in thousand pesos)","150.51","","2026-08-03T09-38-59-7a63a72104f8","https://openstat.psa.gov.ph/PXWeb/pxweb/en/DB/DB__1E__IE/0081E3AIES0.px"
"IFUGAO","Tenth Decile","Average Income   (in thousand pesos)","758.41","","2026-08-03T09-38-59-7a63a72104f8","https://openstat.psa.gov.ph/PXWeb/pxweb/en/DB/DB__1E__IE/0081E3AIES0.px"
"IFUGAO","Tenth Decile","Average Expenditure  (in thousand pesos)","347.04","","2026-08-03T09-38-59-7a63a72104f8","https://openstat.psa.gov.ph/PXWeb/pxweb/en/DB/DB__1E__IE/0081E3AIES0.px"
"IFUGAO","Tenth Decile","Average Savings  (in thousand pesos)","411.37","","2026-08-03T09-38-59-7a63a72104f8","https://openstat.psa.gov.ph/PXWeb/pxweb/en/DB/DB__1E__IE/0081E3AIES0.px"
"KALINGA","All Income Groups","Average Income   (in thousand pesos)","348.83","","2026-08-03T09-38-59-7a63a72104f8","https://openstat.psa.gov.ph/PXWeb/pxweb/en/DB/DB__1E__IE/0081E3AIES0.px"
"KALINGA","All Income Groups","Average Expenditure  (in thousand pesos)","244.13","","2026-08-03T09-38-59-7a63a72104f8","https://openstat.psa.gov.ph/PXWeb/pxweb/en/DB/DB__1E__IE/0081E3AIES0.px"
"KALINGA","All Income Groups","Average Savings  (in thousand pesos)","104.7","","2026-08-03T09-38-59-7a63a72104f8","https://openstat.psa.gov.ph/PXWeb/pxweb/en/DB/DB__1E__IE/0081E3AIES0.px"
"KALINGA","First Decile","Average Income   (in thousand pesos)","192.56","","2026-08-03T09-38-59-7a63a72104f8","https://openstat.psa.gov.ph/PXWeb/pxweb/en/DB/DB__1E__IE/0081E3AIES0.px"
"KALINGA","First Decile","Average Expenditure  (in thousand pesos)","171.23","","2026-08-03T09-38-59-7a63a72104f8","https://openstat.psa.gov.ph/PXWeb/pxweb/en/DB/DB__1E__IE/0081E3AIES0.px"
"KALINGA","First Decile","Average Savings  (in thousand pesos)","21.33","","2026-08-03T09-38-59-7a63a72104f8","https://openstat.psa.gov.ph/PXWeb/pxweb/en/DB/DB__1E__IE/0081E3AIES0.px"
"KALINGA","Second Decile","Average Income   (in thousand pesos)","217.45","","2026-08-03T09-38-59-7a63a72104f8","https://openstat.psa.gov.ph/PXWeb/pxweb/en/DB/DB__1E__IE/0081E3AIES0.px"
"KALINGA","Second Decile","Average Expenditure  (in thousand pesos)","184.98","","2026-08-03T09-38-59-7a63a72104f8","https://openstat.psa.gov.ph/PXWeb/pxweb/en/DB/DB__1E__IE/0081E3AIES0.px"
"KALINGA","Second Decile","Average Savings  (in thousand pesos)","32.47","","2026-08-03T09-38-59-7a63a72104f8","https://openstat.psa.gov.ph/PXWeb/pxweb/en/DB/DB__1E__IE/0081E3AIES0.px"
"KALINGA","Third Decile","Average Income   (in thousand pesos)","239.25","","2026-08-03T09-38-59-7a63a72104f8","https://openstat.psa.gov.ph/PXWeb/pxweb/en/DB/DB__1E__IE/0081E3AIES0.px"
"KALINGA","Third Decile","Average Expenditure  (in thousand pesos)","193.83","","2026-08-03T09-38-59-7a63a72104f8","https://openstat.psa.gov.ph/PXWeb/pxweb/en/DB/DB__1E__IE/0081E3AIES0.px"
"KALINGA","Third Decile","Average Savings  (in thousand pesos)","45.42","","2026-08-03T09-38-59-7a63a72104f8","https://openstat.psa.gov.ph/PXWeb/pxweb/en/DB/DB__1E__IE/0081E3AIES0.px"
"KALINGA","Fourth Decile","Average Income   (in thousand pesos)","260.43","","2026-08-03T09-38-59-7a63a72104f8","https://openstat.psa.gov.ph/PXWeb/pxweb/en/DB/DB__1E__IE/0081E3AIES0.px"
"KALINGA","Fourth Decile","Average Expenditure  (in thousand pesos)","196.72","","2026-08-03T09-38-59-7a63a72104f8","https://openstat.psa.gov.ph/PXWeb/pxweb/en/DB/DB__1E__IE/0081E3AIES0.px"
"KALINGA","Fourth Decile","Average Savings  (in thousand pesos)","63.71","","2026-08-03T09-38-59-7a63a72104f8","https://openstat.psa.gov.ph/PXWeb/pxweb/en/DB/DB__1E__IE/0081E3AIES0.px"
"KALINGA","Fifth Decile","Average Income   (in thousand pesos)","268.05","","2026-08-03T09-38-59-7a63a72104f8","https://openstat.psa.gov.ph/PXWeb/pxweb/en/DB/DB__1E__IE/0081E3AIES0.px"
"KALINGA","Fifth Decile","Average Expenditure  (in thousand pesos)","210.31","","2026-08-03T09-38-59-7a63a72104f8","https://openstat.psa.gov.ph/PXWeb/pxweb/en/DB/DB__1E__IE/0081E3AIES0.px"
"KALINGA","Fifth Decile","Average Savings  (in thousand pesos)","57.75","","2026-08-03T09-38-59-7a63a72104f8","https://openstat.psa.gov.ph/PXWeb/pxweb/en/DB/DB__1E__IE/0081E3AIES0.px"
"KALINGA","Sixth Decile","Average Income   (in thousand pesos)","298.97","","2026-08-03T09-38-59-7a63a72104f8","https://openstat.psa.gov.ph/PXWeb/pxweb/en/DB/DB__1E__IE/0081E3AIES0.px"
"KALINGA","Sixth Decile","Average Expenditure  (in thousand pesos)","217.39","","2026-08-03T09-38-59-7a63a72104f8","https://openstat.psa.gov.ph/PXWeb/pxweb/en/DB/DB__1E__IE/0081E3AIES0.px"
"KALINGA","Sixth Decile","Average Savings  (in thousand pesos)","81.58","","2026-08-03T09-38-59-7a63a72104f8","https://openstat.psa.gov.ph/PXWeb/pxweb/en/DB/DB__1E__IE/0081E3AIES0.px"
"KALINGA","Seventh Decile","Average Income   (in thousand pesos)","346.26","","2026-08-03T09-38-59-7a63a72104f8","https://openstat.psa.gov.ph/PXWeb/pxweb/en/DB/DB__1E__IE/0081E3AIES0.px"
"KALINGA","Seventh Decile","Average Expenditure  (in thousand pesos)","239.25","","2026-08-03T09-38-59-7a63a72104f8","https://openstat.psa.gov.ph/PXWeb/pxweb/en/DB/DB__1E__IE/0081E3AIES0.px"
"KALINGA","Seventh Decile","Average Savings  (in thousand pesos)","107.01","","2026-08-03T09-38-59-7a63a72104f8","https://openstat.psa.gov.ph/PXWeb/pxweb/en/DB/DB__1E__IE/0081E3AIES0.px"
"KALINGA","Eighth Decile","Average Income   (in thousand pesos)","362.28","","2026-08-03T09-38-59-7a63a72104f8","https://openstat.psa.gov.ph/PXWeb/pxweb/en/DB/DB__1E__IE/0081E3AIES0.px"
"KALINGA","Eighth Decile","Average Expenditure  (in thousand pesos)","258.58","","2026-08-03T09-38-59-7a63a72104f8","https://openstat.psa.gov.ph/PXWeb/pxweb/en/DB/DB__1E__IE/0081E3AIES0.px"
"KALINGA","Eighth Decile","Average Savings  (in thousand pesos)","103.7","","2026-08-03T09-38-59-7a63a72104f8","https://openstat.psa.gov.ph/PXWeb/pxweb/en/DB/DB__1E__IE/0081E3AIES0.px"
"KALINGA","Ninth Decile","Average Income   (in thousand pesos)","475.41","","2026-08-03T09-38-59-7a63a72104f8","https://openstat.psa.gov.ph/PXWeb/pxweb/en/DB/DB__1E__IE/0081E3AIES0.px"
"KALINGA","Ninth Decile","Average Expenditure  (in thousand pesos)","287.87","","2026-08-03T09-38-59-7a63a72104f8","https://openstat.psa.gov.ph/PXWeb/pxweb/en/DB/DB__1E__IE/0081E3AIES0.px"
"KALINGA","Ninth Decile","Average Savings  (in thousand pesos)","187.54","","2026-08-03T09-38-59-7a63a72104f8","https://openstat.psa.gov.ph/PXWeb/pxweb/en/DB/DB__1E__IE/0081E3AIES0.px"
"KALINGA","Tenth Decile","Average Income   (in thousand pesos)","825.1","","2026-08-03T09-38-59-7a63a72104f8","https://openstat.psa.gov.ph/PXWeb/pxweb/en/DB/DB__1E__IE/0081E3AIES0.px"
"KALINGA","Tenth Decile","Average Expenditure  (in thousand pesos)","480.01","","2026-08-03T09-38-59-7a63a72104f8","https://openstat.psa.gov.ph/PXWeb/pxweb/en/DB/DB__1E__IE/0081E3AIES0.px"
"KALINGA","Tenth Decile","Average Savings  (in thousand pesos)","345.09","","2026-08-03T09-38-59-7a63a72104f8","https://openstat.psa.gov.ph/PXWeb/pxweb/en/DB/DB__1E__IE/0081E3AIES0.px"
"MOUNTAIN PROVINCE","All Income Groups","Average Income   (in thousand pesos)","278.73","","2026-08-03T09-38-59-7a63a72104f8","https://openstat.psa.gov.ph/PXWeb/pxweb/en/DB/DB__1E__IE/0081E3AIES0.px"
"MOUNTAIN PROVINCE","All Income Groups","Average Expenditure  (in thousand pesos)","193","","2026-08-03T09-38-59-7a63a72104f8","https://openstat.psa.gov.ph/PXWeb/pxweb/en/DB/DB__1E__IE/0081E3AIES0.px"
"MOUNTAIN PROVINCE","All Income Groups","Average Savings  (in thousand pesos)","85.72","","2026-08-03T09-38-59-7a63a72104f8","https://openstat.psa.gov.ph/PXWeb/pxweb/en/DB/DB__1E__IE/0081E3AIES0.px"
"MOUNTAIN PROVINCE","First Decile","Average Income   (in thousand pesos)","163.66","","2026-08-03T09-38-59-7a63a72104f8","https://openstat.psa.gov.ph/PXWeb/pxweb/en/DB/DB__1E__IE/0081E3AIES0.px"
"MOUNTAIN PROVINCE","First Decile","Average Expenditure  (in thousand pesos)","151.56","","2026-08-03T09-38-59-7a63a72104f8","https://openstat.psa.gov.ph/PXWeb/pxweb/en/DB/DB__1E__IE/0081E3AIES0.px"
"MOUNTAIN PROVINCE","First Decile","Average Savings  (in thousand pesos)","12.1","","2026-08-03T09-38-59-7a63a72104f8","https://openstat.psa.gov.ph/PXWeb/pxweb/en/DB/DB__1E__IE/0081E3AIES0.px"
"MOUNTAIN PROVINCE","Second Decile","Average Income   (in thousand pesos)","177.91","","2026-08-03T09-38-59-7a63a72104f8","https://openstat.psa.gov.ph/PXWeb/pxweb/en/DB/DB__1E__IE/0081E3AIES0.px"
"MOUNTAIN PROVINCE","Second Decile","Average Expenditure  (in thousand pesos)","147.88","","2026-08-03T09-38-59-7a63a72104f8","https://openstat.psa.gov.ph/PXWeb/pxweb/en/DB/DB__1E__IE/0081E3AIES0.px"
"MOUNTAIN PROVINCE","Second Decile","Average Savings  (in thousand pesos)","30.03","","2026-08-03T09-38-59-7a63a72104f8","https://openstat.psa.gov.ph/PXWeb/pxweb/en/DB/DB__1E__IE/0081E3AIES0.px"
"MOUNTAIN PROVINCE","Third Decile","Average Income   (in thousand pesos)","195.34","","2026-08-03T09-38-59-7a63a72104f8","https://openstat.psa.gov.ph/PXWeb/pxweb/en/DB/DB__1E__IE/0081E3AIES0.px"
"MOUNTAIN PROVINCE","Third Decile","Average Expenditure  (in thousand pesos)","155.58","","2026-08-03T09-38-59-7a63a72104f8","https://openstat.psa.gov.ph/PXWeb/pxweb/en/DB/DB__1E__IE/0081E3AIES0.px"
"MOUNTAIN PROVINCE","Third Decile","Average Savings  (in thousand pesos)","39.76","","2026-08-03T09-38-59-7a63a72104f8","https://openstat.psa.gov.ph/PXWeb/pxweb/en/DB/DB__1E__IE/0081E3AIES0.px"
"MOUNTAIN PROVINCE","Fourth Decile","Average Income   (in thousand pesos)","201.39","","2026-08-03T09-38-59-7a63a72104f8","https://openstat.psa.gov.ph/PXWeb/pxweb/en/DB/DB__1E__IE/0081E3AIES0.px"
"MOUNTAIN PROVINCE","Fourth Decile","Average Expenditure  (in thousand pesos)","152.86","","2026-08-03T09-38-59-7a63a72104f8","https://openstat.psa.gov.ph/PXWeb/pxweb/en/DB/DB__1E__IE/0081E3AIES0.px"
"MOUNTAIN PROVINCE","Fourth Decile","Average Savings  (in thousand pesos)","48.54","","2026-08-03T09-38-59-7a63a72104f8","https://openstat.psa.gov.ph/PXWeb/pxweb/en/DB/DB__1E__IE/0081E3AIES0.px"
"MOUNTAIN PROVINCE","Fifth Decile","Average Income   (in thousand pesos)","214.41","","2026-08-03T09-38-59-7a63a72104f8","https://openstat.psa.gov.ph/PXWeb/pxweb/en/DB/DB__1E__IE/0081E3AIES0.px"
"MOUNTAIN PROVINCE","Fifth Decile","Average Expenditure  (in thousand pesos)","162.35","","2026-08-03T09-38-59-7a63a72104f8","https://openstat.psa.gov.ph/PXWeb/pxweb/en/DB/DB__1E__IE/0081E3AIES0.px"
"MOUNTAIN PROVINCE","Fifth Decile","Average Savings  (in thousand pesos)","52.07","","2026-08-03T09-38-59-7a63a72104f8","https://openstat.psa.gov.ph/PXWeb/pxweb/en/DB/DB__1E__IE/0081E3AIES0.px"
"MOUNTAIN PROVINCE","Sixth Decile","Average Income   (in thousand pesos)","216.81","","2026-08-03T09-38-59-7a63a72104f8","https://openstat.psa.gov.ph/PXWeb/pxweb/en/DB/DB__1E__IE/0081E3AIES0.px"
"MOUNTAIN PROVINCE","Sixth Decile","Average Expenditure  (in thousand pesos)","166.22","","2026-08-03T09-38-59-7a63a72104f8","https://openstat.psa.gov.ph/PXWeb/pxweb/en/DB/DB__1E__IE/0081E3AIES0.px"
"MOUNTAIN PROVINCE","Sixth Decile","Average Savings  (in thousand pesos)","50.58","","2026-08-03T09-38-59-7a63a72104f8","https://openstat.psa.gov.ph/PXWeb/pxweb/en/DB/DB__1E__IE/0081E3AIES0.px"
"MOUNTAIN PROVINCE","Seventh Decile","Average Income   (in thousand pesos)","271.28","","2026-08-03T09-38-59-7a63a72104f8","https://openstat.psa.gov.ph/PXWeb/pxweb/en/DB/DB__1E__IE/0081E3AIES0.px"
"MOUNTAIN PROVINCE","Seventh Decile","Average Expenditure  (in thousand pesos)","186.73","","2026-08-03T09-38-59-7a63a72104f8","https://openstat.psa.gov.ph/PXWeb/pxweb/en/DB/DB__1E__IE/0081E3AIES0.px"
"MOUNTAIN PROVINCE","Seventh Decile","Average Savings  (in thousand pesos)","84.55","","2026-08-03T09-38-59-7a63a72104f8","https://openstat.psa.gov.ph/PXWeb/pxweb/en/DB/DB__1E__IE/0081E3AIES0.px"
"MOUNTAIN PROVINCE","Eighth Decile","Average Income   (in thousand pesos)","301.72","","2026-08-03T09-38-59-7a63a72104f8","https://openstat.psa.gov.ph/PXWeb/pxweb/en/DB/DB__1E__IE/0081E3AIES0.px"
"MOUNTAIN PROVINCE","Eighth Decile","Average Expenditure  (in thousand pesos)","199.98","","2026-08-03T09-38-59-7a63a72104f8","https://openstat.psa.gov.ph/PXWeb/pxweb/en/DB/DB__1E__IE/0081E3AIES0.px"
"MOUNTAIN PROVINCE","Eighth Decile","Average Savings  (in thousand pesos)","101.75","","2026-08-03T09-38-59-7a63a72104f8","https://openstat.psa.gov.ph/PXWeb/pxweb/en/DB/DB__1E__IE/0081E3AIES0.px"
"MOUNTAIN PROVINCE","Ninth Decile","Average Income   (in thousand pesos)","383.57","","2026-08-03T09-38-59-7a63a72104f8","https://openstat.psa.gov.ph/PXWeb/pxweb/en/DB/DB__1E__IE/0081E3AIES0.px"
"MOUNTAIN PROVINCE","Ninth Decile","Average Expenditure  (in thousand pesos)","234.63","","2026-08-03T09-38-59-7a63a72104f8","https://openstat.psa.gov.ph/PXWeb/pxweb/en/DB/DB__1E__IE/0081E3AIES0.px"
"MOUNTAIN PROVINCE","Ninth Decile","Average Savings  (in thousand pesos)","148.94","","2026-08-03T09-38-59-7a63a72104f8","https://openstat.psa.gov.ph/PXWeb/pxweb/en/DB/DB__1E__IE/0081E3AIES0.px"
"MOUNTAIN PROVINCE","Tenth Decile","Average Income   (in thousand pesos)","659.3","","2026-08-03T09-38-59-7a63a72104f8","https://openstat.psa.gov.ph/PXWeb/pxweb/en/DB/DB__1E__IE/0081E3AIES0.px"
"MOUNTAIN PROVINCE","Tenth Decile","Average Expenditure  (in thousand pesos)","371.41","","2026-08-03T09-38-59-7a63a72104f8","https://openstat.psa.gov.ph/PXWeb/pxweb/en/DB/DB__1E__IE/0081E3AIES0.px"
"MOUNTAIN PROVINCE","Tenth Decile","Average Savings  (in thousand pesos)","287.9","","2026-08-03T09-38-59-7a63a72104f8","https://openstat.psa.gov.ph/PXWeb/pxweb/en/DB/DB__1E__IE/0081E3AIES0.px"
"APAYAO","All Income Groups","Average Income   (in thousand pesos)","333.46","","2026-08-03T09-38-59-7a63a72104f8","https://openstat.psa.gov.ph/PXWeb/pxweb/en/DB/DB__1E__IE/0081E3AIES0.px"
"APAYAO","All Income Groups","Average Expenditure  (in thousand pesos)","226.17","","2026-08-03T09-38-59-7a63a72104f8","https://openstat.psa.gov.ph/PXWeb/pxweb/en/DB/DB__1E__IE/0081E3AIES0.px"
"APAYAO","All Income Groups","Average Savings  (in thousand pesos)","107.29","","2026-08-03T09-38-59-7a63a72104f8","https://openstat.psa.gov.ph/PXWeb/pxweb/en/DB/DB__1E__IE/0081E3AIES0.px"
"APAYAO","First Decile","Average Income   (in thousand pesos)","154.17","","2026-08-03T09-38-59-7a63a72104f8","https://openstat.psa.gov.ph/PXWeb/pxweb/en/DB/DB__1E__IE/0081E3AIES0.px"
"APAYAO","First Decile","Average Expenditure  (in thousand pesos)","164.35","","2026-08-03T09-38-59-7a63a72104f8","https://openstat.psa.gov.ph/PXWeb/pxweb/en/DB/DB__1E__IE/0081E3AIES0.px"
"APAYAO","First Decile","Average Savings  (in thousand pesos)","-10.18","","2026-08-03T09-38-59-7a63a72104f8","https://openstat.psa.gov.ph/PXWeb/pxweb/en/DB/DB__1E__IE/0081E3AIES0.px"
"APAYAO","Second Decile","Average Income   (in thousand pesos)","174.99","","2026-08-03T09-38-59-7a63a72104f8","https://openstat.psa.gov.ph/PXWeb/pxweb/en/DB/DB__1E__IE/0081E3AIES0.px"
"APAYAO","Second Decile","Average Expenditure  (in thousand pesos)","169.06","","2026-08-03T09-38-59-7a63a72104f8","https://openstat.psa.gov.ph/PXWeb/pxweb/en/DB/DB__1E__IE/0081E3AIES0.px"
"APAYAO","Second Decile","Average Savings  (in thousand pesos)","5.93","","2026-08-03T09-38-59-7a63a72104f8","https://openstat.psa.gov.ph/PXWeb/pxweb/en/DB/DB__1E__IE/0081E3AIES0.px"
"APAYAO","Third Decile","Average Income   (in thousand pesos)","189.49","","2026-08-03T09-38-59-7a63a72104f8","https://openstat.psa.gov.ph/PXWeb/pxweb/en/DB/DB__1E__IE/0081E3AIES0.px"
"APAYAO","Third Decile","Average Expenditure  (in thousand pesos)","169.67","","2026-08-03T09-38-59-7a63a72104f8","https://openstat.psa.gov.ph/PXWeb/pxweb/en/DB/DB__1E__IE/0081E3AIES0.px"
"APAYAO","Third Decile","Average Savings  (in thousand pesos)","19.82","","2026-08-03T09-38-59-7a63a72104f8","https://openstat.psa.gov.ph/PXWeb/pxweb/en/DB/DB__1E__IE/0081E3AIES0.px"
"APAYAO","Fourth Decile","Average Income   (in thousand pesos)","208.47","","2026-08-03T09-38-59-7a63a72104f8","https://openstat.psa.gov.ph/PXWeb/pxweb/en/DB/DB__1E__IE/0081E3AIES0.px"
"APAYAO","Fourth Decile","Average Expenditure  (in thousand pesos)","176.88","","2026-08-03T09-38-59-7a63a72104f8","https://openstat.psa.gov.ph/PXWeb/pxweb/en/DB/DB__1E__IE/0081E3AIES0.px"
"APAYAO","Fourth Decile","Average Savings  (in thousand pesos)","31.6","","2026-08-03T09-38-59-7a63a72104f8","https://openstat.psa.gov.ph/PXWeb/pxweb/en/DB/DB__1E__IE/0081E3AIES0.px"
"APAYAO","Fifth Decile","Average Income   (in thousand pesos)","229.57","","2026-08-03T09-38-59-7a63a72104f8","https://openstat.psa.gov.ph/PXWeb/pxweb/en/DB/DB__1E__IE/0081E3AIES0.px"
"APAYAO","Fifth Decile","Average Expenditure  (in thousand pesos)","181.93","","2026-08-03T09-38-59-7a63a72104f8","https://openstat.psa.gov.ph/PXWeb/pxweb/en/DB/DB__1E__IE/0081E3AIES0.px"
"APAYAO","Fifth Decile","Average Savings  (in thousand pesos)","47.64","","2026-08-03T09-38-59-7a63a72104f8","https://openstat.psa.gov.ph/PXWeb/pxweb/en/DB/DB__1E__IE/0081E3AIES0.px"
"APAYAO","Sixth Decile","Average Income   (in thousand pesos)","230.86","","2026-08-03T09-38-59-7a63a72104f8","https://openstat.psa.gov.ph/PXWeb/pxweb/en/DB/DB__1E__IE/0081E3AIES0.px"
"APAYAO","Sixth Decile","Average Expenditure  (in thousand pesos)","181.54","","2026-08-03T09-38-59-7a63a72104f8","https://openstat.psa.gov.ph/PXWeb/pxweb/en/DB/DB__1E__IE/0081E3AIES0.px"
"APAYAO","Sixth Decile","Average Savings  (in thousand pesos)","49.32","","2026-08-03T09-38-59-7a63a72104f8","https://openstat.psa.gov.ph/PXWeb/pxweb/en/DB/DB__1E__IE/0081E3AIES0.px"
"APAYAO","Seventh Decile","Average Income   (in thousand pesos)","313.05","","2026-08-03T09-38-59-7a63a72104f8","https://openstat.psa.gov.ph/PXWeb/pxweb/en/DB/DB__1E__IE/0081E3AIES0.px"
"APAYAO","Seventh Decile","Average Expenditure  (in thousand pesos)","217.54","","2026-08-03T09-38-59-7a63a72104f8","https://openstat.psa.gov.ph/PXWeb/pxweb/en/DB/DB__1E__IE/0081E3AIES0.px"
"APAYAO","Seventh Decile","Average Savings  (in thousand pesos)","95.51","","2026-08-03T09-38-59-7a63a72104f8","https://openstat.psa.gov.ph/PXWeb/pxweb/en/DB/DB__1E__IE/0081E3AIES0.px"
"APAYAO","Eighth Decile","Average Income   (in thousand pesos)","348.81","","2026-08-03T09-38-59-7a63a72104f8","https://openstat.psa.gov.ph/PXWeb/pxweb/en/DB/DB__1E__IE/0081E3AIES0.px"
"APAYAO","Eighth Decile","Average Expenditure  (in thousand pesos)","220.08","","2026-08-03T09-38-59-7a63a72104f8","https://openstat.psa.gov.ph/PXWeb/pxweb/en/DB/DB__1E__IE/0081E3AIES0.px"
"APAYAO","Eighth Decile","Average Savings  (in thousand pesos)","128.73","","2026-08-03T09-38-59-7a63a72104f8","https://openstat.psa.gov.ph/PXWeb/pxweb/en/DB/DB__1E__IE/0081E3AIES0.px"
"APAYAO","Ninth Decile","Average Income   (in thousand pesos)","440.85","","2026-08-03T09-38-59-7a63a72104f8","https://openstat.psa.gov.ph/PXWeb/pxweb/en/DB/DB__1E__IE/0081E3AIES0.px"
"APAYAO","Ninth Decile","Average Expenditure  (in thousand pesos)","270.76","","2026-08-03T09-38-59-7a63a72104f8","https://openstat.psa.gov.ph/PXWeb/pxweb/en/DB/DB__1E__IE/0081E3AIES0.px"
"APAYAO","Ninth Decile","Average Savings  (in thousand pesos)","170.09","","2026-08-03T09-38-59-7a63a72104f8","https://openstat.psa.gov.ph/PXWeb/pxweb/en/DB/DB__1E__IE/0081E3AIES0.px"
"APAYAO","Tenth Decile","Average Income   (in thousand pesos)","1035.87","","2026-08-03T09-38-59-7a63a72104f8","https://openstat.psa.gov.ph/PXWeb/pxweb/en/DB/DB__1E__IE/0081E3AIES0.px"
"APAYAO","Tenth Decile","Average Expenditure  (in thousand pesos)","506.58","","2026-08-03T09-38-59-7a63a72104f8","https://openstat.psa.gov.ph/PXWeb/pxweb/en/DB/DB__1E__IE/0081E3AIES0.px"
"APAYAO","Tenth Decile","Average Savings  (in thousand pesos)","529.29","","2026-08-03T09-38-59-7a63a72104f8","https://openstat.psa.gov.ph/PXWeb/pxweb/en/DB/DB__1E__IE/0081E3AIES0.px"
"REGION I - ILOCOS REGION","All Income Groups","Average Income   (in thousand pesos)","302.76","","2026-08-03T09-38-59-7a63a72104f8","https://openstat.psa.gov.ph/PXWeb/pxweb/en/DB/DB__1E__IE/0081E3AIES0.px"
"REGION I - ILOCOS REGION","All Income Groups","Average Expenditure  (in thousand pesos)","207.17","","2026-08-03T09-38-59-7a63a72104f8","https://openstat.psa.gov.ph/PXWeb/pxweb/en/DB/DB__1E__IE/0081E3AIES0.px"
"REGION I - ILOCOS REGION","All Income Groups","Average Savings  (in thousand pesos)","95.59","","2026-08-03T09-38-59-7a63a72104f8","https://openstat.psa.gov.ph/PXWeb/pxweb/en/DB/DB__1E__IE/0081E3AIES0.px"
"REGION I - ILOCOS REGION","First Decile","Average Income   (in thousand pesos)","141.98","","2026-08-03T09-38-59-7a63a72104f8","https://openstat.psa.gov.ph/PXWeb/pxweb/en/DB/DB__1E__IE/0081E3AIES0.px"
"REGION I - ILOCOS REGION","First Decile","Average Expenditure  (in thousand pesos)","119.4","","2026-08-03T09-38-59-7a63a72104f8","https://openstat.psa.gov.ph/PXWeb/pxweb/en/DB/DB__1E__IE/0081E3AIES0.px"
"REGION I - ILOCOS REGION","First Decile","Average Savings  (in thousand pesos)","22.58","","2026-08-03T09-38-59-7a63a72104f8","https://openstat.psa.gov.ph/PXWeb/pxweb/en/DB/DB__1E__IE/0081E3AIES0.px"
"REGION I - ILOCOS REGION","Second Decile","Average Income   (in thousand pesos)","173.69","","2026-08-03T09-38-59-7a63a72104f8","https://openstat.psa.gov.ph/PXWeb/pxweb/en/DB/DB__1E__IE/0081E3AIES0.px"
"REGION I - ILOCOS REGION","Second Decile","Average Expenditure  (in thousand pesos)","143.02","","2026-08-03T09-38-59-7a63a72104f8","https://openstat.psa.gov.ph/PXWeb/pxweb/en/DB/DB__1E__IE/0081E3AIES0.px"
"REGION I - ILOCOS REGION","Second Decile","Average Savings  (in thousand pesos)","30.67","","2026-08-03T09-38-59-7a63a72104f8","https://openstat.psa.gov.ph/PXWeb/pxweb/en/DB/DB__1E__IE/0081E3AIES0.px"
"REGION I - ILOCOS REGION","Third Decile","Average Income   (in thousand pesos)","201.7","","2026-08-03T09-38-59-7a63a72104f8","https://openstat.psa.gov.ph/PXWeb/pxweb/en/DB/DB__1E__IE/0081E3AIES0.px"
"REGION I - ILOCOS REGION","Third Decile","Average Expenditure  (in thousand pesos)","158.34","","2026-08-03T09-38-59-7a63a72104f8","https://openstat.psa.gov.ph/PXWeb/pxweb/en/DB/DB__1E__IE/0081E3AIES0.px"
"REGION I - ILOCOS REGION","Third Decile","Average Savings  (in thousand pesos)","43.36","","2026-08-03T09-38-59-7a63a72104f8","https://openstat.psa.gov.ph/PXWeb/pxweb/en/DB/DB__1E__IE/0081E3AIES0.px"
"REGION I - ILOCOS REGION","Fourth Decile","Average Income   (in thousand pesos)","216.2","","2026-08-03T09-38-59-7a63a72104f8","https://openstat.psa.gov.ph/PXWeb/pxweb/en/DB/DB__1E__IE/0081E3AIES0.px"
"REGION I - ILOCOS REGION","Fourth Decile","Average Expenditure  (in thousand pesos)","165.27","","2026-08-03T09-38-59-7a63a72104f8","https://openstat.psa.gov.ph/PXWeb/pxweb/en/DB/DB__1E__IE/0081E3AIES0.px"
"REGION I - ILOCOS REGION","Fourth Decile","Average Savings  (in thousand pesos)","50.93","","2026-08-03T09-38-59-7a63a72104f8","https://openstat.psa.gov.ph/PXWeb/pxweb/en/DB/DB__1E__IE/0081E3AIES0.px"
"REGION I - ILOCOS REGION","Fifth Decile","Average Income   (in thousand pesos)","245.16","","2026-08-03T09-38-59-7a63a72104f8","https://openstat.psa.gov.ph/PXWeb/pxweb/en/DB/DB__1E__IE/0081E3AIES0.px"
"REGION I - ILOCOS REGION","Fifth Decile","Average Expenditure  (in thousand pesos)","181.35","","2026-08-03T09-38-59-7a63a72104f8","https://openstat.psa.gov.ph/PXWeb/pxweb/en/DB/DB__1E__IE/0081E3AIES0.px"
"REGION I - ILOCOS REGION","Fifth Decile","Average Savings  (in thousand pesos)","63.81","","2026-08-03T09-38-59-7a63a72104f8","https://openstat.psa.gov.ph/PXWeb/pxweb/en/DB/DB__1E__IE/0081E3AIES0.px"
"REGION I - ILOCOS REGION","Sixth Decile","Average Income   (in thousand pesos)","269.07","","2026-08-03T09-38-59-7a63a72104f8","https://openstat.psa.gov.ph/PXWeb/pxweb/en/DB/DB__1E__IE/0081E3AIES0.px"
"REGION I - ILOCOS REGION","Sixth Decile","Average Expenditure  (in thousand pesos)","191.49","","2026-08-03T09-38-59-7a63a72104f8","https://openstat.psa.gov.ph/PXWeb/pxweb/en/DB/DB__1E__IE/0081E3AIES0.px"
"REGION I - ILOCOS REGION","Sixth Decile","Average Savings  (in thousand pesos)","77.58","","2026-08-03T09-38-59-7a63a72104f8","https://openstat.psa.gov.ph/PXWeb/pxweb/en/DB/DB__1E__IE/0081E3AIES0.px"
"REGION I - ILOCOS REGION","Seventh Decile","Average Income   (in thousand pesos)","290.92","","2026-08-03T09-38-59-7a63a72104f8","https://openstat.psa.gov.ph/PXWeb/pxweb/en/DB/DB__1E__IE/0081E3AIES0.px"
"REGION I - ILOCOS REGION","Seventh Decile","Average Expenditure  (in thousand pesos)","206.26","","2026-08-03T09-38-59-7a63a72104f8","https://openstat.psa.gov.ph/PXWeb/pxweb/en/DB/DB__1E__IE/0081E3AIES0.px"
"REGION I - ILOCOS REGION","Seventh Decile","Average Savings  (in thousand pesos)","84.65","","2026-08-03T09-38-59-7a63a72104f8","https://openstat.psa.gov.ph/PXWeb/pxweb/en/DB/DB__1E__IE/0081E3AIES0.px"
"REGION I - ILOCOS REGION","Eighth Decile","Average Income   (in thousand pesos)","340.12","","2026-08-03T09-38-59-7a63a72104f8","https://openstat.psa.gov.ph/PXWeb/pxweb/en/DB/DB__1E__IE/0081E3AIES0.px"
"REGION I - ILOCOS REGION","Eighth Decile","Average Expenditure  (in thousand pesos)","234.92","","2026-08-03T09-38-59-7a63a72104f8","https://openstat.psa.gov.ph/PXWeb/pxweb/en/DB/DB__1E__IE/0081E3AIES0.px"
"REGION I - ILOCOS REGION","Eighth Decile","Average Savings  (in thousand pesos)","105.2","","2026-08-03T09-38-59-7a63a72104f8","https://openstat.psa.gov.ph/PXWeb/pxweb/en/DB/DB__1E__IE/0081E3AIES0.px"
"REGION I - ILOCOS REGION","Ninth Decile","Average Income   (in thousand pesos)","402.57","","2026-08-03T09-38-59-7a63a72104f8","https://openstat.psa.gov.ph/PXWeb/pxweb/en/DB/DB__1E__IE/0081E3AIES0.px"
"REGION I - ILOCOS REGION","Ninth Decile","Average Expenditure  (in thousand pesos)","263.76","","2026-08-03T09-38-59-7a63a72104f8","https://openstat.psa.gov.ph/PXWeb/pxweb/en/DB/DB__1E__IE/0081E3AIES0.px"
"REGION I - ILOCOS REGION","Ninth Decile","Average Savings  (in thousand pesos)","138.81","","2026-08-03T09-38-59-7a63a72104f8","https://openstat.psa.gov.ph/PXWeb/pxweb/en/DB/DB__1E__IE/0081E3AIES0.px"
"REGION I - ILOCOS REGION","Tenth Decile","Average Income   (in thousand pesos)","745.83","","2026-08-03T09-38-59-7a63a72104f8","https://openstat.psa.gov.ph/PXWeb/pxweb/en/DB/DB__1E__IE/0081E3AIES0.px"
"REGION I - ILOCOS REGION","Tenth Decile","Average Expenditure  (in thousand pesos)","407.67","","2026-08-03T09-38-59-7a63a72104f8","https://openstat.psa.gov.ph/PXWeb/pxweb/en/DB/DB__1E__IE/0081E3AIES0.px"
"REGION I - ILOCOS REGION","Tenth Decile","Average Savings  (in thousand pesos)","338.16","","2026-08-03T09-38-59-7a63a72104f8","https://openstat.psa.gov.ph/PXWeb/pxweb/en/DB/DB__1E__IE/0081E3AIES0.px"
"ILOCOS NORTE","All Income Groups","Average Income   (in thousand pesos)","399.17","","2026-08-03T09-38-59-7a63a72104f8","https://openstat.psa.gov.ph/PXWeb/pxweb/en/DB/DB__1E__IE/0081E3AIES0.px"
"ILOCOS NORTE","All Income Groups","Average Expenditure  (in thousand pesos)","269.33","","2026-08-03T09-38-59-7a63a72104f8","https://openstat.psa.gov.ph/PXWeb/pxweb/en/DB/DB__1E__IE/0081E3AIES0.px"
"ILOCOS NORTE","All Income Groups","Average Savings  (in thousand pesos)","129.83","","2026-08-03T09-38-59-7a63a72104f8","https://openstat.psa.gov.ph/PXWeb/pxweb/en/DB/DB__1E__IE/0081E3AIES0.px"
"ILOCOS NORTE","First Decile","Average Income   (in thousand pesos)","271.23","","2026-08-03T09-38-59-7a63a72104f8","https://openstat.psa.gov.ph/PXWeb/pxweb/en/DB/DB__1E__IE/0081E3AIES0.px"
"ILOCOS NORTE","First Decile","Average Expenditure  (in thousand pesos)","221.58","","2026-08-03T09-38-59-7a63a72104f8","https://openstat.psa.gov.ph/PXWeb/pxweb/en/DB/DB__1E__IE/0081E3AIES0.px"
"ILOCOS NORTE","First Decile","Average Savings  (in thousand pesos)","49.65","","2026-08-03T09-38-59-7a63a72104f8","https://openstat.psa.gov.ph/PXWeb/pxweb/en/DB/DB__1E__IE/0081E3AIES0.px"
"ILOCOS NORTE","Second Decile","Average Income   (in thousand pesos)","310.56","","2026-08-03T09-38-59-7a63a72104f8","https://openstat.psa.gov.ph/PXWeb/pxweb/en/DB/DB__1E__IE/0081E3AIES0.px"
"ILOCOS NORTE","Second Decile","Average Expenditure  (in thousand pesos)","243.95","","2026-08-03T09-38-59-7a63a72104f8","https://openstat.psa.gov.ph/PXWeb/pxweb/en/DB/DB__1E__IE/0081E3AIES0.px"
"ILOCOS NORTE","Second Decile","Average Savings  (in thousand pesos)","66.62","","2026-08-03T09-38-59-7a63a72104f8","https://openstat.psa.gov.ph/PXWeb/pxweb/en/DB/DB__1E__IE/0081E3AIES0.px"
"ILOCOS NORTE","Third Decile","Average Income   (in thousand pesos)","320.33","","2026-08-03T09-38-59-7a63a72104f8","https://openstat.psa.gov.ph/PXWeb/pxweb/en/DB/DB__1E__IE/0081E3AIES0.px"
"ILOCOS NORTE","Third Decile","Average Expenditure  (in thousand pesos)","235.48","","2026-08-03T09-38-59-7a63a72104f8","https://openstat.psa.gov.ph/PXWeb/pxweb/en/DB/DB__1E__IE/0081E3AIES0.px"
"ILOCOS NORTE","Third Decile","Average Savings  (in thousand pesos)","84.85","","2026-08-03T09-38-59-7a63a72104f8","https://openstat.psa.gov.ph/PXWeb/pxweb/en/DB/DB__1E__IE/0081E3AIES0.px"
"ILOCOS NORTE","Fourth Decile","Average Income   (in thousand pesos)","346.31","","2026-08-03T09-38-59-7a63a72104f8","https://openstat.psa.gov.ph/PXWeb/pxweb/en/DB/DB__1E__IE/0081E3AIES0.px"
"ILOCOS NORTE","Fourth Decile","Average Expenditure  (in thousand pesos)","254.01","","2026-08-03T09-38-59-7a63a72104f8","https://openstat.psa.gov.ph/PXWeb/pxweb/en/DB/DB__1E__IE/0081E3AIES0.px"
"ILOCOS NORTE","Fourth Decile","Average Savings  (in thousand pesos)","92.3","","2026-08-03T09-38-59-7a63a72104f8","https://openstat.psa.gov.ph/PXWeb/pxweb/en/DB/DB__1E__IE/0081E3AIES0.px"
"ILOCOS NORTE","Fifth Decile","Average Income   (in thousand pesos)","357.28","","2026-08-03T09-38-59-7a63a72104f8","https://openstat.psa.gov.ph/PXWeb/pxweb/en/DB/DB__1E__IE/0081E3AIES0.px"
"ILOCOS NORTE","Fifth Decile","Average Expenditure  (in thousand pesos)","250.2","","2026-08-03T09-38-59-7a63a72104f8","https://openstat.psa.gov.ph/PXWeb/pxweb/en/DB/DB__1E__IE/0081E3AIES0.px"
"ILOCOS NORTE","Fifth Decile","Average Savings  (in thousand pesos)","107.07","","2026-08-03T09-38-59-7a63a72104f8","https://openstat.psa.gov.ph/PXWeb/pxweb/en/DB/DB__1E__IE/0081E3AIES0.px"
"ILOCOS NORTE","Sixth Decile","Average Income   (in thousand pesos)","366.51","","2026-08-03T09-38-59-7a63a72104f8","https://openstat.psa.gov.ph/PXWeb/pxweb/en/DB/DB__1E__IE/0081E3AIES0.px"
"ILOCOS NORTE","Sixth Decile","Average Expenditure  (in thousand pesos)","246.84","","2026-08-03T09-38-59-7a63a72104f8","https://openstat.psa.gov.ph/PXWeb/pxweb/en/DB/DB__1E__IE/0081E3AIES0.px"
"ILOCOS NORTE","Sixth Decile","Average Savings  (in thousand pesos)","119.67","","2026-08-03T09-38-59-7a63a72104f8","https://openstat.psa.gov.ph/PXWeb/pxweb/en/DB/DB__1E__IE/0081E3AIES0.px"
"ILOCOS NORTE","Seventh Decile","Average Income   (in thousand pesos)","406.97","","2026-08-03T09-38-59-7a63a72104f8","https://openstat.psa.gov.ph/PXWeb/pxweb/en/DB/DB__1E__IE/0081E3AIES0.px"
"ILOCOS NORTE","Seventh Decile","Average Expenditure  (in thousand pesos)","271.42","","2026-08-03T09-38-59-7a63a72104f8","https://openstat.psa.gov.ph/PXWeb/pxweb/en/DB/DB__1E__IE/0081E3AIES0.px"
"ILOCOS NORTE","Seventh Decile","Average Savings  (in thousand pesos)","135.55","","2026-08-03T09-38-59-7a63a72104f8","https://openstat.psa.gov.ph/PXWeb/pxweb/en/DB/DB__1E__IE/0081E3AIES0.px"
"ILOCOS NORTE","Eighth Decile","Average Income   (in thousand pesos)","393.16","","2026-08-03T09-38-59-7a63a72104f8","https://openstat.psa.gov.ph/PXWeb/pxweb/en/DB/DB__1E__IE/0081E3AIES0.px"
"ILOCOS NORTE","Eighth Decile","Average Expenditure  (in thousand pesos)","253.84","","2026-08-03T09-38-59-7a63a72104f8","https://openstat.psa.gov.ph/PXWeb/pxweb/en/DB/DB__1E__IE/0081E3AIES0.px"
"ILOCOS NORTE","Eighth Decile","Average Savings  (in thousand pesos)","139.33","","2026-08-03T09-38-59-7a63a72104f8","https://openstat.psa.gov.ph/PXWeb/pxweb/en/DB/DB__1E__IE/0081E3AIES0.px"
"ILOCOS NORTE","Ninth Decile","Average Income   (in thousand pesos)","431.35","","2026-08-03T09-38-59-7a63a72104f8","https://openstat.psa.gov.ph/PXWeb/pxweb/en/DB/DB__1E__IE/0081E3AIES0.px"
"ILOCOS NORTE","Ninth Decile","Average Expenditure  (in thousand pesos)","269.94","","2026-08-03T09-38-59-7a63a72104f8","https://openstat.psa.gov.ph/PXWeb/pxweb/en/DB/DB__1E__IE/0081E3AIES0.px"
"ILOCOS NORTE","Ninth Decile","Average Savings  (in thousand pesos)","161.41","","2026-08-03T09-38-59-7a63a72104f8","https://openstat.psa.gov.ph/PXWeb/pxweb/en/DB/DB__1E__IE/0081E3AIES0.px"
"ILOCOS NORTE","Tenth Decile","Average Income   (in thousand pesos)","785.87","","2026-08-03T09-38-59-7a63a72104f8","https://openstat.psa.gov.ph/PXWeb/pxweb/en/DB/DB__1E__IE/0081E3AIES0.px"
"ILOCOS NORTE","Tenth Decile","Average Expenditure  (in thousand pesos)","445.17","","2026-08-03T09-38-59-7a63a72104f8","https://openstat.psa.gov.ph/PXWeb/pxweb/en/DB/DB__1E__IE/0081E3AIES0.px"
"ILOCOS NORTE","Tenth Decile","Average Savings  (in thousand pesos)","340.7","","2026-08-03T09-38-59-7a63a72104f8","https://openstat.psa.gov.ph/PXWeb/pxweb/en/DB/DB__1E__IE/0081E3AIES0.px"
"ILOCOS SUR","All Income Groups","Average Income   (in thousand pesos)","316.96","","2026-08-03T09-38-59-7a63a72104f8","https://openstat.psa.gov.ph/PXWeb/pxweb/en/DB/DB__1E__IE/0081E3AIES0.px"
"ILOCOS SUR","All Income Groups","Average Expenditure  (in thousand pesos)","206.83","","2026-08-03T09-38-59-7a63a72104f8","https://openstat.psa.gov.ph/PXWeb/pxweb/en/DB/DB__1E__IE/0081E3AIES0.px"
"ILOCOS SUR","All Income Groups","Average Savings  (in thousand pesos)","110.13","","2026-08-03T09-38-59-7a63a72104f8","https://openstat.psa.gov.ph/PXWeb/pxweb/en/DB/DB__1E__IE/0081E3AIES0.px"
"ILOCOS SUR","First Decile","Average Income   (in thousand pesos)","151.39","","2026-08-03T09-38-59-7a63a72104f8","https://openstat.psa.gov.ph/PXWeb/pxweb/en/DB/DB__1E__IE/0081E3AIES0.px"
"ILOCOS SUR","First Decile","Average Expenditure  (in thousand pesos)","121.02","","2026-08-03T09-38-59-7a63a72104f8","https://openstat.psa.gov.ph/PXWeb/pxweb/en/DB/DB__1E__IE/0081E3AIES0.px"
"ILOCOS SUR","First Decile","Average Savings  (in thousand pesos)","30.37","","2026-08-03T09-38-59-7a63a72104f8","https://openstat.psa.gov.ph/PXWeb/pxweb/en/DB/DB__1E__IE/0081E3AIES0.px"
"ILOCOS SUR","Second Decile","Average Income   (in thousand pesos)","192.34","","2026-08-03T09-38-59-7a63a72104f8","https://openstat.psa.gov.ph/PXWeb/pxweb/en/DB/DB__1E__IE/0081E3AIES0.px"
"ILOCOS SUR","Second Decile","Average Expenditure  (in thousand pesos)","149.66","","2026-08-03T09-38-59-7a63a72104f8","https://openstat.psa.gov.ph/PXWeb/pxweb/en/DB/DB__1E__IE/0081E3AIES0.px"
"ILOCOS SUR","Second Decile","Average Savings  (in thousand pesos)","42.68","","2026-08-03T09-38-59-7a63a72104f8","https://openstat.psa.gov.ph/PXWeb/pxweb/en/DB/DB__1E__IE/0081E3AIES0.px"
"ILOCOS SUR","Third Decile","Average Income   (in thousand pesos)","217.96","","2026-08-03T09-38-59-7a63a72104f8","https://openstat.psa.gov.ph/PXWeb/pxweb/en/DB/DB__1E__IE/0081E3AIES0.px"
"ILOCOS SUR","Third Decile","Average Expenditure  (in thousand pesos)","161.15","","2026-08-03T09-38-59-7a63a72104f8","https://openstat.psa.gov.ph/PXWeb/pxweb/en/DB/DB__1E__IE/0081E3AIES0.px"
"ILOCOS SUR","Third Decile","Average Savings  (in thousand pesos)","56.8","","2026-08-03T09-38-59-7a63a72104f8","https://openstat.psa.gov.ph/PXWeb/pxweb/en/DB/DB__1E__IE/0081E3AIES0.px"
"ILOCOS SUR","Fourth Decile","Average Income   (in thousand pesos)","223.08","","2026-08-03T09-38-59-7a63a72104f8","https://openstat.psa.gov.ph/PXWeb/pxweb/en/DB/DB__1E__IE/0081E3AIES0.px"
"ILOCOS SUR","Fourth Decile","Average Expenditure  (in thousand pesos)","162.58","","2026-08-03T09-38-59-7a63a72104f8","https://openstat.psa.gov.ph/PXWeb/pxweb/en/DB/DB__1E__IE/0081E3AIES0.px"
"ILOCOS SUR","Fourth Decile","Average Savings  (in thousand pesos)","60.5","","2026-08-03T09-38-59-7a63a72104f8","https://openstat.psa.gov.ph/PXWeb/pxweb/en/DB/DB__1E__IE/0081E3AIES0.px"
"ILOCOS SUR","Fifth Decile","Average Income   (in thousand pesos)","247.89","","2026-08-03T09-38-59-7a63a72104f8","https://openstat.psa.gov.ph/PXWeb/pxweb/en/DB/DB__1E__IE/0081E3AIES0.px"
"ILOCOS SUR","Fifth Decile","Average Expenditure  (in thousand pesos)","179.48","","2026-08-03T09-38-59-7a63a72104f8","https://openstat.psa.gov.ph/PXWeb/pxweb/en/DB/DB__1E__IE/0081E3AIES0.px"
"ILOCOS SUR","Fifth Decile","Average Savings  (in thousand pesos)","68.4","","2026-08-03T09-38-59-7a63a72104f8","https://openstat.psa.gov.ph/PXWeb/pxweb/en/DB/DB__1E__IE/0081E3AIES0.px"
"ILOCOS SUR","Sixth Decile","Average Income   (in thousand pesos)","277.62","","2026-08-03T09-38-59-7a63a72104f8","https://openstat.psa.gov.ph/PXWeb/pxweb/en/DB/DB__1E__IE/0081E3AIES0.px"
"ILOCOS SUR","Sixth Decile","Average Expenditure  (in thousand pesos)","196.06","","2026-08-03T09-38-59-7a63a72104f8","https://openstat.psa.gov.ph/PXWeb/pxweb/en/DB/DB__1E__IE/0081E3AIES0.px"
"ILOCOS SUR","Sixth Decile","Average Savings  (in thousand pesos)","81.56","","2026-08-03T09-38-59-7a63a72104f8","https://openstat.psa.gov.ph/PXWeb/pxweb/en/DB/DB__1E__IE/0081E3AIES0.px"
"ILOCOS SUR","Seventh Decile","Average Income   (in thousand pesos)","314.26","","2026-08-03T09-38-59-7a63a72104f8","https://openstat.psa.gov.ph/PXWeb/pxweb/en/DB/DB__1E__IE/0081E3AIES0.px"
"ILOCOS SUR","Seventh Decile","Average Expenditure  (in thousand pesos)","201.82","","2026-08-03T09-38-59-7a63a72104f8","https://openstat.psa.gov.ph/PXWeb/pxweb/en/DB/DB__1E__IE/0081E3AIES0.px"
"ILOCOS SUR","Seventh Decile","Average Savings  (in thousand pesos)","112.44","","2026-08-03T09-38-59-7a63a72104f8","https://openstat.psa.gov.ph/PXWeb/pxweb/en/DB/DB__1E__IE/0081E3AIES0.px"
"ILOCOS SUR","Eighth Decile","Average Income   (in thousand pesos)","340.51","","2026-08-03T09-38-59-7a63a72104f8","https://openstat.psa.gov.ph/PXWeb/pxweb/en/DB/DB__1E__IE/0081E3AIES0.px"
"ILOCOS SUR","Eighth Decile","Average Expenditure  (in thousand pesos)","225.05","","2026-08-03T09-38-59-7a63a72104f8","https://openstat.psa.gov.ph/PXWeb/pxweb/en/DB/DB__1E__IE/0081E3AIES0.px"
"ILOCOS SUR","Eighth Decile","Average Savings  (in thousand pesos)","115.46","","2026-08-03T09-38-59-7a63a72104f8","https://openstat.psa.gov.ph/PXWeb/pxweb/en/DB/DB__1E__IE/0081E3AIES0.px"
"ILOCOS SUR","Ninth Decile","Average Income   (in thousand pesos)","424.18","","2026-08-03T09-38-59-7a63a72104f8","https://openstat.psa.gov.ph/PXWeb/pxweb/en/DB/DB__1E__IE/0081E3AIES0.px"
"ILOCOS SUR","Ninth Decile","Average Expenditure  (in thousand pesos)","246.05","","2026-08-03T09-38-59-7a63a72104f8","https://openstat.psa.gov.ph/PXWeb/pxweb/en/DB/DB__1E__IE/0081E3AIES0.px"
"ILOCOS SUR","Ninth Decile","Average Savings  (in thousand pesos)","178.12","","2026-08-03T09-38-59-7a63a72104f8","https://openstat.psa.gov.ph/PXWeb/pxweb/en/DB/DB__1E__IE/0081E3AIES0.px"
"ILOCOS SUR","Tenth Decile","Average Income   (in thousand pesos)","777.05","","2026-08-03T09-38-59-7a63a72104f8","https://openstat.psa.gov.ph/PXWeb/pxweb/en/DB/DB__1E__IE/0081E3AIES0.px"
"ILOCOS SUR","Tenth Decile","Average Expenditure  (in thousand pesos)","423.88","","2026-08-03T09-38-59-7a63a72104f8","https://openstat.psa.gov.ph/PXWeb/pxweb/en/DB/DB__1E__IE/0081E3AIES0.px"
"ILOCOS SUR","Tenth Decile","Average Savings  (in thousand pesos)","353.17","","2026-08-03T09-38-59-7a63a72104f8","https://openstat.psa.gov.ph/PXWeb/pxweb/en/DB/DB__1E__IE/0081E3AIES0.px"
"LA UNION","All Income Groups","Average Income   (in thousand pesos)","350.55","","2026-08-03T09-38-59-7a63a72104f8","https://openstat.psa.gov.ph/PXWeb/pxweb/en/DB/DB__1E__IE/0081E3AIES0.px"
"LA UNION","All Income Groups","Average Expenditure  (in thousand pesos)","231.15","","2026-08-03T09-38-59-7a63a72104f8","https://openstat.psa.gov.ph/PXWeb/pxweb/en/DB/DB__1E__IE/0081E3AIES0.px"
"LA UNION","All Income Groups","Average Savings  (in thousand pesos)","119.4","","2026-08-03T09-38-59-7a63a72104f8","https://openstat.psa.gov.ph/PXWeb/pxweb/en/DB/DB__1E__IE/0081E3AIES0.px"
"LA UNION","First Decile","Average Income   (in thousand pesos)","144.9","","2026-08-03T09-38-59-7a63a72104f8","https://openstat.psa.gov.ph/PXWeb/pxweb/en/DB/DB__1E__IE/0081E3AIES0.px"
"LA UNION","First Decile","Average Expenditure  (in thousand pesos)","119.51","","2026-08-03T09-38-59-7a63a72104f8","https://openstat.psa.gov.ph/PXWeb/pxweb/en/DB/DB__1E__IE/0081E3AIES0.px"
"LA UNION","First Decile","Average Savings  (in thousand pesos)","25.39","","2026-08-03T09-38-59-7a63a72104f8","https://openstat.psa.gov.ph/PXWeb/pxweb/en/DB/DB__1E__IE/0081E3AIES0.px"
"LA UNION","Second Decile","Average Income   (in thousand pesos)","184.69","","2026-08-03T09-38-59-7a63a72104f8","https://openstat.psa.gov.ph/PXWeb/pxweb/en/DB/DB__1E__IE/0081E3AIES0.px"
"LA UNION","Second Decile","Average Expenditure  (in thousand pesos)","145.6","","2026-08-03T09-38-59-7a63a72104f8","https://openstat.psa.gov.ph/PXWeb/pxweb/en/DB/DB__1E__IE/0081E3AIES0.px"
"LA UNION","Second Decile","Average Savings  (in thousand pesos)","39.1","","2026-08-03T09-38-59-7a63a72104f8","https://openstat.psa.gov.ph/PXWeb/pxweb/en/DB/DB__1E__IE/0081E3AIES0.px"
"LA UNION","Third Decile","Average Income   (in thousand pesos)","212.64","","2026-08-03T09-38-59-7a63a72104f8","https://openstat.psa.gov.ph/PXWeb/pxweb/en/DB/DB__1E__IE/0081E3AIES0.px"
"LA UNION","Third Decile","Average Expenditure  (in thousand pesos)","163.58","","2026-08-03T09-38-59-7a63a72104f8","https://openstat.psa.gov.ph/PXWeb/pxweb/en/DB/DB__1E__IE/0081E3AIES0.px"
"LA UNION","Third Decile","Average Savings  (in thousand pesos)","49.06","","2026-08-03T09-38-59-7a63a72104f8","https://openstat.psa.gov.ph/PXWeb/pxweb/en/DB/DB__1E__IE/0081E3AIES0.px"
"LA UNION","Fourth Decile","Average Income   (in thousand pesos)","227.11","","2026-08-03T09-38-59-7a63a72104f8","https://openstat.psa.gov.ph/PXWeb/pxweb/en/DB/DB__1E__IE/0081E3AIES0.px"
"LA UNION","Fourth Decile","Average Expenditure  (in thousand pesos)","169.52","","2026-08-03T09-38-59-7a63a72104f8","https://openstat.psa.gov.ph/PXWeb/pxweb/en/DB/DB__1E__IE/0081E3AIES0.px"
"LA UNION","Fourth Decile","Average Savings  (in thousand pesos)","57.59","","2026-08-03T09-38-59-7a63a72104f8","https://openstat.psa.gov.ph/PXWeb/pxweb/en/DB/DB__1E__IE/0081E3AIES0.px"
"LA UNION","Fifth Decile","Average Income   (in thousand pesos)","254.92","","2026-08-03T09-38-59-7a63a72104f8","https://openstat.psa.gov.ph/PXWeb/pxweb/en/DB/DB__1E__IE/0081E3AIES0.px"
"LA UNION","Fifth Decile","Average Expenditure  (in thousand pesos)","180.6","","2026-08-03T09-38-59-7a63a72104f8","https://openstat.psa.gov.ph/PXWeb/pxweb/en/DB/DB__1E__IE/0081E3AIES0.px"
"LA UNION","Fifth Decile","Average Savings  (in thousand pesos)","74.32","","2026-08-03T09-38-59-7a63a72104f8","https://openstat.psa.gov.ph/PXWeb/pxweb/en/DB/DB__1E__IE/0081E3AIES0.px"
"LA UNION","Sixth Decile","Average Income   (in thousand pesos)","304.09","","2026-08-03T09-38-59-7a63a72104f8","https://openstat.psa.gov.ph/PXWeb/pxweb/en/DB/DB__1E__IE/0081E3AIES0.px"
"LA UNION","Sixth Decile","Average Expenditure  (in thousand pesos)","219.49","","2026-08-03T09-38-59-7a63a72104f8","https://openstat.psa.gov.ph/PXWeb/pxweb/en/DB/DB__1E__IE/0081E3AIES0.px"
"LA UNION","Sixth Decile","Average Savings  (in thousand pesos)","84.59","","2026-08-03T09-38-59-7a63a72104f8","https://openstat.psa.gov.ph/PXWeb/pxweb/en/DB/DB__1E__IE/0081E3AIES0.px"
"LA UNION","Seventh Decile","Average Income   (in thousand pesos)","341.59","","2026-08-03T09-38-59-7a63a72104f8","https://openstat.psa.gov.ph/PXWeb/pxweb/en/DB/DB__1E__IE/0081E3AIES0.px"
"LA UNION","Seventh Decile","Average Expenditure  (in thousand pesos)","223.57","","2026-08-03T09-38-59-7a63a72104f8","https://openstat.psa.gov.ph/PXWeb/pxweb/en/DB/DB__1E__IE/0081E3AIES0.px"
"LA UNION","Seventh Decile","Average Savings  (in thousand pesos)","118.02","","2026-08-03T09-38-59-7a63a72104f8","https://openstat.psa.gov.ph/PXWeb/pxweb/en/DB/DB__1E__IE/0081E3AIES0.px"
"LA UNION","Eighth Decile","Average Income   (in thousand pesos)","396.88","","2026-08-03T09-38-59-7a63a72104f8","https://openstat.psa.gov.ph/PXWeb/pxweb/en/DB/DB__1E__IE/0081E3AIES0.px"
"LA UNION","Eighth Decile","Average Expenditure  (in thousand pesos)","261.76","","2026-08-03T09-38-59-7a63a72104f8","https://openstat.psa.gov.ph/PXWeb/pxweb/en/DB/DB__1E__IE/0081E3AIES0.px"
"LA UNION","Eighth Decile","Average Savings  (in thousand pesos)","135.12","","2026-08-03T09-38-59-7a63a72104f8","https://openstat.psa.gov.ph/PXWeb/pxweb/en/DB/DB__1E__IE/0081E3AIES0.px"
"LA UNION","Ninth Decile","Average Income   (in thousand pesos)","506.44","","2026-08-03T09-38-59-7a63a72104f8","https://openstat.psa.gov.ph/PXWeb/pxweb/en/DB/DB__1E__IE/0081E3AIES0.px"
"LA UNION","Ninth Decile","Average Expenditure  (in thousand pesos)","322.37","","2026-08-03T09-38-59-7a63a72104f8","https://openstat.psa.gov.ph/PXWeb/pxweb/en/DB/DB__1E__IE/0081E3AIES0.px"
"LA UNION","Ninth Decile","Average Savings  (in thousand pesos)","184.07","","2026-08-03T09-38-59-7a63a72104f8","https://openstat.psa.gov.ph/PXWeb/pxweb/en/DB/DB__1E__IE/0081E3AIES0.px"
"LA UNION","Tenth Decile","Average Income   (in thousand pesos)","929.53","","2026-08-03T09-38-59-7a63a72104f8","https://openstat.psa.gov.ph/PXWeb/pxweb/en/DB/DB__1E__IE/0081E3AIES0.px"
"LA UNION","Tenth Decile","Average Expenditure  (in thousand pesos)","504.26","","2026-08-03T09-38-59-7a63a72104f8","https://openstat.psa.gov.ph/PXWeb/pxweb/en/DB/DB__1E__IE/0081E3AIES0.px"
"LA UNION","Tenth Decile","Average Savings  (in thousand pesos)","425.27","","2026-08-03T09-38-59-7a63a72104f8","https://openstat.psa.gov.ph/PXWeb/pxweb/en/DB/DB__1E__IE/0081E3AIES0.px"
"PANGASINAN","All Income Groups","Average Income   (in thousand pesos)","267.16","","2026-08-03T09-38-59-7a63a72104f8","https://openstat.psa.gov.ph/PXWeb/pxweb/en/DB/DB__1E__IE/0081E3AIES0.px"
"PANGASINAN","All Income Groups","Average Expenditure  (in thousand pesos)","188.2","","2026-08-03T09-38-59-7a63a72104f8","https://openstat.psa.gov.ph/PXWeb/pxweb/en/DB/DB__1E__IE/0081E3AIES0.px"
"PANGASINAN","All Income Groups","Average Savings  (in thousand pesos)","78.96","","2026-08-03T09-38-59-7a63a72104f8","https://openstat.psa.gov.ph/PXWeb/pxweb/en/DB/DB__1E__IE/0081E3AIES0.px"
"PANGASINAN","First Decile","Average Income   (in thousand pesos)","134.25","","2026-08-03T09-38-59-7a63a72104f8","https://openstat.psa.gov.ph/PXWeb/pxweb/en/DB/DB__1E__IE/0081E3AIES0.px"
"PANGASINAN","First Decile","Average Expenditure  (in thousand pesos)","116.69","","2026-08-03T09-38-59-7a63a72104f8","https://openstat.psa.gov.ph/PXWeb/pxweb/en/DB/DB__1E__IE/0081E3AIES0.px"
"PANGASINAN","First Decile","Average Savings  (in thousand pesos)","17.57","","2026-08-03T09-38-59-7a63a72104f8","https://openstat.psa.gov.ph/PXWeb/pxweb/en/DB/DB__1E__IE/0081E3AIES0.px"
"PANGASINAN","Second Decile","Average Income   (in thousand pesos)","173.22","","2026-08-03T09-38-59-7a63a72104f8","https://openstat.psa.gov.ph/PXWeb/pxweb/en/DB/DB__1E__IE/0081E3AIES0.px"
"PANGASINAN","Second Decile","Average Expenditure  (in thousand pesos)","141.12","","2026-08-03T09-38-59-7a63a72104f8","https://openstat.psa.gov.ph/PXWeb/pxweb/en/DB/DB__1E__IE/0081E3AIES0.px"
"PANGASINAN","Second Decile","Average Savings  (in thousand pesos)","32.1","","2026-08-03T09-38-59-7a63a72104f8","https://openstat.psa.gov.ph/PXWeb/pxweb/en/DB/DB__1E__IE/0081E3AIES0.px"
"PANGASINAN","Third Decile","Average Income   (in thousand pesos)","173.22","","2026-08-03T09-38-59-7a63a72104f8","https://openstat.psa.gov.ph/PXWeb/pxweb/en/DB/DB__1E__IE/0081E3AIES0.px"
"PANGASINAN","Third Decile","Average Expenditure  (in thousand pesos)","142.91","","2026-08-03T09-38-59-7a63a72104f8","https://openstat.psa.gov.ph/PXWeb/pxweb/en/DB/DB__1E__IE/0081E3AIES0.px"
"PANGASINAN","Third Decile","Average Savings  (in thousand pesos)","30.31","","2026-08-03T09-38-59-7a63a72104f8","https://openstat.psa.gov.ph/PXWeb/pxweb/en/DB/DB__1E__IE/0081E3AIES0.px"
"PANGASINAN","Fourth Decile","Average Income   (in thousand pesos)","207.14","","2026-08-03T09-38-59-7a63a72104f8","https://openstat.psa.gov.ph/PXWeb/pxweb/en/DB/DB__1E__IE/0081E3AIES0.px"
"PANGASINAN","Fourth Decile","Average Expenditure  (in thousand pesos)","160.74","","2026-08-03T09-38-59-7a63a72104f8","https://openstat.psa.gov.ph/PXWeb/pxweb/en/DB/DB__1E__IE/0081E3AIES0.px"
"PANGASINAN","Fourth Decile","Average Savings  (in thousand pesos)","46.41","","2026-08-03T09-38-59-7a63a72104f8","https://openstat.psa.gov.ph/PXWeb/pxweb/en/DB/DB__1E__IE/0081E3AIES0.px"
"PANGASINAN","Fifth Decile","Average Income   (in thousand pesos)","208.86","","2026-08-03T09-38-59-7a63a72104f8","https://openstat.psa.gov.ph/PXWeb/pxweb/en/DB/DB__1E__IE/0081E3AIES0.px"
"PANGASINAN","Fifth Decile","Average Expenditure  (in thousand pesos)","161.82","","2026-08-03T09-38-59-7a63a72104f8","https://openstat.psa.gov.ph/PXWeb/pxweb/en/DB/DB__1E__IE/0081E3AIES0.px"
"PANGASINAN","Fifth Decile","Average Savings  (in thousand pesos)","47.04","","2026-08-03T09-38-59-7a63a72104f8","https://openstat.psa.gov.ph/PXWeb/pxweb/en/DB/DB__1E__IE/0081E3AIES0.px"
"PANGASINAN","Sixth Decile","Average Income   (in thousand pesos)","242.72","","2026-08-03T09-38-59-7a63a72104f8","https://openstat.psa.gov.ph/PXWeb/pxweb/en/DB/DB__1E__IE/0081E3AIES0.px"
"PANGASINAN","Sixth Decile","Average Expenditure  (in thousand pesos)","177.6","","2026-08-03T09-38-59-7a63a72104f8","https://openstat.psa.gov.ph/PXWeb/pxweb/en/DB/DB__1E__IE/0081E3AIES0.px"
"PANGASINAN","Sixth Decile","Average Savings  (in thousand pesos)","65.12","","2026-08-03T09-38-59-7a63a72104f8","https://openstat.psa.gov.ph/PXWeb/pxweb/en/DB/DB__1E__IE/0081E3AIES0.px"
"PANGASINAN","Seventh Decile","Average Income   (in thousand pesos)","248.02","","2026-08-03T09-38-59-7a63a72104f8","https://openstat.psa.gov.ph/PXWeb/pxweb/en/DB/DB__1E__IE/0081E3AIES0.px"
"PANGASINAN","Seventh Decile","Average Expenditure  (in thousand pesos)","172.41","","2026-08-03T09-38-59-7a63a72104f8","https://openstat.psa.gov.ph/PXWeb/pxweb/en/DB/DB__1E__IE/0081E3AIES0.px"
"PANGASINAN","Seventh Decile","Average Savings  (in thousand pesos)","75.61","","2026-08-03T09-38-59-7a63a72104f8","https://openstat.psa.gov.ph/PXWeb/pxweb/en/DB/DB__1E__IE/0081E3AIES0.px"
"PANGASINAN","Eighth Decile","Average Income   (in thousand pesos)","275.03","","2026-08-03T09-38-59-7a63a72104f8","https://openstat.psa.gov.ph/PXWeb/pxweb/en/DB/DB__1E__IE/0081E3AIES0.px"
"PANGASINAN","Eighth Decile","Average Expenditure  (in thousand pesos)","196.34","","2026-08-03T09-38-59-7a63a72104f8","https://openstat.psa.gov.ph/PXWeb/pxweb/en/DB/DB__1E__IE/0081E3AIES0.px"
"PANGASINAN","Eighth Decile","Average Savings  (in thousand pesos)","78.69","","2026-08-03T09-38-59-7a63a72104f8","https://openstat.psa.gov.ph/PXWeb/pxweb/en/DB/DB__1E__IE/0081E3AIES0.px"
"PANGASINAN","Ninth Decile","Average Income   (in thousand pesos)","358.52","","2026-08-03T09-38-59-7a63a72104f8","https://openstat.psa.gov.ph/PXWeb/pxweb/en/DB/DB__1E__IE/0081E3AIES0.px"
"PANGASINAN","Ninth Decile","Average Expenditure  (in thousand pesos)","255.61","","2026-08-03T09-38-59-7a63a72104f8","https://openstat.psa.gov.ph/PXWeb/pxweb/en/DB/DB__1E__IE/0081E3AIES0.px"
"PANGASINAN","Ninth Decile","Average Savings  (in thousand pesos)","102.92","","2026-08-03T09-38-59-7a63a72104f8","https://openstat.psa.gov.ph/PXWeb/pxweb/en/DB/DB__1E__IE/0081E3AIES0.px"
"PANGASINAN","Tenth Decile","Average Income   (in thousand pesos)","649.95","","2026-08-03T09-38-59-7a63a72104f8","https://openstat.psa.gov.ph/PXWeb/pxweb/en/DB/DB__1E__IE/0081E3AIES0.px"
"PANGASINAN","Tenth Decile","Average Expenditure  (in thousand pesos)","356.46","","2026-08-03T09-38-59-7a63a72104f8","https://openstat.psa.gov.ph/PXWeb/pxweb/en/DB/DB__1E__IE/0081E3AIES0.px"
"PANGASINAN","Tenth Decile","Average Savings  (in thousand pesos)","293.49","","2026-08-03T09-38-59-7a63a72104f8","https://openstat.psa.gov.ph/PXWeb/pxweb/en/DB/DB__1E__IE/0081E3AIES0.px"
"REGION II - CAGAYAN VALLEY","All Income Groups","Average Income   (in thousand pesos)","276.79","","2026-08-03T09-38-59-7a63a72104f8","https://openstat.psa.gov.ph/PXWeb/pxweb/en/DB/DB__1E__IE/0081E3AIES0.px"
"REGION II - CAGAYAN VALLEY","All Income Groups","Average Expenditure  (in thousand pesos)","190.73","","2026-08-03T09-38-59-7a63a72104f8","https://openstat.psa.gov.ph/PXWeb/pxweb/en/DB/DB__1E__IE/0081E3AIES0.px"
"REGION II - CAGAYAN VALLEY","All Income Groups","Average Savings  (in thousand pesos)","86.06","","2026-08-03T09-38-59-7a63a72104f8","https://openstat.psa.gov.ph/PXWeb/pxweb/en/DB/DB__1E__IE/0081E3AIES0.px"
"REGION II - CAGAYAN VALLEY","First Decile","Average Income   (in thousand pesos)","139.74","","2026-08-03T09-38-59-7a63a72104f8","https://openstat.psa.gov.ph/PXWeb/pxweb/en/DB/DB__1E__IE/0081E3AIES0.px"
"REGION II - CAGAYAN VALLEY","First Decile","Average Expenditure  (in thousand pesos)","121.69","","2026-08-03T09-38-59-7a63a72104f8","https://openstat.psa.gov.ph/PXWeb/pxweb/en/DB/DB__1E__IE/0081E3AIES0.px"
"REGION II - CAGAYAN VALLEY","First Decile","Average Savings  (in thousand pesos)","18.04","","2026-08-03T09-38-59-7a63a72104f8","https://openstat.psa.gov.ph/PXWeb/pxweb/en/DB/DB__1E__IE/0081E3AIES0.px"
"REGION II - CAGAYAN VALLEY","Second Decile","Average Income   (in thousand pesos)","173.51","","2026-08-03T09-38-59-7a63a72104f8","https://openstat.psa.gov.ph/PXWeb/pxweb/en/DB/DB__1E__IE/0081E3AIES0.px"
"REGION II - CAGAYAN VALLEY","Second Decile","Average Expenditure  (in thousand pesos)","142.37","","2026-08-03T09-38-59-7a63a72104f8","https://openstat.psa.gov.ph/PXWeb/pxweb/en/DB/DB__1E__IE/0081E3AIES0.px"
"REGION II - CAGAYAN VALLEY","Second Decile","Average Savings  (in thousand pesos)","31.14","","2026-08-03T09-38-59-7a63a72104f8","https://openstat.psa.gov.ph/PXWeb/pxweb/en/DB/DB__1E__IE/0081E3AIES0.px"
"REGION II - CAGAYAN VALLEY","Third Decile","Average Income   (in thousand pesos)","185.14","","2026-08-03T09-38-59-7a63a72104f8","https://openstat.psa.gov.ph/PXWeb/pxweb/en/DB/DB__1E__IE/0081E3AIES0.px"
"REGION II - CAGAYAN VALLEY","Third Decile","Average Expenditure  (in thousand pesos)","146.94","","2026-08-03T09-38-59-7a63a72104f8","https://openstat.psa.gov.ph/PXWeb/pxweb/en/DB/DB__1E__IE/0081E3AIES0.px"
"REGION II - CAGAYAN VALLEY","Third Decile","Average Savings  (in thousand pesos)","38.21","","2026-08-03T09-38-59-7a63a72104f8","https://openstat.psa.gov.ph/PXWeb/pxweb/en/DB/DB__1E__IE/0081E3AIES0.px"
"REGION II - CAGAYAN VALLEY","Fourth Decile","Average Income   (in thousand pesos)","200.05","","2026-08-03T09-38-59-7a63a72104f8","https://openstat.psa.gov.ph/PXWeb/pxweb/en/DB/DB__1E__IE/0081E3AIES0.px"
"REGION II - CAGAYAN VALLEY","Fourth Decile","Average Expenditure  (in thousand pesos)","153.61","","2026-08-03T09-38-59-7a63a72104f8","https://openstat.psa.gov.ph/PXWeb/pxweb/en/DB/DB__1E__IE/0081E3AIES0.px"
"REGION II - CAGAYAN VALLEY","Fourth Decile","Average Savings  (in thousand pesos)","46.44","","2026-08-03T09-38-59-7a63a72104f8","https://openstat.psa.gov.ph/PXWeb/pxweb/en/DB/DB__1E__IE/0081E3AIES0.px"
"REGION II - CAGAYAN VALLEY","Fifth Decile","Average Income   (in thousand pesos)","216.15","","2026-08-03T09-38-59-7a63a72104f8","https://openstat.psa.gov.ph/PXWeb/pxweb/en/DB/DB__1E__IE/0081E3AIES0.px"
"REGION II - CAGAYAN VALLEY","Fifth Decile","Average Expenditure  (in thousand pesos)","163.32","","2026-08-03T09-38-59-7a63a72104f8","https://openstat.psa.gov.ph/PXWeb/pxweb/en/DB/DB__1E__IE/0081E3AIES0.px"
"REGION II - CAGAYAN VALLEY","Fifth Decile","Average Savings  (in thousand pesos)","52.83","","2026-08-03T09-38-59-7a63a72104f8","https://openstat.psa.gov.ph/PXWeb/pxweb/en/DB/DB__1E__IE/0081E3AIES0.px"
"REGION II - CAGAYAN VALLEY","Sixth Decile","Average Income   (in thousand pesos)","236.05","","2026-08-03T09-38-59-7a63a72104f8","https://openstat.psa.gov.ph/PXWeb/pxweb/en/DB/DB__1E__IE/0081E3AIES0.px"
"REGION II - CAGAYAN VALLEY","Sixth Decile","Average Expenditure  (in thousand pesos)","170.95","","2026-08-03T09-38-59-7a63a72104f8","https://openstat.psa.gov.ph/PXWeb/pxweb/en/DB/DB__1E__IE/0081E3AIES0.px"
"REGION II - CAGAYAN VALLEY","Sixth Decile","Average Savings  (in thousand pesos)","65.1","","2026-08-03T09-38-59-7a63a72104f8","https://openstat.psa.gov.ph/PXWeb/pxweb/en/DB/DB__1E__IE/0081E3AIES0.px"
"REGION II - CAGAYAN VALLEY","Seventh Decile","Average Income   (in thousand pesos)","258.23","","2026-08-03T09-38-59-7a63a72104f8","https://openstat.psa.gov.ph/PXWeb/pxweb/en/DB/DB__1E__IE/0081E3AIES0.px"
"REGION II - CAGAYAN VALLEY","Seventh Decile","Average Expenditure  (in thousand pesos)","185.15","","2026-08-03T09-38-59-7a63a72104f8","https://openstat.psa.gov.ph/PXWeb/pxweb/en/DB/DB__1E__IE/0081E3AIES0.px"
"REGION II - CAGAYAN VALLEY","Seventh Decile","Average Savings  (in thousand pesos)","73.08","","2026-08-03T09-38-59-7a63a72104f8","https://openstat.psa.gov.ph/PXWeb/pxweb/en/DB/DB__1E__IE/0081E3AIES0.px"
"REGION II - CAGAYAN VALLEY","Eighth Decile","Average Income   (in thousand pesos)","306.85","","2026-08-03T09-38-59-7a63a72104f8","https://openstat.psa.gov.ph/PXWeb/pxweb/en/DB/DB__1E__IE/0081E3AIES0.px"
"REGION II - CAGAYAN VALLEY","Eighth Decile","Average Expenditure  (in thousand pesos)","209.29","","2026-08-03T09-38-59-7a63a72104f8","https://openstat.psa.gov.ph/PXWeb/pxweb/en/DB/DB__1E__IE/0081E3AIES0.px"
"REGION II - CAGAYAN VALLEY","Eighth Decile","Average Savings  (in thousand pesos)","97.55","","2026-08-03T09-38-59-7a63a72104f8","https://openstat.psa.gov.ph/PXWeb/pxweb/en/DB/DB__1E__IE/0081E3AIES0.px"
"REGION II - CAGAYAN VALLEY","Ninth Decile","Average Income   (in thousand pesos)","375.91","","2026-08-03T09-38-59-7a63a72104f8","https://openstat.psa.gov.ph/PXWeb/pxweb/en/DB/DB__1E__IE/0081E3AIES0.px"
"REGION II - CAGAYAN VALLEY","Ninth Decile","Average Expenditure  (in thousand pesos)","242.53","","2026-08-03T09-38-59-7a63a72104f8","https://openstat.psa.gov.ph/PXWeb/pxweb/en/DB/DB__1E__IE/0081E3AIES0.px"
"REGION II - CAGAYAN VALLEY","Ninth Decile","Average Savings  (in thousand pesos)","133.37","","2026-08-03T09-38-59-7a63a72104f8","https://openstat.psa.gov.ph/PXWeb/pxweb/en/DB/DB__1E__IE/0081E3AIES0.px"
"REGION II - CAGAYAN VALLEY","Tenth Decile","Average Income   (in thousand pesos)","675.54","","2026-08-03T09-38-59-7a63a72104f8","https://openstat.psa.gov.ph/PXWeb/pxweb/en/DB/DB__1E__IE/0081E3AIES0.px"
"REGION II - CAGAYAN VALLEY","Tenth Decile","Average Expenditure  (in thousand pesos)","371.09","","2026-08-03T09-38-59-7a63a72104f8","https://openstat.psa.gov.ph/PXWeb/pxweb/en/DB/DB__1E__IE/0081E3AIES0.px"
"REGION II - CAGAYAN VALLEY","Tenth Decile","Average Savings  (in thousand pesos)","304.45","","2026-08-03T09-38-59-7a63a72104f8","https://openstat.psa.gov.ph/PXWeb/pxweb/en/DB/DB__1E__IE/0081E3AIES0.px"
"BATANES","All Income Groups","Average Income   (in thousand pesos)","387.09","","2026-08-03T09-38-59-7a63a72104f8","https://openstat.psa.gov.ph/PXWeb/pxweb/en/DB/DB__1E__IE/0081E3AIES0.px"
"BATANES","All Income Groups","Average Expenditure  (in thousand pesos)","239.16","","2026-08-03T09-38-59-7a63a72104f8","https://openstat.psa.gov.ph/PXWeb/pxweb/en/DB/DB__1E__IE/0081E3AIES0.px"
"BATANES","All Income Groups","Average Savings  (in thousand pesos)","147.94","","2026-08-03T09-38-59-7a63a72104f8","https://openstat.psa.gov.ph/PXWeb/pxweb/en/DB/DB__1E__IE/0081E3AIES0.px"
"BATANES","First Decile","Average Income   (in thousand pesos)","161.29","","2026-08-03T09-38-59-7a63a72104f8","https://openstat.psa.gov.ph/PXWeb/pxweb/en/DB/DB__1E__IE/0081E3AIES0.px"
"BATANES","First Decile","Average Expenditure  (in thousand pesos)","134.67","","2026-08-03T09-38-59-7a63a72104f8","https://openstat.psa.gov.ph/PXWeb/pxweb/en/DB/DB__1E__IE/0081E3AIES0.px"
"BATANES","First Decile","Average Savings  (in thousand pesos)","26.62","","2026-08-03T09-38-59-7a63a72104f8","https://openstat.psa.gov.ph/PXWeb/pxweb/en/DB/DB__1E__IE/0081E3AIES0.px"
"BATANES","Second Decile","Average Income   (in thousand pesos)","214.38","","2026-08-03T09-38-59-7a63a72104f8","https://openstat.psa.gov.ph/PXWeb/pxweb/en/DB/DB__1E__IE/0081E3AIES0.px"
"BATANES","Second Decile","Average Expenditure  (in thousand pesos)","168.63","","2026-08-03T09-38-59-7a63a72104f8","https://openstat.psa.gov.ph/PXWeb/pxweb/en/DB/DB__1E__IE/0081E3AIES0.px"
"BATANES","Second Decile","Average Savings  (in thousand pesos)","45.75","","2026-08-03T09-38-59-7a63a72104f8","https://openstat.psa.gov.ph/PXWeb/pxweb/en/DB/DB__1E__IE/0081E3AIES0.px"
"BATANES","Third Decile","Average Income   (in thousand pesos)","273.3","","2026-08-03T09-38-59-7a63a72104f8","https://openstat.psa.gov.ph/PXWeb/pxweb/en/DB/DB__1E__IE/0081E3AIES0.px"
"BATANES","Third Decile","Average Expenditure  (in thousand pesos)","186.95","","2026-08-03T09-38-59-7a63a72104f8","https://openstat.psa.gov.ph/PXWeb/pxweb/en/DB/DB__1E__IE/0081E3AIES0.px"
"BATANES","Third Decile","Average Savings  (in thousand pesos)","86.34","","2026-08-03T09-38-59-7a63a72104f8","https://openstat.psa.gov.ph/PXWeb/pxweb/en/DB/DB__1E__IE/0081E3AIES0.px"
"BATANES","Fourth Decile","Average Income   (in thousand pesos)","264.86","","2026-08-03T09-38-59-7a63a72104f8","https://openstat.psa.gov.ph/PXWeb/pxweb/en/DB/DB__1E__IE/0081E3AIES0.px"
"BATANES","Fourth Decile","Average Expenditure  (in thousand pesos)","199.12","","2026-08-03T09-38-59-7a63a72104f8","https://openstat.psa.gov.ph/PXWeb/pxweb/en/DB/DB__1E__IE/0081E3AIES0.px"
"BATANES","Fourth Decile","Average Savings  (in thousand pesos)","65.74","","2026-08-03T09-38-59-7a63a72104f8","https://openstat.psa.gov.ph/PXWeb/pxweb/en/DB/DB__1E__IE/0081E3AIES0.px"
"BATANES","Fifth Decile","Average Income   (in thousand pesos)","283.67","","2026-08-03T09-38-59-7a63a72104f8","https://openstat.psa.gov.ph/PXWeb/pxweb/en/DB/DB__1E__IE/0081E3AIES0.px"
"BATANES","Fifth Decile","Average Expenditure  (in thousand pesos)","194.69","","2026-08-03T09-38-59-7a63a72104f8","https://openstat.psa.gov.ph/PXWeb/pxweb/en/DB/DB__1E__IE/0081E3AIES0.px"
"BATANES","Fifth Decile","Average Savings  (in thousand pesos)","88.97","","2026-08-03T09-38-59-7a63a72104f8","https://openstat.psa.gov.ph/PXWeb/pxweb/en/DB/DB__1E__IE/0081E3AIES0.px"
"BATANES","Sixth Decile","Average Income   (in thousand pesos)","328.81","","2026-08-03T09-38-59-7a63a72104f8","https://openstat.psa.gov.ph/PXWeb/pxweb/en/DB/DB__1E__IE/0081E3AIES0.px"
"BATANES","Sixth Decile","Average Expenditure  (in thousand pesos)","219.89","","2026-08-03T09-38-59-7a63a72104f8","https://openstat.psa.gov.ph/PXWeb/pxweb/en/DB/DB__1E__IE/0081E3AIES0.px"
"BATANES","Sixth Decile","Average Savings  (in thousand pesos)","108.92","","2026-08-03T09-38-59-7a63a72104f8","https://openstat.psa.gov.ph/PXWeb/pxweb/en/DB/DB__1E__IE/0081E3AIES0.px"
"BATANES","Seventh Decile","Average Income   (in thousand pesos)","354.79","","2026-08-03T09-38-59-7a63a72104f8","https://openstat.psa.gov.ph/PXWeb/pxweb/en/DB/DB__1E__IE/0081E3AIES0.px"
"BATANES","Seventh Decile","Average Expenditure  (in thousand pesos)","232.4","","2026-08-03T09-38-59-7a63a72104f8","https://openstat.psa.gov.ph/PXWeb/pxweb/en/DB/DB__1E__IE/0081E3AIES0.px"
"BATANES","Seventh Decile","Average Savings  (in thousand pesos)","122.39","","2026-08-03T09-38-59-7a63a72104f8","https://openstat.psa.gov.ph/PXWeb/pxweb/en/DB/DB__1E__IE/0081E3AIES0.px"
"BATANES","Eighth Decile","Average Income   (in thousand pesos)","424.08","","2026-08-03T09-38-59-7a63a72104f8","https://openstat.psa.gov.ph/PXWeb/pxweb/en/DB/DB__1E__IE/0081E3AIES0.px"
"BATANES","Eighth Decile","Average Expenditure  (in thousand pesos)","263.35","","2026-08-03T09-38-59-7a63a72104f8","https://openstat.psa.gov.ph/PXWeb/pxweb/en/DB/DB__1E__IE/0081E3AIES0.px"
"BATANES","Eighth Decile","Average Savings  (in thousand pesos)","160.73","","2026-08-03T09-38-59-7a63a72104f8","https://openstat.psa.gov.ph/PXWeb/pxweb/en/DB/DB__1E__IE/0081E3AIES0.px"
"BATANES","Ninth Decile","Average Income   (in thousand pesos)","573.78","","2026-08-03T09-38-59-7a63a72104f8","https://openstat.psa.gov.ph/PXWeb/pxweb/en/DB/DB__1E__IE/0081E3AIES0.px"
"BATANES","Ninth Decile","Average Expenditure  (in thousand pesos)","333.46","","2026-08-03T09-38-59-7a63a72104f8","https://openstat.psa.gov.ph/PXWeb/pxweb/en/DB/DB__1E__IE/0081E3AIES0.px"
"BATANES","Ninth Decile","Average Savings  (in thousand pesos)","240.32","","2026-08-03T09-38-59-7a63a72104f8","https://openstat.psa.gov.ph/PXWeb/pxweb/en/DB/DB__1E__IE/0081E3AIES0.px"
"BATANES","Tenth Decile","Average Income   (in thousand pesos)","983.92","","2026-08-03T09-38-59-7a63a72104f8","https://openstat.psa.gov.ph/PXWeb/pxweb/en/DB/DB__1E__IE/0081E3AIES0.px"
"BATANES","Tenth Decile","Average Expenditure  (in thousand pesos)","455.31","","2026-08-03T09-38-59-7a63a72104f8","https://openstat.psa.gov.ph/PXWeb/pxweb/en/DB/DB__1E__IE/0081E3AIES0.px"
"BATANES","Tenth Decile","Average Savings  (in thousand pesos)","528.62","","2026-08-03T09-38-59-7a63a72104f8","https://openstat.psa.gov.ph/PXWeb/pxweb/en/DB/DB__1E__IE/0081E3AIES0.px"
"CAGAYAN","All Income Groups","Average Income   (in thousand pesos)","294.57","","2026-08-03T09-38-59-7a63a72104f8","https://openstat.psa.gov.ph/PXWeb/pxweb/en/DB/DB__1E__IE/0081E3AIES0.px"
"CAGAYAN","All Income Groups","Average Expenditure  (in thousand pesos)","200.15","","2026-08-03T09-38-59-7a63a72104f8","https://openstat.psa.gov.ph/PXWeb/pxweb/en/DB/DB__1E__IE/0081E3AIES0.px"
"CAGAYAN","All Income Groups","Average Savings  (in thousand pesos)","94.42","","2026-08-03T09-38-59-7a63a72104f8","https://openstat.psa.gov.ph/PXWeb/pxweb/en/DB/DB__1E__IE/0081E3AIES0.px"
"CAGAYAN","First Decile","Average Income   (in thousand pesos)","136.51","","2026-08-03T09-38-59-7a63a72104f8","https://openstat.psa.gov.ph/PXWeb/pxweb/en/DB/DB__1E__IE/0081E3AIES0.px"
"CAGAYAN","First Decile","Average Expenditure  (in thousand pesos)","123.59","","2026-08-03T09-38-59-7a63a72104f8","https://openstat.psa.gov.ph/PXWeb/pxweb/en/DB/DB__1E__IE/0081E3AIES0.px"
"CAGAYAN","First Decile","Average Savings  (in thousand pesos)","12.92","","2026-08-03T09-38-59-7a63a72104f8","https://openstat.psa.gov.ph/PXWeb/pxweb/en/DB/DB__1E__IE/0081E3AIES0.px"
"CAGAYAN","Second Decile","Average Income   (in thousand pesos)","175.15","","2026-08-03T09-38-59-7a63a72104f8","https://openstat.psa.gov.ph/PXWeb/pxweb/en/DB/DB__1E__IE/0081E3AIES0.px"
"CAGAYAN","Second Decile","Average Expenditure  (in thousand pesos)","148.76","","2026-08-03T09-38-59-7a63a72104f8","https://openstat.psa.gov.ph/PXWeb/pxweb/en/DB/DB__1E__IE/0081E3AIES0.px"
"CAGAYAN","Second Decile","Average Savings  (in thousand pesos)","26.38","","2026-08-03T09-38-59-7a63a72104f8","https://openstat.psa.gov.ph/PXWeb/pxweb/en/DB/DB__1E__IE/0081E3AIES0.px"
"CAGAYAN","Third Decile","Average Income   (in thousand pesos)","195.37","","2026-08-03T09-38-59-7a63a72104f8","https://openstat.psa.gov.ph/PXWeb/pxweb/en/DB/DB__1E__IE/0081E3AIES0.px"
"CAGAYAN","Third Decile","Average Expenditure  (in thousand pesos)","157.5","","2026-08-03T09-38-59-7a63a72104f8","https://openstat.psa.gov.ph/PXWeb/pxweb/en/DB/DB__1E__IE/0081E3AIES0.px"
"CAGAYAN","Third Decile","Average Savings  (in thousand pesos)","37.87","","2026-08-03T09-38-59-7a63a72104f8","https://openstat.psa.gov.ph/PXWeb/pxweb/en/DB/DB__1E__IE/0081E3AIES0.px"
"CAGAYAN","Fourth Decile","Average Income   (in thousand pesos)","199.28","","2026-08-03T09-38-59-7a63a72104f8","https://openstat.psa.gov.ph/PXWeb/pxweb/en/DB/DB__1E__IE/0081E3AIES0.px"
"CAGAYAN","Fourth Decile","Average Expenditure  (in thousand pesos)","154.49","","2026-08-03T09-38-59-7a63a72104f8","https://openstat.psa.gov.ph/PXWeb/pxweb/en/DB/DB__1E__IE/0081E3AIES0.px"
"CAGAYAN","Fourth Decile","Average Savings  (in thousand pesos)","44.79","","2026-08-03T09-38-59-7a63a72104f8","https://openstat.psa.gov.ph/PXWeb/pxweb/en/DB/DB__1E__IE/0081E3AIES0.px"
"CAGAYAN","Fifth Decile","Average Income   (in thousand pesos)","220.2","","2026-08-03T09-38-59-7a63a72104f8","https://openstat.psa.gov.ph/PXWeb/pxweb/en/DB/DB__1E__IE/0081E3AIES0.px"
"CAGAYAN","Fifth Decile","Average Expenditure  (in thousand pesos)","174.86","","2026-08-03T09-38-59-7a63a72104f8","https://openstat.psa.gov.ph/PXWeb/pxweb/en/DB/DB__1E__IE/0081E3AIES0.px"
"CAGAYAN","Fifth Decile","Average Savings  (in thousand pesos)","45.34","","2026-08-03T09-38-59-7a63a72104f8","https://openstat.psa.gov.ph/PXWeb/pxweb/en/DB/DB__1E__IE/0081E3AIES0.px"
"CAGAYAN","Sixth Decile","Average Income   (in thousand pesos)","251.85","","2026-08-03T09-38-59-7a63a72104f8","https://openstat.psa.gov.ph/PXWeb/pxweb/en/DB/DB__1E__IE/0081E3AIES0.px"
"CAGAYAN","Sixth Decile","Average Expenditure  (in thousand pesos)","182.16","","2026-08-03T09-38-59-7a63a72104f8","https://openstat.psa.gov.ph/PXWeb/pxweb/en/DB/DB__1E__IE/0081E3AIES0.px"
"CAGAYAN","Sixth Decile","Average Savings  (in thousand pesos)","69.69","","2026-08-03T09-38-59-7a63a72104f8","https://openstat.psa.gov.ph/PXWeb/pxweb/en/DB/DB__1E__IE/0081E3AIES0.px"
"CAGAYAN","Seventh Decile","Average Income   (in thousand pesos)","263.18","","2026-08-03T09-38-59-7a63a72104f8","https://openstat.psa.gov.ph/PXWeb/pxweb/en/DB/DB__1E__IE/0081E3AIES0.px"
"CAGAYAN","Seventh Decile","Average Expenditure  (in thousand pesos)","194.92","","2026-08-03T09-38-59-7a63a72104f8","https://openstat.psa.gov.ph/PXWeb/pxweb/en/DB/DB__1E__IE/0081E3AIES0.px"
"CAGAYAN","Seventh Decile","Average Savings  (in thousand pesos)","68.25","","2026-08-03T09-38-59-7a63a72104f8","https://openstat.psa.gov.ph/PXWeb/pxweb/en/DB/DB__1E__IE/0081E3AIES0.px"
"CAGAYAN","Eighth Decile","Average Income   (in thousand pesos)","317.53","","2026-08-03T09-38-59-7a63a72104f8","https://openstat.psa.gov.ph/PXWeb/pxweb/en/DB/DB__1E__IE/0081E3AIES0.px"
"CAGAYAN","Eighth Decile","Average Expenditure  (in thousand pesos)","214.61","","2026-08-03T09-38-59-7a63a72104f8","https://openstat.psa.gov.ph/PXWeb/pxweb/en/DB/DB__1E__IE/0081E3AIES0.px"
"CAGAYAN","Eighth Decile","Average Savings  (in thousand pesos)","102.92","","2026-08-03T09-38-59-7a63a72104f8","https://openstat.psa.gov.ph/PXWeb/pxweb/en/DB/DB__1E__IE/0081E3AIES0.px"
"CAGAYAN","Ninth Decile","Average Income   (in thousand pesos)","390.67","","2026-08-03T09-38-59-7a63a72104f8","https://openstat.psa.gov.ph/PXWeb/pxweb/en/DB/DB__1E__IE/0081E3AIES0.px"
"CAGAYAN","Ninth Decile","Average Expenditure  (in thousand pesos)","253.4","","2026-08-03T09-38-59-7a63a72104f8","https://openstat.psa.gov.ph/PXWeb/pxweb/en/DB/DB__1E__IE/0081E3AIES0.px"
"CAGAYAN","Ninth Decile","Average Savings  (in thousand pesos)","137.27","","2026-08-03T09-38-59-7a63a72104f8","https://openstat.psa.gov.ph/PXWeb/pxweb/en/DB/DB__1E__IE/0081E3AIES0.px"
"CAGAYAN","Tenth Decile","Average Income   (in thousand pesos)","794.53","","2026-08-03T09-38-59-7a63a72104f8","https://openstat.psa.gov.ph/PXWeb/pxweb/en/DB/DB__1E__IE/0081E3AIES0.px"
"CAGAYAN","Tenth Decile","Average Expenditure  (in thousand pesos)","396.57","","2026-08-03T09-38-59-7a63a72104f8","https://openstat.psa.gov.ph/PXWeb/pxweb/en/DB/DB__1E__IE/0081E3AIES0.px"
"CAGAYAN","Tenth Decile","Average Savings  (in thousand pesos)","397.96","","2026-08-03T09-38-59-7a63a72104f8","https://openstat.psa.gov.ph/PXWeb/pxweb/en/DB/DB__1E__IE/0081E3AIES0.px"
"ISABELA","All Income Groups","Average Income   (in thousand pesos)","266.9","","2026-08-03T09-38-59-7a63a72104f8","https://openstat.psa.gov.ph/PXWeb/pxweb/en/DB/DB__1E__IE/0081E3AIES0.px"
"ISABELA","All Income Groups","Average Expenditure  (in thousand pesos)","180.23","","2026-08-03T09-38-59-7a63a72104f8","https://openstat.psa.gov.ph/PXWeb/pxweb/en/DB/DB__1E__IE/0081E3AIES0.px"
"ISABELA","All Income Groups","Average Savings  (in thousand pesos)","86.67","","2026-08-03T09-38-59-7a63a72104f8","https://openstat.psa.gov.ph/PXWeb/pxweb/en/DB/DB__1E__IE/0081E3AIES0.px"
"ISABELA","First Decile","Average Income   (in thousand pesos)","144.43","","2026-08-03T09-38-59-7a63a72104f8","https://openstat.psa.gov.ph/PXWeb/pxweb/en/DB/DB__1E__IE/0081E3AIES0.px"
"ISABELA","First Decile","Average Expenditure  (in thousand pesos)","118.68","","2026-08-03T09-38-59-7a63a72104f8","https://openstat.psa.gov.ph/PXWeb/pxweb/en/DB/DB__1E__IE/0081E3AIES0.px"
"ISABELA","First Decile","Average Savings  (in thousand pesos)","25.76","","2026-08-03T09-38-59-7a63a72104f8","https://openstat.psa.gov.ph/PXWeb/pxweb/en/DB/DB__1E__IE/0081E3AIES0.px"
"ISABELA","Second Decile","Average Income   (in thousand pesos)","177.06","","2026-08-03T09-38-59-7a63a72104f8","https://openstat.psa.gov.ph/PXWeb/pxweb/en/DB/DB__1E__IE/0081E3AIES0.px"
"ISABELA","Second Decile","Average Expenditure  (in thousand pesos)","140.08","","2026-08-03T09-38-59-7a63a72104f8","https://openstat.psa.gov.ph/PXWeb/pxweb/en/DB/DB__1E__IE/0081E3AIES0.px"
"ISABELA","Second Decile","Average Savings  (in thousand pesos)","36.98","","2026-08-03T09-38-59-7a63a72104f8","https://openstat.psa.gov.ph/PXWeb/pxweb/en/DB/DB__1E__IE/0081E3AIES0.px"
"ISABELA","Third Decile","Average Income   (in thousand pesos)","182.94","","2026-08-03T09-38-59-7a63a72104f8","https://openstat.psa.gov.ph/PXWeb/pxweb/en/DB/DB__1E__IE/0081E3AIES0.px"
"ISABELA","Third Decile","Average Expenditure  (in thousand pesos)","140.69","","2026-08-03T09-38-59-7a63a72104f8","https://openstat.psa.gov.ph/PXWeb/pxweb/en/DB/DB__1E__IE/0081E3AIES0.px"
"ISABELA","Third Decile","Average Savings  (in thousand pesos)","42.25","","2026-08-03T09-38-59-7a63a72104f8","https://openstat.psa.gov.ph/PXWeb/pxweb/en/DB/DB__1E__IE/0081E3AIES0.px"
"ISABELA","Fourth Decile","Average Income   (in thousand pesos)","202.1","","2026-08-03T09-38-59-7a63a72104f8","https://openstat.psa.gov.ph/PXWeb/pxweb/en/DB/DB__1E__IE/0081E3AIES0.px"
"ISABELA","Fourth Decile","Average Expenditure  (in thousand pesos)","149.5","","2026-08-03T09-38-59-7a63a72104f8","https://openstat.psa.gov.ph/PXWeb/pxweb/en/DB/DB__1E__IE/0081E3AIES0.px"
"ISABELA","Fourth Decile","Average Savings  (in thousand pesos)","52.61","","2026-08-03T09-38-59-7a63a72104f8","https://openstat.psa.gov.ph/PXWeb/pxweb/en/DB/DB__1E__IE/0081E3AIES0.px"
"ISABELA","Fifth Decile","Average Income   (in thousand pesos)","215.66","","2026-08-03T09-38-59-7a63a72104f8","https://openstat.psa.gov.ph/PXWeb/pxweb/en/DB/DB__1E__IE/0081E3AIES0.px"
"ISABELA","Fifth Decile","Average Expenditure  (in thousand pesos)","156.19","","2026-08-03T09-38-59-7a63a72104f8","https://openstat.psa.gov.ph/PXWeb/pxweb/en/DB/DB__1E__IE/0081E3AIES0.px"
"ISABELA","Fifth Decile","Average Savings  (in thousand pesos)","59.47","","2026-08-03T09-38-59-7a63a72104f8","https://openstat.psa.gov.ph/PXWeb/pxweb/en/DB/DB__1E__IE/0081E3AIES0.px"
"ISABELA","Sixth Decile","Average Income   (in thousand pesos)","229.97","","2026-08-03T09-38-59-7a63a72104f8","https://openstat.psa.gov.ph/PXWeb/pxweb/en/DB/DB__1E__IE/0081E3AIES0.px"
"ISABELA","Sixth Decile","Average Expenditure  (in thousand pesos)","160.59","","2026-08-03T09-38-59-7a63a72104f8","https://openstat.psa.gov.ph/PXWeb/pxweb/en/DB/DB__1E__IE/0081E3AIES0.px"
"ISABELA","Sixth Decile","Average Savings  (in thousand pesos)","69.38","","2026-08-03T09-38-59-7a63a72104f8","https://openstat.psa.gov.ph/PXWeb/pxweb/en/DB/DB__1E__IE/0081E3AIES0.px"
"ISABELA","Seventh Decile","Average Income   (in thousand pesos)","255.54","","2026-08-03T09-38-59-7a63a72104f8","https://openstat.psa.gov.ph/PXWeb/pxweb/en/DB/DB__1E__IE/0081E3AIES0.px"
"ISABELA","Seventh Decile","Average Expenditure  (in thousand pesos)","174.15","","2026-08-03T09-38-59-7a63a72104f8","https://openstat.psa.gov.ph/PXWeb/pxweb/en/DB/DB__1E__IE/0081E3AIES0.px"
"ISABELA","Seventh Decile","Average Savings  (in thousand pesos)","81.39","","2026-08-03T09-38-59-7a63a72104f8","https://openstat.psa.gov.ph/PXWeb/pxweb/en/DB/DB__1E__IE/0081E3AIES0.px"
"ISABELA","Eighth Decile","Average Income   (in thousand pesos)","298.53","","2026-08-03T09-38-59-7a63a72104f8","https://openstat.psa.gov.ph/PXWeb/pxweb/en/DB/DB__1E__IE/0081E3AIES0.px"
"ISABELA","Eighth Decile","Average Expenditure  (in thousand pesos)","197.52","","2026-08-03T09-38-59-7a63a72104f8","https://openstat.psa.gov.ph/PXWeb/pxweb/en/DB/DB__1E__IE/0081E3AIES0.px"
"ISABELA","Eighth Decile","Average Savings  (in thousand pesos)","101.01","","2026-08-03T09-38-59-7a63a72104f8","https://openstat.psa.gov.ph/PXWeb/pxweb/en/DB/DB__1E__IE/0081E3AIES0.px"
"ISABELA","Ninth Decile","Average Income   (in thousand pesos)","376.29","","2026-08-03T09-38-59-7a63a72104f8","https://openstat.psa.gov.ph/PXWeb/pxweb/en/DB/DB__1E__IE/0081E3AIES0.px"
"ISABELA","Ninth Decile","Average Expenditure  (in thousand pesos)","235.63","","2026-08-03T09-38-59-7a63a72104f8","https://openstat.psa.gov.ph/PXWeb/pxweb/en/DB/DB__1E__IE/0081E3AIES0.px"
"ISABELA","Ninth Decile","Average Savings  (in thousand pesos)","140.66","","2026-08-03T09-38-59-7a63a72104f8","https://openstat.psa.gov.ph/PXWeb/pxweb/en/DB/DB__1E__IE/0081E3AIES0.px"
"ISABELA","Tenth Decile","Average Income   (in thousand pesos)","585.32","","2026-08-03T09-38-59-7a63a72104f8","https://openstat.psa.gov.ph/PXWeb/pxweb/en/DB/DB__1E__IE/0081E3AIES0.px"
"ISABELA","Tenth Decile","Average Expenditure  (in thousand pesos)","328.73","","2026-08-03T09-38-59-7a63a72104f8","https://openstat.psa.gov.ph/PXWeb/pxweb/en/DB/DB__1E__IE/0081E3AIES0.px"
"ISABELA","Tenth Decile","Average Savings  (in thousand pesos)","256.59","","2026-08-03T09-38-59-7a63a72104f8","https://openstat.psa.gov.ph/PXWeb/pxweb/en/DB/DB__1E__IE/0081E3AIES0.px"
"NUEVA VIZCAYA","All Income Groups","Average Income   (in thousand pesos)","263.17","","2026-08-03T09-38-59-7a63a72104f8","https://openstat.psa.gov.ph/PXWeb/pxweb/en/DB/DB__1E__IE/0081E3AIES0.px"
"NUEVA VIZCAYA","All Income Groups","Average Expenditure  (in thousand pesos)","205.59","","2026-08-03T09-38-59-7a63a72104f8","https://openstat.psa.gov.ph/PXWeb/pxweb/en/DB/DB__1E__IE/0081E3AIES0.px"
"NUEVA VIZCAYA","All Income Groups","Average Savings  (in thousand pesos)","57.57","","2026-08-03T09-38-59-7a63a72104f8","https://openstat.psa.gov.ph/PXWeb/pxweb/en/DB/DB__1E__IE/0081E3AIES0.px"
"NUEVA VIZCAYA","First Decile","Average Income   (in thousand pesos)","142.59","","2026-08-03T09-38-59-7a63a72104f8","https://openstat.psa.gov.ph/PXWeb/pxweb/en/DB/DB__1E__IE/0081E3AIES0.px"
"NUEVA VIZCAYA","First Decile","Average Expenditure  (in thousand pesos)","132.13","","2026-08-03T09-38-59-7a63a72104f8","https://openstat.psa.gov.ph/PXWeb/pxweb/en/DB/DB__1E__IE/0081E3AIES0.px"
"NUEVA VIZCAYA","First Decile","Average Savings  (in thousand pesos)","10.45","","2026-08-03T09-38-59-7a63a72104f8","https://openstat.psa.gov.ph/PXWeb/pxweb/en/DB/DB__1E__IE/0081E3AIES0.px"
"NUEVA VIZCAYA","Second Decile","Average Income   (in thousand pesos)","161.54","","2026-08-03T09-38-59-7a63a72104f8","https://openstat.psa.gov.ph/PXWeb/pxweb/en/DB/DB__1E__IE/0081E3AIES0.px"
"NUEVA VIZCAYA","Second Decile","Average Expenditure  (in thousand pesos)","140.56","","2026-08-03T09-38-59-7a63a72104f8","https://openstat.psa.gov.ph/PXWeb/pxweb/en/DB/DB__1E__IE/0081E3AIES0.px"
"NUEVA VIZCAYA","Second Decile","Average Savings  (in thousand pesos)","20.97","","2026-08-03T09-38-59-7a63a72104f8","https://openstat.psa.gov.ph/PXWeb/pxweb/en/DB/DB__1E__IE/0081E3AIES0.px"
"NUEVA VIZCAYA","Third Decile","Average Income   (in thousand pesos)","171.31","","2026-08-03T09-38-59-7a63a72104f8","https://openstat.psa.gov.ph/PXWeb/pxweb/en/DB/DB__1E__IE/0081E3AIES0.px"
"NUEVA VIZCAYA","Third Decile","Average Expenditure  (in thousand pesos)","144.58","","2026-08-03T09-38-59-7a63a72104f8","https://openstat.psa.gov.ph/PXWeb/pxweb/en/DB/DB__1E__IE/0081E3AIES0.px"
"NUEVA VIZCAYA","Third Decile","Average Savings  (in thousand pesos)","26.73","","2026-08-03T09-38-59-7a63a72104f8","https://openstat.psa.gov.ph/PXWeb/pxweb/en/DB/DB__1E__IE/0081E3AIES0.px"
"NUEVA VIZCAYA","Fourth Decile","Average Income   (in thousand pesos)","195.66","","2026-08-03T09-38-59-7a63a72104f8","https://openstat.psa.gov.ph/PXWeb/pxweb/en/DB/DB__1E__IE/0081E3AIES0.px"
"NUEVA VIZCAYA","Fourth Decile","Average Expenditure  (in thousand pesos)","168.57","","2026-08-03T09-38-59-7a63a72104f8","https://openstat.psa.gov.ph/PXWeb/pxweb/en/DB/DB__1E__IE/0081E3AIES0.px"
"NUEVA VIZCAYA","Fourth Decile","Average Savings  (in thousand pesos)","27.09","","2026-08-03T09-38-59-7a63a72104f8","https://openstat.psa.gov.ph/PXWeb/pxweb/en/DB/DB__1E__IE/0081E3AIES0.px"
"NUEVA VIZCAYA","Fifth Decile","Average Income   (in thousand pesos)","210.75","","2026-08-03T09-38-59-7a63a72104f8","https://openstat.psa.gov.ph/PXWeb/pxweb/en/DB/DB__1E__IE/0081E3AIES0.px"
"NUEVA VIZCAYA","Fifth Decile","Average Expenditure  (in thousand pesos)","170.85","","2026-08-03T09-38-59-7a63a72104f8","https://openstat.psa.gov.ph/PXWeb/pxweb/en/DB/DB__1E__IE/0081E3AIES0.px"
"NUEVA VIZCAYA","Fifth Decile","Average Savings  (in thousand pesos)","39.9","","2026-08-03T09-38-59-7a63a72104f8","https://openstat.psa.gov.ph/PXWeb/pxweb/en/DB/DB__1E__IE/0081E3AIES0.px"
"NUEVA VIZCAYA","Sixth Decile","Average Income   (in thousand pesos)","223.27","","2026-08-03T09-38-59-7a63a72104f8","https://openstat.psa.gov.ph/PXWeb/pxweb/en/DB/DB__1E__IE/0081E3AIES0.px"
"NUEVA VIZCAYA","Sixth Decile","Average Expenditure  (in thousand pesos)","187.28","","2026-08-03T09-38-59-7a63a72104f8","https://openstat.psa.gov.ph/PXWeb/pxweb/en/DB/DB__1E__IE/0081E3AIES0.px"
"NUEVA VIZCAYA","Sixth Decile","Average Savings  (in thousand pesos)","35.99","","2026-08-03T09-38-59-7a63a72104f8","https://openstat.psa.gov.ph/PXWeb/pxweb/en/DB/DB__1E__IE/0081E3AIES0.px"
"NUEVA VIZCAYA","Seventh Decile","Average Income   (in thousand pesos)","261.78","","2026-08-03T09-38-59-7a63a72104f8","https://openstat.psa.gov.ph/PXWeb/pxweb/en/DB/DB__1E__IE/0081E3AIES0.px"
"NUEVA VIZCAYA","Seventh Decile","Average Expenditure  (in thousand pesos)","203.85","","2026-08-03T09-38-59-7a63a72104f8","https://openstat.psa.gov.ph/PXWeb/pxweb/en/DB/DB__1E__IE/0081E3AIES0.px"
"NUEVA VIZCAYA","Seventh Decile","Average Savings  (in thousand pesos)","57.93","","2026-08-03T09-38-59-7a63a72104f8","https://openstat.psa.gov.ph/PXWeb/pxweb/en/DB/DB__1E__IE/0081E3AIES0.px"
"NUEVA VIZCAYA","Eighth Decile","Average Income   (in thousand pesos)","288.18","","2026-08-03T09-38-59-7a63a72104f8","https://openstat.psa.gov.ph/PXWeb/pxweb/en/DB/DB__1E__IE/0081E3AIES0.px"
"NUEVA VIZCAYA","Eighth Decile","Average Expenditure  (in thousand pesos)","228.17","","2026-08-03T09-38-59-7a63a72104f8","https://openstat.psa.gov.ph/PXWeb/pxweb/en/DB/DB__1E__IE/0081E3AIES0.px"
"NUEVA VIZCAYA","Eighth Decile","Average Savings  (in thousand pesos)","60.01","","2026-08-03T09-38-59-7a63a72104f8","https://openstat.psa.gov.ph/PXWeb/pxweb/en/DB/DB__1E__IE/0081E3AIES0.px"
"NUEVA VIZCAYA","Ninth Decile","Average Income   (in thousand pesos)","327.7","","2026-08-03T09-38-59-7a63a72104f8","https://openstat.psa.gov.ph/PXWeb/pxweb/en/DB/DB__1E__IE/0081E3AIES0.px"
"NUEVA VIZCAYA","Ninth Decile","Average Expenditure  (in thousand pesos)","240.27","","2026-08-03T09-38-59-7a63a72104f8","https://openstat.psa.gov.ph/PXWeb/pxweb/en/DB/DB__1E__IE/0081E3AIES0.px"
"NUEVA VIZCAYA","Ninth Decile","Average Savings  (in thousand pesos)","87.43","","2026-08-03T09-38-59-7a63a72104f8","https://openstat.psa.gov.ph/PXWeb/pxweb/en/DB/DB__1E__IE/0081E3AIES0.px"
"NUEVA VIZCAYA","Tenth Decile","Average Income   (in thousand pesos)","648.23","","2026-08-03T09-38-59-7a63a72104f8","https://openstat.psa.gov.ph/PXWeb/pxweb/en/DB/DB__1E__IE/0081E3AIES0.px"
"NUEVA VIZCAYA","Tenth Decile","Average Expenditure  (in thousand pesos)","439.24","","2026-08-03T09-38-59-7a63a72104f8","https://openstat.psa.gov.ph/PXWeb/pxweb/en/DB/DB__1E__IE/0081E3AIES0.px"
"NUEVA VIZCAYA","Tenth Decile","Average Savings  (in thousand pesos)","208.99","","2026-08-03T09-38-59-7a63a72104f8","https://openstat.psa.gov.ph/PXWeb/pxweb/en/DB/DB__1E__IE/0081E3AIES0.px"
"QUIRINO","All Income Groups","Average Income   (in thousand pesos)","277.31","","2026-08-03T09-38-59-7a63a72104f8","https://openstat.psa.gov.ph/PXWeb/pxweb/en/DB/DB__1E__IE/0081E3AIES0.px"
"QUIRINO","All Income Groups","Average Expenditure  (in thousand pesos)","175.52","","2026-08-03T09-38-59-7a63a72104f8","https://openstat.psa.gov.ph/PXWeb/pxweb/en/DB/DB__1E__IE/0081E3AIES0.px"
"QUIRINO","All Income Groups","Average Savings  (in thousand pesos)","101.8","","2026-08-03T09-38-59-7a63a72104f8","https://openstat.psa.gov.ph/PXWeb/pxweb/en/DB/DB__1E__IE/0081E3AIES0.px"
"QUIRINO","First Decile","Average Income   (in thousand pesos)","135.06","","2026-08-03T09-38-59-7a63a72104f8","https://openstat.psa.gov.ph/PXWeb/pxweb/en/DB/DB__1E__IE/0081E3AIES0.px"
"QUIRINO","First Decile","Average Expenditure  (in thousand pesos)","110.37","","2026-08-03T09-38-59-7a63a72104f8","https://openstat.psa.gov.ph/PXWeb/pxweb/en/DB/DB__1E__IE/0081E3AIES0.px"
"QUIRINO","First Decile","Average Savings  (in thousand pesos)","24.69","","2026-08-03T09-38-59-7a63a72104f8","https://openstat.psa.gov.ph/PXWeb/pxweb/en/DB/DB__1E__IE/0081E3AIES0.px"
"QUIRINO","Second Decile","Average Income   (in thousand pesos)","153.35","","2026-08-03T09-38-59-7a63a72104f8","https://openstat.psa.gov.ph/PXWeb/pxweb/en/DB/DB__1E__IE/0081E3AIES0.px"
"QUIRINO","Second Decile","Average Expenditure  (in thousand pesos)","119.33","","2026-08-03T09-38-59-7a63a72104f8","https://openstat.psa.gov.ph/PXWeb/pxweb/en/DB/DB__1E__IE/0081E3AIES0.px"
"QUIRINO","Second Decile","Average Savings  (in thousand pesos)","34.02","","2026-08-03T09-38-59-7a63a72104f8","https://openstat.psa.gov.ph/PXWeb/pxweb/en/DB/DB__1E__IE/0081E3AIES0.px"
"QUIRINO","Third Decile","Average Income   (in thousand pesos)","171.28","","2026-08-03T09-38-59-7a63a72104f8","https://openstat.psa.gov.ph/PXWeb/pxweb/en/DB/DB__1E__IE/0081E3AIES0.px"
"QUIRINO","Third Decile","Average Expenditure  (in thousand pesos)","124.19","","2026-08-03T09-38-59-7a63a72104f8","https://openstat.psa.gov.ph/PXWeb/pxweb/en/DB/DB__1E__IE/0081E3AIES0.px"
"QUIRINO","Third Decile","Average Savings  (in thousand pesos)","47.09","","2026-08-03T09-38-59-7a63a72104f8","https://openstat.psa.gov.ph/PXWeb/pxweb/en/DB/DB__1E__IE/0081E3AIES0.px"
"QUIRINO","Fourth Decile","Average Income   (in thousand pesos)","174.89","","2026-08-03T09-38-59-7a63a72104f8","https://openstat.psa.gov.ph/PXWeb/pxweb/en/DB/DB__1E__IE/0081E3AIES0.px"
"QUIRINO","Fourth Decile","Average Expenditure  (in thousand pesos)","126.62","","2026-08-03T09-38-59-7a63a72104f8","https://openstat.psa.gov.ph/PXWeb/pxweb/en/DB/DB__1E__IE/0081E3AIES0.px"
"QUIRINO","Fourth Decile","Average Savings  (in thousand pesos)","48.27","","2026-08-03T09-38-59-7a63a72104f8","https://openstat.psa.gov.ph/PXWeb/pxweb/en/DB/DB__1E__IE/0081E3AIES0.px"
"QUIRINO","Fifth Decile","Average Income   (in thousand pesos)","219.22","","2026-08-03T09-38-59-7a63a72104f8","https://openstat.psa.gov.ph/PXWeb/pxweb/en/DB/DB__1E__IE/0081E3AIES0.px"
"QUIRINO","Fifth Decile","Average Expenditure  (in thousand pesos)","154.17","","2026-08-03T09-38-59-7a63a72104f8","https://openstat.psa.gov.ph/PXWeb/pxweb/en/DB/DB__1E__IE/0081E3AIES0.px"
"QUIRINO","Fifth Decile","Average Savings  (in thousand pesos)","65.05","","2026-08-03T09-38-59-7a63a72104f8","https://openstat.psa.gov.ph/PXWeb/pxweb/en/DB/DB__1E__IE/0081E3AIES0.px"
"QUIRINO","Sixth Decile","Average Income   (in thousand pesos)","214.72","","2026-08-03T09-38-59-7a63a72104f8","https://openstat.psa.gov.ph/PXWeb/pxweb/en/DB/DB__1E__IE/0081E3AIES0.px"
"QUIRINO","Sixth Decile","Average Expenditure  (in thousand pesos)","147.86","","2026-08-03T09-38-59-7a63a72104f8","https://openstat.psa.gov.ph/PXWeb/pxweb/en/DB/DB__1E__IE/0081E3AIES0.px"
"QUIRINO","Sixth Decile","Average Savings  (in thousand pesos)","66.86","","2026-08-03T09-38-59-7a63a72104f8","https://openstat.psa.gov.ph/PXWeb/pxweb/en/DB/DB__1E__IE/0081E3AIES0.px"
"QUIRINO","Seventh Decile","Average Income   (in thousand pesos)","245.58","","2026-08-03T09-38-59-7a63a72104f8","https://openstat.psa.gov.ph/PXWeb/pxweb/en/DB/DB__1E__IE/0081E3AIES0.px"
"QUIRINO","Seventh Decile","Average Expenditure  (in thousand pesos)","157.86","","2026-08-03T09-38-59-7a63a72104f8","https://openstat.psa.gov.ph/PXWeb/pxweb/en/DB/DB__1E__IE/0081E3AIES0.px"
"QUIRINO","Seventh Decile","Average Savings  (in thousand pesos)","87.72","","2026-08-03T09-38-59-7a63a72104f8","https://openstat.psa.gov.ph/PXWeb/pxweb/en/DB/DB__1E__IE/0081E3AIES0.px"
"QUIRINO","Eighth Decile","Average Income   (in thousand pesos)","310.1","","2026-08-03T09-38-59-7a63a72104f8","https://openstat.psa.gov.ph/PXWeb/pxweb/en/DB/DB__1E__IE/0081E3AIES0.px"
"QUIRINO","Eighth Decile","Average Expenditure  (in thousand pesos)","192.05","","2026-08-03T09-38-59-7a63a72104f8","https://openstat.psa.gov.ph/PXWeb/pxweb/en/DB/DB__1E__IE/0081E3AIES0.px"
"QUIRINO","Eighth Decile","Average Savings  (in thousand pesos)","118.05","","2026-08-03T09-38-59-7a63a72104f8","https://openstat.psa.gov.ph/PXWeb/pxweb/en/DB/DB__1E__IE/0081E3AIES0.px"
"QUIRINO","Ninth Decile","Average Income   (in thousand pesos)","380.56","","2026-08-03T09-38-59-7a63a72104f8","https://openstat.psa.gov.ph/PXWeb/pxweb/en/DB/DB__1E__IE/0081E3AIES0.px"
"QUIRINO","Ninth Decile","Average Expenditure  (in thousand pesos)","234.25","","2026-08-03T09-38-59-7a63a72104f8","https://openstat.psa.gov.ph/PXWeb/pxweb/en/DB/DB__1E__IE/0081E3AIES0.px"
"QUIRINO","Ninth Decile","Average Savings  (in thousand pesos)","146.31","","2026-08-03T09-38-59-7a63a72104f8","https://openstat.psa.gov.ph/PXWeb/pxweb/en/DB/DB__1E__IE/0081E3AIES0.px"
"QUIRINO","Tenth Decile","Average Income   (in thousand pesos)","766.09","","2026-08-03T09-38-59-7a63a72104f8","https://openstat.psa.gov.ph/PXWeb/pxweb/en/DB/DB__1E__IE/0081E3AIES0.px"
"QUIRINO","Tenth Decile","Average Expenditure  (in thousand pesos)","387.53","","2026-08-03T09-38-59-7a63a72104f8","https://openstat.psa.gov.ph/PXWeb/pxweb/en/DB/DB__1E__IE/0081E3AIES0.px"
"QUIRINO","Tenth Decile","Average Savings  (in thousand pesos)","378.57","","2026-08-03T09-38-59-7a63a72104f8","https://openstat.psa.gov.ph/PXWeb/pxweb/en/DB/DB__1E__IE/0081E3AIES0.px"
"REGION III - CENTRAL LUZON","All Income Groups","Average Income   (in thousand pesos)","334.44","","2026-08-03T09-38-59-7a63a72104f8","https://openstat.psa.gov.ph/PXWeb/pxweb/en/DB/DB__1E__IE/0081E3AIES0.px"
"REGION III - CENTRAL LUZON","All Income Groups","Average Expenditure  (in thousand pesos)","266.22","","2026-08-03T09-38-59-7a63a72104f8","https://openstat.psa.gov.ph/PXWeb/pxweb/en/DB/DB__1E__IE/0081E3AIES0.px"
"REGION III - CENTRAL LUZON","All Income Groups","Average Savings  (in thousand pesos)","68.21","","2026-08-03T09-38-59-7a63a72104f8","https://openstat.psa.gov.ph/PXWeb/pxweb/en/DB/DB__1E__IE/0081E3AIES0.px"
"REGION III - CENTRAL LUZON","First Decile","Average Income   (in thousand pesos)","178.12","","2026-08-03T09-38-59-7a63a72104f8","https://openstat.psa.gov.ph/PXWeb/pxweb/en/DB/DB__1E__IE/0081E3AIES0.px"
"REGION III - CENTRAL LUZON","First Decile","Average Expenditure  (in thousand pesos)","168.43","","2026-08-03T09-38-59-7a63a72104f8","https://openstat.psa.gov.ph/PXWeb/pxweb/en/DB/DB__1E__IE/0081E3AIES0.px"
"REGION III - CENTRAL LUZON","First Decile","Average Savings  (in thousand pesos)","9.69","","2026-08-03T09-38-59-7a63a72104f8","https://openstat.psa.gov.ph/PXWeb/pxweb/en/DB/DB__1E__IE/0081E3AIES0.px"
"REGION III - CENTRAL LUZON","Second Decile","Average Income   (in thousand pesos)","223.38","","2026-08-03T09-38-59-7a63a72104f8","https://openstat.psa.gov.ph/PXWeb/pxweb/en/DB/DB__1E__IE/0081E3AIES0.px"
"REGION III - CENTRAL LUZON","Second Decile","Average Expenditure  (in thousand pesos)","198.89","","2026-08-03T09-38-59-7a63a72104f8","https://openstat.psa.gov.ph/PXWeb/pxweb/en/DB/DB__1E__IE/0081E3AIES0.px"
"REGION III - CENTRAL LUZON","Second Decile","Average Savings  (in thousand pesos)","24.5","","2026-08-03T09-38-59-7a63a72104f8","https://openstat.psa.gov.ph/PXWeb/pxweb/en/DB/DB__1E__IE/0081E3AIES0.px"
"REGION III - CENTRAL LUZON","Third Decile","Average Income   (in thousand pesos)","252.57","","2026-08-03T09-38-59-7a63a72104f8","https://openstat.psa.gov.ph/PXWeb/pxweb/en/DB/DB__1E__IE/0081E3AIES0.px"
"REGION III - CENTRAL LUZON","Third Decile","Average Expenditure  (in thousand pesos)","218.79","","2026-08-03T09-38-59-7a63a72104f8","https://openstat.psa.gov.ph/PXWeb/pxweb/en/DB/DB__1E__IE/0081E3AIES0.px"
"REGION III - CENTRAL LUZON","Third Decile","Average Savings  (in thousand pesos)","33.79","","2026-08-03T09-38-59-7a63a72104f8","https://openstat.psa.gov.ph/PXWeb/pxweb/en/DB/DB__1E__IE/0081E3AIES0.px"
"REGION III - CENTRAL LUZON","Fourth Decile","Average Income   (in thousand pesos)","273.58","","2026-08-03T09-38-59-7a63a72104f8","https://openstat.psa.gov.ph/PXWeb/pxweb/en/DB/DB__1E__IE/0081E3AIES0.px"
"REGION III - CENTRAL LUZON","Fourth Decile","Average Expenditure  (in thousand pesos)","231.83","","2026-08-03T09-38-59-7a63a72104f8","https://openstat.psa.gov.ph/PXWeb/pxweb/en/DB/DB__1E__IE/0081E3AIES0.px"
"REGION III - CENTRAL LUZON","Fourth Decile","Average Savings  (in thousand pesos)","41.75","","2026-08-03T09-38-59-7a63a72104f8","https://openstat.psa.gov.ph/PXWeb/pxweb/en/DB/DB__1E__IE/0081E3AIES0.px"
"REGION III - CENTRAL LUZON","Fifth Decile","Average Income   (in thousand pesos)","292.48","","2026-08-03T09-38-59-7a63a72104f8","https://openstat.psa.gov.ph/PXWeb/pxweb/en/DB/DB__1E__IE/0081E3AIES0.px"
"REGION III - CENTRAL LUZON","Fifth Decile","Average Expenditure  (in thousand pesos)","244.73","","2026-08-03T09-38-59-7a63a72104f8","https://openstat.psa.gov.ph/PXWeb/pxweb/en/DB/DB__1E__IE/0081E3AIES0.px"
"REGION III - CENTRAL LUZON","Fifth Decile","Average Savings  (in thousand pesos)","47.75","","2026-08-03T09-38-59-7a63a72104f8","https://openstat.psa.gov.ph/PXWeb/pxweb/en/DB/DB__1E__IE/0081E3AIES0.px"
"REGION III - CENTRAL LUZON","Sixth Decile","Average Income   (in thousand pesos)","319.55","","2026-08-03T09-38-59-7a63a72104f8","https://openstat.psa.gov.ph/PXWeb/pxweb/en/DB/DB__1E__IE/0081E3AIES0.px"
"REGION III - CENTRAL LUZON","Sixth Decile","Average Expenditure  (in thousand pesos)","262.12","","2026-08-03T09-38-59-7a63a72104f8","https://openstat.psa.gov.ph/PXWeb/pxweb/en/DB/DB__1E__IE/0081E3AIES0.px"
"REGION III - CENTRAL LUZON","Sixth Decile","Average Savings  (in thousand pesos)","57.43","","2026-08-03T09-38-59-7a63a72104f8","https://openstat.psa.gov.ph/PXWeb/pxweb/en/DB/DB__1E__IE/0081E3AIES0.px"
"REGION III - CENTRAL LUZON","Seventh Decile","Average Income   (in thousand pesos)","349.99","","2026-08-03T09-38-59-7a63a72104f8","https://openstat.psa.gov.ph/PXWeb/pxweb/en/DB/DB__1E__IE/0081E3AIES0.px"
"REGION III - CENTRAL LUZON","Seventh Decile","Average Expenditure  (in thousand pesos)","278.16","","2026-08-03T09-38-59-7a63a72104f8","https://openstat.psa.gov.ph/PXWeb/pxweb/en/DB/DB__1E__IE/0081E3AIES0.px"
"REGION III - CENTRAL LUZON","Seventh Decile","Average Savings  (in thousand pesos)","71.84","","2026-08-03T09-38-59-7a63a72104f8","https://openstat.psa.gov.ph/PXWeb/pxweb/en/DB/DB__1E__IE/0081E3AIES0.px"
"REGION III - CENTRAL LUZON","Eighth Decile","Average Income   (in thousand pesos)","382.19","","2026-08-03T09-38-59-7a63a72104f8","https://openstat.psa.gov.ph/PXWeb/pxweb/en/DB/DB__1E__IE/0081E3AIES0.px"
"REGION III - CENTRAL LUZON","Eighth Decile","Average Expenditure  (in thousand pesos)","297.76","","2026-08-03T09-38-59-7a63a72104f8","https://openstat.psa.gov.ph/PXWeb/pxweb/en/DB/DB__1E__IE/0081E3AIES0.px"
"REGION III - CENTRAL LUZON","Eighth Decile","Average Savings  (in thousand pesos)","84.43","","2026-08-03T09-38-59-7a63a72104f8","https://openstat.psa.gov.ph/PXWeb/pxweb/en/DB/DB__1E__IE/0081E3AIES0.px"
"REGION III - CENTRAL LUZON","Ninth Decile","Average Income   (in thousand pesos)","438.06","","2026-08-03T09-38-59-7a63a72104f8","https://openstat.psa.gov.ph/PXWeb/pxweb/en/DB/DB__1E__IE/0081E3AIES0.px"
"REGION III - CENTRAL LUZON","Ninth Decile","Average Expenditure  (in thousand pesos)","331.41","","2026-08-03T09-38-59-7a63a72104f8","https://openstat.psa.gov.ph/PXWeb/pxweb/en/DB/DB__1E__IE/0081E3AIES0.px"
"REGION III - CENTRAL LUZON","Ninth Decile","Average Savings  (in thousand pesos)","106.66","","2026-08-03T09-38-59-7a63a72104f8","https://openstat.psa.gov.ph/PXWeb/pxweb/en/DB/DB__1E__IE/0081E3AIES0.px"
"REGION III - CENTRAL LUZON","Tenth Decile","Average Income   (in thousand pesos)","634.18","","2026-08-03T09-38-59-7a63a72104f8","https://openstat.psa.gov.ph/PXWeb/pxweb/en/DB/DB__1E__IE/0081E3AIES0.px"
"REGION III - CENTRAL LUZON","Tenth Decile","Average Expenditure  (in thousand pesos)","429.96","","2026-08-03T09-38-59-7a63a72104f8","https://openstat.psa.gov.ph/PXWeb/pxweb/en/DB/DB__1E__IE/0081E3AIES0.px"
"REGION III - CENTRAL LUZON","Tenth Decile","Average Savings  (in thousand pesos)","204.21","","2026-08-03T09-38-59-7a63a72104f8","https://openstat.psa.gov.ph/PXWeb/pxweb/en/DB/DB__1E__IE/0081E3AIES0.px"
"AURORA","All Income Groups","Average Income   (in thousand pesos)","272.07","","2026-08-03T09-38-59-7a63a72104f8","https://openstat.psa.gov.ph/PXWeb/pxweb/en/DB/DB__1E__IE/0081E3AIES0.px"
"AURORA","All Income Groups","Average Expenditure  (in thousand pesos)","209.25","","2026-08-03T09-38-59-7a63a72104f8","https://openstat.psa.gov.ph/PXWeb/pxweb/en/DB/DB__1E__IE/0081E3AIES0.px"
"AURORA","All Income Groups","Average Savings  (in thousand pesos)","62.83","","2026-08-03T09-38-59-7a63a72104f8","https://openstat.psa.gov.ph/PXWeb/pxweb/en/DB/DB__1E__IE/0081E3AIES0.px"
"AURORA","First Decile","Average Income   (in thousand pesos)","131.13","","2026-08-03T09-38-59-7a63a72104f8","https://openstat.psa.gov.ph/PXWeb/pxweb/en/DB/DB__1E__IE/0081E3AIES0.px"
"AURORA","First Decile","Average Expenditure  (in thousand pesos)","122.65","","2026-08-03T09-38-59-7a63a72104f8","https://openstat.psa.gov.ph/PXWeb/pxweb/en/DB/DB__1E__IE/0081E3AIES0.px"
"AURORA","First Decile","Average Savings  (in thousand pesos)","8.49","","2026-08-03T09-38-59-7a63a72104f8","https://openstat.psa.gov.ph/PXWeb/pxweb/en/DB/DB__1E__IE/0081E3AIES0.px"
"AURORA","Second Decile","Average Income   (in thousand pesos)","158.07","","2026-08-03T09-38-59-7a63a72104f8","https://openstat.psa.gov.ph/PXWeb/pxweb/en/DB/DB__1E__IE/0081E3AIES0.px"
"AURORA","Second Decile","Average Expenditure  (in thousand pesos)","144.38","","2026-08-03T09-38-59-7a63a72104f8","https://openstat.psa.gov.ph/PXWeb/pxweb/en/DB/DB__1E__IE/0081E3AIES0.px"
"AURORA","Second Decile","Average Savings  (in thousand pesos)","13.69","","2026-08-03T09-38-59-7a63a72104f8","https://openstat.psa.gov.ph/PXWeb/pxweb/en/DB/DB__1E__IE/0081E3AIES0.px"
"AURORA","Third Decile","Average Income   (in thousand pesos)","170.77","","2026-08-03T09-38-59-7a63a72104f8","https://openstat.psa.gov.ph/PXWeb/pxweb/en/DB/DB__1E__IE/0081E3AIES0.px"
"AURORA","Third Decile","Average Expenditure  (in thousand pesos)","149.22","","2026-08-03T09-38-59-7a63a72104f8","https://openstat.psa.gov.ph/PXWeb/pxweb/en/DB/DB__1E__IE/0081E3AIES0.px"
"AURORA","Third Decile","Average Savings  (in thousand pesos)","21.55","","2026-08-03T09-38-59-7a63a72104f8","https://openstat.psa.gov.ph/PXWeb/pxweb/en/DB/DB__1E__IE/0081E3AIES0.px"
"AURORA","Fourth Decile","Average Income   (in thousand pesos)","172.06","","2026-08-03T09-38-59-7a63a72104f8","https://openstat.psa.gov.ph/PXWeb/pxweb/en/DB/DB__1E__IE/0081E3AIES0.px"
"AURORA","Fourth Decile","Average Expenditure  (in thousand pesos)","146.77","","2026-08-03T09-38-59-7a63a72104f8","https://openstat.psa.gov.ph/PXWeb/pxweb/en/DB/DB__1E__IE/0081E3AIES0.px"
"AURORA","Fourth Decile","Average Savings  (in thousand pesos)","25.29","","2026-08-03T09-38-59-7a63a72104f8","https://openstat.psa.gov.ph/PXWeb/pxweb/en/DB/DB__1E__IE/0081E3AIES0.px"
"AURORA","Fifth Decile","Average Income   (in thousand pesos)","198","","2026-08-03T09-38-59-7a63a72104f8","https://openstat.psa.gov.ph/PXWeb/pxweb/en/DB/DB__1E__IE/0081E3AIES0.px"
"AURORA","Fifth Decile","Average Expenditure  (in thousand pesos)","167.72","","2026-08-03T09-38-59-7a63a72104f8","https://openstat.psa.gov.ph/PXWeb/pxweb/en/DB/DB__1E__IE/0081E3AIES0.px"
"AURORA","Fifth Decile","Average Savings  (in thousand pesos)","30.28","","2026-08-03T09-38-59-7a63a72104f8","https://openstat.psa.gov.ph/PXWeb/pxweb/en/DB/DB__1E__IE/0081E3AIES0.px"
"AURORA","Sixth Decile","Average Income   (in thousand pesos)","208.65","","2026-08-03T09-38-59-7a63a72104f8","https://openstat.psa.gov.ph/PXWeb/pxweb/en/DB/DB__1E__IE/0081E3AIES0.px"
"AURORA","Sixth Decile","Average Expenditure  (in thousand pesos)","169.63","","2026-08-03T09-38-59-7a63a72104f8","https://openstat.psa.gov.ph/PXWeb/pxweb/en/DB/DB__1E__IE/0081E3AIES0.px"
"AURORA","Sixth Decile","Average Savings  (in thousand pesos)","39.02","","2026-08-03T09-38-59-7a63a72104f8","https://openstat.psa.gov.ph/PXWeb/pxweb/en/DB/DB__1E__IE/0081E3AIES0.px"
"AURORA","Seventh Decile","Average Income   (in thousand pesos)","222.67","","2026-08-03T09-38-59-7a63a72104f8","https://openstat.psa.gov.ph/PXWeb/pxweb/en/DB/DB__1E__IE/0081E3AIES0.px"
"AURORA","Seventh Decile","Average Expenditure  (in thousand pesos)","174.32","","2026-08-03T09-38-59-7a63a72104f8","https://openstat.psa.gov.ph/PXWeb/pxweb/en/DB/DB__1E__IE/0081E3AIES0.px"
"AURORA","Seventh Decile","Average Savings  (in thousand pesos)","48.35","","2026-08-03T09-38-59-7a63a72104f8","https://openstat.psa.gov.ph/PXWeb/pxweb/en/DB/DB__1E__IE/0081E3AIES0.px"
"AURORA","Eighth Decile","Average Income   (in thousand pesos)","281.54","","2026-08-03T09-38-59-7a63a72104f8","https://openstat.psa.gov.ph/PXWeb/pxweb/en/DB/DB__1E__IE/0081E3AIES0.px"
"AURORA","Eighth Decile","Average Expenditure  (in thousand pesos)","224.41","","2026-08-03T09-38-59-7a63a72104f8","https://openstat.psa.gov.ph/PXWeb/pxweb/en/DB/DB__1E__IE/0081E3AIES0.px"
"AURORA","Eighth Decile","Average Savings  (in thousand pesos)","57.13","","2026-08-03T09-38-59-7a63a72104f8","https://openstat.psa.gov.ph/PXWeb/pxweb/en/DB/DB__1E__IE/0081E3AIES0.px"
"AURORA","Ninth Decile","Average Income   (in thousand pesos)","370.96","","2026-08-03T09-38-59-7a63a72104f8","https://openstat.psa.gov.ph/PXWeb/pxweb/en/DB/DB__1E__IE/0081E3AIES0.px"
"AURORA","Ninth Decile","Average Expenditure  (in thousand pesos)","269.93","","2026-08-03T09-38-59-7a63a72104f8","https://openstat.psa.gov.ph/PXWeb/pxweb/en/DB/DB__1E__IE/0081E3AIES0.px"
"AURORA","Ninth Decile","Average Savings  (in thousand pesos)","101.03","","2026-08-03T09-38-59-7a63a72104f8","https://openstat.psa.gov.ph/PXWeb/pxweb/en/DB/DB__1E__IE/0081E3AIES0.px"
"AURORA","Tenth Decile","Average Income   (in thousand pesos)","804.92","","2026-08-03T09-38-59-7a63a72104f8","https://openstat.psa.gov.ph/PXWeb/pxweb/en/DB/DB__1E__IE/0081E3AIES0.px"
"AURORA","Tenth Decile","Average Expenditure  (in thousand pesos)","522.28","","2026-08-03T09-38-59-7a63a72104f8","https://openstat.psa.gov.ph/PXWeb/pxweb/en/DB/DB__1E__IE/0081E3AIES0.px"
"AURORA","Tenth Decile","Average Savings  (in thousand pesos)","282.64","","2026-08-03T09-38-59-7a63a72104f8","https://openstat.psa.gov.ph/PXWeb/pxweb/en/DB/DB__1E__IE/0081E3AIES0.px"
"BATAAN","All Income Groups","Average Income   (in thousand pesos)","345.22","","2026-08-03T09-38-59-7a63a72104f8","https://openstat.psa.gov.ph/PXWeb/pxweb/en/DB/DB__1E__IE/0081E3AIES0.px"
"BATAAN","All Income Groups","Average Expenditure  (in thousand pesos)","252.4","","2026-08-03T09-38-59-7a63a72104f8","https://openstat.psa.gov.ph/PXWeb/pxweb/en/DB/DB__1E__IE/0081E3AIES0.px"
"BATAAN","All Income Groups","Average Savings  (in thousand pesos)","92.81","","2026-08-03T09-38-59-7a63a72104f8","https://openstat.psa.gov.ph/PXWeb/pxweb/en/DB/DB__1E__IE/0081E3AIES0.px"
"BATAAN","First Decile","Average Income   (in thousand pesos)","152.62","","2026-08-03T09-38-59-7a63a72104f8","https://openstat.psa.gov.ph/PXWeb/pxweb/en/DB/DB__1E__IE/0081E3AIES0.px"
"BATAAN","First Decile","Average Expenditure  (in thousand pesos)","152.54","","2026-08-03T09-38-59-7a63a72104f8","https://openstat.psa.gov.ph/PXWeb/pxweb/en/DB/DB__1E__IE/0081E3AIES0.px"
"BATAAN","First Decile","Average Savings  (in thousand pesos)","0.07","","2026-08-03T09-38-59-7a63a72104f8","https://openstat.psa.gov.ph/PXWeb/pxweb/en/DB/DB__1E__IE/0081E3AIES0.px"
"BATAAN","Second Decile","Average Income   (in thousand pesos)","191.5","","2026-08-03T09-38-59-7a63a72104f8","https://openstat.psa.gov.ph/PXWeb/pxweb/en/DB/DB__1E__IE/0081E3AIES0.px"
"BATAAN","Second Decile","Average Expenditure  (in thousand pesos)","180.3","","2026-08-03T09-38-59-7a63a72104f8","https://openstat.psa.gov.ph/PXWeb/pxweb/en/DB/DB__1E__IE/0081E3AIES0.px"
"BATAAN","Second Decile","Average Savings  (in thousand pesos)","11.2","","2026-08-03T09-38-59-7a63a72104f8","https://openstat.psa.gov.ph/PXWeb/pxweb/en/DB/DB__1E__IE/0081E3AIES0.px"
"BATAAN","Third Decile","Average Income   (in thousand pesos)","210.82","","2026-08-03T09-38-59-7a63a72104f8","https://openstat.psa.gov.ph/PXWeb/pxweb/en/DB/DB__1E__IE/0081E3AIES0.px"
"BATAAN","Third Decile","Average Expenditure  (in thousand pesos)","182.39","","2026-08-03T09-38-59-7a63a72104f8","https://openstat.psa.gov.ph/PXWeb/pxweb/en/DB/DB__1E__IE/0081E3AIES0.px"
"BATAAN","Third Decile","Average Savings  (in thousand pesos)","28.43","","2026-08-03T09-38-59-7a63a72104f8","https://openstat.psa.gov.ph/PXWeb/pxweb/en/DB/DB__1E__IE/0081E3AIES0.px"
"BATAAN","Fourth Decile","Average Income   (in thousand pesos)","261.64","","2026-08-03T09-38-59-7a63a72104f8","https://openstat.psa.gov.ph/PXWeb/pxweb/en/DB/DB__1E__IE/0081E3AIES0.px"
"BATAAN","Fourth Decile","Average Expenditure  (in thousand pesos)","214.76","","2026-08-03T09-38-59-7a63a72104f8","https://openstat.psa.gov.ph/PXWeb/pxweb/en/DB/DB__1E__IE/0081E3AIES0.px"
"BATAAN","Fourth Decile","Average Savings  (in thousand pesos)","46.89","","2026-08-03T09-38-59-7a63a72104f8","https://openstat.psa.gov.ph/PXWeb/pxweb/en/DB/DB__1E__IE/0081E3AIES0.px"
"BATAAN","Fifth Decile","Average Income   (in thousand pesos)","284.59","","2026-08-03T09-38-59-7a63a72104f8","https://openstat.psa.gov.ph/PXWeb/pxweb/en/DB/DB__1E__IE/0081E3AIES0.px"
"BATAAN","Fifth Decile","Average Expenditure  (in thousand pesos)","225.93","","2026-08-03T09-38-59-7a63a72104f8","https://openstat.psa.gov.ph/PXWeb/pxweb/en/DB/DB__1E__IE/0081E3AIES0.px"
"BATAAN","Fifth Decile","Average Savings  (in thousand pesos)","58.65","","2026-08-03T09-38-59-7a63a72104f8","https://openstat.psa.gov.ph/PXWeb/pxweb/en/DB/DB__1E__IE/0081E3AIES0.px"
"BATAAN","Sixth Decile","Average Income   (in thousand pesos)","305.2","","2026-08-03T09-38-59-7a63a72104f8","https://openstat.psa.gov.ph/PXWeb/pxweb/en/DB/DB__1E__IE/0081E3AIES0.px"
"BATAAN","Sixth Decile","Average Expenditure  (in thousand pesos)","232.23","","2026-08-03T09-38-59-7a63a72104f8","https://openstat.psa.gov.ph/PXWeb/pxweb/en/DB/DB__1E__IE/0081E3AIES0.px"
"BATAAN","Sixth Decile","Average Savings  (in thousand pesos)","72.97","","2026-08-03T09-38-59-7a63a72104f8","https://openstat.psa.gov.ph/PXWeb/pxweb/en/DB/DB__1E__IE/0081E3AIES0.px"
"BATAAN","Seventh Decile","Average Income   (in thousand pesos)","332.51","","2026-08-03T09-38-59-7a63a72104f8","https://openstat.psa.gov.ph/PXWeb/pxweb/en/DB/DB__1E__IE/0081E3AIES0.px"
"BATAAN","Seventh Decile","Average Expenditure  (in thousand pesos)","232.4","","2026-08-03T09-38-59-7a63a72104f8","https://openstat.psa.gov.ph/PXWeb/pxweb/en/DB/DB__1E__IE/0081E3AIES0.px"
"BATAAN","Seventh Decile","Average Savings  (in thousand pesos)","100.11","","2026-08-03T09-38-59-7a63a72104f8","https://openstat.psa.gov.ph/PXWeb/pxweb/en/DB/DB__1E__IE/0081E3AIES0.px"
"BATAAN","Eighth Decile","Average Income   (in thousand pesos)","392.01","","2026-08-03T09-38-59-7a63a72104f8","https://openstat.psa.gov.ph/PXWeb/pxweb/en/DB/DB__1E__IE/0081E3AIES0.px"
"BATAAN","Eighth Decile","Average Expenditure  (in thousand pesos)","263.6","","2026-08-03T09-38-59-7a63a72104f8","https://openstat.psa.gov.ph/PXWeb/pxweb/en/DB/DB__1E__IE/0081E3AIES0.px"
"BATAAN","Eighth Decile","Average Savings  (in thousand pesos)","128.41","","2026-08-03T09-38-59-7a63a72104f8","https://openstat.psa.gov.ph/PXWeb/pxweb/en/DB/DB__1E__IE/0081E3AIES0.px"
"BATAAN","Ninth Decile","Average Income   (in thousand pesos)","480.53","","2026-08-03T09-38-59-7a63a72104f8","https://openstat.psa.gov.ph/PXWeb/pxweb/en/DB/DB__1E__IE/0081E3AIES0.px"
"BATAAN","Ninth Decile","Average Expenditure  (in thousand pesos)","345.23","","2026-08-03T09-38-59-7a63a72104f8","https://openstat.psa.gov.ph/PXWeb/pxweb/en/DB/DB__1E__IE/0081E3AIES0.px"
"BATAAN","Ninth Decile","Average Savings  (in thousand pesos)","135.3","","2026-08-03T09-38-59-7a63a72104f8","https://openstat.psa.gov.ph/PXWeb/pxweb/en/DB/DB__1E__IE/0081E3AIES0.px"
"BATAAN","Tenth Decile","Average Income   (in thousand pesos)","838.57","","2026-08-03T09-38-59-7a63a72104f8","https://openstat.psa.gov.ph/PXWeb/pxweb/en/DB/DB__1E__IE/0081E3AIES0.px"
"BATAAN","Tenth Decile","Average Expenditure  (in thousand pesos)","493.39","","2026-08-03T09-38-59-7a63a72104f8","https://openstat.psa.gov.ph/PXWeb/pxweb/en/DB/DB__1E__IE/0081E3AIES0.px"
"BATAAN","Tenth Decile","Average Savings  (in thousand pesos)","345.18","","2026-08-03T09-38-59-7a63a72104f8","https://openstat.psa.gov.ph/PXWeb/pxweb/en/DB/DB__1E__IE/0081E3AIES0.px"
"BULACAN","All Income Groups","Average Income   (in thousand pesos)","331.5","","2026-08-03T09-38-59-7a63a72104f8","https://openstat.psa.gov.ph/PXWeb/pxweb/en/DB/DB__1E__IE/0081E3AIES0.px"
"BULACAN","All Income Groups","Average Expenditure  (in thousand pesos)","267.4","","2026-08-03T09-38-59-7a63a72104f8","https://openstat.psa.gov.ph/PXWeb/pxweb/en/DB/DB__1E__IE/0081E3AIES0.px"
"BULACAN","All Income Groups","Average Savings  (in thousand pesos)","64.1","","2026-08-03T09-38-59-7a63a72104f8","https://openstat.psa.gov.ph/PXWeb/pxweb/en/DB/DB__1E__IE/0081E3AIES0.px"
"BULACAN","First Decile","Average Income   (in thousand pesos)","187.29","","2026-08-03T09-38-59-7a63a72104f8","https://openstat.psa.gov.ph/PXWeb/pxweb/en/DB/DB__1E__IE/0081E3AIES0.px"
"BULACAN","First Decile","Average Expenditure  (in thousand pesos)","173.22","","2026-08-03T09-38-59-7a63a72104f8","https://openstat.psa.gov.ph/PXWeb/pxweb/en/DB/DB__1E__IE/0081E3AIES0.px"
"BULACAN","First Decile","Average Savings  (in thousand pesos)","14.07","","2026-08-03T09-38-59-7a63a72104f8","https://openstat.psa.gov.ph/PXWeb/pxweb/en/DB/DB__1E__IE/0081E3AIES0.px"
"BULACAN","Second Decile","Average Income   (in thousand pesos)","227.22","","2026-08-03T09-38-59-7a63a72104f8","https://openstat.psa.gov.ph/PXWeb/pxweb/en/DB/DB__1E__IE/0081E3AIES0.px"
"BULACAN","Second Decile","Average Expenditure  (in thousand pesos)","198.86","","2026-08-03T09-38-59-7a63a72104f8","https://openstat.psa.gov.ph/PXWeb/pxweb/en/DB/DB__1E__IE/0081E3AIES0.px"
"BULACAN","Second Decile","Average Savings  (in thousand pesos)","28.36","","2026-08-03T09-38-59-7a63a72104f8","https://openstat.psa.gov.ph/PXWeb/pxweb/en/DB/DB__1E__IE/0081E3AIES0.px"
"BULACAN","Third Decile","Average Income   (in thousand pesos)","256.12","","2026-08-03T09-38-59-7a63a72104f8","https://openstat.psa.gov.ph/PXWeb/pxweb/en/DB/DB__1E__IE/0081E3AIES0.px"
"BULACAN","Third Decile","Average Expenditure  (in thousand pesos)","219","","2026-08-03T09-38-59-7a63a72104f8","https://openstat.psa.gov.ph/PXWeb/pxweb/en/DB/DB__1E__IE/0081E3AIES0.px"
"BULACAN","Third Decile","Average Savings  (in thousand pesos)","37.12","","2026-08-03T09-38-59-7a63a72104f8","https://openstat.psa.gov.ph/PXWeb/pxweb/en/DB/DB__1E__IE/0081E3AIES0.px"
"BULACAN","Fourth Decile","Average Income   (in thousand pesos)","271.61","","2026-08-03T09-38-59-7a63a72104f8","https://openstat.psa.gov.ph/PXWeb/pxweb/en/DB/DB__1E__IE/0081E3AIES0.px"
"BULACAN","Fourth Decile","Average Expenditure  (in thousand pesos)","228.42","","2026-08-03T09-38-59-7a63a72104f8","https://openstat.psa.gov.ph/PXWeb/pxweb/en/DB/DB__1E__IE/0081E3AIES0.px"
"BULACAN","Fourth Decile","Average Savings  (in thousand pesos)","43.19","","2026-08-03T09-38-59-7a63a72104f8","https://openstat.psa.gov.ph/PXWeb/pxweb/en/DB/DB__1E__IE/0081E3AIES0.px"
"BULACAN","Fifth Decile","Average Income   (in thousand pesos)","274.86","","2026-08-03T09-38-59-7a63a72104f8","https://openstat.psa.gov.ph/PXWeb/pxweb/en/DB/DB__1E__IE/0081E3AIES0.px"
"BULACAN","Fifth Decile","Average Expenditure  (in thousand pesos)","234.49","","2026-08-03T09-38-59-7a63a72104f8","https://openstat.psa.gov.ph/PXWeb/pxweb/en/DB/DB__1E__IE/0081E3AIES0.px"
"BULACAN","Fifth Decile","Average Savings  (in thousand pesos)","40.37","","2026-08-03T09-38-59-7a63a72104f8","https://openstat.psa.gov.ph/PXWeb/pxweb/en/DB/DB__1E__IE/0081E3AIES0.px"
"BULACAN","Sixth Decile","Average Income   (in thousand pesos)","324.76","","2026-08-03T09-38-59-7a63a72104f8","https://openstat.psa.gov.ph/PXWeb/pxweb/en/DB/DB__1E__IE/0081E3AIES0.px"
"BULACAN","Sixth Decile","Average Expenditure  (in thousand pesos)","264.51","","2026-08-03T09-38-59-7a63a72104f8","https://openstat.psa.gov.ph/PXWeb/pxweb/en/DB/DB__1E__IE/0081E3AIES0.px"
"BULACAN","Sixth Decile","Average Savings  (in thousand pesos)","60.25","","2026-08-03T09-38-59-7a63a72104f8","https://openstat.psa.gov.ph/PXWeb/pxweb/en/DB/DB__1E__IE/0081E3AIES0.px"
"BULACAN","Seventh Decile","Average Income   (in thousand pesos)","353.03","","2026-08-03T09-38-59-7a63a72104f8","https://openstat.psa.gov.ph/PXWeb/pxweb/en/DB/DB__1E__IE/0081E3AIES0.px"
"BULACAN","Seventh Decile","Average Expenditure  (in thousand pesos)","286.21","","2026-08-03T09-38-59-7a63a72104f8","https://openstat.psa.gov.ph/PXWeb/pxweb/en/DB/DB__1E__IE/0081E3AIES0.px"
"BULACAN","Seventh Decile","Average Savings  (in thousand pesos)","66.82","","2026-08-03T09-38-59-7a63a72104f8","https://openstat.psa.gov.ph/PXWeb/pxweb/en/DB/DB__1E__IE/0081E3AIES0.px"
"BULACAN","Eighth Decile","Average Income   (in thousand pesos)","377.73","","2026-08-03T09-38-59-7a63a72104f8","https://openstat.psa.gov.ph/PXWeb/pxweb/en/DB/DB__1E__IE/0081E3AIES0.px"
"BULACAN","Eighth Decile","Average Expenditure  (in thousand pesos)","302.98","","2026-08-03T09-38-59-7a63a72104f8","https://openstat.psa.gov.ph/PXWeb/pxweb/en/DB/DB__1E__IE/0081E3AIES0.px"
"BULACAN","Eighth Decile","Average Savings  (in thousand pesos)","74.74","","2026-08-03T09-38-59-7a63a72104f8","https://openstat.psa.gov.ph/PXWeb/pxweb/en/DB/DB__1E__IE/0081E3AIES0.px"
"BULACAN","Ninth Decile","Average Income   (in thousand pesos)","450.42","","2026-08-03T09-38-59-7a63a72104f8","https://openstat.psa.gov.ph/PXWeb/pxweb/en/DB/DB__1E__IE/0081E3AIES0.px"
"BULACAN","Ninth Decile","Average Expenditure  (in thousand pesos)","347.51","","2026-08-03T09-38-59-7a63a72104f8","https://openstat.psa.gov.ph/PXWeb/pxweb/en/DB/DB__1E__IE/0081E3AIES0.px"
"BULACAN","Ninth Decile","Average Savings  (in thousand pesos)","102.91","","2026-08-03T09-38-59-7a63a72104f8","https://openstat.psa.gov.ph/PXWeb/pxweb/en/DB/DB__1E__IE/0081E3AIES0.px"
"BULACAN","Tenth Decile","Average Income   (in thousand pesos)","590.32","","2026-08-03T09-38-59-7a63a72104f8","https://openstat.psa.gov.ph/PXWeb/pxweb/en/DB/DB__1E__IE/0081E3AIES0.px"
"BULACAN","Tenth Decile","Average Expenditure  (in thousand pesos)","417.81","","2026-08-03T09-38-59-7a63a72104f8","https://openstat.psa.gov.ph/PXWeb/pxweb/en/DB/DB__1E__IE/0081E3AIES0.px"
"BULACAN","Tenth Decile","Average Savings  (in thousand pesos)","172.51","","2026-08-03T09-38-59-7a63a72104f8","https://openstat.psa.gov.ph/PXWeb/pxweb/en/DB/DB__1E__IE/0081E3AIES0.px"
"NUEVA ECIJA","All Income Groups","Average Income   (in thousand pesos)","288.44","","2026-08-03T09-38-59-7a63a72104f8","https://openstat.psa.gov.ph/PXWeb/pxweb/en/DB/DB__1E__IE/0081E3AIES0.px"
"NUEVA ECIJA","All Income Groups","Average Expenditure  (in thousand pesos)","227.63","","2026-08-03T09-38-59-7a63a72104f8","https://openstat.psa.gov.ph/PXWeb/pxweb/en/DB/DB__1E__IE/0081E3AIES0.px"
"NUEVA ECIJA","All Income Groups","Average Savings  (in thousand pesos)","60.8","","2026-08-03T09-38-59-7a63a72104f8","https://openstat.psa.gov.ph/PXWeb/pxweb/en/DB/DB__1E__IE/0081E3AIES0.px"
"NUEVA ECIJA","First Decile","Average Income   (in thousand pesos)","170.44","","2026-08-03T09-38-59-7a63a72104f8","https://openstat.psa.gov.ph/PXWeb/pxweb/en/DB/DB__1E__IE/0081E3AIES0.px"
"NUEVA ECIJA","First Decile","Average Expenditure  (in thousand pesos)","165.97","","2026-08-03T09-38-59-7a63a72104f8","https://openstat.psa.gov.ph/PXWeb/pxweb/en/DB/DB__1E__IE/0081E3AIES0.px"
"NUEVA ECIJA","First Decile","Average Savings  (in thousand pesos)","4.47","","2026-08-03T09-38-59-7a63a72104f8","https://openstat.psa.gov.ph/PXWeb/pxweb/en/DB/DB__1E__IE/0081E3AIES0.px"
"NUEVA ECIJA","Second Decile","Average Income   (in thousand pesos)","203.74","","2026-08-03T09-38-59-7a63a72104f8","https://openstat.psa.gov.ph/PXWeb/pxweb/en/DB/DB__1E__IE/0081E3AIES0.px"
"NUEVA ECIJA","Second Decile","Average Expenditure  (in thousand pesos)","181.23","","2026-08-03T09-38-59-7a63a72104f8","https://openstat.psa.gov.ph/PXWeb/pxweb/en/DB/DB__1E__IE/0081E3AIES0.px"
"NUEVA ECIJA","Second Decile","Average Savings  (in thousand pesos)","22.51","","2026-08-03T09-38-59-7a63a72104f8","https://openstat.psa.gov.ph/PXWeb/pxweb/en/DB/DB__1E__IE/0081E3AIES0.px"
"NUEVA ECIJA","Third Decile","Average Income   (in thousand pesos)","219.02","","2026-08-03T09-38-59-7a63a72104f8","https://openstat.psa.gov.ph/PXWeb/pxweb/en/DB/DB__1E__IE/0081E3AIES0.px"
"NUEVA ECIJA","Third Decile","Average Expenditure  (in thousand pesos)","189.37","","2026-08-03T09-38-59-7a63a72104f8","https://openstat.psa.gov.ph/PXWeb/pxweb/en/DB/DB__1E__IE/0081E3AIES0.px"
"NUEVA ECIJA","Third Decile","Average Savings  (in thousand pesos)","29.65","","2026-08-03T09-38-59-7a63a72104f8","https://openstat.psa.gov.ph/PXWeb/pxweb/en/DB/DB__1E__IE/0081E3AIES0.px"
"NUEVA ECIJA","Fourth Decile","Average Income   (in thousand pesos)","246.01","","2026-08-03T09-38-59-7a63a72104f8","https://openstat.psa.gov.ph/PXWeb/pxweb/en/DB/DB__1E__IE/0081E3AIES0.px"
"NUEVA ECIJA","Fourth Decile","Average Expenditure  (in thousand pesos)","204.65","","2026-08-03T09-38-59-7a63a72104f8","https://openstat.psa.gov.ph/PXWeb/pxweb/en/DB/DB__1E__IE/0081E3AIES0.px"
"NUEVA ECIJA","Fourth Decile","Average Savings  (in thousand pesos)","41.37","","2026-08-03T09-38-59-7a63a72104f8","https://openstat.psa.gov.ph/PXWeb/pxweb/en/DB/DB__1E__IE/0081E3AIES0.px"
"NUEVA ECIJA","Fifth Decile","Average Income   (in thousand pesos)","248.09","","2026-08-03T09-38-59-7a63a72104f8","https://openstat.psa.gov.ph/PXWeb/pxweb/en/DB/DB__1E__IE/0081E3AIES0.px"
"NUEVA ECIJA","Fifth Decile","Average Expenditure  (in thousand pesos)","199.46","","2026-08-03T09-38-59-7a63a72104f8","https://openstat.psa.gov.ph/PXWeb/pxweb/en/DB/DB__1E__IE/0081E3AIES0.px"
"NUEVA ECIJA","Fifth Decile","Average Savings  (in thousand pesos)","48.62","","2026-08-03T09-38-59-7a63a72104f8","https://openstat.psa.gov.ph/PXWeb/pxweb/en/DB/DB__1E__IE/0081E3AIES0.px"
"NUEVA ECIJA","Sixth Decile","Average Income   (in thousand pesos)","279.36","","2026-08-03T09-38-59-7a63a72104f8","https://openstat.psa.gov.ph/PXWeb/pxweb/en/DB/DB__1E__IE/0081E3AIES0.px"
"NUEVA ECIJA","Sixth Decile","Average Expenditure  (in thousand pesos)","227.19","","2026-08-03T09-38-59-7a63a72104f8","https://openstat.psa.gov.ph/PXWeb/pxweb/en/DB/DB__1E__IE/0081E3AIES0.px"
"NUEVA ECIJA","Sixth Decile","Average Savings  (in thousand pesos)","52.18","","2026-08-03T09-38-59-7a63a72104f8","https://openstat.psa.gov.ph/PXWeb/pxweb/en/DB/DB__1E__IE/0081E3AIES0.px"
"NUEVA ECIJA","Seventh Decile","Average Income   (in thousand pesos)","295.76","","2026-08-03T09-38-59-7a63a72104f8","https://openstat.psa.gov.ph/PXWeb/pxweb/en/DB/DB__1E__IE/0081E3AIES0.px"
"NUEVA ECIJA","Seventh Decile","Average Expenditure  (in thousand pesos)","231.47","","2026-08-03T09-38-59-7a63a72104f8","https://openstat.psa.gov.ph/PXWeb/pxweb/en/DB/DB__1E__IE/0081E3AIES0.px"
"NUEVA ECIJA","Seventh Decile","Average Savings  (in thousand pesos)","64.3","","2026-08-03T09-38-59-7a63a72104f8","https://openstat.psa.gov.ph/PXWeb/pxweb/en/DB/DB__1E__IE/0081E3AIES0.px"
"NUEVA ECIJA","Eighth Decile","Average Income   (in thousand pesos)","334.11","","2026-08-03T09-38-59-7a63a72104f8","https://openstat.psa.gov.ph/PXWeb/pxweb/en/DB/DB__1E__IE/0081E3AIES0.px"
"NUEVA ECIJA","Eighth Decile","Average Expenditure  (in thousand pesos)","247.1","","2026-08-03T09-38-59-7a63a72104f8","https://openstat.psa.gov.ph/PXWeb/pxweb/en/DB/DB__1E__IE/0081E3AIES0.px"
"NUEVA ECIJA","Eighth Decile","Average Savings  (in thousand pesos)","87.01","","2026-08-03T09-38-59-7a63a72104f8","https://openstat.psa.gov.ph/PXWeb/pxweb/en/DB/DB__1E__IE/0081E3AIES0.px"
"NUEVA ECIJA","Ninth Decile","Average Income   (in thousand pesos)","353.7","","2026-08-03T09-38-59-7a63a72104f8","https://openstat.psa.gov.ph/PXWeb/pxweb/en/DB/DB__1E__IE/0081E3AIES0.px"
"NUEVA ECIJA","Ninth Decile","Average Expenditure  (in thousand pesos)","263.2","","2026-08-03T09-38-59-7a63a72104f8","https://openstat.psa.gov.ph/PXWeb/pxweb/en/DB/DB__1E__IE/0081E3AIES0.px"
"NUEVA ECIJA","Ninth Decile","Average Savings  (in thousand pesos)","90.5","","2026-08-03T09-38-59-7a63a72104f8","https://openstat.psa.gov.ph/PXWeb/pxweb/en/DB/DB__1E__IE/0081E3AIES0.px"
"NUEVA ECIJA","Tenth Decile","Average Income   (in thousand pesos)","532.76","","2026-08-03T09-38-59-7a63a72104f8","https://openstat.psa.gov.ph/PXWeb/pxweb/en/DB/DB__1E__IE/0081E3AIES0.px"
"NUEVA ECIJA","Tenth Decile","Average Expenditure  (in thousand pesos)","366","","2026-08-03T09-38-59-7a63a72104f8","https://openstat.psa.gov.ph/PXWeb/pxweb/en/DB/DB__1E__IE/0081E3AIES0.px"
"NUEVA ECIJA","Tenth Decile","Average Savings  (in thousand pesos)","166.76","","2026-08-03T09-38-59-7a63a72104f8","https://openstat.psa.gov.ph/PXWeb/pxweb/en/DB/DB__1E__IE/0081E3AIES0.px"
"PAMPANGA (Excluding City of Angeles)","All Income Groups","Average Income   (in thousand pesos)","384.59","","2026-08-03T09-38-59-7a63a72104f8","https://openstat.psa.gov.ph/PXWeb/pxweb/en/DB/DB__1E__IE/0081E3AIES0.px"
"PAMPANGA (Excluding City of Angeles)","All Income Groups","Average Expenditure  (in thousand pesos)","306.46","","2026-08-03T09-38-59-7a63a72104f8","https://openstat.psa.gov.ph/PXWeb/pxweb/en/DB/DB__1E__IE/0081E3AIES0.px"
"PAMPANGA (Excluding City of Angeles)","All Income Groups","Average Savings  (in thousand pesos)","78.13","","2026-08-03T09-38-59-7a63a72104f8","https://openstat.psa.gov.ph/PXWeb/pxweb/en/DB/DB__1E__IE/0081E3AIES0.px"
"PAMPANGA (Excluding City of Angeles)","First Decile","Average Income   (in thousand pesos)","250.96","","2026-08-03T09-38-59-7a63a72104f8","https://openstat.psa.gov.ph/PXWeb/pxweb/en/DB/DB__1E__IE/0081E3AIES0.px"
"PAMPANGA (Excluding City of Angeles)","First Decile","Average Expenditure  (in thousand pesos)","234.21","","2026-08-03T09-38-59-7a63a72104f8","https://openstat.psa.gov.ph/PXWeb/pxweb/en/DB/DB__1E__IE/0081E3AIES0.px"
"PAMPANGA (Excluding City of Angeles)","First Decile","Average Savings  (in thousand pesos)","16.75","","2026-08-03T09-38-59-7a63a72104f8","https://openstat.psa.gov.ph/PXWeb/pxweb/en/DB/DB__1E__IE/0081E3AIES0.px"
"PAMPANGA (Excluding City of Angeles)","Second Decile","Average Income   (in thousand pesos)","285.58","","2026-08-03T09-38-59-7a63a72104f8","https://openstat.psa.gov.ph/PXWeb/pxweb/en/DB/DB__1E__IE/0081E3AIES0.px"
"PAMPANGA (Excluding City of Angeles)","Second Decile","Average Expenditure  (in thousand pesos)","253.71","","2026-08-03T09-38-59-7a63a72104f8","https://openstat.psa.gov.ph/PXWeb/pxweb/en/DB/DB__1E__IE/0081E3AIES0.px"
"PAMPANGA (Excluding City of Angeles)","Second Decile","Average Savings  (in thousand pesos)","31.87","","2026-08-03T09-38-59-7a63a72104f8","https://openstat.psa.gov.ph/PXWeb/pxweb/en/DB/DB__1E__IE/0081E3AIES0.px"
"PAMPANGA (Excluding City of Angeles)","Third Decile","Average Income   (in thousand pesos)","310.17","","2026-08-03T09-38-59-7a63a72104f8","https://openstat.psa.gov.ph/PXWeb/pxweb/en/DB/DB__1E__IE/0081E3AIES0.px"
"PAMPANGA (Excluding City of Angeles)","Third Decile","Average Expenditure  (in thousand pesos)","275.79","","2026-08-03T09-38-59-7a63a72104f8","https://openstat.psa.gov.ph/PXWeb/pxweb/en/DB/DB__1E__IE/0081E3AIES0.px"
"PAMPANGA (Excluding City of Angeles)","Third Decile","Average Savings  (in thousand pesos)","34.38","","2026-08-03T09-38-59-7a63a72104f8","https://openstat.psa.gov.ph/PXWeb/pxweb/en/DB/DB__1E__IE/0081E3AIES0.px"
"PAMPANGA (Excluding City of Angeles)","Fourth Decile","Average Income   (in thousand pesos)","342.74","","2026-08-03T09-38-59-7a63a72104f8","https://openstat.psa.gov.ph/PXWeb/pxweb/en/DB/DB__1E__IE/0081E3AIES0.px"
"PAMPANGA (Excluding City of Angeles)","Fourth Decile","Average Expenditure  (in thousand pesos)","291.68","","2026-08-03T09-38-59-7a63a72104f8","https://openstat.psa.gov.ph/PXWeb/pxweb/en/DB/DB__1E__IE/0081E3AIES0.px"
"PAMPANGA (Excluding City of Angeles)","Fourth Decile","Average Savings  (in thousand pesos)","51.07","","2026-08-03T09-38-59-7a63a72104f8","https://openstat.psa.gov.ph/PXWeb/pxweb/en/DB/DB__1E__IE/0081E3AIES0.px"
"PAMPANGA (Excluding City of Angeles)","Fifth Decile","Average Income   (in thousand pesos)","321.94","","2026-08-03T09-38-59-7a63a72104f8","https://openstat.psa.gov.ph/PXWeb/pxweb/en/DB/DB__1E__IE/0081E3AIES0.px"
"PAMPANGA (Excluding City of Angeles)","Fifth Decile","Average Expenditure  (in thousand pesos)","273.53","","2026-08-03T09-38-59-7a63a72104f8","https://openstat.psa.gov.ph/PXWeb/pxweb/en/DB/DB__1E__IE/0081E3AIES0.px"
"PAMPANGA (Excluding City of Angeles)","Fifth Decile","Average Savings  (in thousand pesos)","48.41","","2026-08-03T09-38-59-7a63a72104f8","https://openstat.psa.gov.ph/PXWeb/pxweb/en/DB/DB__1E__IE/0081E3AIES0.px"
"PAMPANGA (Excluding City of Angeles)","Sixth Decile","Average Income   (in thousand pesos)","372.18","","2026-08-03T09-38-59-7a63a72104f8","https://openstat.psa.gov.ph/PXWeb/pxweb/en/DB/DB__1E__IE/0081E3AIES0.px"
"PAMPANGA (Excluding City of Angeles)","Sixth Decile","Average Expenditure  (in thousand pesos)","304.89","","2026-08-03T09-38-59-7a63a72104f8","https://openstat.psa.gov.ph/PXWeb/pxweb/en/DB/DB__1E__IE/0081E3AIES0.px"
"PAMPANGA (Excluding City of Angeles)","Sixth Decile","Average Savings  (in thousand pesos)","67.29","","2026-08-03T09-38-59-7a63a72104f8","https://openstat.psa.gov.ph/PXWeb/pxweb/en/DB/DB__1E__IE/0081E3AIES0.px"
"PAMPANGA (Excluding City of Angeles)","Seventh Decile","Average Income   (in thousand pesos)","402.31","","2026-08-03T09-38-59-7a63a72104f8","https://openstat.psa.gov.ph/PXWeb/pxweb/en/DB/DB__1E__IE/0081E3AIES0.px"
"PAMPANGA (Excluding City of Angeles)","Seventh Decile","Average Expenditure  (in thousand pesos)","321.76","","2026-08-03T09-38-59-7a63a72104f8","https://openstat.psa.gov.ph/PXWeb/pxweb/en/DB/DB__1E__IE/0081E3AIES0.px"
"PAMPANGA (Excluding City of Angeles)","Seventh Decile","Average Savings  (in thousand pesos)","80.55","","2026-08-03T09-38-59-7a63a72104f8","https://openstat.psa.gov.ph/PXWeb/pxweb/en/DB/DB__1E__IE/0081E3AIES0.px"
"PAMPANGA (Excluding City of Angeles)","Eighth Decile","Average Income   (in thousand pesos)","424.86","","2026-08-03T09-38-59-7a63a72104f8","https://openstat.psa.gov.ph/PXWeb/pxweb/en/DB/DB__1E__IE/0081E3AIES0.px"
"PAMPANGA (Excluding City of Angeles)","Eighth Decile","Average Expenditure  (in thousand pesos)","334.32","","2026-08-03T09-38-59-7a63a72104f8","https://openstat.psa.gov.ph/PXWeb/pxweb/en/DB/DB__1E__IE/0081E3AIES0.px"
"PAMPANGA (Excluding City of Angeles)","Eighth Decile","Average Savings  (in thousand pesos)","90.54","","2026-08-03T09-38-59-7a63a72104f8","https://openstat.psa.gov.ph/PXWeb/pxweb/en/DB/DB__1E__IE/0081E3AIES0.px"
"PAMPANGA (Excluding City of Angeles)","Ninth Decile","Average Income   (in thousand pesos)","464.67","","2026-08-03T09-38-59-7a63a72104f8","https://openstat.psa.gov.ph/PXWeb/pxweb/en/DB/DB__1E__IE/0081E3AIES0.px"
"PAMPANGA (Excluding City of Angeles)","Ninth Decile","Average Expenditure  (in thousand pesos)","345.04","","2026-08-03T09-38-59-7a63a72104f8","https://openstat.psa.gov.ph/PXWeb/pxweb/en/DB/DB__1E__IE/0081E3AIES0.px"
"PAMPANGA (Excluding City of Angeles)","Ninth Decile","Average Savings  (in thousand pesos)","119.63","","2026-08-03T09-38-59-7a63a72104f8","https://openstat.psa.gov.ph/PXWeb/pxweb/en/DB/DB__1E__IE/0081E3AIES0.px"
"PAMPANGA (Excluding City of Angeles)","Tenth Decile","Average Income   (in thousand pesos)","668.68","","2026-08-03T09-38-59-7a63a72104f8","https://openstat.psa.gov.ph/PXWeb/pxweb/en/DB/DB__1E__IE/0081E3AIES0.px"
"PAMPANGA (Excluding City of Angeles)","Tenth Decile","Average Expenditure  (in thousand pesos)","428.85","","2026-08-03T09-38-59-7a63a72104f8","https://openstat.psa.gov.ph/PXWeb/pxweb/en/DB/DB__1E__IE/0081E3AIES0.px"
"PAMPANGA (Excluding City of Angeles)","Tenth Decile","Average Savings  (in thousand pesos)","239.83","","2026-08-03T09-38-59-7a63a72104f8","https://openstat.psa.gov.ph/PXWeb/pxweb/en/DB/DB__1E__IE/0081E3AIES0.px"
"..City of Angeles","All Income Groups","Average Income   (in thousand pesos)","447.35","","2026-08-03T09-38-59-7a63a72104f8","https://openstat.psa.gov.ph/PXWeb/pxweb/en/DB/DB__1E__IE/0081E3AIES0.px"
"..City of Angeles","All Income Groups","Average Expenditure  (in thousand pesos)","332.81","","2026-08-03T09-38-59-7a63a72104f8","https://openstat.psa.gov.ph/PXWeb/pxweb/en/DB/DB__1E__IE/0081E3AIES0.px"
"..City of Angeles","All Income Groups","Average Savings  (in thousand pesos)","114.55","","2026-08-03T09-38-59-7a63a72104f8","https://openstat.psa.gov.ph/PXWeb/pxweb/en/DB/DB__1E__IE/0081E3AIES0.px"
"..City of Angeles","First Decile","Average Income   (in thousand pesos)","309.25","","2026-08-03T09-38-59-7a63a72104f8","https://openstat.psa.gov.ph/PXWeb/pxweb/en/DB/DB__1E__IE/0081E3AIES0.px"
"..City of Angeles","First Decile","Average Expenditure  (in thousand pesos)","268.13","","2026-08-03T09-38-59-7a63a72104f8","https://openstat.psa.gov.ph/PXWeb/pxweb/en/DB/DB__1E__IE/0081E3AIES0.px"
"..City of Angeles","First Decile","Average Savings  (in thousand pesos)","41.11","","2026-08-03T09-38-59-7a63a72104f8","https://openstat.psa.gov.ph/PXWeb/pxweb/en/DB/DB__1E__IE/0081E3AIES0.px"
"..City of Angeles","Second Decile","Average Income   (in thousand pesos)","362.43","","2026-08-03T09-38-59-7a63a72104f8","https://openstat.psa.gov.ph/PXWeb/pxweb/en/DB/DB__1E__IE/0081E3AIES0.px"
"..City of Angeles","Second Decile","Average Expenditure  (in thousand pesos)","290.52","","2026-08-03T09-38-59-7a63a72104f8","https://openstat.psa.gov.ph/PXWeb/pxweb/en/DB/DB__1E__IE/0081E3AIES0.px"
"..City of Angeles","Second Decile","Average Savings  (in thousand pesos)","71.91","","2026-08-03T09-38-59-7a63a72104f8","https://openstat.psa.gov.ph/PXWeb/pxweb/en/DB/DB__1E__IE/0081E3AIES0.px"
"..City of Angeles","Third Decile","Average Income   (in thousand pesos)","374.29","","2026-08-03T09-38-59-7a63a72104f8","https://openstat.psa.gov.ph/PXWeb/pxweb/en/DB/DB__1E__IE/0081E3AIES0.px"
"..City of Angeles","Third Decile","Average Expenditure  (in thousand pesos)","305.95","","2026-08-03T09-38-59-7a63a72104f8","https://openstat.psa.gov.ph/PXWeb/pxweb/en/DB/DB__1E__IE/0081E3AIES0.px"
"..City of Angeles","Third Decile","Average Savings  (in thousand pesos)","68.34","","2026-08-03T09-38-59-7a63a72104f8","https://openstat.psa.gov.ph/PXWeb/pxweb/en/DB/DB__1E__IE/0081E3AIES0.px"
"..City of Angeles","Fourth Decile","Average Income   (in thousand pesos)","399.02","","2026-08-03T09-38-59-7a63a72104f8","https://openstat.psa.gov.ph/PXWeb/pxweb/en/DB/DB__1E__IE/0081E3AIES0.px"
"..City of Angeles","Fourth Decile","Average Expenditure  (in thousand pesos)","307.48","","2026-08-03T09-38-59-7a63a72104f8","https://openstat.psa.gov.ph/PXWeb/pxweb/en/DB/DB__1E__IE/0081E3AIES0.px"
"..City of Angeles","Fourth Decile","Average Savings  (in thousand pesos)","91.54","","2026-08-03T09-38-59-7a63a72104f8","https://openstat.psa.gov.ph/PXWeb/pxweb/en/DB/DB__1E__IE/0081E3AIES0.px"
"..City of Angeles","Fifth Decile","Average Income   (in thousand pesos)","433.6","","2026-08-03T09-38-59-7a63a72104f8","https://openstat.psa.gov.ph/PXWeb/pxweb/en/DB/DB__1E__IE/0081E3AIES0.px"
"..City of Angeles","Fifth Decile","Average Expenditure  (in thousand pesos)","332.91","","2026-08-03T09-38-59-7a63a72104f8","https://openstat.psa.gov.ph/PXWeb/pxweb/en/DB/DB__1E__IE/0081E3AIES0.px"
"..City of Angeles","Fifth Decile","Average Savings  (in thousand pesos)","100.69","","2026-08-03T09-38-59-7a63a72104f8","https://openstat.psa.gov.ph/PXWeb/pxweb/en/DB/DB__1E__IE/0081E3AIES0.px"
"..City of Angeles","Sixth Decile","Average Income   (in thousand pesos)","444.33","","2026-08-03T09-38-59-7a63a72104f8","https://openstat.psa.gov.ph/PXWeb/pxweb/en/DB/DB__1E__IE/0081E3AIES0.px"
"..City of Angeles","Sixth Decile","Average Expenditure  (in thousand pesos)","324.31","","2026-08-03T09-38-59-7a63a72104f8","https://openstat.psa.gov.ph/PXWeb/pxweb/en/DB/DB__1E__IE/0081E3AIES0.px"
"..City of Angeles","Sixth Decile","Average Savings  (in thousand pesos)","120.03","","2026-08-03T09-38-59-7a63a72104f8","https://openstat.psa.gov.ph/PXWeb/pxweb/en/DB/DB__1E__IE/0081E3AIES0.px"
"..City of Angeles","Seventh Decile","Average Income   (in thousand pesos)","468.69","","2026-08-03T09-38-59-7a63a72104f8","https://openstat.psa.gov.ph/PXWeb/pxweb/en/DB/DB__1E__IE/0081E3AIES0.px"
"..City of Angeles","Seventh Decile","Average Expenditure  (in thousand pesos)","339.7","","2026-08-03T09-38-59-7a63a72104f8","https://openstat.psa.gov.ph/PXWeb/pxweb/en/DB/DB__1E__IE/0081E3AIES0.px"
"..City of Angeles","Seventh Decile","Average Savings  (in thousand pesos)","129","","2026-08-03T09-38-59-7a63a72104f8","https://openstat.psa.gov.ph/PXWeb/pxweb/en/DB/DB__1E__IE/0081E3AIES0.px"
"..City of Angeles","Eighth Decile","Average Income   (in thousand pesos)","501.21","","2026-08-03T09-38-59-7a63a72104f8","https://openstat.psa.gov.ph/PXWeb/pxweb/en/DB/DB__1E__IE/0081E3AIES0.px"
"..City of Angeles","Eighth Decile","Average Expenditure  (in thousand pesos)","360.75","","2026-08-03T09-38-59-7a63a72104f8","https://openstat.psa.gov.ph/PXWeb/pxweb/en/DB/DB__1E__IE/0081E3AIES0.px"
"..City of Angeles","Eighth Decile","Average Savings  (in thousand pesos)","140.46","","2026-08-03T09-38-59-7a63a72104f8","https://openstat.psa.gov.ph/PXWeb/pxweb/en/DB/DB__1E__IE/0081E3AIES0.px"
"..City of Angeles","Ninth Decile","Average Income   (in thousand pesos)","523.76","","2026-08-03T09-38-59-7a63a72104f8","https://openstat.psa.gov.ph/PXWeb/pxweb/en/DB/DB__1E__IE/0081E3AIES0.px"
"..City of Angeles","Ninth Decile","Average Expenditure  (in thousand pesos)","374.93","","2026-08-03T09-38-59-7a63a72104f8","https://openstat.psa.gov.ph/PXWeb/pxweb/en/DB/DB__1E__IE/0081E3AIES0.px"
"..City of Angeles","Ninth Decile","Average Savings  (in thousand pesos)","148.84","","2026-08-03T09-38-59-7a63a72104f8","https://openstat.psa.gov.ph/PXWeb/pxweb/en/DB/DB__1E__IE/0081E3AIES0.px"
"..City of Angeles","Tenth Decile","Average Income   (in thousand pesos)","655.87","","2026-08-03T09-38-59-7a63a72104f8","https://openstat.psa.gov.ph/PXWeb/pxweb/en/DB/DB__1E__IE/0081E3AIES0.px"
"..City of Angeles","Tenth Decile","Average Expenditure  (in thousand pesos)","422.88","","2026-08-03T09-38-59-7a63a72104f8","https://openstat.psa.gov.ph/PXWeb/pxweb/en/DB/DB__1E__IE/0081E3AIES0.px"
"..City of Angeles","Tenth Decile","Average Savings  (in thousand pesos)","232.99","","2026-08-03T09-38-59-7a63a72104f8","https://openstat.psa.gov.ph/PXWeb/pxweb/en/DB/DB__1E__IE/0081E3AIES0.px"
"TARLAC","All Income Groups","Average Income   (in thousand pesos)","327.82","","2026-08-03T09-38-59-7a63a72104f8","https://openstat.psa.gov.ph/PXWeb/pxweb/en/DB/DB__1E__IE/0081E3AIES0.px"
"TARLAC","All Income Groups","Average Expenditure  (in thousand pesos)","267.09","","2026-08-03T09-38-59-7a63a72104f8","https://openstat.psa.gov.ph/PXWeb/pxweb/en/DB/DB__1E__IE/0081E3AIES0.px"
"TARLAC","All Income Groups","Average Savings  (in thousand pesos)","60.74","","2026-08-03T09-38-59-7a63a72104f8","https://openstat.psa.gov.ph/PXWeb/pxweb/en/DB/DB__1E__IE/0081E3AIES0.px"
"TARLAC","First Decile","Average Income   (in thousand pesos)","162.24","","2026-08-03T09-38-59-7a63a72104f8","https://openstat.psa.gov.ph/PXWeb/pxweb/en/DB/DB__1E__IE/0081E3AIES0.px"
"TARLAC","First Decile","Average Expenditure  (in thousand pesos)","152.68","","2026-08-03T09-38-59-7a63a72104f8","https://openstat.psa.gov.ph/PXWeb/pxweb/en/DB/DB__1E__IE/0081E3AIES0.px"
"TARLAC","First Decile","Average Savings  (in thousand pesos)","9.56","","2026-08-03T09-38-59-7a63a72104f8","https://openstat.psa.gov.ph/PXWeb/pxweb/en/DB/DB__1E__IE/0081E3AIES0.px"
"TARLAC","Second Decile","Average Income   (in thousand pesos)","226.82","","2026-08-03T09-38-59-7a63a72104f8","https://openstat.psa.gov.ph/PXWeb/pxweb/en/DB/DB__1E__IE/0081E3AIES0.px"
"TARLAC","Second Decile","Average Expenditure  (in thousand pesos)","197.83","","2026-08-03T09-38-59-7a63a72104f8","https://openstat.psa.gov.ph/PXWeb/pxweb/en/DB/DB__1E__IE/0081E3AIES0.px"
"TARLAC","Second Decile","Average Savings  (in thousand pesos)","28.99","","2026-08-03T09-38-59-7a63a72104f8","https://openstat.psa.gov.ph/PXWeb/pxweb/en/DB/DB__1E__IE/0081E3AIES0.px"
"TARLAC","Third Decile","Average Income   (in thousand pesos)","245.77","","2026-08-03T09-38-59-7a63a72104f8","https://openstat.psa.gov.ph/PXWeb/pxweb/en/DB/DB__1E__IE/0081E3AIES0.px"
"TARLAC","Third Decile","Average Expenditure  (in thousand pesos)","216.55","","2026-08-03T09-38-59-7a63a72104f8","https://openstat.psa.gov.ph/PXWeb/pxweb/en/DB/DB__1E__IE/0081E3AIES0.px"
"TARLAC","Third Decile","Average Savings  (in thousand pesos)","29.22","","2026-08-03T09-38-59-7a63a72104f8","https://openstat.psa.gov.ph/PXWeb/pxweb/en/DB/DB__1E__IE/0081E3AIES0.px"
"TARLAC","Fourth Decile","Average Income   (in thousand pesos)","265.8","","2026-08-03T09-38-59-7a63a72104f8","https://openstat.psa.gov.ph/PXWeb/pxweb/en/DB/DB__1E__IE/0081E3AIES0.px"
"TARLAC","Fourth Decile","Average Expenditure  (in thousand pesos)","227.04","","2026-08-03T09-38-59-7a63a72104f8","https://openstat.psa.gov.ph/PXWeb/pxweb/en/DB/DB__1E__IE/0081E3AIES0.px"
"TARLAC","Fourth Decile","Average Savings  (in thousand pesos)","38.76","","2026-08-03T09-38-59-7a63a72104f8","https://openstat.psa.gov.ph/PXWeb/pxweb/en/DB/DB__1E__IE/0081E3AIES0.px"
"TARLAC","Fifth Decile","Average Income   (in thousand pesos)","289.14","","2026-08-03T09-38-59-7a63a72104f8","https://openstat.psa.gov.ph/PXWeb/pxweb/en/DB/DB__1E__IE/0081E3AIES0.px"
"TARLAC","Fifth Decile","Average Expenditure  (in thousand pesos)","243.6","","2026-08-03T09-38-59-7a63a72104f8","https://openstat.psa.gov.ph/PXWeb/pxweb/en/DB/DB__1E__IE/0081E3AIES0.px"
"TARLAC","Fifth Decile","Average Savings  (in thousand pesos)","45.54","","2026-08-03T09-38-59-7a63a72104f8","https://openstat.psa.gov.ph/PXWeb/pxweb/en/DB/DB__1E__IE/0081E3AIES0.px"
"TARLAC","Sixth Decile","Average Income   (in thousand pesos)","313.97","","2026-08-03T09-38-59-7a63a72104f8","https://openstat.psa.gov.ph/PXWeb/pxweb/en/DB/DB__1E__IE/0081E3AIES0.px"
"TARLAC","Sixth Decile","Average Expenditure  (in thousand pesos)","266.65","","2026-08-03T09-38-59-7a63a72104f8","https://openstat.psa.gov.ph/PXWeb/pxweb/en/DB/DB__1E__IE/0081E3AIES0.px"
"TARLAC","Sixth Decile","Average Savings  (in thousand pesos)","47.32","","2026-08-03T09-38-59-7a63a72104f8","https://openstat.psa.gov.ph/PXWeb/pxweb/en/DB/DB__1E__IE/0081E3AIES0.px"
"TARLAC","Seventh Decile","Average Income   (in thousand pesos)","313.63","","2026-08-03T09-38-59-7a63a72104f8","https://openstat.psa.gov.ph/PXWeb/pxweb/en/DB/DB__1E__IE/0081E3AIES0.px"
"TARLAC","Seventh Decile","Average Expenditure  (in thousand pesos)","262.85","","2026-08-03T09-38-59-7a63a72104f8","https://openstat.psa.gov.ph/PXWeb/pxweb/en/DB/DB__1E__IE/0081E3AIES0.px"
"TARLAC","Seventh Decile","Average Savings  (in thousand pesos)","50.78","","2026-08-03T09-38-59-7a63a72104f8","https://openstat.psa.gov.ph/PXWeb/pxweb/en/DB/DB__1E__IE/0081E3AIES0.px"
"TARLAC","Eighth Decile","Average Income   (in thousand pesos)","353.2","","2026-08-03T09-38-59-7a63a72104f8","https://openstat.psa.gov.ph/PXWeb/pxweb/en/DB/DB__1E__IE/0081E3AIES0.px"
"TARLAC","Eighth Decile","Average Expenditure  (in thousand pesos)","287.27","","2026-08-03T09-38-59-7a63a72104f8","https://openstat.psa.gov.ph/PXWeb/pxweb/en/DB/DB__1E__IE/0081E3AIES0.px"
"TARLAC","Eighth Decile","Average Savings  (in thousand pesos)","65.93","","2026-08-03T09-38-59-7a63a72104f8","https://openstat.psa.gov.ph/PXWeb/pxweb/en/DB/DB__1E__IE/0081E3AIES0.px"
"TARLAC","Ninth Decile","Average Income   (in thousand pesos)","442.58","","2026-08-03T09-38-59-7a63a72104f8","https://openstat.psa.gov.ph/PXWeb/pxweb/en/DB/DB__1E__IE/0081E3AIES0.px"
"TARLAC","Ninth Decile","Average Expenditure  (in thousand pesos)","345.4","","2026-08-03T09-38-59-7a63a72104f8","https://openstat.psa.gov.ph/PXWeb/pxweb/en/DB/DB__1E__IE/0081E3AIES0.px"
"TARLAC","Ninth Decile","Average Savings  (in thousand pesos)","97.19","","2026-08-03T09-38-59-7a63a72104f8","https://openstat.psa.gov.ph/PXWeb/pxweb/en/DB/DB__1E__IE/0081E3AIES0.px"
"TARLAC","Tenth Decile","Average Income   (in thousand pesos)","663.32","","2026-08-03T09-38-59-7a63a72104f8","https://openstat.psa.gov.ph/PXWeb/pxweb/en/DB/DB__1E__IE/0081E3AIES0.px"
"TARLAC","Tenth Decile","Average Expenditure  (in thousand pesos)","469.87","","2026-08-03T09-38-59-7a63a72104f8","https://openstat.psa.gov.ph/PXWeb/pxweb/en/DB/DB__1E__IE/0081E3AIES0.px"
"TARLAC","Tenth Decile","Average Savings  (in thousand pesos)","193.46","","2026-08-03T09-38-59-7a63a72104f8","https://openstat.psa.gov.ph/PXWeb/pxweb/en/DB/DB__1E__IE/0081E3AIES0.px"
"ZAMBALES (Excluding City of Olongapo)","All Income Groups","Average Income   (in thousand pesos)","269.94","","2026-08-03T09-38-59-7a63a72104f8","https://openstat.psa.gov.ph/PXWeb/pxweb/en/DB/DB__1E__IE/0081E3AIES0.px"
"ZAMBALES (Excluding City of Olongapo)","All Income Groups","Average Expenditure  (in thousand pesos)","229.4","","2026-08-03T09-38-59-7a63a72104f8","https://openstat.psa.gov.ph/PXWeb/pxweb/en/DB/DB__1E__IE/0081E3AIES0.px"
"ZAMBALES (Excluding City of Olongapo)","All Income Groups","Average Savings  (in thousand pesos)","40.54","","2026-08-03T09-38-59-7a63a72104f8","https://openstat.psa.gov.ph/PXWeb/pxweb/en/DB/DB__1E__IE/0081E3AIES0.px"
"ZAMBALES (Excluding City of Olongapo)","First Decile","Average Income   (in thousand pesos)","151.87","","2026-08-03T09-38-59-7a63a72104f8","https://openstat.psa.gov.ph/PXWeb/pxweb/en/DB/DB__1E__IE/0081E3AIES0.px"
"ZAMBALES (Excluding City of Olongapo)","First Decile","Average Expenditure  (in thousand pesos)","149.56","","2026-08-03T09-38-59-7a63a72104f8","https://openstat.psa.gov.ph/PXWeb/pxweb/en/DB/DB__1E__IE/0081E3AIES0.px"
"ZAMBALES (Excluding City of Olongapo)","First Decile","Average Savings  (in thousand pesos)","2.31","","2026-08-03T09-38-59-7a63a72104f8","https://openstat.psa.gov.ph/PXWeb/pxweb/en/DB/DB__1E__IE/0081E3AIES0.px"
"ZAMBALES (Excluding City of Olongapo)","Second Decile","Average Income   (in thousand pesos)","179.27","","2026-08-03T09-38-59-7a63a72104f8","https://openstat.psa.gov.ph/PXWeb/pxweb/en/DB/DB__1E__IE/0081E3AIES0.px"
"ZAMBALES (Excluding City of Olongapo)","Second Decile","Average Expenditure  (in thousand pesos)","168.08","","2026-08-03T09-38-59-7a63a72104f8","https://openstat.psa.gov.ph/PXWeb/pxweb/en/DB/DB__1E__IE/0081E3AIES0.px"
"ZAMBALES (Excluding City of Olongapo)","Second Decile","Average Savings  (in thousand pesos)","11.19","","2026-08-03T09-38-59-7a63a72104f8","https://openstat.psa.gov.ph/PXWeb/pxweb/en/DB/DB__1E__IE/0081E3AIES0.px"
"ZAMBALES (Excluding City of Olongapo)","Third Decile","Average Income   (in thousand pesos)","200.74","","2026-08-03T09-38-59-7a63a72104f8","https://openstat.psa.gov.ph/PXWeb/pxweb/en/DB/DB__1E__IE/0081E3AIES0.px"
"ZAMBALES (Excluding City of Olongapo)","Third Decile","Average Expenditure  (in thousand pesos)","192.48","","2026-08-03T09-38-59-7a63a72104f8","https://openstat.psa.gov.ph/PXWeb/pxweb/en/DB/DB__1E__IE/0081E3AIES0.px"
"ZAMBALES (Excluding City of Olongapo)","Third Decile","Average Savings  (in thousand pesos)","8.26","","2026-08-03T09-38-59-7a63a72104f8","https://openstat.psa.gov.ph/PXWeb/pxweb/en/DB/DB__1E__IE/0081E3AIES0.px"
"ZAMBALES (Excluding City of Olongapo)","Fourth Decile","Average Income   (in thousand pesos)","215.45","","2026-08-03T09-38-59-7a63a72104f8","https://openstat.psa.gov.ph/PXWeb/pxweb/en/DB/DB__1E__IE/0081E3AIES0.px"
"ZAMBALES (Excluding City of Olongapo)","Fourth Decile","Average Expenditure  (in thousand pesos)","192.17","","2026-08-03T09-38-59-7a63a72104f8","https://openstat.psa.gov.ph/PXWeb/pxweb/en/DB/DB__1E__IE/0081E3AIES0.px"
"ZAMBALES (Excluding City of Olongapo)","Fourth Decile","Average Savings  (in thousand pesos)","23.28","","2026-08-03T09-38-59-7a63a72104f8","https://openstat.psa.gov.ph/PXWeb/pxweb/en/DB/DB__1E__IE/0081E3AIES0.px"
"ZAMBALES (Excluding City of Olongapo)","Fifth Decile","Average Income   (in thousand pesos)","238.56","","2026-08-03T09-38-59-7a63a72104f8","https://openstat.psa.gov.ph/PXWeb/pxweb/en/DB/DB__1E__IE/0081E3AIES0.px"
"ZAMBALES (Excluding City of Olongapo)","Fifth Decile","Average Expenditure  (in thousand pesos)","212.3","","2026-08-03T09-38-59-7a63a72104f8","https://openstat.psa.gov.ph/PXWeb/pxweb/en/DB/DB__1E__IE/0081E3AIES0.px"
"ZAMBALES (Excluding City of Olongapo)","Fifth Decile","Average Savings  (in thousand pesos)","26.25","","2026-08-03T09-38-59-7a63a72104f8","https://openstat.psa.gov.ph/PXWeb/pxweb/en/DB/DB__1E__IE/0081E3AIES0.px"
"ZAMBALES (Excluding City of Olongapo)","Sixth Decile","Average Income   (in thousand pesos)","241.17","","2026-08-03T09-38-59-7a63a72104f8","https://openstat.psa.gov.ph/PXWeb/pxweb/en/DB/DB__1E__IE/0081E3AIES0.px"
"ZAMBALES (Excluding City of Olongapo)","Sixth Decile","Average Expenditure  (in thousand pesos)","206.04","","2026-08-03T09-38-59-7a63a72104f8","https://openstat.psa.gov.ph/PXWeb/pxweb/en/DB/DB__1E__IE/0081E3AIES0.px"
"ZAMBALES (Excluding City of Olongapo)","Sixth Decile","Average Savings  (in thousand pesos)","35.14","","2026-08-03T09-38-59-7a63a72104f8","https://openstat.psa.gov.ph/PXWeb/pxweb/en/DB/DB__1E__IE/0081E3AIES0.px"
"ZAMBALES (Excluding City of Olongapo)","Seventh Decile","Average Income   (in thousand pesos)","301.69","","2026-08-03T09-38-59-7a63a72104f8","https://openstat.psa.gov.ph/PXWeb/pxweb/en/DB/DB__1E__IE/0081E3AIES0.px"
"ZAMBALES (Excluding City of Olongapo)","Seventh Decile","Average Expenditure  (in thousand pesos)","264.16","","2026-08-03T09-38-59-7a63a72104f8","https://openstat.psa.gov.ph/PXWeb/pxweb/en/DB/DB__1E__IE/0081E3AIES0.px"
"ZAMBALES (Excluding City of Olongapo)","Seventh Decile","Average Savings  (in thousand pesos)","37.53","","2026-08-03T09-38-59-7a63a72104f8","https://openstat.psa.gov.ph/PXWeb/pxweb/en/DB/DB__1E__IE/0081E3AIES0.px"
"ZAMBALES (Excluding City of Olongapo)","Eighth Decile","Average Income   (in thousand pesos)","297.62","","2026-08-03T09-38-59-7a63a72104f8","https://openstat.psa.gov.ph/PXWeb/pxweb/en/DB/DB__1E__IE/0081E3AIES0.px"
"ZAMBALES (Excluding City of Olongapo)","Eighth Decile","Average Expenditure  (in thousand pesos)","255.38","","2026-08-03T09-38-59-7a63a72104f8","https://openstat.psa.gov.ph/PXWeb/pxweb/en/DB/DB__1E__IE/0081E3AIES0.px"
"ZAMBALES (Excluding City of Olongapo)","Eighth Decile","Average Savings  (in thousand pesos)","42.24","","2026-08-03T09-38-59-7a63a72104f8","https://openstat.psa.gov.ph/PXWeb/pxweb/en/DB/DB__1E__IE/0081E3AIES0.px"
"ZAMBALES (Excluding City of Olongapo)","Ninth Decile","Average Income   (in thousand pesos)","350.64","","2026-08-03T09-38-59-7a63a72104f8","https://openstat.psa.gov.ph/PXWeb/pxweb/en/DB/DB__1E__IE/0081E3AIES0.px"
"ZAMBALES (Excluding City of Olongapo)","Ninth Decile","Average Expenditure  (in thousand pesos)","284.03","","2026-08-03T09-38-59-7a63a72104f8","https://openstat.psa.gov.ph/PXWeb/pxweb/en/DB/DB__1E__IE/0081E3AIES0.px"
"ZAMBALES (Excluding City of Olongapo)","Ninth Decile","Average Savings  (in thousand pesos)","66.61","","2026-08-03T09-38-59-7a63a72104f8","https://openstat.psa.gov.ph/PXWeb/pxweb/en/DB/DB__1E__IE/0081E3AIES0.px"
"ZAMBALES (Excluding City of Olongapo)","Tenth Decile","Average Income   (in thousand pesos)","520.99","","2026-08-03T09-38-59-7a63a72104f8","https://openstat.psa.gov.ph/PXWeb/pxweb/en/DB/DB__1E__IE/0081E3AIES0.px"
"ZAMBALES (Excluding City of Olongapo)","Tenth Decile","Average Expenditure  (in thousand pesos)","369.1","","2026-08-03T09-38-59-7a63a72104f8","https://openstat.psa.gov.ph/PXWeb/pxweb/en/DB/DB__1E__IE/0081E3AIES0.px"
"ZAMBALES (Excluding City of Olongapo)","Tenth Decile","Average Savings  (in thousand pesos)","151.89","","2026-08-03T09-38-59-7a63a72104f8","https://openstat.psa.gov.ph/PXWeb/pxweb/en/DB/DB__1E__IE/0081E3AIES0.px"
"..City of Olongapo","All Income Groups","Average Income   (in thousand pesos)","343.53","","2026-08-03T09-38-59-7a63a72104f8","https://openstat.psa.gov.ph/PXWeb/pxweb/en/DB/DB__1E__IE/0081E3AIES0.px"
"..City of Olongapo","All Income Groups","Average Expenditure  (in thousand pesos)","295.78","","2026-08-03T09-38-59-7a63a72104f8","https://openstat.psa.gov.ph/PXWeb/pxweb/en/DB/DB__1E__IE/0081E3AIES0.px"
"..City of Olongapo","All Income Groups","Average Savings  (in thousand pesos)","47.75","","2026-08-03T09-38-59-7a63a72104f8","https://openstat.psa.gov.ph/PXWeb/pxweb/en/DB/DB__1E__IE/0081E3AIES0.px"
"..City of Olongapo","First Decile","Average Income   (in thousand pesos)","181.47","","2026-08-03T09-38-59-7a63a72104f8","https://openstat.psa.gov.ph/PXWeb/pxweb/en/DB/DB__1E__IE/0081E3AIES0.px"
"..City of Olongapo","First Decile","Average Expenditure  (in thousand pesos)","175.4","","2026-08-03T09-38-59-7a63a72104f8","https://openstat.psa.gov.ph/PXWeb/pxweb/en/DB/DB__1E__IE/0081E3AIES0.px"
"..City of Olongapo","First Decile","Average Savings  (in thousand pesos)","6.07","","2026-08-03T09-38-59-7a63a72104f8","https://openstat.psa.gov.ph/PXWeb/pxweb/en/DB/DB__1E__IE/0081E3AIES0.px"
"..City of Olongapo","Second Decile","Average Income   (in thousand pesos)","227.31","","2026-08-03T09-38-59-7a63a72104f8","https://openstat.psa.gov.ph/PXWeb/pxweb/en/DB/DB__1E__IE/0081E3AIES0.px"
"..City of Olongapo","Second Decile","Average Expenditure  (in thousand pesos)","213.11","","2026-08-03T09-38-59-7a63a72104f8","https://openstat.psa.gov.ph/PXWeb/pxweb/en/DB/DB__1E__IE/0081E3AIES0.px"
"..City of Olongapo","Second Decile","Average Savings  (in thousand pesos)","14.19","","2026-08-03T09-38-59-7a63a72104f8","https://openstat.psa.gov.ph/PXWeb/pxweb/en/DB/DB__1E__IE/0081E3AIES0.px"
"..City of Olongapo","Third Decile","Average Income   (in thousand pesos)","243.79","","2026-08-03T09-38-59-7a63a72104f8","https://openstat.psa.gov.ph/PXWeb/pxweb/en/DB/DB__1E__IE/0081E3AIES0.px"
"..City of Olongapo","Third Decile","Average Expenditure  (in thousand pesos)","224.45","","2026-08-03T09-38-59-7a63a72104f8","https://openstat.psa.gov.ph/PXWeb/pxweb/en/DB/DB__1E__IE/0081E3AIES0.px"
"..City of Olongapo","Third Decile","Average Savings  (in thousand pesos)","19.34","","2026-08-03T09-38-59-7a63a72104f8","https://openstat.psa.gov.ph/PXWeb/pxweb/en/DB/DB__1E__IE/0081E3AIES0.px"
"..City of Olongapo","Fourth Decile","Average Income   (in thousand pesos)","294.54","","2026-08-03T09-38-59-7a63a72104f8","https://openstat.psa.gov.ph/PXWeb/pxweb/en/DB/DB__1E__IE/0081E3AIES0.px"
"..City of Olongapo","Fourth Decile","Average Expenditure  (in thousand pesos)","264.97","","2026-08-03T09-38-59-7a63a72104f8","https://openstat.psa.gov.ph/PXWeb/pxweb/en/DB/DB__1E__IE/0081E3AIES0.px"
"..City of Olongapo","Fourth Decile","Average Savings  (in thousand pesos)","29.57","","2026-08-03T09-38-59-7a63a72104f8","https://openstat.psa.gov.ph/PXWeb/pxweb/en/DB/DB__1E__IE/0081E3AIES0.px"
"..City of Olongapo","Fifth Decile","Average Income   (in thousand pesos)","308.39","","2026-08-03T09-38-59-7a63a72104f8","https://openstat.psa.gov.ph/PXWeb/pxweb/en/DB/DB__1E__IE/0081E3AIES0.px"
"..City of Olongapo","Fifth Decile","Average Expenditure  (in thousand pesos)","265.27","","2026-08-03T09-38-59-7a63a72104f8","https://openstat.psa.gov.ph/PXWeb/pxweb/en/DB/DB__1E__IE/0081E3AIES0.px"
"..City of Olongapo","Fifth Decile","Average Savings  (in thousand pesos)","43.12","","2026-08-03T09-38-59-7a63a72104f8","https://openstat.psa.gov.ph/PXWeb/pxweb/en/DB/DB__1E__IE/0081E3AIES0.px"
"..City of Olongapo","Sixth Decile","Average Income   (in thousand pesos)","315.33","","2026-08-03T09-38-59-7a63a72104f8","https://openstat.psa.gov.ph/PXWeb/pxweb/en/DB/DB__1E__IE/0081E3AIES0.px"
"..City of Olongapo","Sixth Decile","Average Expenditure  (in thousand pesos)","272.26","","2026-08-03T09-38-59-7a63a72104f8","https://openstat.psa.gov.ph/PXWeb/pxweb/en/DB/DB__1E__IE/0081E3AIES0.px"
"..City of Olongapo","Sixth Decile","Average Savings  (in thousand pesos)","43.08","","2026-08-03T09-38-59-7a63a72104f8","https://openstat.psa.gov.ph/PXWeb/pxweb/en/DB/DB__1E__IE/0081E3AIES0.px"
"..City of Olongapo","Seventh Decile","Average Income   (in thousand pesos)","359.79","","2026-08-03T09-38-59-7a63a72104f8","https://openstat.psa.gov.ph/PXWeb/pxweb/en/DB/DB__1E__IE/0081E3AIES0.px"
"..City of Olongapo","Seventh Decile","Average Expenditure  (in thousand pesos)","296.28","","2026-08-03T09-38-59-7a63a72104f8","https://openstat.psa.gov.ph/PXWeb/pxweb/en/DB/DB__1E__IE/0081E3AIES0.px"
"..City of Olongapo","Seventh Decile","Average Savings  (in thousand pesos)","63.52","","2026-08-03T09-38-59-7a63a72104f8","https://openstat.psa.gov.ph/PXWeb/pxweb/en/DB/DB__1E__IE/0081E3AIES0.px"
"..City of Olongapo","Eighth Decile","Average Income   (in thousand pesos)","362.56","","2026-08-03T09-38-59-7a63a72104f8","https://openstat.psa.gov.ph/PXWeb/pxweb/en/DB/DB__1E__IE/0081E3AIES0.px"
"..City of Olongapo","Eighth Decile","Average Expenditure  (in thousand pesos)","309.5","","2026-08-03T09-38-59-7a63a72104f8","https://openstat.psa.gov.ph/PXWeb/pxweb/en/DB/DB__1E__IE/0081E3AIES0.px"
"..City of Olongapo","Eighth Decile","Average Savings  (in thousand pesos)","53.06","","2026-08-03T09-38-59-7a63a72104f8","https://openstat.psa.gov.ph/PXWeb/pxweb/en/DB/DB__1E__IE/0081E3AIES0.px"
"..City of Olongapo","Ninth Decile","Average Income   (in thousand pesos)","440.53","","2026-08-03T09-38-59-7a63a72104f8","https://openstat.psa.gov.ph/PXWeb/pxweb/en/DB/DB__1E__IE/0081E3AIES0.px"
"..City of Olongapo","Ninth Decile","Average Expenditure  (in thousand pesos)","370.06","","2026-08-03T09-38-59-7a63a72104f8","https://openstat.psa.gov.ph/PXWeb/pxweb/en/DB/DB__1E__IE/0081E3AIES0.px"
"..City of Olongapo","Ninth Decile","Average Savings  (in thousand pesos)","70.47","","2026-08-03T09-38-59-7a63a72104f8","https://openstat.psa.gov.ph/PXWeb/pxweb/en/DB/DB__1E__IE/0081E3AIES0.px"
"..City of Olongapo","Tenth Decile","Average Income   (in thousand pesos)","699.78","","2026-08-03T09-38-59-7a63a72104f8","https://openstat.psa.gov.ph/PXWeb/pxweb/en/DB/DB__1E__IE/0081E3AIES0.px"
"..City of Olongapo","Tenth Decile","Average Expenditure  (in thousand pesos)","565.2","","2026-08-03T09-38-59-7a63a72104f8","https://openstat.psa.gov.ph/PXWeb/pxweb/en/DB/DB__1E__IE/0081E3AIES0.px"
"..City of Olongapo","Tenth Decile","Average Savings  (in thousand pesos)","134.58","","2026-08-03T09-38-59-7a63a72104f8","https://openstat.psa.gov.ph/PXWeb/pxweb/en/DB/DB__1E__IE/0081E3AIES0.px"
"REGION IVA - CALABARZON","All Income Groups","Average Income   (in thousand pesos)","380.15","","2026-08-03T09-38-59-7a63a72104f8","https://openstat.psa.gov.ph/PXWeb/pxweb/en/DB/DB__1E__IE/0081E3AIES0.px"
"REGION IVA - CALABARZON","All Income Groups","Average Expenditure  (in thousand pesos)","276.58","","2026-08-03T09-38-59-7a63a72104f8","https://openstat.psa.gov.ph/PXWeb/pxweb/en/DB/DB__1E__IE/0081E3AIES0.px"
"REGION IVA - CALABARZON","All Income Groups","Average Savings  (in thousand pesos)","103.58","","2026-08-03T09-38-59-7a63a72104f8","https://openstat.psa.gov.ph/PXWeb/pxweb/en/DB/DB__1E__IE/0081E3AIES0.px"
"REGION IVA - CALABARZON","First Decile","Average Income   (in thousand pesos)","167.04","","2026-08-03T09-38-59-7a63a72104f8","https://openstat.psa.gov.ph/PXWeb/pxweb/en/DB/DB__1E__IE/0081E3AIES0.px"
"REGION IVA - CALABARZON","First Decile","Average Expenditure  (in thousand pesos)","152.6","","2026-08-03T09-38-59-7a63a72104f8","https://openstat.psa.gov.ph/PXWeb/pxweb/en/DB/DB__1E__IE/0081E3AIES0.px"
"REGION IVA - CALABARZON","First Decile","Average Savings  (in thousand pesos)","14.44","","2026-08-03T09-38-59-7a63a72104f8","https://openstat.psa.gov.ph/PXWeb/pxweb/en/DB/DB__1E__IE/0081E3AIES0.px"
"REGION IVA - CALABARZON","Second Decile","Average Income   (in thousand pesos)","208.52","","2026-08-03T09-38-59-7a63a72104f8","https://openstat.psa.gov.ph/PXWeb/pxweb/en/DB/DB__1E__IE/0081E3AIES0.px"
"REGION IVA - CALABARZON","Second Decile","Average Expenditure  (in thousand pesos)","178.86","","2026-08-03T09-38-59-7a63a72104f8","https://openstat.psa.gov.ph/PXWeb/pxweb/en/DB/DB__1E__IE/0081E3AIES0.px"
"REGION IVA - CALABARZON","Second Decile","Average Savings  (in thousand pesos)","29.66","","2026-08-03T09-38-59-7a63a72104f8","https://openstat.psa.gov.ph/PXWeb/pxweb/en/DB/DB__1E__IE/0081E3AIES0.px"
"REGION IVA - CALABARZON","Third Decile","Average Income   (in thousand pesos)","242.76","","2026-08-03T09-38-59-7a63a72104f8","https://openstat.psa.gov.ph/PXWeb/pxweb/en/DB/DB__1E__IE/0081E3AIES0.px"
"REGION IVA - CALABARZON","Third Decile","Average Expenditure  (in thousand pesos)","203.05","","2026-08-03T09-38-59-7a63a72104f8","https://openstat.psa.gov.ph/PXWeb/pxweb/en/DB/DB__1E__IE/0081E3AIES0.px"
"REGION IVA - CALABARZON","Third Decile","Average Savings  (in thousand pesos)","39.71","","2026-08-03T09-38-59-7a63a72104f8","https://openstat.psa.gov.ph/PXWeb/pxweb/en/DB/DB__1E__IE/0081E3AIES0.px"
"REGION IVA - CALABARZON","Fourth Decile","Average Income   (in thousand pesos)","272.55","","2026-08-03T09-38-59-7a63a72104f8","https://openstat.psa.gov.ph/PXWeb/pxweb/en/DB/DB__1E__IE/0081E3AIES0.px"
"REGION IVA - CALABARZON","Fourth Decile","Average Expenditure  (in thousand pesos)","218.12","","2026-08-03T09-38-59-7a63a72104f8","https://openstat.psa.gov.ph/PXWeb/pxweb/en/DB/DB__1E__IE/0081E3AIES0.px"
"REGION IVA - CALABARZON","Fourth Decile","Average Savings  (in thousand pesos)","54.43","","2026-08-03T09-38-59-7a63a72104f8","https://openstat.psa.gov.ph/PXWeb/pxweb/en/DB/DB__1E__IE/0081E3AIES0.px"
"REGION IVA - CALABARZON","Fifth Decile","Average Income   (in thousand pesos)","304.64","","2026-08-03T09-38-59-7a63a72104f8","https://openstat.psa.gov.ph/PXWeb/pxweb/en/DB/DB__1E__IE/0081E3AIES0.px"
"REGION IVA - CALABARZON","Fifth Decile","Average Expenditure  (in thousand pesos)","238.12","","2026-08-03T09-38-59-7a63a72104f8","https://openstat.psa.gov.ph/PXWeb/pxweb/en/DB/DB__1E__IE/0081E3AIES0.px"
"REGION IVA - CALABARZON","Fifth Decile","Average Savings  (in thousand pesos)","66.53","","2026-08-03T09-38-59-7a63a72104f8","https://openstat.psa.gov.ph/PXWeb/pxweb/en/DB/DB__1E__IE/0081E3AIES0.px"
"REGION IVA - CALABARZON","Sixth Decile","Average Income   (in thousand pesos)","336.98","","2026-08-03T09-38-59-7a63a72104f8","https://openstat.psa.gov.ph/PXWeb/pxweb/en/DB/DB__1E__IE/0081E3AIES0.px"
"REGION IVA - CALABARZON","Sixth Decile","Average Expenditure  (in thousand pesos)","257.51","","2026-08-03T09-38-59-7a63a72104f8","https://openstat.psa.gov.ph/PXWeb/pxweb/en/DB/DB__1E__IE/0081E3AIES0.px"
"REGION IVA - CALABARZON","Sixth Decile","Average Savings  (in thousand pesos)","79.48","","2026-08-03T09-38-59-7a63a72104f8","https://openstat.psa.gov.ph/PXWeb/pxweb/en/DB/DB__1E__IE/0081E3AIES0.px"
"REGION IVA - CALABARZON","Seventh Decile","Average Income   (in thousand pesos)","393.62","","2026-08-03T09-38-59-7a63a72104f8","https://openstat.psa.gov.ph/PXWeb/pxweb/en/DB/DB__1E__IE/0081E3AIES0.px"
"REGION IVA - CALABARZON","Seventh Decile","Average Expenditure  (in thousand pesos)","292.1","","2026-08-03T09-38-59-7a63a72104f8","https://openstat.psa.gov.ph/PXWeb/pxweb/en/DB/DB__1E__IE/0081E3AIES0.px"
"REGION IVA - CALABARZON","Seventh Decile","Average Savings  (in thousand pesos)","101.52","","2026-08-03T09-38-59-7a63a72104f8","https://openstat.psa.gov.ph/PXWeb/pxweb/en/DB/DB__1E__IE/0081E3AIES0.px"
"REGION IVA - CALABARZON","Eighth Decile","Average Income   (in thousand pesos)","435.45","","2026-08-03T09-38-59-7a63a72104f8","https://openstat.psa.gov.ph/PXWeb/pxweb/en/DB/DB__1E__IE/0081E3AIES0.px"
"REGION IVA - CALABARZON","Eighth Decile","Average Expenditure  (in thousand pesos)","314.87","","2026-08-03T09-38-59-7a63a72104f8","https://openstat.psa.gov.ph/PXWeb/pxweb/en/DB/DB__1E__IE/0081E3AIES0.px"
"REGION IVA - CALABARZON","Eighth Decile","Average Savings  (in thousand pesos)","120.58","","2026-08-03T09-38-59-7a63a72104f8","https://openstat.psa.gov.ph/PXWeb/pxweb/en/DB/DB__1E__IE/0081E3AIES0.px"
"REGION IVA - CALABARZON","Ninth Decile","Average Income   (in thousand pesos)","530.82","","2026-08-03T09-38-59-7a63a72104f8","https://openstat.psa.gov.ph/PXWeb/pxweb/en/DB/DB__1E__IE/0081E3AIES0.px"
"REGION IVA - CALABARZON","Ninth Decile","Average Expenditure  (in thousand pesos)","364.65","","2026-08-03T09-38-59-7a63a72104f8","https://openstat.psa.gov.ph/PXWeb/pxweb/en/DB/DB__1E__IE/0081E3AIES0.px"
"REGION IVA - CALABARZON","Ninth Decile","Average Savings  (in thousand pesos)","166.17","","2026-08-03T09-38-59-7a63a72104f8","https://openstat.psa.gov.ph/PXWeb/pxweb/en/DB/DB__1E__IE/0081E3AIES0.px"
"REGION IVA - CALABARZON","Tenth Decile","Average Income   (in thousand pesos)","908.36","","2026-08-03T09-38-59-7a63a72104f8","https://openstat.psa.gov.ph/PXWeb/pxweb/en/DB/DB__1E__IE/0081E3AIES0.px"
"REGION IVA - CALABARZON","Tenth Decile","Average Expenditure  (in thousand pesos)","545.48","","2026-08-03T09-38-59-7a63a72104f8","https://openstat.psa.gov.ph/PXWeb/pxweb/en/DB/DB__1E__IE/0081E3AIES0.px"
"REGION IVA - CALABARZON","Tenth Decile","Average Savings  (in thousand pesos)","362.89","","2026-08-03T09-38-59-7a63a72104f8","https://openstat.psa.gov.ph/PXWeb/pxweb/en/DB/DB__1E__IE/0081E3AIES0.px"
"BATANGAS","All Income Groups","Average Income   (in thousand pesos)","358.44","","2026-08-03T09-38-59-7a63a72104f8","https://openstat.psa.gov.ph/PXWeb/pxweb/en/DB/DB__1E__IE/0081E3AIES0.px"
"BATANGAS","All Income Groups","Average Expenditure  (in thousand pesos)","249.3","","2026-08-03T09-38-59-7a63a72104f8","https://openstat.psa.gov.ph/PXWeb/pxweb/en/DB/DB__1E__IE/0081E3AIES0.px"
"BATANGAS","All Income Groups","Average Savings  (in thousand pesos)","109.15","","2026-08-03T09-38-59-7a63a72104f8","https://openstat.psa.gov.ph/PXWeb/pxweb/en/DB/DB__1E__IE/0081E3AIES0.px"
"BATANGAS","First Decile","Average Income   (in thousand pesos)","174.22","","2026-08-03T09-38-59-7a63a72104f8","https://openstat.psa.gov.ph/PXWeb/pxweb/en/DB/DB__1E__IE/0081E3AIES0.px"
"BATANGAS","First Decile","Average Expenditure  (in thousand pesos)","147.88","","2026-08-03T09-38-59-7a63a72104f8","https://openstat.psa.gov.ph/PXWeb/pxweb/en/DB/DB__1E__IE/0081E3AIES0.px"
"BATANGAS","First Decile","Average Savings  (in thousand pesos)","26.35","","2026-08-03T09-38-59-7a63a72104f8","https://openstat.psa.gov.ph/PXWeb/pxweb/en/DB/DB__1E__IE/0081E3AIES0.px"
"BATANGAS","Second Decile","Average Income   (in thousand pesos)","206.41","","2026-08-03T09-38-59-7a63a72104f8","https://openstat.psa.gov.ph/PXWeb/pxweb/en/DB/DB__1E__IE/0081E3AIES0.px"
"BATANGAS","Second Decile","Average Expenditure  (in thousand pesos)","166.59","","2026-08-03T09-38-59-7a63a72104f8","https://openstat.psa.gov.ph/PXWeb/pxweb/en/DB/DB__1E__IE/0081E3AIES0.px"
"BATANGAS","Second Decile","Average Savings  (in thousand pesos)","39.82","","2026-08-03T09-38-59-7a63a72104f8","https://openstat.psa.gov.ph/PXWeb/pxweb/en/DB/DB__1E__IE/0081E3AIES0.px"
"BATANGAS","Third Decile","Average Income   (in thousand pesos)","238.02","","2026-08-03T09-38-59-7a63a72104f8","https://openstat.psa.gov.ph/PXWeb/pxweb/en/DB/DB__1E__IE/0081E3AIES0.px"
"BATANGAS","Third Decile","Average Expenditure  (in thousand pesos)","189.95","","2026-08-03T09-38-59-7a63a72104f8","https://openstat.psa.gov.ph/PXWeb/pxweb/en/DB/DB__1E__IE/0081E3AIES0.px"
"BATANGAS","Third Decile","Average Savings  (in thousand pesos)","48.07","","2026-08-03T09-38-59-7a63a72104f8","https://openstat.psa.gov.ph/PXWeb/pxweb/en/DB/DB__1E__IE/0081E3AIES0.px"
"BATANGAS","Fourth Decile","Average Income   (in thousand pesos)","264.41","","2026-08-03T09-38-59-7a63a72104f8","https://openstat.psa.gov.ph/PXWeb/pxweb/en/DB/DB__1E__IE/0081E3AIES0.px"
"BATANGAS","Fourth Decile","Average Expenditure  (in thousand pesos)","198.82","","2026-08-03T09-38-59-7a63a72104f8","https://openstat.psa.gov.ph/PXWeb/pxweb/en/DB/DB__1E__IE/0081E3AIES0.px"
"BATANGAS","Fourth Decile","Average Savings  (in thousand pesos)","65.58","","2026-08-03T09-38-59-7a63a72104f8","https://openstat.psa.gov.ph/PXWeb/pxweb/en/DB/DB__1E__IE/0081E3AIES0.px"
"BATANGAS","Fifth Decile","Average Income   (in thousand pesos)","299.54","","2026-08-03T09-38-59-7a63a72104f8","https://openstat.psa.gov.ph/PXWeb/pxweb/en/DB/DB__1E__IE/0081E3AIES0.px"
"BATANGAS","Fifth Decile","Average Expenditure  (in thousand pesos)","219.53","","2026-08-03T09-38-59-7a63a72104f8","https://openstat.psa.gov.ph/PXWeb/pxweb/en/DB/DB__1E__IE/0081E3AIES0.px"
"BATANGAS","Fifth Decile","Average Savings  (in thousand pesos)","80.01","","2026-08-03T09-38-59-7a63a72104f8","https://openstat.psa.gov.ph/PXWeb/pxweb/en/DB/DB__1E__IE/0081E3AIES0.px"
"BATANGAS","Sixth Decile","Average Income   (in thousand pesos)","316.64","","2026-08-03T09-38-59-7a63a72104f8","https://openstat.psa.gov.ph/PXWeb/pxweb/en/DB/DB__1E__IE/0081E3AIES0.px"
"BATANGAS","Sixth Decile","Average Expenditure  (in thousand pesos)","235.43","","2026-08-03T09-38-59-7a63a72104f8","https://openstat.psa.gov.ph/PXWeb/pxweb/en/DB/DB__1E__IE/0081E3AIES0.px"
"BATANGAS","Sixth Decile","Average Savings  (in thousand pesos)","81.21","","2026-08-03T09-38-59-7a63a72104f8","https://openstat.psa.gov.ph/PXWeb/pxweb/en/DB/DB__1E__IE/0081E3AIES0.px"
"BATANGAS","Seventh Decile","Average Income   (in thousand pesos)","345.47","","2026-08-03T09-38-59-7a63a72104f8","https://openstat.psa.gov.ph/PXWeb/pxweb/en/DB/DB__1E__IE/0081E3AIES0.px"
"BATANGAS","Seventh Decile","Average Expenditure  (in thousand pesos)","245.27","","2026-08-03T09-38-59-7a63a72104f8","https://openstat.psa.gov.ph/PXWeb/pxweb/en/DB/DB__1E__IE/0081E3AIES0.px"
"BATANGAS","Seventh Decile","Average Savings  (in thousand pesos)","100.19","","2026-08-03T09-38-59-7a63a72104f8","https://openstat.psa.gov.ph/PXWeb/pxweb/en/DB/DB__1E__IE/0081E3AIES0.px"
"BATANGAS","Eighth Decile","Average Income   (in thousand pesos)","414.06","","2026-08-03T09-38-59-7a63a72104f8","https://openstat.psa.gov.ph/PXWeb/pxweb/en/DB/DB__1E__IE/0081E3AIES0.px"
"BATANGAS","Eighth Decile","Average Expenditure  (in thousand pesos)","279.92","","2026-08-03T09-38-59-7a63a72104f8","https://openstat.psa.gov.ph/PXWeb/pxweb/en/DB/DB__1E__IE/0081E3AIES0.px"
"BATANGAS","Eighth Decile","Average Savings  (in thousand pesos)","134.14","","2026-08-03T09-38-59-7a63a72104f8","https://openstat.psa.gov.ph/PXWeb/pxweb/en/DB/DB__1E__IE/0081E3AIES0.px"
"BATANGAS","Ninth Decile","Average Income   (in thousand pesos)","484.27","","2026-08-03T09-38-59-7a63a72104f8","https://openstat.psa.gov.ph/PXWeb/pxweb/en/DB/DB__1E__IE/0081E3AIES0.px"
"BATANGAS","Ninth Decile","Average Expenditure  (in thousand pesos)","320.42","","2026-08-03T09-38-59-7a63a72104f8","https://openstat.psa.gov.ph/PXWeb/pxweb/en/DB/DB__1E__IE/0081E3AIES0.px"
"BATANGAS","Ninth Decile","Average Savings  (in thousand pesos)","163.85","","2026-08-03T09-38-59-7a63a72104f8","https://openstat.psa.gov.ph/PXWeb/pxweb/en/DB/DB__1E__IE/0081E3AIES0.px"
"BATANGAS","Tenth Decile","Average Income   (in thousand pesos)","839.83","","2026-08-03T09-38-59-7a63a72104f8","https://openstat.psa.gov.ph/PXWeb/pxweb/en/DB/DB__1E__IE/0081E3AIES0.px"
"BATANGAS","Tenth Decile","Average Expenditure  (in thousand pesos)","488.3","","2026-08-03T09-38-59-7a63a72104f8","https://openstat.psa.gov.ph/PXWeb/pxweb/en/DB/DB__1E__IE/0081E3AIES0.px"
"BATANGAS","Tenth Decile","Average Savings  (in thousand pesos)","351.53","","2026-08-03T09-38-59-7a63a72104f8","https://openstat.psa.gov.ph/PXWeb/pxweb/en/DB/DB__1E__IE/0081E3AIES0.px"
"CAVITE","All Income Groups","Average Income   (in thousand pesos)","407.86","","2026-08-03T09-38-59-7a63a72104f8","https://openstat.psa.gov.ph/PXWeb/pxweb/en/DB/DB__1E__IE/0081E3AIES0.px"
"CAVITE","All Income Groups","Average Expenditure  (in thousand pesos)","279.41","","2026-08-03T09-38-59-7a63a72104f8","https://openstat.psa.gov.ph/PXWeb/pxweb/en/DB/DB__1E__IE/0081E3AIES0.px"
"CAVITE","All Income Groups","Average Savings  (in thousand pesos)","128.46","","2026-08-03T09-38-59-7a63a72104f8","https://openstat.psa.gov.ph/PXWeb/pxweb/en/DB/DB__1E__IE/0081E3AIES0.px"
"CAVITE","First Decile","Average Income   (in thousand pesos)","199.5","","2026-08-03T09-38-59-7a63a72104f8","https://openstat.psa.gov.ph/PXWeb/pxweb/en/DB/DB__1E__IE/0081E3AIES0.px"
"CAVITE","First Decile","Average Expenditure  (in thousand pesos)","162.65","","2026-08-03T09-38-59-7a63a72104f8","https://openstat.psa.gov.ph/PXWeb/pxweb/en/DB/DB__1E__IE/0081E3AIES0.px"
"CAVITE","First Decile","Average Savings  (in thousand pesos)","36.85","","2026-08-03T09-38-59-7a63a72104f8","https://openstat.psa.gov.ph/PXWeb/pxweb/en/DB/DB__1E__IE/0081E3AIES0.px"
"CAVITE","Second Decile","Average Income   (in thousand pesos)","256.78","","2026-08-03T09-38-59-7a63a72104f8","https://openstat.psa.gov.ph/PXWeb/pxweb/en/DB/DB__1E__IE/0081E3AIES0.px"
"CAVITE","Second Decile","Average Expenditure  (in thousand pesos)","202.17","","2026-08-03T09-38-59-7a63a72104f8","https://openstat.psa.gov.ph/PXWeb/pxweb/en/DB/DB__1E__IE/0081E3AIES0.px"
"CAVITE","Second Decile","Average Savings  (in thousand pesos)","54.61","","2026-08-03T09-38-59-7a63a72104f8","https://openstat.psa.gov.ph/PXWeb/pxweb/en/DB/DB__1E__IE/0081E3AIES0.px"
"CAVITE","Third Decile","Average Income   (in thousand pesos)","277.15","","2026-08-03T09-38-59-7a63a72104f8","https://openstat.psa.gov.ph/PXWeb/pxweb/en/DB/DB__1E__IE/0081E3AIES0.px"
"CAVITE","Third Decile","Average Expenditure  (in thousand pesos)","207.2","","2026-08-03T09-38-59-7a63a72104f8","https://openstat.psa.gov.ph/PXWeb/pxweb/en/DB/DB__1E__IE/0081E3AIES0.px"
"CAVITE","Third Decile","Average Savings  (in thousand pesos)","69.95","","2026-08-03T09-38-59-7a63a72104f8","https://openstat.psa.gov.ph/PXWeb/pxweb/en/DB/DB__1E__IE/0081E3AIES0.px"
"CAVITE","Fourth Decile","Average Income   (in thousand pesos)","303.02","","2026-08-03T09-38-59-7a63a72104f8","https://openstat.psa.gov.ph/PXWeb/pxweb/en/DB/DB__1E__IE/0081E3AIES0.px"
"CAVITE","Fourth Decile","Average Expenditure  (in thousand pesos)","223.33","","2026-08-03T09-38-59-7a63a72104f8","https://openstat.psa.gov.ph/PXWeb/pxweb/en/DB/DB__1E__IE/0081E3AIES0.px"
"CAVITE","Fourth Decile","Average Savings  (in thousand pesos)","79.69","","2026-08-03T09-38-59-7a63a72104f8","https://openstat.psa.gov.ph/PXWeb/pxweb/en/DB/DB__1E__IE/0081E3AIES0.px"
"CAVITE","Fifth Decile","Average Income   (in thousand pesos)","348.12","","2026-08-03T09-38-59-7a63a72104f8","https://openstat.psa.gov.ph/PXWeb/pxweb/en/DB/DB__1E__IE/0081E3AIES0.px"
"CAVITE","Fifth Decile","Average Expenditure  (in thousand pesos)","254.4","","2026-08-03T09-38-59-7a63a72104f8","https://openstat.psa.gov.ph/PXWeb/pxweb/en/DB/DB__1E__IE/0081E3AIES0.px"
"CAVITE","Fifth Decile","Average Savings  (in thousand pesos)","93.72","","2026-08-03T09-38-59-7a63a72104f8","https://openstat.psa.gov.ph/PXWeb/pxweb/en/DB/DB__1E__IE/0081E3AIES0.px"
"CAVITE","Sixth Decile","Average Income   (in thousand pesos)","399.59","","2026-08-03T09-38-59-7a63a72104f8","https://openstat.psa.gov.ph/PXWeb/pxweb/en/DB/DB__1E__IE/0081E3AIES0.px"
"CAVITE","Sixth Decile","Average Expenditure  (in thousand pesos)","288.52","","2026-08-03T09-38-59-7a63a72104f8","https://openstat.psa.gov.ph/PXWeb/pxweb/en/DB/DB__1E__IE/0081E3AIES0.px"
"CAVITE","Sixth Decile","Average Savings  (in thousand pesos)","111.07","","2026-08-03T09-38-59-7a63a72104f8","https://openstat.psa.gov.ph/PXWeb/pxweb/en/DB/DB__1E__IE/0081E3AIES0.px"
"CAVITE","Seventh Decile","Average Income   (in thousand pesos)","408.21","","2026-08-03T09-38-59-7a63a72104f8","https://openstat.psa.gov.ph/PXWeb/pxweb/en/DB/DB__1E__IE/0081E3AIES0.px"
"CAVITE","Seventh Decile","Average Expenditure  (in thousand pesos)","287.98","","2026-08-03T09-38-59-7a63a72104f8","https://openstat.psa.gov.ph/PXWeb/pxweb/en/DB/DB__1E__IE/0081E3AIES0.px"
"CAVITE","Seventh Decile","Average Savings  (in thousand pesos)","120.23","","2026-08-03T09-38-59-7a63a72104f8","https://openstat.psa.gov.ph/PXWeb/pxweb/en/DB/DB__1E__IE/0081E3AIES0.px"
"CAVITE","Eighth Decile","Average Income   (in thousand pesos)","442.86","","2026-08-03T09-38-59-7a63a72104f8","https://openstat.psa.gov.ph/PXWeb/pxweb/en/DB/DB__1E__IE/0081E3AIES0.px"
"CAVITE","Eighth Decile","Average Expenditure  (in thousand pesos)","311.96","","2026-08-03T09-38-59-7a63a72104f8","https://openstat.psa.gov.ph/PXWeb/pxweb/en/DB/DB__1E__IE/0081E3AIES0.px"
"CAVITE","Eighth Decile","Average Savings  (in thousand pesos)","130.91","","2026-08-03T09-38-59-7a63a72104f8","https://openstat.psa.gov.ph/PXWeb/pxweb/en/DB/DB__1E__IE/0081E3AIES0.px"
"CAVITE","Ninth Decile","Average Income   (in thousand pesos)","589.65","","2026-08-03T09-38-59-7a63a72104f8","https://openstat.psa.gov.ph/PXWeb/pxweb/en/DB/DB__1E__IE/0081E3AIES0.px"
"CAVITE","Ninth Decile","Average Expenditure  (in thousand pesos)","363.81","","2026-08-03T09-38-59-7a63a72104f8","https://openstat.psa.gov.ph/PXWeb/pxweb/en/DB/DB__1E__IE/0081E3AIES0.px"
"CAVITE","Ninth Decile","Average Savings  (in thousand pesos)","225.83","","2026-08-03T09-38-59-7a63a72104f8","https://openstat.psa.gov.ph/PXWeb/pxweb/en/DB/DB__1E__IE/0081E3AIES0.px"
"CAVITE","Tenth Decile","Average Income   (in thousand pesos)","851.06","","2026-08-03T09-38-59-7a63a72104f8","https://openstat.psa.gov.ph/PXWeb/pxweb/en/DB/DB__1E__IE/0081E3AIES0.px"
"CAVITE","Tenth Decile","Average Expenditure  (in thousand pesos)","490.62","","2026-08-03T09-38-59-7a63a72104f8","https://openstat.psa.gov.ph/PXWeb/pxweb/en/DB/DB__1E__IE/0081E3AIES0.px"
"CAVITE","Tenth Decile","Average Savings  (in thousand pesos)","360.45","","2026-08-03T09-38-59-7a63a72104f8","https://openstat.psa.gov.ph/PXWeb/pxweb/en/DB/DB__1E__IE/0081E3AIES0.px"
"LAGUNA","All Income Groups","Average Income   (in thousand pesos)","393.84","","2026-08-03T09-38-59-7a63a72104f8","https://openstat.psa.gov.ph/PXWeb/pxweb/en/DB/DB__1E__IE/0081E3AIES0.px"
"LAGUNA","All Income Groups","Average Expenditure  (in thousand pesos)","296.29","","2026-08-03T09-38-59-7a63a72104f8","https://openstat.psa.gov.ph/PXWeb/pxweb/en/DB/DB__1E__IE/0081E3AIES0.px"
"LAGUNA","All Income Groups","Average Savings  (in thousand pesos)","97.55","","2026-08-03T09-38-59-7a63a72104f8","https://openstat.psa.gov.ph/PXWeb/pxweb/en/DB/DB__1E__IE/0081E3AIES0.px"
"LAGUNA","First Decile","Average Income   (in thousand pesos)","181.52","","2026-08-03T09-38-59-7a63a72104f8","https://openstat.psa.gov.ph/PXWeb/pxweb/en/DB/DB__1E__IE/0081E3AIES0.px"
"LAGUNA","First Decile","Average Expenditure  (in thousand pesos)","166.64","","2026-08-03T09-38-59-7a63a72104f8","https://openstat.psa.gov.ph/PXWeb/pxweb/en/DB/DB__1E__IE/0081E3AIES0.px"
"LAGUNA","First Decile","Average Savings  (in thousand pesos)","14.88","","2026-08-03T09-38-59-7a63a72104f8","https://openstat.psa.gov.ph/PXWeb/pxweb/en/DB/DB__1E__IE/0081E3AIES0.px"
"LAGUNA","Second Decile","Average Income   (in thousand pesos)","232.52","","2026-08-03T09-38-59-7a63a72104f8","https://openstat.psa.gov.ph/PXWeb/pxweb/en/DB/DB__1E__IE/0081E3AIES0.px"
"LAGUNA","Second Decile","Average Expenditure  (in thousand pesos)","204.87","","2026-08-03T09-38-59-7a63a72104f8","https://openstat.psa.gov.ph/PXWeb/pxweb/en/DB/DB__1E__IE/0081E3AIES0.px"
"LAGUNA","Second Decile","Average Savings  (in thousand pesos)","27.65","","2026-08-03T09-38-59-7a63a72104f8","https://openstat.psa.gov.ph/PXWeb/pxweb/en/DB/DB__1E__IE/0081E3AIES0.px"
"LAGUNA","Third Decile","Average Income   (in thousand pesos)","254.18","","2026-08-03T09-38-59-7a63a72104f8","https://openstat.psa.gov.ph/PXWeb/pxweb/en/DB/DB__1E__IE/0081E3AIES0.px"
"LAGUNA","Third Decile","Average Expenditure  (in thousand pesos)","220.22","","2026-08-03T09-38-59-7a63a72104f8","https://openstat.psa.gov.ph/PXWeb/pxweb/en/DB/DB__1E__IE/0081E3AIES0.px"
"LAGUNA","Third Decile","Average Savings  (in thousand pesos)","33.96","","2026-08-03T09-38-59-7a63a72104f8","https://openstat.psa.gov.ph/PXWeb/pxweb/en/DB/DB__1E__IE/0081E3AIES0.px"
"LAGUNA","Fourth Decile","Average Income   (in thousand pesos)","293.18","","2026-08-03T09-38-59-7a63a72104f8","https://openstat.psa.gov.ph/PXWeb/pxweb/en/DB/DB__1E__IE/0081E3AIES0.px"
"LAGUNA","Fourth Decile","Average Expenditure  (in thousand pesos)","239.68","","2026-08-03T09-38-59-7a63a72104f8","https://openstat.psa.gov.ph/PXWeb/pxweb/en/DB/DB__1E__IE/0081E3AIES0.px"
"LAGUNA","Fourth Decile","Average Savings  (in thousand pesos)","53.5","","2026-08-03T09-38-59-7a63a72104f8","https://openstat.psa.gov.ph/PXWeb/pxweb/en/DB/DB__1E__IE/0081E3AIES0.px"
"LAGUNA","Fifth Decile","Average Income   (in thousand pesos)","317.4","","2026-08-03T09-38-59-7a63a72104f8","https://openstat.psa.gov.ph/PXWeb/pxweb/en/DB/DB__1E__IE/0081E3AIES0.px"
"LAGUNA","Fifth Decile","Average Expenditure  (in thousand pesos)","257.98","","2026-08-03T09-38-59-7a63a72104f8","https://openstat.psa.gov.ph/PXWeb/pxweb/en/DB/DB__1E__IE/0081E3AIES0.px"
"LAGUNA","Fifth Decile","Average Savings  (in thousand pesos)","59.42","","2026-08-03T09-38-59-7a63a72104f8","https://openstat.psa.gov.ph/PXWeb/pxweb/en/DB/DB__1E__IE/0081E3AIES0.px"
"LAGUNA","Sixth Decile","Average Income   (in thousand pesos)","379.68","","2026-08-03T09-38-59-7a63a72104f8","https://openstat.psa.gov.ph/PXWeb/pxweb/en/DB/DB__1E__IE/0081E3AIES0.px"
"LAGUNA","Sixth Decile","Average Expenditure  (in thousand pesos)","295.6","","2026-08-03T09-38-59-7a63a72104f8","https://openstat.psa.gov.ph/PXWeb/pxweb/en/DB/DB__1E__IE/0081E3AIES0.px"
"LAGUNA","Sixth Decile","Average Savings  (in thousand pesos)","84.08","","2026-08-03T09-38-59-7a63a72104f8","https://openstat.psa.gov.ph/PXWeb/pxweb/en/DB/DB__1E__IE/0081E3AIES0.px"
"LAGUNA","Seventh Decile","Average Income   (in thousand pesos)","386.87","","2026-08-03T09-38-59-7a63a72104f8","https://openstat.psa.gov.ph/PXWeb/pxweb/en/DB/DB__1E__IE/0081E3AIES0.px"
"LAGUNA","Seventh Decile","Average Expenditure  (in thousand pesos)","296.33","","2026-08-03T09-38-59-7a63a72104f8","https://openstat.psa.gov.ph/PXWeb/pxweb/en/DB/DB__1E__IE/0081E3AIES0.px"
"LAGUNA","Seventh Decile","Average Savings  (in thousand pesos)","90.54","","2026-08-03T09-38-59-7a63a72104f8","https://openstat.psa.gov.ph/PXWeb/pxweb/en/DB/DB__1E__IE/0081E3AIES0.px"
"LAGUNA","Eighth Decile","Average Income   (in thousand pesos)","457.27","","2026-08-03T09-38-59-7a63a72104f8","https://openstat.psa.gov.ph/PXWeb/pxweb/en/DB/DB__1E__IE/0081E3AIES0.px"
"LAGUNA","Eighth Decile","Average Expenditure  (in thousand pesos)","332.69","","2026-08-03T09-38-59-7a63a72104f8","https://openstat.psa.gov.ph/PXWeb/pxweb/en/DB/DB__1E__IE/0081E3AIES0.px"
"LAGUNA","Eighth Decile","Average Savings  (in thousand pesos)","124.58","","2026-08-03T09-38-59-7a63a72104f8","https://openstat.psa.gov.ph/PXWeb/pxweb/en/DB/DB__1E__IE/0081E3AIES0.px"
"LAGUNA","Ninth Decile","Average Income   (in thousand pesos)","521.58","","2026-08-03T09-38-59-7a63a72104f8","https://openstat.psa.gov.ph/PXWeb/pxweb/en/DB/DB__1E__IE/0081E3AIES0.px"
"LAGUNA","Ninth Decile","Average Expenditure  (in thousand pesos)","379.68","","2026-08-03T09-38-59-7a63a72104f8","https://openstat.psa.gov.ph/PXWeb/pxweb/en/DB/DB__1E__IE/0081E3AIES0.px"
"LAGUNA","Ninth Decile","Average Savings  (in thousand pesos)","141.9","","2026-08-03T09-38-59-7a63a72104f8","https://openstat.psa.gov.ph/PXWeb/pxweb/en/DB/DB__1E__IE/0081E3AIES0.px"
"LAGUNA","Tenth Decile","Average Income   (in thousand pesos)","911.42","","2026-08-03T09-38-59-7a63a72104f8","https://openstat.psa.gov.ph/PXWeb/pxweb/en/DB/DB__1E__IE/0081E3AIES0.px"
"LAGUNA","Tenth Decile","Average Expenditure  (in thousand pesos)","567.7","","2026-08-03T09-38-59-7a63a72104f8","https://openstat.psa.gov.ph/PXWeb/pxweb/en/DB/DB__1E__IE/0081E3AIES0.px"
"LAGUNA","Tenth Decile","Average Savings  (in thousand pesos)","343.72","","2026-08-03T09-38-59-7a63a72104f8","https://openstat.psa.gov.ph/PXWeb/pxweb/en/DB/DB__1E__IE/0081E3AIES0.px"
"QUEZON (Excluding City of Lucena)","All Income Groups","Average Income   (in thousand pesos)","220.24","","2026-08-03T09-38-59-7a63a72104f8","https://openstat.psa.gov.ph/PXWeb/pxweb/en/DB/DB__1E__IE/0081E3AIES0.px"
"QUEZON (Excluding City of Lucena)","All Income Groups","Average Expenditure  (in thousand pesos)","193.48","","2026-08-03T09-38-59-7a63a72104f8","https://openstat.psa.gov.ph/PXWeb/pxweb/en/DB/DB__1E__IE/0081E3AIES0.px"
"QUEZON (Excluding City of Lucena)","All Income Groups","Average Savings  (in thousand pesos)","26.76","","2026-08-03T09-38-59-7a63a72104f8","https://openstat.psa.gov.ph/PXWeb/pxweb/en/DB/DB__1E__IE/0081E3AIES0.px"
"QUEZON (Excluding City of Lucena)","First Decile","Average Income   (in thousand pesos)","130.23","","2026-08-03T09-38-59-7a63a72104f8","https://openstat.psa.gov.ph/PXWeb/pxweb/en/DB/DB__1E__IE/0081E3AIES0.px"
"QUEZON (Excluding City of Lucena)","First Decile","Average Expenditure  (in thousand pesos)","133.11","","2026-08-03T09-38-59-7a63a72104f8","https://openstat.psa.gov.ph/PXWeb/pxweb/en/DB/DB__1E__IE/0081E3AIES0.px"
"QUEZON (Excluding City of Lucena)","First Decile","Average Savings  (in thousand pesos)","-2.88","","2026-08-03T09-38-59-7a63a72104f8","https://openstat.psa.gov.ph/PXWeb/pxweb/en/DB/DB__1E__IE/0081E3AIES0.px"
"QUEZON (Excluding City of Lucena)","Second Decile","Average Income   (in thousand pesos)","149.76","","2026-08-03T09-38-59-7a63a72104f8","https://openstat.psa.gov.ph/PXWeb/pxweb/en/DB/DB__1E__IE/0081E3AIES0.px"
"QUEZON (Excluding City of Lucena)","Second Decile","Average Expenditure  (in thousand pesos)","146.94","","2026-08-03T09-38-59-7a63a72104f8","https://openstat.psa.gov.ph/PXWeb/pxweb/en/DB/DB__1E__IE/0081E3AIES0.px"
"QUEZON (Excluding City of Lucena)","Second Decile","Average Savings  (in thousand pesos)","2.83","","2026-08-03T09-38-59-7a63a72104f8","https://openstat.psa.gov.ph/PXWeb/pxweb/en/DB/DB__1E__IE/0081E3AIES0.px"
"QUEZON (Excluding City of Lucena)","Third Decile","Average Income   (in thousand pesos)","155.23","","2026-08-03T09-38-59-7a63a72104f8","https://openstat.psa.gov.ph/PXWeb/pxweb/en/DB/DB__1E__IE/0081E3AIES0.px"
"QUEZON (Excluding City of Lucena)","Third Decile","Average Expenditure  (in thousand pesos)","147.94","","2026-08-03T09-38-59-7a63a72104f8","https://openstat.psa.gov.ph/PXWeb/pxweb/en/DB/DB__1E__IE/0081E3AIES0.px"
"QUEZON (Excluding City of Lucena)","Third Decile","Average Savings  (in thousand pesos)","7.29","","2026-08-03T09-38-59-7a63a72104f8","https://openstat.psa.gov.ph/PXWeb/pxweb/en/DB/DB__1E__IE/0081E3AIES0.px"
"QUEZON (Excluding City of Lucena)","Fourth Decile","Average Income   (in thousand pesos)","169.96","","2026-08-03T09-38-59-7a63a72104f8","https://openstat.psa.gov.ph/PXWeb/pxweb/en/DB/DB__1E__IE/0081E3AIES0.px"
"QUEZON (Excluding City of Lucena)","Fourth Decile","Average Expenditure  (in thousand pesos)","157.72","","2026-08-03T09-38-59-7a63a72104f8","https://openstat.psa.gov.ph/PXWeb/pxweb/en/DB/DB__1E__IE/0081E3AIES0.px"
"QUEZON (Excluding City of Lucena)","Fourth Decile","Average Savings  (in thousand pesos)","12.24","","2026-08-03T09-38-59-7a63a72104f8","https://openstat.psa.gov.ph/PXWeb/pxweb/en/DB/DB__1E__IE/0081E3AIES0.px"
"QUEZON (Excluding City of Lucena)","Fifth Decile","Average Income   (in thousand pesos)","171.21","","2026-08-03T09-38-59-7a63a72104f8","https://openstat.psa.gov.ph/PXWeb/pxweb/en/DB/DB__1E__IE/0081E3AIES0.px"
"QUEZON (Excluding City of Lucena)","Fifth Decile","Average Expenditure  (in thousand pesos)","160.84","","2026-08-03T09-38-59-7a63a72104f8","https://openstat.psa.gov.ph/PXWeb/pxweb/en/DB/DB__1E__IE/0081E3AIES0.px"
"QUEZON (Excluding City of Lucena)","Fifth Decile","Average Savings  (in thousand pesos)","10.36","","2026-08-03T09-38-59-7a63a72104f8","https://openstat.psa.gov.ph/PXWeb/pxweb/en/DB/DB__1E__IE/0081E3AIES0.px"
"QUEZON (Excluding City of Lucena)","Sixth Decile","Average Income   (in thousand pesos)","184.3","","2026-08-03T09-38-59-7a63a72104f8","https://openstat.psa.gov.ph/PXWeb/pxweb/en/DB/DB__1E__IE/0081E3AIES0.px"
"QUEZON (Excluding City of Lucena)","Sixth Decile","Average Expenditure  (in thousand pesos)","169.19","","2026-08-03T09-38-59-7a63a72104f8","https://openstat.psa.gov.ph/PXWeb/pxweb/en/DB/DB__1E__IE/0081E3AIES0.px"
"QUEZON (Excluding City of Lucena)","Sixth Decile","Average Savings  (in thousand pesos)","15.11","","2026-08-03T09-38-59-7a63a72104f8","https://openstat.psa.gov.ph/PXWeb/pxweb/en/DB/DB__1E__IE/0081E3AIES0.px"
"QUEZON (Excluding City of Lucena)","Seventh Decile","Average Income   (in thousand pesos)","209.33","","2026-08-03T09-38-59-7a63a72104f8","https://openstat.psa.gov.ph/PXWeb/pxweb/en/DB/DB__1E__IE/0081E3AIES0.px"
"QUEZON (Excluding City of Lucena)","Seventh Decile","Average Expenditure  (in thousand pesos)","186.85","","2026-08-03T09-38-59-7a63a72104f8","https://openstat.psa.gov.ph/PXWeb/pxweb/en/DB/DB__1E__IE/0081E3AIES0.px"
"QUEZON (Excluding City of Lucena)","Seventh Decile","Average Savings  (in thousand pesos)","22.48","","2026-08-03T09-38-59-7a63a72104f8","https://openstat.psa.gov.ph/PXWeb/pxweb/en/DB/DB__1E__IE/0081E3AIES0.px"
"QUEZON (Excluding City of Lucena)","Eighth Decile","Average Income   (in thousand pesos)","245.14","","2026-08-03T09-38-59-7a63a72104f8","https://openstat.psa.gov.ph/PXWeb/pxweb/en/DB/DB__1E__IE/0081E3AIES0.px"
"QUEZON (Excluding City of Lucena)","Eighth Decile","Average Expenditure  (in thousand pesos)","215.89","","2026-08-03T09-38-59-7a63a72104f8","https://openstat.psa.gov.ph/PXWeb/pxweb/en/DB/DB__1E__IE/0081E3AIES0.px"
"QUEZON (Excluding City of Lucena)","Eighth Decile","Average Savings  (in thousand pesos)","29.25","","2026-08-03T09-38-59-7a63a72104f8","https://openstat.psa.gov.ph/PXWeb/pxweb/en/DB/DB__1E__IE/0081E3AIES0.px"
"QUEZON (Excluding City of Lucena)","Ninth Decile","Average Income   (in thousand pesos)","266.49","","2026-08-03T09-38-59-7a63a72104f8","https://openstat.psa.gov.ph/PXWeb/pxweb/en/DB/DB__1E__IE/0081E3AIES0.px"
"QUEZON (Excluding City of Lucena)","Ninth Decile","Average Expenditure  (in thousand pesos)","225.56","","2026-08-03T09-38-59-7a63a72104f8","https://openstat.psa.gov.ph/PXWeb/pxweb/en/DB/DB__1E__IE/0081E3AIES0.px"
"QUEZON (Excluding City of Lucena)","Ninth Decile","Average Savings  (in thousand pesos)","40.93","","2026-08-03T09-38-59-7a63a72104f8","https://openstat.psa.gov.ph/PXWeb/pxweb/en/DB/DB__1E__IE/0081E3AIES0.px"
"QUEZON (Excluding City of Lucena)","Tenth Decile","Average Income   (in thousand pesos)","519.75","","2026-08-03T09-38-59-7a63a72104f8","https://openstat.psa.gov.ph/PXWeb/pxweb/en/DB/DB__1E__IE/0081E3AIES0.px"
"QUEZON (Excluding City of Lucena)","Tenth Decile","Average Expenditure  (in thousand pesos)","390.07","","2026-08-03T09-38-59-7a63a72104f8","https://openstat.psa.gov.ph/PXWeb/pxweb/en/DB/DB__1E__IE/0081E3AIES0.px"
"QUEZON (Excluding City of Lucena)","Tenth Decile","Average Savings  (in thousand pesos)","129.68","","2026-08-03T09-38-59-7a63a72104f8","https://openstat.psa.gov.ph/PXWeb/pxweb/en/DB/DB__1E__IE/0081E3AIES0.px"
"..City of Lucena","All Income Groups","Average Income   (in thousand pesos)","322.57","","2026-08-03T09-38-59-7a63a72104f8","https://openstat.psa.gov.ph/PXWeb/pxweb/en/DB/DB__1E__IE/0081E3AIES0.px"
"..City of Lucena","All Income Groups","Average Expenditure  (in thousand pesos)","268.01","","2026-08-03T09-38-59-7a63a72104f8","https://openstat.psa.gov.ph/PXWeb/pxweb/en/DB/DB__1E__IE/0081E3AIES0.px"
"..City of Lucena","All Income Groups","Average Savings  (in thousand pesos)","54.57","","2026-08-03T09-38-59-7a63a72104f8","https://openstat.psa.gov.ph/PXWeb/pxweb/en/DB/DB__1E__IE/0081E3AIES0.px"
"..City of Lucena","First Decile","Average Income   (in thousand pesos)","181.46","","2026-08-03T09-38-59-7a63a72104f8","https://openstat.psa.gov.ph/PXWeb/pxweb/en/DB/DB__1E__IE/0081E3AIES0.px"
"..City of Lucena","First Decile","Average Expenditure  (in thousand pesos)","181.93","","2026-08-03T09-38-59-7a63a72104f8","https://openstat.psa.gov.ph/PXWeb/pxweb/en/DB/DB__1E__IE/0081E3AIES0.px"
"..City of Lucena","First Decile","Average Savings  (in thousand pesos)","-0.47","","2026-08-03T09-38-59-7a63a72104f8","https://openstat.psa.gov.ph/PXWeb/pxweb/en/DB/DB__1E__IE/0081E3AIES0.px"
"..City of Lucena","Second Decile","Average Income   (in thousand pesos)","213.63","","2026-08-03T09-38-59-7a63a72104f8","https://openstat.psa.gov.ph/PXWeb/pxweb/en/DB/DB__1E__IE/0081E3AIES0.px"
"..City of Lucena","Second Decile","Average Expenditure  (in thousand pesos)","203.4","","2026-08-03T09-38-59-7a63a72104f8","https://openstat.psa.gov.ph/PXWeb/pxweb/en/DB/DB__1E__IE/0081E3AIES0.px"
"..City of Lucena","Second Decile","Average Savings  (in thousand pesos)","10.22","","2026-08-03T09-38-59-7a63a72104f8","https://openstat.psa.gov.ph/PXWeb/pxweb/en/DB/DB__1E__IE/0081E3AIES0.px"
"..City of Lucena","Third Decile","Average Income   (in thousand pesos)","227.07","","2026-08-03T09-38-59-7a63a72104f8","https://openstat.psa.gov.ph/PXWeb/pxweb/en/DB/DB__1E__IE/0081E3AIES0.px"
"..City of Lucena","Third Decile","Average Expenditure  (in thousand pesos)","210.82","","2026-08-03T09-38-59-7a63a72104f8","https://openstat.psa.gov.ph/PXWeb/pxweb/en/DB/DB__1E__IE/0081E3AIES0.px"
"..City of Lucena","Third Decile","Average Savings  (in thousand pesos)","16.25","","2026-08-03T09-38-59-7a63a72104f8","https://openstat.psa.gov.ph/PXWeb/pxweb/en/DB/DB__1E__IE/0081E3AIES0.px"
"..City of Lucena","Fourth Decile","Average Income   (in thousand pesos)","247.36","","2026-08-03T09-38-59-7a63a72104f8","https://openstat.psa.gov.ph/PXWeb/pxweb/en/DB/DB__1E__IE/0081E3AIES0.px"
"..City of Lucena","Fourth Decile","Average Expenditure  (in thousand pesos)","227.6","","2026-08-03T09-38-59-7a63a72104f8","https://openstat.psa.gov.ph/PXWeb/pxweb/en/DB/DB__1E__IE/0081E3AIES0.px"
"..City of Lucena","Fourth Decile","Average Savings  (in thousand pesos)","19.76","","2026-08-03T09-38-59-7a63a72104f8","https://openstat.psa.gov.ph/PXWeb/pxweb/en/DB/DB__1E__IE/0081E3AIES0.px"
"..City of Lucena","Fifth Decile","Average Income   (in thousand pesos)","274.66","","2026-08-03T09-38-59-7a63a72104f8","https://openstat.psa.gov.ph/PXWeb/pxweb/en/DB/DB__1E__IE/0081E3AIES0.px"
"..City of Lucena","Fifth Decile","Average Expenditure  (in thousand pesos)","243.08","","2026-08-03T09-38-59-7a63a72104f8","https://openstat.psa.gov.ph/PXWeb/pxweb/en/DB/DB__1E__IE/0081E3AIES0.px"
"..City of Lucena","Fifth Decile","Average Savings  (in thousand pesos)","31.58","","2026-08-03T09-38-59-7a63a72104f8","https://openstat.psa.gov.ph/PXWeb/pxweb/en/DB/DB__1E__IE/0081E3AIES0.px"
"..City of Lucena","Sixth Decile","Average Income   (in thousand pesos)","297.79","","2026-08-03T09-38-59-7a63a72104f8","https://openstat.psa.gov.ph/PXWeb/pxweb/en/DB/DB__1E__IE/0081E3AIES0.px"
"..City of Lucena","Sixth Decile","Average Expenditure  (in thousand pesos)","254.04","","2026-08-03T09-38-59-7a63a72104f8","https://openstat.psa.gov.ph/PXWeb/pxweb/en/DB/DB__1E__IE/0081E3AIES0.px"
"..City of Lucena","Sixth Decile","Average Savings  (in thousand pesos)","43.75","","2026-08-03T09-38-59-7a63a72104f8","https://openstat.psa.gov.ph/PXWeb/pxweb/en/DB/DB__1E__IE/0081E3AIES0.px"
"..City of Lucena","Seventh Decile","Average Income   (in thousand pesos)","317.71","","2026-08-03T09-38-59-7a63a72104f8","https://openstat.psa.gov.ph/PXWeb/pxweb/en/DB/DB__1E__IE/0081E3AIES0.px"
"..City of Lucena","Seventh Decile","Average Expenditure  (in thousand pesos)","264.39","","2026-08-03T09-38-59-7a63a72104f8","https://openstat.psa.gov.ph/PXWeb/pxweb/en/DB/DB__1E__IE/0081E3AIES0.px"
"..City of Lucena","Seventh Decile","Average Savings  (in thousand pesos)","53.32","","2026-08-03T09-38-59-7a63a72104f8","https://openstat.psa.gov.ph/PXWeb/pxweb/en/DB/DB__1E__IE/0081E3AIES0.px"
"..City of Lucena","Eighth Decile","Average Income   (in thousand pesos)","332.02","","2026-08-03T09-38-59-7a63a72104f8","https://openstat.psa.gov.ph/PXWeb/pxweb/en/DB/DB__1E__IE/0081E3AIES0.px"
"..City of Lucena","Eighth Decile","Average Expenditure  (in thousand pesos)","269.89","","2026-08-03T09-38-59-7a63a72104f8","https://openstat.psa.gov.ph/PXWeb/pxweb/en/DB/DB__1E__IE/0081E3AIES0.px"
"..City of Lucena","Eighth Decile","Average Savings  (in thousand pesos)","62.13","","2026-08-03T09-38-59-7a63a72104f8","https://openstat.psa.gov.ph/PXWeb/pxweb/en/DB/DB__1E__IE/0081E3AIES0.px"
"..City of Lucena","Ninth Decile","Average Income   (in thousand pesos)","446.01","","2026-08-03T09-38-59-7a63a72104f8","https://openstat.psa.gov.ph/PXWeb/pxweb/en/DB/DB__1E__IE/0081E3AIES0.px"
"..City of Lucena","Ninth Decile","Average Expenditure  (in thousand pesos)","356.3","","2026-08-03T09-38-59-7a63a72104f8","https://openstat.psa.gov.ph/PXWeb/pxweb/en/DB/DB__1E__IE/0081E3AIES0.px"
"..City of Lucena","Ninth Decile","Average Savings  (in thousand pesos)","89.71","","2026-08-03T09-38-59-7a63a72104f8","https://openstat.psa.gov.ph/PXWeb/pxweb/en/DB/DB__1E__IE/0081E3AIES0.px"
"..City of Lucena","Tenth Decile","Average Income   (in thousand pesos)","685.53","","2026-08-03T09-38-59-7a63a72104f8","https://openstat.psa.gov.ph/PXWeb/pxweb/en/DB/DB__1E__IE/0081E3AIES0.px"
"..City of Lucena","Tenth Decile","Average Expenditure  (in thousand pesos)","467.09","","2026-08-03T09-38-59-7a63a72104f8","https://openstat.psa.gov.ph/PXWeb/pxweb/en/DB/DB__1E__IE/0081E3AIES0.px"
"..City of Lucena","Tenth Decile","Average Savings  (in thousand pesos)","218.44","","2026-08-03T09-38-59-7a63a72104f8","https://openstat.psa.gov.ph/PXWeb/pxweb/en/DB/DB__1E__IE/0081E3AIES0.px"
"RIZAL","All Income Groups","Average Income   (in thousand pesos)","451.03","","2026-08-03T09-38-59-7a63a72104f8","https://openstat.psa.gov.ph/PXWeb/pxweb/en/DB/DB__1E__IE/0081E3AIES0.px"
"RIZAL","All Income Groups","Average Expenditure  (in thousand pesos)","329.2","","2026-08-03T09-38-59-7a63a72104f8","https://openstat.psa.gov.ph/PXWeb/pxweb/en/DB/DB__1E__IE/0081E3AIES0.px"
"RIZAL","All Income Groups","Average Savings  (in thousand pesos)","121.82","","2026-08-03T09-38-59-7a63a72104f8","https://openstat.psa.gov.ph/PXWeb/pxweb/en/DB/DB__1E__IE/0081E3AIES0.px"
"RIZAL","First Decile","Average Income   (in thousand pesos)","193.44","","2026-08-03T09-38-59-7a63a72104f8","https://openstat.psa.gov.ph/PXWeb/pxweb/en/DB/DB__1E__IE/0081E3AIES0.px"
"RIZAL","First Decile","Average Expenditure  (in thousand pesos)","173.62","","2026-08-03T09-38-59-7a63a72104f8","https://openstat.psa.gov.ph/PXWeb/pxweb/en/DB/DB__1E__IE/0081E3AIES0.px"
"RIZAL","First Decile","Average Savings  (in thousand pesos)","19.82","","2026-08-03T09-38-59-7a63a72104f8","https://openstat.psa.gov.ph/PXWeb/pxweb/en/DB/DB__1E__IE/0081E3AIES0.px"
"RIZAL","Second Decile","Average Income   (in thousand pesos)","239.4","","2026-08-03T09-38-59-7a63a72104f8","https://openstat.psa.gov.ph/PXWeb/pxweb/en/DB/DB__1E__IE/0081E3AIES0.px"
"RIZAL","Second Decile","Average Expenditure  (in thousand pesos)","210.28","","2026-08-03T09-38-59-7a63a72104f8","https://openstat.psa.gov.ph/PXWeb/pxweb/en/DB/DB__1E__IE/0081E3AIES0.px"
"RIZAL","Second Decile","Average Savings  (in thousand pesos)","29.12","","2026-08-03T09-38-59-7a63a72104f8","https://openstat.psa.gov.ph/PXWeb/pxweb/en/DB/DB__1E__IE/0081E3AIES0.px"
"RIZAL","Third Decile","Average Income   (in thousand pesos)","275.68","","2026-08-03T09-38-59-7a63a72104f8","https://openstat.psa.gov.ph/PXWeb/pxweb/en/DB/DB__1E__IE/0081E3AIES0.px"
"RIZAL","Third Decile","Average Expenditure  (in thousand pesos)","230.02","","2026-08-03T09-38-59-7a63a72104f8","https://openstat.psa.gov.ph/PXWeb/pxweb/en/DB/DB__1E__IE/0081E3AIES0.px"
"RIZAL","Third Decile","Average Savings  (in thousand pesos)","45.66","","2026-08-03T09-38-59-7a63a72104f8","https://openstat.psa.gov.ph/PXWeb/pxweb/en/DB/DB__1E__IE/0081E3AIES0.px"
"RIZAL","Fourth Decile","Average Income   (in thousand pesos)","311.76","","2026-08-03T09-38-59-7a63a72104f8","https://openstat.psa.gov.ph/PXWeb/pxweb/en/DB/DB__1E__IE/0081E3AIES0.px"
"RIZAL","Fourth Decile","Average Expenditure  (in thousand pesos)","251.4","","2026-08-03T09-38-59-7a63a72104f8","https://openstat.psa.gov.ph/PXWeb/pxweb/en/DB/DB__1E__IE/0081E3AIES0.px"
"RIZAL","Fourth Decile","Average Savings  (in thousand pesos)","60.36","","2026-08-03T09-38-59-7a63a72104f8","https://openstat.psa.gov.ph/PXWeb/pxweb/en/DB/DB__1E__IE/0081E3AIES0.px"
"RIZAL","Fifth Decile","Average Income   (in thousand pesos)","322.71","","2026-08-03T09-38-59-7a63a72104f8","https://openstat.psa.gov.ph/PXWeb/pxweb/en/DB/DB__1E__IE/0081E3AIES0.px"
"RIZAL","Fifth Decile","Average Expenditure  (in thousand pesos)","259.33","","2026-08-03T09-38-59-7a63a72104f8","https://openstat.psa.gov.ph/PXWeb/pxweb/en/DB/DB__1E__IE/0081E3AIES0.px"
"RIZAL","Fifth Decile","Average Savings  (in thousand pesos)","63.38","","2026-08-03T09-38-59-7a63a72104f8","https://openstat.psa.gov.ph/PXWeb/pxweb/en/DB/DB__1E__IE/0081E3AIES0.px"
"RIZAL","Sixth Decile","Average Income   (in thousand pesos)","364.98","","2026-08-03T09-38-59-7a63a72104f8","https://openstat.psa.gov.ph/PXWeb/pxweb/en/DB/DB__1E__IE/0081E3AIES0.px"
"RIZAL","Sixth Decile","Average Expenditure  (in thousand pesos)","289.87","","2026-08-03T09-38-59-7a63a72104f8","https://openstat.psa.gov.ph/PXWeb/pxweb/en/DB/DB__1E__IE/0081E3AIES0.px"
"RIZAL","Sixth Decile","Average Savings  (in thousand pesos)","75.1","","2026-08-03T09-38-59-7a63a72104f8","https://openstat.psa.gov.ph/PXWeb/pxweb/en/DB/DB__1E__IE/0081E3AIES0.px"
"RIZAL","Seventh Decile","Average Income   (in thousand pesos)","460.14","","2026-08-03T09-38-59-7a63a72104f8","https://openstat.psa.gov.ph/PXWeb/pxweb/en/DB/DB__1E__IE/0081E3AIES0.px"
"RIZAL","Seventh Decile","Average Expenditure  (in thousand pesos)","345.78","","2026-08-03T09-38-59-7a63a72104f8","https://openstat.psa.gov.ph/PXWeb/pxweb/en/DB/DB__1E__IE/0081E3AIES0.px"
"RIZAL","Seventh Decile","Average Savings  (in thousand pesos)","114.36","","2026-08-03T09-38-59-7a63a72104f8","https://openstat.psa.gov.ph/PXWeb/pxweb/en/DB/DB__1E__IE/0081E3AIES0.px"
"RIZAL","Eighth Decile","Average Income   (in thousand pesos)","509.05","","2026-08-03T09-38-59-7a63a72104f8","https://openstat.psa.gov.ph/PXWeb/pxweb/en/DB/DB__1E__IE/0081E3AIES0.px"
"RIZAL","Eighth Decile","Average Expenditure  (in thousand pesos)","373.32","","2026-08-03T09-38-59-7a63a72104f8","https://openstat.psa.gov.ph/PXWeb/pxweb/en/DB/DB__1E__IE/0081E3AIES0.px"
"RIZAL","Eighth Decile","Average Savings  (in thousand pesos)","135.73","","2026-08-03T09-38-59-7a63a72104f8","https://openstat.psa.gov.ph/PXWeb/pxweb/en/DB/DB__1E__IE/0081E3AIES0.px"
"RIZAL","Ninth Decile","Average Income   (in thousand pesos)","599.84","","2026-08-03T09-38-59-7a63a72104f8","https://openstat.psa.gov.ph/PXWeb/pxweb/en/DB/DB__1E__IE/0081E3AIES0.px"
"RIZAL","Ninth Decile","Average Expenditure  (in thousand pesos)","425.26","","2026-08-03T09-38-59-7a63a72104f8","https://openstat.psa.gov.ph/PXWeb/pxweb/en/DB/DB__1E__IE/0081E3AIES0.px"
"RIZAL","Ninth Decile","Average Savings  (in thousand pesos)","174.58","","2026-08-03T09-38-59-7a63a72104f8","https://openstat.psa.gov.ph/PXWeb/pxweb/en/DB/DB__1E__IE/0081E3AIES0.px"
"RIZAL","Tenth Decile","Average Income   (in thousand pesos)","1230.31","","2026-08-03T09-38-59-7a63a72104f8","https://openstat.psa.gov.ph/PXWeb/pxweb/en/DB/DB__1E__IE/0081E3AIES0.px"
"RIZAL","Tenth Decile","Average Expenditure  (in thousand pesos)","731.56","","2026-08-03T09-38-59-7a63a72104f8","https://openstat.psa.gov.ph/PXWeb/pxweb/en/DB/DB__1E__IE/0081E3AIES0.px"
"RIZAL","Tenth Decile","Average Savings  (in thousand pesos)","498.76","","2026-08-03T09-38-59-7a63a72104f8","https://openstat.psa.gov.ph/PXWeb/pxweb/en/DB/DB__1E__IE/0081E3AIES0.px"
"MIMAROPA REGION","All Income Groups","Average Income   (in thousand pesos)","238.29","","2026-08-03T09-38-59-7a63a72104f8","https://openstat.psa.gov.ph/PXWeb/pxweb/en/DB/DB__1E__IE/0081E3AIES0.px"
"MIMAROPA REGION","All Income Groups","Average Expenditure  (in thousand pesos)","169.14","","2026-08-03T09-38-59-7a63a72104f8","https://openstat.psa.gov.ph/PXWeb/pxweb/en/DB/DB__1E__IE/0081E3AIES0.px"
"MIMAROPA REGION","All Income Groups","Average Savings  (in thousand pesos)","69.16","","2026-08-03T09-38-59-7a63a72104f8","https://openstat.psa.gov.ph/PXWeb/pxweb/en/DB/DB__1E__IE/0081E3AIES0.px"
"MIMAROPA REGION","First Decile","Average Income   (in thousand pesos)","103.69","","2026-08-03T09-38-59-7a63a72104f8","https://openstat.psa.gov.ph/PXWeb/pxweb/en/DB/DB__1E__IE/0081E3AIES0.px"
"MIMAROPA REGION","First Decile","Average Expenditure  (in thousand pesos)","91.56","","2026-08-03T09-38-59-7a63a72104f8","https://openstat.psa.gov.ph/PXWeb/pxweb/en/DB/DB__1E__IE/0081E3AIES0.px"
"MIMAROPA REGION","First Decile","Average Savings  (in thousand pesos)","12.14","","2026-08-03T09-38-59-7a63a72104f8","https://openstat.psa.gov.ph/PXWeb/pxweb/en/DB/DB__1E__IE/0081E3AIES0.px"
"MIMAROPA REGION","Second Decile","Average Income   (in thousand pesos)","139.31","","2026-08-03T09-38-59-7a63a72104f8","https://openstat.psa.gov.ph/PXWeb/pxweb/en/DB/DB__1E__IE/0081E3AIES0.px"
"MIMAROPA REGION","Second Decile","Average Expenditure  (in thousand pesos)","118.2","","2026-08-03T09-38-59-7a63a72104f8","https://openstat.psa.gov.ph/PXWeb/pxweb/en/DB/DB__1E__IE/0081E3AIES0.px"
"MIMAROPA REGION","Second Decile","Average Savings  (in thousand pesos)","21.11","","2026-08-03T09-38-59-7a63a72104f8","https://openstat.psa.gov.ph/PXWeb/pxweb/en/DB/DB__1E__IE/0081E3AIES0.px"
"MIMAROPA REGION","Third Decile","Average Income   (in thousand pesos)","145.26","","2026-08-03T09-38-59-7a63a72104f8","https://openstat.psa.gov.ph/PXWeb/pxweb/en/DB/DB__1E__IE/0081E3AIES0.px"
"MIMAROPA REGION","Third Decile","Average Expenditure  (in thousand pesos)","120.65","","2026-08-03T09-38-59-7a63a72104f8","https://openstat.psa.gov.ph/PXWeb/pxweb/en/DB/DB__1E__IE/0081E3AIES0.px"
"MIMAROPA REGION","Third Decile","Average Savings  (in thousand pesos)","24.61","","2026-08-03T09-38-59-7a63a72104f8","https://openstat.psa.gov.ph/PXWeb/pxweb/en/DB/DB__1E__IE/0081E3AIES0.px"
"MIMAROPA REGION","Fourth Decile","Average Income   (in thousand pesos)","153.41","","2026-08-03T09-38-59-7a63a72104f8","https://openstat.psa.gov.ph/PXWeb/pxweb/en/DB/DB__1E__IE/0081E3AIES0.px"
"MIMAROPA REGION","Fourth Decile","Average Expenditure  (in thousand pesos)","122.44","","2026-08-03T09-38-59-7a63a72104f8","https://openstat.psa.gov.ph/PXWeb/pxweb/en/DB/DB__1E__IE/0081E3AIES0.px"
"MIMAROPA REGION","Fourth Decile","Average Savings  (in thousand pesos)","30.97","","2026-08-03T09-38-59-7a63a72104f8","https://openstat.psa.gov.ph/PXWeb/pxweb/en/DB/DB__1E__IE/0081E3AIES0.px"
"MIMAROPA REGION","Fifth Decile","Average Income   (in thousand pesos)","175.21","","2026-08-03T09-38-59-7a63a72104f8","https://openstat.psa.gov.ph/PXWeb/pxweb/en/DB/DB__1E__IE/0081E3AIES0.px"
"MIMAROPA REGION","Fifth Decile","Average Expenditure  (in thousand pesos)","138.7","","2026-08-03T09-38-59-7a63a72104f8","https://openstat.psa.gov.ph/PXWeb/pxweb/en/DB/DB__1E__IE/0081E3AIES0.px"
"MIMAROPA REGION","Fifth Decile","Average Savings  (in thousand pesos)","36.51","","2026-08-03T09-38-59-7a63a72104f8","https://openstat.psa.gov.ph/PXWeb/pxweb/en/DB/DB__1E__IE/0081E3AIES0.px"
"MIMAROPA REGION","Sixth Decile","Average Income   (in thousand pesos)","185.74","","2026-08-03T09-38-59-7a63a72104f8","https://openstat.psa.gov.ph/PXWeb/pxweb/en/DB/DB__1E__IE/0081E3AIES0.px"
"MIMAROPA REGION","Sixth Decile","Average Expenditure  (in thousand pesos)","143.24","","2026-08-03T09-38-59-7a63a72104f8","https://openstat.psa.gov.ph/PXWeb/pxweb/en/DB/DB__1E__IE/0081E3AIES0.px"
"MIMAROPA REGION","Sixth Decile","Average Savings  (in thousand pesos)","42.5","","2026-08-03T09-38-59-7a63a72104f8","https://openstat.psa.gov.ph/PXWeb/pxweb/en/DB/DB__1E__IE/0081E3AIES0.px"
"MIMAROPA REGION","Seventh Decile","Average Income   (in thousand pesos)","207.1","","2026-08-03T09-38-59-7a63a72104f8","https://openstat.psa.gov.ph/PXWeb/pxweb/en/DB/DB__1E__IE/0081E3AIES0.px"
"MIMAROPA REGION","Seventh Decile","Average Expenditure  (in thousand pesos)","156.72","","2026-08-03T09-38-59-7a63a72104f8","https://openstat.psa.gov.ph/PXWeb/pxweb/en/DB/DB__1E__IE/0081E3AIES0.px"
"MIMAROPA REGION","Seventh Decile","Average Savings  (in thousand pesos)","50.39","","2026-08-03T09-38-59-7a63a72104f8","https://openstat.psa.gov.ph/PXWeb/pxweb/en/DB/DB__1E__IE/0081E3AIES0.px"
"MIMAROPA REGION","Eighth Decile","Average Income   (in thousand pesos)","249.66","","2026-08-03T09-38-59-7a63a72104f8","https://openstat.psa.gov.ph/PXWeb/pxweb/en/DB/DB__1E__IE/0081E3AIES0.px"
"MIMAROPA REGION","Eighth Decile","Average Expenditure  (in thousand pesos)","179.91","","2026-08-03T09-38-59-7a63a72104f8","https://openstat.psa.gov.ph/PXWeb/pxweb/en/DB/DB__1E__IE/0081E3AIES0.px"
"MIMAROPA REGION","Eighth Decile","Average Savings  (in thousand pesos)","69.75","","2026-08-03T09-38-59-7a63a72104f8","https://openstat.psa.gov.ph/PXWeb/pxweb/en/DB/DB__1E__IE/0081E3AIES0.px"
"MIMAROPA REGION","Ninth Decile","Average Income   (in thousand pesos)","307.26","","2026-08-03T09-38-59-7a63a72104f8","https://openstat.psa.gov.ph/PXWeb/pxweb/en/DB/DB__1E__IE/0081E3AIES0.px"
"MIMAROPA REGION","Ninth Decile","Average Expenditure  (in thousand pesos)","211.74","","2026-08-03T09-38-59-7a63a72104f8","https://openstat.psa.gov.ph/PXWeb/pxweb/en/DB/DB__1E__IE/0081E3AIES0.px"
"MIMAROPA REGION","Ninth Decile","Average Savings  (in thousand pesos)","95.52","","2026-08-03T09-38-59-7a63a72104f8","https://openstat.psa.gov.ph/PXWeb/pxweb/en/DB/DB__1E__IE/0081E3AIES0.px"
"MIMAROPA REGION","Tenth Decile","Average Income   (in thousand pesos)","716.07","","2026-08-03T09-38-59-7a63a72104f8","https://openstat.psa.gov.ph/PXWeb/pxweb/en/DB/DB__1E__IE/0081E3AIES0.px"
"MIMAROPA REGION","Tenth Decile","Average Expenditure  (in thousand pesos)","408.1","","2026-08-03T09-38-59-7a63a72104f8","https://openstat.psa.gov.ph/PXWeb/pxweb/en/DB/DB__1E__IE/0081E3AIES0.px"
"MIMAROPA REGION","Tenth Decile","Average Savings  (in thousand pesos)","307.98","","2026-08-03T09-38-59-7a63a72104f8","https://openstat.psa.gov.ph/PXWeb/pxweb/en/DB/DB__1E__IE/0081E3AIES0.px"
"MARINDUQUE","All Income Groups","Average Income   (in thousand pesos)","250","","2026-08-03T09-38-59-7a63a72104f8","https://openstat.psa.gov.ph/PXWeb/pxweb/en/DB/DB__1E__IE/0081E3AIES0.px"
"MARINDUQUE","All Income Groups","Average Expenditure  (in thousand pesos)","198.64","","2026-08-03T09-38-59-7a63a72104f8","https://openstat.psa.gov.ph/PXWeb/pxweb/en/DB/DB__1E__IE/0081E3AIES0.px"
"MARINDUQUE","All Income Groups","Average Savings  (in thousand pesos)","51.36","","2026-08-03T09-38-59-7a63a72104f8","https://openstat.psa.gov.ph/PXWeb/pxweb/en/DB/DB__1E__IE/0081E3AIES0.px"
"MARINDUQUE","First Decile","Average Income   (in thousand pesos)","138.35","","2026-08-03T09-38-59-7a63a72104f8","https://openstat.psa.gov.ph/PXWeb/pxweb/en/DB/DB__1E__IE/0081E3AIES0.px"
"MARINDUQUE","First Decile","Average Expenditure  (in thousand pesos)","137.59","","2026-08-03T09-38-59-7a63a72104f8","https://openstat.psa.gov.ph/PXWeb/pxweb/en/DB/DB__1E__IE/0081E3AIES0.px"
"MARINDUQUE","First Decile","Average Savings  (in thousand pesos)","0.76","","2026-08-03T09-38-59-7a63a72104f8","https://openstat.psa.gov.ph/PXWeb/pxweb/en/DB/DB__1E__IE/0081E3AIES0.px"
"MARINDUQUE","Second Decile","Average Income   (in thousand pesos)","156.2","","2026-08-03T09-38-59-7a63a72104f8","https://openstat.psa.gov.ph/PXWeb/pxweb/en/DB/DB__1E__IE/0081E3AIES0.px"
"MARINDUQUE","Second Decile","Average Expenditure  (in thousand pesos)","153.26","","2026-08-03T09-38-59-7a63a72104f8","https://openstat.psa.gov.ph/PXWeb/pxweb/en/DB/DB__1E__IE/0081E3AIES0.px"
"MARINDUQUE","Second Decile","Average Savings  (in thousand pesos)","2.94","","2026-08-03T09-38-59-7a63a72104f8","https://openstat.psa.gov.ph/PXWeb/pxweb/en/DB/DB__1E__IE/0081E3AIES0.px"
"MARINDUQUE","Third Decile","Average Income   (in thousand pesos)","167.36","","2026-08-03T09-38-59-7a63a72104f8","https://openstat.psa.gov.ph/PXWeb/pxweb/en/DB/DB__1E__IE/0081E3AIES0.px"
"MARINDUQUE","Third Decile","Average Expenditure  (in thousand pesos)","151.15","","2026-08-03T09-38-59-7a63a72104f8","https://openstat.psa.gov.ph/PXWeb/pxweb/en/DB/DB__1E__IE/0081E3AIES0.px"
"MARINDUQUE","Third Decile","Average Savings  (in thousand pesos)","16.21","","2026-08-03T09-38-59-7a63a72104f8","https://openstat.psa.gov.ph/PXWeb/pxweb/en/DB/DB__1E__IE/0081E3AIES0.px"
"MARINDUQUE","Fourth Decile","Average Income   (in thousand pesos)","186.17","","2026-08-03T09-38-59-7a63a72104f8","https://openstat.psa.gov.ph/PXWeb/pxweb/en/DB/DB__1E__IE/0081E3AIES0.px"
"MARINDUQUE","Fourth Decile","Average Expenditure  (in thousand pesos)","167.08","","2026-08-03T09-38-59-7a63a72104f8","https://openstat.psa.gov.ph/PXWeb/pxweb/en/DB/DB__1E__IE/0081E3AIES0.px"
"MARINDUQUE","Fourth Decile","Average Savings  (in thousand pesos)","19.09","","2026-08-03T09-38-59-7a63a72104f8","https://openstat.psa.gov.ph/PXWeb/pxweb/en/DB/DB__1E__IE/0081E3AIES0.px"
"MARINDUQUE","Fifth Decile","Average Income   (in thousand pesos)","178.92","","2026-08-03T09-38-59-7a63a72104f8","https://openstat.psa.gov.ph/PXWeb/pxweb/en/DB/DB__1E__IE/0081E3AIES0.px"
"MARINDUQUE","Fifth Decile","Average Expenditure  (in thousand pesos)","155.35","","2026-08-03T09-38-59-7a63a72104f8","https://openstat.psa.gov.ph/PXWeb/pxweb/en/DB/DB__1E__IE/0081E3AIES0.px"
"MARINDUQUE","Fifth Decile","Average Savings  (in thousand pesos)","23.57","","2026-08-03T09-38-59-7a63a72104f8","https://openstat.psa.gov.ph/PXWeb/pxweb/en/DB/DB__1E__IE/0081E3AIES0.px"
"MARINDUQUE","Sixth Decile","Average Income   (in thousand pesos)","196","","2026-08-03T09-38-59-7a63a72104f8","https://openstat.psa.gov.ph/PXWeb/pxweb/en/DB/DB__1E__IE/0081E3AIES0.px"
"MARINDUQUE","Sixth Decile","Average Expenditure  (in thousand pesos)","167.46","","2026-08-03T09-38-59-7a63a72104f8","https://openstat.psa.gov.ph/PXWeb/pxweb/en/DB/DB__1E__IE/0081E3AIES0.px"
"MARINDUQUE","Sixth Decile","Average Savings  (in thousand pesos)","28.54","","2026-08-03T09-38-59-7a63a72104f8","https://openstat.psa.gov.ph/PXWeb/pxweb/en/DB/DB__1E__IE/0081E3AIES0.px"
"MARINDUQUE","Seventh Decile","Average Income   (in thousand pesos)","222.57","","2026-08-03T09-38-59-7a63a72104f8","https://openstat.psa.gov.ph/PXWeb/pxweb/en/DB/DB__1E__IE/0081E3AIES0.px"
"MARINDUQUE","Seventh Decile","Average Expenditure  (in thousand pesos)","172.5","","2026-08-03T09-38-59-7a63a72104f8","https://openstat.psa.gov.ph/PXWeb/pxweb/en/DB/DB__1E__IE/0081E3AIES0.px"
"MARINDUQUE","Seventh Decile","Average Savings  (in thousand pesos)","50.08","","2026-08-03T09-38-59-7a63a72104f8","https://openstat.psa.gov.ph/PXWeb/pxweb/en/DB/DB__1E__IE/0081E3AIES0.px"
"MARINDUQUE","Eighth Decile","Average Income   (in thousand pesos)","255.16","","2026-08-03T09-38-59-7a63a72104f8","https://openstat.psa.gov.ph/PXWeb/pxweb/en/DB/DB__1E__IE/0081E3AIES0.px"
"MARINDUQUE","Eighth Decile","Average Expenditure  (in thousand pesos)","197.34","","2026-08-03T09-38-59-7a63a72104f8","https://openstat.psa.gov.ph/PXWeb/pxweb/en/DB/DB__1E__IE/0081E3AIES0.px"
"MARINDUQUE","Eighth Decile","Average Savings  (in thousand pesos)","57.82","","2026-08-03T09-38-59-7a63a72104f8","https://openstat.psa.gov.ph/PXWeb/pxweb/en/DB/DB__1E__IE/0081E3AIES0.px"
"MARINDUQUE","Ninth Decile","Average Income   (in thousand pesos)","325.37","","2026-08-03T09-38-59-7a63a72104f8","https://openstat.psa.gov.ph/PXWeb/pxweb/en/DB/DB__1E__IE/0081E3AIES0.px"
"MARINDUQUE","Ninth Decile","Average Expenditure  (in thousand pesos)","245.76","","2026-08-03T09-38-59-7a63a72104f8","https://openstat.psa.gov.ph/PXWeb/pxweb/en/DB/DB__1E__IE/0081E3AIES0.px"
"MARINDUQUE","Ninth Decile","Average Savings  (in thousand pesos)","79.61","","2026-08-03T09-38-59-7a63a72104f8","https://openstat.psa.gov.ph/PXWeb/pxweb/en/DB/DB__1E__IE/0081E3AIES0.px"
"MARINDUQUE","Tenth Decile","Average Income   (in thousand pesos)","672.64","","2026-08-03T09-38-59-7a63a72104f8","https://openstat.psa.gov.ph/PXWeb/pxweb/en/DB/DB__1E__IE/0081E3AIES0.px"
"MARINDUQUE","Tenth Decile","Average Expenditure  (in thousand pesos)","438.27","","2026-08-03T09-38-59-7a63a72104f8","https://openstat.psa.gov.ph/PXWeb/pxweb/en/DB/DB__1E__IE/0081E3AIES0.px"
"MARINDUQUE","Tenth Decile","Average Savings  (in thousand pesos)","234.37","","2026-08-03T09-38-59-7a63a72104f8","https://openstat.psa.gov.ph/PXWeb/pxweb/en/DB/DB__1E__IE/0081E3AIES0.px"
"OCCIDENTAL MINDORO","All Income Groups","Average Income   (in thousand pesos)","239.9","","2026-08-03T09-38-59-7a63a72104f8","https://openstat.psa.gov.ph/PXWeb/pxweb/en/DB/DB__1E__IE/0081E3AIES0.px"
"OCCIDENTAL MINDORO","All Income Groups","Average Expenditure  (in thousand pesos)","169.53","","2026-08-03T09-38-59-7a63a72104f8","https://openstat.psa.gov.ph/PXWeb/pxweb/en/DB/DB__1E__IE/0081E3AIES0.px"
"OCCIDENTAL MINDORO","All Income Groups","Average Savings  (in thousand pesos)","70.37","","2026-08-03T09-38-59-7a63a72104f8","https://openstat.psa.gov.ph/PXWeb/pxweb/en/DB/DB__1E__IE/0081E3AIES0.px"
"OCCIDENTAL MINDORO","First Decile","Average Income   (in thousand pesos)","87.35","","2026-08-03T09-38-59-7a63a72104f8","https://openstat.psa.gov.ph/PXWeb/pxweb/en/DB/DB__1E__IE/0081E3AIES0.px"
"OCCIDENTAL MINDORO","First Decile","Average Expenditure  (in thousand pesos)","78.44","","2026-08-03T09-38-59-7a63a72104f8","https://openstat.psa.gov.ph/PXWeb/pxweb/en/DB/DB__1E__IE/0081E3AIES0.px"
"OCCIDENTAL MINDORO","First Decile","Average Savings  (in thousand pesos)","8.91","","2026-08-03T09-38-59-7a63a72104f8","https://openstat.psa.gov.ph/PXWeb/pxweb/en/DB/DB__1E__IE/0081E3AIES0.px"
"OCCIDENTAL MINDORO","Second Decile","Average Income   (in thousand pesos)","120.34","","2026-08-03T09-38-59-7a63a72104f8","https://openstat.psa.gov.ph/PXWeb/pxweb/en/DB/DB__1E__IE/0081E3AIES0.px"
"OCCIDENTAL MINDORO","Second Decile","Average Expenditure  (in thousand pesos)","99.16","","2026-08-03T09-38-59-7a63a72104f8","https://openstat.psa.gov.ph/PXWeb/pxweb/en/DB/DB__1E__IE/0081E3AIES0.px"
"OCCIDENTAL MINDORO","Second Decile","Average Savings  (in thousand pesos)","21.17","","2026-08-03T09-38-59-7a63a72104f8","https://openstat.psa.gov.ph/PXWeb/pxweb/en/DB/DB__1E__IE/0081E3AIES0.px"
"OCCIDENTAL MINDORO","Third Decile","Average Income   (in thousand pesos)","144.29","","2026-08-03T09-38-59-7a63a72104f8","https://openstat.psa.gov.ph/PXWeb/pxweb/en/DB/DB__1E__IE/0081E3AIES0.px"
"OCCIDENTAL MINDORO","Third Decile","Average Expenditure  (in thousand pesos)","118.69","","2026-08-03T09-38-59-7a63a72104f8","https://openstat.psa.gov.ph/PXWeb/pxweb/en/DB/DB__1E__IE/0081E3AIES0.px"
"OCCIDENTAL MINDORO","Third Decile","Average Savings  (in thousand pesos)","25.6","","2026-08-03T09-38-59-7a63a72104f8","https://openstat.psa.gov.ph/PXWeb/pxweb/en/DB/DB__1E__IE/0081E3AIES0.px"
"OCCIDENTAL MINDORO","Fourth Decile","Average Income   (in thousand pesos)","150.28","","2026-08-03T09-38-59-7a63a72104f8","https://openstat.psa.gov.ph/PXWeb/pxweb/en/DB/DB__1E__IE/0081E3AIES0.px"
"OCCIDENTAL MINDORO","Fourth Decile","Average Expenditure  (in thousand pesos)","123.2","","2026-08-03T09-38-59-7a63a72104f8","https://openstat.psa.gov.ph/PXWeb/pxweb/en/DB/DB__1E__IE/0081E3AIES0.px"
"OCCIDENTAL MINDORO","Fourth Decile","Average Savings  (in thousand pesos)","27.07","","2026-08-03T09-38-59-7a63a72104f8","https://openstat.psa.gov.ph/PXWeb/pxweb/en/DB/DB__1E__IE/0081E3AIES0.px"
"OCCIDENTAL MINDORO","Fifth Decile","Average Income   (in thousand pesos)","167.1","","2026-08-03T09-38-59-7a63a72104f8","https://openstat.psa.gov.ph/PXWeb/pxweb/en/DB/DB__1E__IE/0081E3AIES0.px"
"OCCIDENTAL MINDORO","Fifth Decile","Average Expenditure  (in thousand pesos)","129.1","","2026-08-03T09-38-59-7a63a72104f8","https://openstat.psa.gov.ph/PXWeb/pxweb/en/DB/DB__1E__IE/0081E3AIES0.px"
"OCCIDENTAL MINDORO","Fifth Decile","Average Savings  (in thousand pesos)","38","","2026-08-03T09-38-59-7a63a72104f8","https://openstat.psa.gov.ph/PXWeb/pxweb/en/DB/DB__1E__IE/0081E3AIES0.px"
"OCCIDENTAL MINDORO","Sixth Decile","Average Income   (in thousand pesos)","171.27","","2026-08-03T09-38-59-7a63a72104f8","https://openstat.psa.gov.ph/PXWeb/pxweb/en/DB/DB__1E__IE/0081E3AIES0.px"
"OCCIDENTAL MINDORO","Sixth Decile","Average Expenditure  (in thousand pesos)","135.56","","2026-08-03T09-38-59-7a63a72104f8","https://openstat.psa.gov.ph/PXWeb/pxweb/en/DB/DB__1E__IE/0081E3AIES0.px"
"OCCIDENTAL MINDORO","Sixth Decile","Average Savings  (in thousand pesos)","35.71","","2026-08-03T09-38-59-7a63a72104f8","https://openstat.psa.gov.ph/PXWeb/pxweb/en/DB/DB__1E__IE/0081E3AIES0.px"
"OCCIDENTAL MINDORO","Seventh Decile","Average Income   (in thousand pesos)","197.85","","2026-08-03T09-38-59-7a63a72104f8","https://openstat.psa.gov.ph/PXWeb/pxweb/en/DB/DB__1E__IE/0081E3AIES0.px"
"OCCIDENTAL MINDORO","Seventh Decile","Average Expenditure  (in thousand pesos)","151.15","","2026-08-03T09-38-59-7a63a72104f8","https://openstat.psa.gov.ph/PXWeb/pxweb/en/DB/DB__1E__IE/0081E3AIES0.px"
"OCCIDENTAL MINDORO","Seventh Decile","Average Savings  (in thousand pesos)","46.7","","2026-08-03T09-38-59-7a63a72104f8","https://openstat.psa.gov.ph/PXWeb/pxweb/en/DB/DB__1E__IE/0081E3AIES0.px"
"OCCIDENTAL MINDORO","Eighth Decile","Average Income   (in thousand pesos)","250.04","","2026-08-03T09-38-59-7a63a72104f8","https://openstat.psa.gov.ph/PXWeb/pxweb/en/DB/DB__1E__IE/0081E3AIES0.px"
"OCCIDENTAL MINDORO","Eighth Decile","Average Expenditure  (in thousand pesos)","182.97","","2026-08-03T09-38-59-7a63a72104f8","https://openstat.psa.gov.ph/PXWeb/pxweb/en/DB/DB__1E__IE/0081E3AIES0.px"
"OCCIDENTAL MINDORO","Eighth Decile","Average Savings  (in thousand pesos)","67.06","","2026-08-03T09-38-59-7a63a72104f8","https://openstat.psa.gov.ph/PXWeb/pxweb/en/DB/DB__1E__IE/0081E3AIES0.px"
"OCCIDENTAL MINDORO","Ninth Decile","Average Income   (in thousand pesos)","333.03","","2026-08-03T09-38-59-7a63a72104f8","https://openstat.psa.gov.ph/PXWeb/pxweb/en/DB/DB__1E__IE/0081E3AIES0.px"
"OCCIDENTAL MINDORO","Ninth Decile","Average Expenditure  (in thousand pesos)","217.59","","2026-08-03T09-38-59-7a63a72104f8","https://openstat.psa.gov.ph/PXWeb/pxweb/en/DB/DB__1E__IE/0081E3AIES0.px"
"OCCIDENTAL MINDORO","Ninth Decile","Average Savings  (in thousand pesos)","115.45","","2026-08-03T09-38-59-7a63a72104f8","https://openstat.psa.gov.ph/PXWeb/pxweb/en/DB/DB__1E__IE/0081E3AIES0.px"
"OCCIDENTAL MINDORO","Tenth Decile","Average Income   (in thousand pesos)","776.74","","2026-08-03T09-38-59-7a63a72104f8","https://openstat.psa.gov.ph/PXWeb/pxweb/en/DB/DB__1E__IE/0081E3AIES0.px"
"OCCIDENTAL MINDORO","Tenth Decile","Average Expenditure  (in thousand pesos)","459.01","","2026-08-03T09-38-59-7a63a72104f8","https://openstat.psa.gov.ph/PXWeb/pxweb/en/DB/DB__1E__IE/0081E3AIES0.px"
"OCCIDENTAL MINDORO","Tenth Decile","Average Savings  (in thousand pesos)","317.72","","2026-08-03T09-38-59-7a63a72104f8","https://openstat.psa.gov.ph/PXWeb/pxweb/en/DB/DB__1E__IE/0081E3AIES0.px"
"ORIENTAL MINDORO","All Income Groups","Average Income   (in thousand pesos)","237.4","","2026-08-03T09-38-59-7a63a72104f8","https://openstat.psa.gov.ph/PXWeb/pxweb/en/DB/DB__1E__IE/0081E3AIES0.px"
"ORIENTAL MINDORO","All Income Groups","Average Expenditure  (in thousand pesos)","176.74","","2026-08-03T09-38-59-7a63a72104f8","https://openstat.psa.gov.ph/PXWeb/pxweb/en/DB/DB__1E__IE/0081E3AIES0.px"
"ORIENTAL MINDORO","All Income Groups","Average Savings  (in thousand pesos)","60.66","","2026-08-03T09-38-59-7a63a72104f8","https://openstat.psa.gov.ph/PXWeb/pxweb/en/DB/DB__1E__IE/0081E3AIES0.px"
"ORIENTAL MINDORO","First Decile","Average Income   (in thousand pesos)","107.46","","2026-08-03T09-38-59-7a63a72104f8","https://openstat.psa.gov.ph/PXWeb/pxweb/en/DB/DB__1E__IE/0081E3AIES0.px"
"ORIENTAL MINDORO","First Decile","Average Expenditure  (in thousand pesos)","96.77","","2026-08-03T09-38-59-7a63a72104f8","https://openstat.psa.gov.ph/PXWeb/pxweb/en/DB/DB__1E__IE/0081E3AIES0.px"
"ORIENTAL MINDORO","First Decile","Average Savings  (in thousand pesos)","10.69","","2026-08-03T09-38-59-7a63a72104f8","https://openstat.psa.gov.ph/PXWeb/pxweb/en/DB/DB__1E__IE/0081E3AIES0.px"
"ORIENTAL MINDORO","Second Decile","Average Income   (in thousand pesos)","145.03","","2026-08-03T09-38-59-7a63a72104f8","https://openstat.psa.gov.ph/PXWeb/pxweb/en/DB/DB__1E__IE/0081E3AIES0.px"
"ORIENTAL MINDORO","Second Decile","Average Expenditure  (in thousand pesos)","127.22","","2026-08-03T09-38-59-7a63a72104f8","https://openstat.psa.gov.ph/PXWeb/pxweb/en/DB/DB__1E__IE/0081E3AIES0.px"
"ORIENTAL MINDORO","Second Decile","Average Savings  (in thousand pesos)","17.8","","2026-08-03T09-38-59-7a63a72104f8","https://openstat.psa.gov.ph/PXWeb/pxweb/en/DB/DB__1E__IE/0081E3AIES0.px"
"ORIENTAL MINDORO","Third Decile","Average Income   (in thousand pesos)","155.37","","2026-08-03T09-38-59-7a63a72104f8","https://openstat.psa.gov.ph/PXWeb/pxweb/en/DB/DB__1E__IE/0081E3AIES0.px"
"ORIENTAL MINDORO","Third Decile","Average Expenditure  (in thousand pesos)","126.77","","2026-08-03T09-38-59-7a63a72104f8","https://openstat.psa.gov.ph/PXWeb/pxweb/en/DB/DB__1E__IE/0081E3AIES0.px"
"ORIENTAL MINDORO","Third Decile","Average Savings  (in thousand pesos)","28.6","","2026-08-03T09-38-59-7a63a72104f8","https://openstat.psa.gov.ph/PXWeb/pxweb/en/DB/DB__1E__IE/0081E3AIES0.px"
"ORIENTAL MINDORO","Fourth Decile","Average Income   (in thousand pesos)","173.87","","2026-08-03T09-38-59-7a63a72104f8","https://openstat.psa.gov.ph/PXWeb/pxweb/en/DB/DB__1E__IE/0081E3AIES0.px"
"ORIENTAL MINDORO","Fourth Decile","Average Expenditure  (in thousand pesos)","138.37","","2026-08-03T09-38-59-7a63a72104f8","https://openstat.psa.gov.ph/PXWeb/pxweb/en/DB/DB__1E__IE/0081E3AIES0.px"
"ORIENTAL MINDORO","Fourth Decile","Average Savings  (in thousand pesos)","35.5","","2026-08-03T09-38-59-7a63a72104f8","https://openstat.psa.gov.ph/PXWeb/pxweb/en/DB/DB__1E__IE/0081E3AIES0.px"
"ORIENTAL MINDORO","Fifth Decile","Average Income   (in thousand pesos)","201.46","","2026-08-03T09-38-59-7a63a72104f8","https://openstat.psa.gov.ph/PXWeb/pxweb/en/DB/DB__1E__IE/0081E3AIES0.px"
"ORIENTAL MINDORO","Fifth Decile","Average Expenditure  (in thousand pesos)","156.71","","2026-08-03T09-38-59-7a63a72104f8","https://openstat.psa.gov.ph/PXWeb/pxweb/en/DB/DB__1E__IE/0081E3AIES0.px"
"ORIENTAL MINDORO","Fifth Decile","Average Savings  (in thousand pesos)","44.75","","2026-08-03T09-38-59-7a63a72104f8","https://openstat.psa.gov.ph/PXWeb/pxweb/en/DB/DB__1E__IE/0081E3AIES0.px"
"ORIENTAL MINDORO","Sixth Decile","Average Income   (in thousand pesos)","192.1","","2026-08-03T09-38-59-7a63a72104f8","https://openstat.psa.gov.ph/PXWeb/pxweb/en/DB/DB__1E__IE/0081E3AIES0.px"
"ORIENTAL MINDORO","Sixth Decile","Average Expenditure  (in thousand pesos)","143.51","","2026-08-03T09-38-59-7a63a72104f8","https://openstat.psa.gov.ph/PXWeb/pxweb/en/DB/DB__1E__IE/0081E3AIES0.px"
"ORIENTAL MINDORO","Sixth Decile","Average Savings  (in thousand pesos)","48.59","","2026-08-03T09-38-59-7a63a72104f8","https://openstat.psa.gov.ph/PXWeb/pxweb/en/DB/DB__1E__IE/0081E3AIES0.px"
"ORIENTAL MINDORO","Seventh Decile","Average Income   (in thousand pesos)","230.48","","2026-08-03T09-38-59-7a63a72104f8","https://openstat.psa.gov.ph/PXWeb/pxweb/en/DB/DB__1E__IE/0081E3AIES0.px"
"ORIENTAL MINDORO","Seventh Decile","Average Expenditure  (in thousand pesos)","175.02","","2026-08-03T09-38-59-7a63a72104f8","https://openstat.psa.gov.ph/PXWeb/pxweb/en/DB/DB__1E__IE/0081E3AIES0.px"
"ORIENTAL MINDORO","Seventh Decile","Average Savings  (in thousand pesos)","55.46","","2026-08-03T09-38-59-7a63a72104f8","https://openstat.psa.gov.ph/PXWeb/pxweb/en/DB/DB__1E__IE/0081E3AIES0.px"
"ORIENTAL MINDORO","Eighth Decile","Average Income   (in thousand pesos)","244.53","","2026-08-03T09-38-59-7a63a72104f8","https://openstat.psa.gov.ph/PXWeb/pxweb/en/DB/DB__1E__IE/0081E3AIES0.px"
"ORIENTAL MINDORO","Eighth Decile","Average Expenditure  (in thousand pesos)","177.33","","2026-08-03T09-38-59-7a63a72104f8","https://openstat.psa.gov.ph/PXWeb/pxweb/en/DB/DB__1E__IE/0081E3AIES0.px"
"ORIENTAL MINDORO","Eighth Decile","Average Savings  (in thousand pesos)","67.2","","2026-08-03T09-38-59-7a63a72104f8","https://openstat.psa.gov.ph/PXWeb/pxweb/en/DB/DB__1E__IE/0081E3AIES0.px"
"ORIENTAL MINDORO","Ninth Decile","Average Income   (in thousand pesos)","296.53","","2026-08-03T09-38-59-7a63a72104f8","https://openstat.psa.gov.ph/PXWeb/pxweb/en/DB/DB__1E__IE/0081E3AIES0.px"
"ORIENTAL MINDORO","Ninth Decile","Average Expenditure  (in thousand pesos)","217.11","","2026-08-03T09-38-59-7a63a72104f8","https://openstat.psa.gov.ph/PXWeb/pxweb/en/DB/DB__1E__IE/0081E3AIES0.px"
"ORIENTAL MINDORO","Ninth Decile","Average Savings  (in thousand pesos)","79.42","","2026-08-03T09-38-59-7a63a72104f8","https://openstat.psa.gov.ph/PXWeb/pxweb/en/DB/DB__1E__IE/0081E3AIES0.px"
"ORIENTAL MINDORO","Tenth Decile","Average Income   (in thousand pesos)","624.14","","2026-08-03T09-38-59-7a63a72104f8","https://openstat.psa.gov.ph/PXWeb/pxweb/en/DB/DB__1E__IE/0081E3AIES0.px"
"ORIENTAL MINDORO","Tenth Decile","Average Expenditure  (in thousand pesos)","406.76","","2026-08-03T09-38-59-7a63a72104f8","https://openstat.psa.gov.ph/PXWeb/pxweb/en/DB/DB__1E__IE/0081E3AIES0.px"
"ORIENTAL MINDORO","Tenth Decile","Average Savings  (in thousand pesos)","217.38","","2026-08-03T09-38-59-7a63a72104f8","https://openstat.psa.gov.ph/PXWeb/pxweb/en/DB/DB__1E__IE/0081E3AIES0.px"
"PALAWAN (Excluding City of Puerto Princesa)","All Income Groups","Average Income   (in thousand pesos)","217.84","","2026-08-03T09-38-59-7a63a72104f8","https://openstat.psa.gov.ph/PXWeb/pxweb/en/DB/DB__1E__IE/0081E3AIES0.px"
"PALAWAN (Excluding City of Puerto Princesa)","All Income Groups","Average Expenditure  (in thousand pesos)","140.28","","2026-08-03T09-38-59-7a63a72104f8","https://openstat.psa.gov.ph/PXWeb/pxweb/en/DB/DB__1E__IE/0081E3AIES0.px"
"PALAWAN (Excluding City of Puerto Princesa)","All Income Groups","Average Savings  (in thousand pesos)","77.57","","2026-08-03T09-38-59-7a63a72104f8","https://openstat.psa.gov.ph/PXWeb/pxweb/en/DB/DB__1E__IE/0081E3AIES0.px"
"PALAWAN (Excluding City of Puerto Princesa)","First Decile","Average Income   (in thousand pesos)","99.74","","2026-08-03T09-38-59-7a63a72104f8","https://openstat.psa.gov.ph/PXWeb/pxweb/en/DB/DB__1E__IE/0081E3AIES0.px"
"PALAWAN (Excluding City of Puerto Princesa)","First Decile","Average Expenditure  (in thousand pesos)","85.63","","2026-08-03T09-38-59-7a63a72104f8","https://openstat.psa.gov.ph/PXWeb/pxweb/en/DB/DB__1E__IE/0081E3AIES0.px"
"PALAWAN (Excluding City of Puerto Princesa)","First Decile","Average Savings  (in thousand pesos)","14.11","","2026-08-03T09-38-59-7a63a72104f8","https://openstat.psa.gov.ph/PXWeb/pxweb/en/DB/DB__1E__IE/0081E3AIES0.px"
"PALAWAN (Excluding City of Puerto Princesa)","Second Decile","Average Income   (in thousand pesos)","123.45","","2026-08-03T09-38-59-7a63a72104f8","https://openstat.psa.gov.ph/PXWeb/pxweb/en/DB/DB__1E__IE/0081E3AIES0.px"
"PALAWAN (Excluding City of Puerto Princesa)","Second Decile","Average Expenditure  (in thousand pesos)","96.59","","2026-08-03T09-38-59-7a63a72104f8","https://openstat.psa.gov.ph/PXWeb/pxweb/en/DB/DB__1E__IE/0081E3AIES0.px"
"PALAWAN (Excluding City of Puerto Princesa)","Second Decile","Average Savings  (in thousand pesos)","26.86","","2026-08-03T09-38-59-7a63a72104f8","https://openstat.psa.gov.ph/PXWeb/pxweb/en/DB/DB__1E__IE/0081E3AIES0.px"
"PALAWAN (Excluding City of Puerto Princesa)","Third Decile","Average Income   (in thousand pesos)","139.68","","2026-08-03T09-38-59-7a63a72104f8","https://openstat.psa.gov.ph/PXWeb/pxweb/en/DB/DB__1E__IE/0081E3AIES0.px"
"PALAWAN (Excluding City of Puerto Princesa)","Third Decile","Average Expenditure  (in thousand pesos)","107.53","","2026-08-03T09-38-59-7a63a72104f8","https://openstat.psa.gov.ph/PXWeb/pxweb/en/DB/DB__1E__IE/0081E3AIES0.px"
"PALAWAN (Excluding City of Puerto Princesa)","Third Decile","Average Savings  (in thousand pesos)","32.15","","2026-08-03T09-38-59-7a63a72104f8","https://openstat.psa.gov.ph/PXWeb/pxweb/en/DB/DB__1E__IE/0081E3AIES0.px"
"PALAWAN (Excluding City of Puerto Princesa)","Fourth Decile","Average Income   (in thousand pesos)","141.31","","2026-08-03T09-38-59-7a63a72104f8","https://openstat.psa.gov.ph/PXWeb/pxweb/en/DB/DB__1E__IE/0081E3AIES0.px"
"PALAWAN (Excluding City of Puerto Princesa)","Fourth Decile","Average Expenditure  (in thousand pesos)","107.78","","2026-08-03T09-38-59-7a63a72104f8","https://openstat.psa.gov.ph/PXWeb/pxweb/en/DB/DB__1E__IE/0081E3AIES0.px"
"PALAWAN (Excluding City of Puerto Princesa)","Fourth Decile","Average Savings  (in thousand pesos)","33.53","","2026-08-03T09-38-59-7a63a72104f8","https://openstat.psa.gov.ph/PXWeb/pxweb/en/DB/DB__1E__IE/0081E3AIES0.px"
"PALAWAN (Excluding City of Puerto Princesa)","Fifth Decile","Average Income   (in thousand pesos)","138.78","","2026-08-03T09-38-59-7a63a72104f8","https://openstat.psa.gov.ph/PXWeb/pxweb/en/DB/DB__1E__IE/0081E3AIES0.px"
"PALAWAN (Excluding City of Puerto Princesa)","Fifth Decile","Average Expenditure  (in thousand pesos)","107.09","","2026-08-03T09-38-59-7a63a72104f8","https://openstat.psa.gov.ph/PXWeb/pxweb/en/DB/DB__1E__IE/0081E3AIES0.px"
"PALAWAN (Excluding City of Puerto Princesa)","Fifth Decile","Average Savings  (in thousand pesos)","31.68","","2026-08-03T09-38-59-7a63a72104f8","https://openstat.psa.gov.ph/PXWeb/pxweb/en/DB/DB__1E__IE/0081E3AIES0.px"
"PALAWAN (Excluding City of Puerto Princesa)","Sixth Decile","Average Income   (in thousand pesos)","168.26","","2026-08-03T09-38-59-7a63a72104f8","https://openstat.psa.gov.ph/PXWeb/pxweb/en/DB/DB__1E__IE/0081E3AIES0.px"
"PALAWAN (Excluding City of Puerto Princesa)","Sixth Decile","Average Expenditure  (in thousand pesos)","122.88","","2026-08-03T09-38-59-7a63a72104f8","https://openstat.psa.gov.ph/PXWeb/pxweb/en/DB/DB__1E__IE/0081E3AIES0.px"
"PALAWAN (Excluding City of Puerto Princesa)","Sixth Decile","Average Savings  (in thousand pesos)","45.38","","2026-08-03T09-38-59-7a63a72104f8","https://openstat.psa.gov.ph/PXWeb/pxweb/en/DB/DB__1E__IE/0081E3AIES0.px"
"PALAWAN (Excluding City of Puerto Princesa)","Seventh Decile","Average Income   (in thousand pesos)","185.89","","2026-08-03T09-38-59-7a63a72104f8","https://openstat.psa.gov.ph/PXWeb/pxweb/en/DB/DB__1E__IE/0081E3AIES0.px"
"PALAWAN (Excluding City of Puerto Princesa)","Seventh Decile","Average Expenditure  (in thousand pesos)","132.96","","2026-08-03T09-38-59-7a63a72104f8","https://openstat.psa.gov.ph/PXWeb/pxweb/en/DB/DB__1E__IE/0081E3AIES0.px"
"PALAWAN (Excluding City of Puerto Princesa)","Seventh Decile","Average Savings  (in thousand pesos)","52.93","","2026-08-03T09-38-59-7a63a72104f8","https://openstat.psa.gov.ph/PXWeb/pxweb/en/DB/DB__1E__IE/0081E3AIES0.px"
"PALAWAN (Excluding City of Puerto Princesa)","Eighth Decile","Average Income   (in thousand pesos)","210.34","","2026-08-03T09-38-59-7a63a72104f8","https://openstat.psa.gov.ph/PXWeb/pxweb/en/DB/DB__1E__IE/0081E3AIES0.px"
"PALAWAN (Excluding City of Puerto Princesa)","Eighth Decile","Average Expenditure  (in thousand pesos)","143.25","","2026-08-03T09-38-59-7a63a72104f8","https://openstat.psa.gov.ph/PXWeb/pxweb/en/DB/DB__1E__IE/0081E3AIES0.px"
"PALAWAN (Excluding City of Puerto Princesa)","Eighth Decile","Average Savings  (in thousand pesos)","67.09","","2026-08-03T09-38-59-7a63a72104f8","https://openstat.psa.gov.ph/PXWeb/pxweb/en/DB/DB__1E__IE/0081E3AIES0.px"
"PALAWAN (Excluding City of Puerto Princesa)","Ninth Decile","Average Income   (in thousand pesos)","272.56","","2026-08-03T09-38-59-7a63a72104f8","https://openstat.psa.gov.ph/PXWeb/pxweb/en/DB/DB__1E__IE/0081E3AIES0.px"
"PALAWAN (Excluding City of Puerto Princesa)","Ninth Decile","Average Expenditure  (in thousand pesos)","175.72","","2026-08-03T09-38-59-7a63a72104f8","https://openstat.psa.gov.ph/PXWeb/pxweb/en/DB/DB__1E__IE/0081E3AIES0.px"
"PALAWAN (Excluding City of Puerto Princesa)","Ninth Decile","Average Savings  (in thousand pesos)","96.84","","2026-08-03T09-38-59-7a63a72104f8","https://openstat.psa.gov.ph/PXWeb/pxweb/en/DB/DB__1E__IE/0081E3AIES0.px"
"PALAWAN (Excluding City of Puerto Princesa)","Tenth Decile","Average Income   (in thousand pesos)","694.89","","2026-08-03T09-38-59-7a63a72104f8","https://openstat.psa.gov.ph/PXWeb/pxweb/en/DB/DB__1E__IE/0081E3AIES0.px"
"PALAWAN (Excluding City of Puerto Princesa)","Tenth Decile","Average Expenditure  (in thousand pesos)","321.62","","2026-08-03T09-38-59-7a63a72104f8","https://openstat.psa.gov.ph/PXWeb/pxweb/en/DB/DB__1E__IE/0081E3AIES0.px"
"PALAWAN (Excluding City of Puerto Princesa)","Tenth Decile","Average Savings  (in thousand pesos)","373.27","","2026-08-03T09-38-59-7a63a72104f8","https://openstat.psa.gov.ph/PXWeb/pxweb/en/DB/DB__1E__IE/0081E3AIES0.px"
"..City of Puerto Princesa","All Income Groups","Average Income   (in thousand pesos)","315.97","","2026-08-03T09-38-59-7a63a72104f8","https://openstat.psa.gov.ph/PXWeb/pxweb/en/DB/DB__1E__IE/0081E3AIES0.px"
"..City of Puerto Princesa","All Income Groups","Average Expenditure  (in thousand pesos)","210.88","","2026-08-03T09-38-59-7a63a72104f8","https://openstat.psa.gov.ph/PXWeb/pxweb/en/DB/DB__1E__IE/0081E3AIES0.px"
"..City of Puerto Princesa","All Income Groups","Average Savings  (in thousand pesos)","105.09","","2026-08-03T09-38-59-7a63a72104f8","https://openstat.psa.gov.ph/PXWeb/pxweb/en/DB/DB__1E__IE/0081E3AIES0.px"
"..City of Puerto Princesa","First Decile","Average Income   (in thousand pesos)","152.71","","2026-08-03T09-38-59-7a63a72104f8","https://openstat.psa.gov.ph/PXWeb/pxweb/en/DB/DB__1E__IE/0081E3AIES0.px"
"..City of Puerto Princesa","First Decile","Average Expenditure  (in thousand pesos)","124.97","","2026-08-03T09-38-59-7a63a72104f8","https://openstat.psa.gov.ph/PXWeb/pxweb/en/DB/DB__1E__IE/0081E3AIES0.px"
"..City of Puerto Princesa","First Decile","Average Savings  (in thousand pesos)","27.74","","2026-08-03T09-38-59-7a63a72104f8","https://openstat.psa.gov.ph/PXWeb/pxweb/en/DB/DB__1E__IE/0081E3AIES0.px"
"..City of Puerto Princesa","Second Decile","Average Income   (in thousand pesos)","176.5","","2026-08-03T09-38-59-7a63a72104f8","https://openstat.psa.gov.ph/PXWeb/pxweb/en/DB/DB__1E__IE/0081E3AIES0.px"
"..City of Puerto Princesa","Second Decile","Average Expenditure  (in thousand pesos)","141.43","","2026-08-03T09-38-59-7a63a72104f8","https://openstat.psa.gov.ph/PXWeb/pxweb/en/DB/DB__1E__IE/0081E3AIES0.px"
"..City of Puerto Princesa","Second Decile","Average Savings  (in thousand pesos)","35.08","","2026-08-03T09-38-59-7a63a72104f8","https://openstat.psa.gov.ph/PXWeb/pxweb/en/DB/DB__1E__IE/0081E3AIES0.px"
"..City of Puerto Princesa","Third Decile","Average Income   (in thousand pesos)","201.77","","2026-08-03T09-38-59-7a63a72104f8","https://openstat.psa.gov.ph/PXWeb/pxweb/en/DB/DB__1E__IE/0081E3AIES0.px"
"..City of Puerto Princesa","Third Decile","Average Expenditure  (in thousand pesos)","152.71","","2026-08-03T09-38-59-7a63a72104f8","https://openstat.psa.gov.ph/PXWeb/pxweb/en/DB/DB__1E__IE/0081E3AIES0.px"
"..City of Puerto Princesa","Third Decile","Average Savings  (in thousand pesos)","49.05","","2026-08-03T09-38-59-7a63a72104f8","https://openstat.psa.gov.ph/PXWeb/pxweb/en/DB/DB__1E__IE/0081E3AIES0.px"
"..City of Puerto Princesa","Fourth Decile","Average Income   (in thousand pesos)","220.93","","2026-08-03T09-38-59-7a63a72104f8","https://openstat.psa.gov.ph/PXWeb/pxweb/en/DB/DB__1E__IE/0081E3AIES0.px"
"..City of Puerto Princesa","Fourth Decile","Average Expenditure  (in thousand pesos)","168.17","","2026-08-03T09-38-59-7a63a72104f8","https://openstat.psa.gov.ph/PXWeb/pxweb/en/DB/DB__1E__IE/0081E3AIES0.px"
"..City of Puerto Princesa","Fourth Decile","Average Savings  (in thousand pesos)","52.76","","2026-08-03T09-38-59-7a63a72104f8","https://openstat.psa.gov.ph/PXWeb/pxweb/en/DB/DB__1E__IE/0081E3AIES0.px"
"..City of Puerto Princesa","Fifth Decile","Average Income   (in thousand pesos)","232.43","","2026-08-03T09-38-59-7a63a72104f8","https://openstat.psa.gov.ph/PXWeb/pxweb/en/DB/DB__1E__IE/0081E3AIES0.px"
"..City of Puerto Princesa","Fifth Decile","Average Expenditure  (in thousand pesos)","174.6","","2026-08-03T09-38-59-7a63a72104f8","https://openstat.psa.gov.ph/PXWeb/pxweb/en/DB/DB__1E__IE/0081E3AIES0.px"
"..City of Puerto Princesa","Fifth Decile","Average Savings  (in thousand pesos)","57.83","","2026-08-03T09-38-59-7a63a72104f8","https://openstat.psa.gov.ph/PXWeb/pxweb/en/DB/DB__1E__IE/0081E3AIES0.px"
"..City of Puerto Princesa","Sixth Decile","Average Income   (in thousand pesos)","265.06","","2026-08-03T09-38-59-7a63a72104f8","https://openstat.psa.gov.ph/PXWeb/pxweb/en/DB/DB__1E__IE/0081E3AIES0.px"
"..City of Puerto Princesa","Sixth Decile","Average Expenditure  (in thousand pesos)","192.85","","2026-08-03T09-38-59-7a63a72104f8","https://openstat.psa.gov.ph/PXWeb/pxweb/en/DB/DB__1E__IE/0081E3AIES0.px"
"..City of Puerto Princesa","Sixth Decile","Average Savings  (in thousand pesos)","72.21","","2026-08-03T09-38-59-7a63a72104f8","https://openstat.psa.gov.ph/PXWeb/pxweb/en/DB/DB__1E__IE/0081E3AIES0.px"
"..City of Puerto Princesa","Seventh Decile","Average Income   (in thousand pesos)","283.94","","2026-08-03T09-38-59-7a63a72104f8","https://openstat.psa.gov.ph/PXWeb/pxweb/en/DB/DB__1E__IE/0081E3AIES0.px"
"..City of Puerto Princesa","Seventh Decile","Average Expenditure  (in thousand pesos)","195.2","","2026-08-03T09-38-59-7a63a72104f8","https://openstat.psa.gov.ph/PXWeb/pxweb/en/DB/DB__1E__IE/0081E3AIES0.px"
"..City of Puerto Princesa","Seventh Decile","Average Savings  (in thousand pesos)","88.75","","2026-08-03T09-38-59-7a63a72104f8","https://openstat.psa.gov.ph/PXWeb/pxweb/en/DB/DB__1E__IE/0081E3AIES0.px"
"..City of Puerto Princesa","Eighth Decile","Average Income   (in thousand pesos)","359.84","","2026-08-03T09-38-59-7a63a72104f8","https://openstat.psa.gov.ph/PXWeb/pxweb/en/DB/DB__1E__IE/0081E3AIES0.px"
"..City of Puerto Princesa","Eighth Decile","Average Expenditure  (in thousand pesos)","234.81","","2026-08-03T09-38-59-7a63a72104f8","https://openstat.psa.gov.ph/PXWeb/pxweb/en/DB/DB__1E__IE/0081E3AIES0.px"
"..City of Puerto Princesa","Eighth Decile","Average Savings  (in thousand pesos)","125.03","","2026-08-03T09-38-59-7a63a72104f8","https://openstat.psa.gov.ph/PXWeb/pxweb/en/DB/DB__1E__IE/0081E3AIES0.px"
"..City of Puerto Princesa","Ninth Decile","Average Income   (in thousand pesos)","466.75","","2026-08-03T09-38-59-7a63a72104f8","https://openstat.psa.gov.ph/PXWeb/pxweb/en/DB/DB__1E__IE/0081E3AIES0.px"
"..City of Puerto Princesa","Ninth Decile","Average Expenditure  (in thousand pesos)","290.48","","2026-08-03T09-38-59-7a63a72104f8","https://openstat.psa.gov.ph/PXWeb/pxweb/en/DB/DB__1E__IE/0081E3AIES0.px"
"..City of Puerto Princesa","Ninth Decile","Average Savings  (in thousand pesos)","176.27","","2026-08-03T09-38-59-7a63a72104f8","https://openstat.psa.gov.ph/PXWeb/pxweb/en/DB/DB__1E__IE/0081E3AIES0.px"
"..City of Puerto Princesa","Tenth Decile","Average Income   (in thousand pesos)","797.99","","2026-08-03T09-38-59-7a63a72104f8","https://openstat.psa.gov.ph/PXWeb/pxweb/en/DB/DB__1E__IE/0081E3AIES0.px"
"..City of Puerto Princesa","Tenth Decile","Average Expenditure  (in thousand pesos)","432.72","","2026-08-03T09-38-59-7a63a72104f8","https://openstat.psa.gov.ph/PXWeb/pxweb/en/DB/DB__1E__IE/0081E3AIES0.px"
"..City of Puerto Princesa","Tenth Decile","Average Savings  (in thousand pesos)","365.26","","2026-08-03T09-38-59-7a63a72104f8","https://openstat.psa.gov.ph/PXWeb/pxweb/en/DB/DB__1E__IE/0081E3AIES0.px"
"ROMBLON","All Income Groups","Average Income   (in thousand pesos)","213.54","","2026-08-03T09-38-59-7a63a72104f8","https://openstat.psa.gov.ph/PXWeb/pxweb/en/DB/DB__1E__IE/0081E3AIES0.px"
"ROMBLON","All Income Groups","Average Expenditure  (in thousand pesos)","173.37","","2026-08-03T09-38-59-7a63a72104f8","https://openstat.psa.gov.ph/PXWeb/pxweb/en/DB/DB__1E__IE/0081E3AIES0.px"
"ROMBLON","All Income Groups","Average Savings  (in thousand pesos)","40.16","","2026-08-03T09-38-59-7a63a72104f8","https://openstat.psa.gov.ph/PXWeb/pxweb/en/DB/DB__1E__IE/0081E3AIES0.px"
"ROMBLON","First Decile","Average Income   (in thousand pesos)","121.74","","2026-08-03T09-38-59-7a63a72104f8","https://openstat.psa.gov.ph/PXWeb/pxweb/en/DB/DB__1E__IE/0081E3AIES0.px"
"ROMBLON","First Decile","Average Expenditure  (in thousand pesos)","117.58","","2026-08-03T09-38-59-7a63a72104f8","https://openstat.psa.gov.ph/PXWeb/pxweb/en/DB/DB__1E__IE/0081E3AIES0.px"
"ROMBLON","First Decile","Average Savings  (in thousand pesos)","4.16","","2026-08-03T09-38-59-7a63a72104f8","https://openstat.psa.gov.ph/PXWeb/pxweb/en/DB/DB__1E__IE/0081E3AIES0.px"
"ROMBLON","Second Decile","Average Income   (in thousand pesos)","135.09","","2026-08-03T09-38-59-7a63a72104f8","https://openstat.psa.gov.ph/PXWeb/pxweb/en/DB/DB__1E__IE/0081E3AIES0.px"
"ROMBLON","Second Decile","Average Expenditure  (in thousand pesos)","129.1","","2026-08-03T09-38-59-7a63a72104f8","https://openstat.psa.gov.ph/PXWeb/pxweb/en/DB/DB__1E__IE/0081E3AIES0.px"
"ROMBLON","Second Decile","Average Savings  (in thousand pesos)","6","","2026-08-03T09-38-59-7a63a72104f8","https://openstat.psa.gov.ph/PXWeb/pxweb/en/DB/DB__1E__IE/0081E3AIES0.px"
"ROMBLON","Third Decile","Average Income   (in thousand pesos)","140.15","","2026-08-03T09-38-59-7a63a72104f8","https://openstat.psa.gov.ph/PXWeb/pxweb/en/DB/DB__1E__IE/0081E3AIES0.px"
"ROMBLON","Third Decile","Average Expenditure  (in thousand pesos)","132.28","","2026-08-03T09-38-59-7a63a72104f8","https://openstat.psa.gov.ph/PXWeb/pxweb/en/DB/DB__1E__IE/0081E3AIES0.px"
"ROMBLON","Third Decile","Average Savings  (in thousand pesos)","7.88","","2026-08-03T09-38-59-7a63a72104f8","https://openstat.psa.gov.ph/PXWeb/pxweb/en/DB/DB__1E__IE/0081E3AIES0.px"
"ROMBLON","Fourth Decile","Average Income   (in thousand pesos)","134","","2026-08-03T09-38-59-7a63a72104f8","https://openstat.psa.gov.ph/PXWeb/pxweb/en/DB/DB__1E__IE/0081E3AIES0.px"
"ROMBLON","Fourth Decile","Average Expenditure  (in thousand pesos)","126.01","","2026-08-03T09-38-59-7a63a72104f8","https://openstat.psa.gov.ph/PXWeb/pxweb/en/DB/DB__1E__IE/0081E3AIES0.px"
"ROMBLON","Fourth Decile","Average Savings  (in thousand pesos)","7.99","","2026-08-03T09-38-59-7a63a72104f8","https://openstat.psa.gov.ph/PXWeb/pxweb/en/DB/DB__1E__IE/0081E3AIES0.px"
"ROMBLON","Fifth Decile","Average Income   (in thousand pesos)","147.21","","2026-08-03T09-38-59-7a63a72104f8","https://openstat.psa.gov.ph/PXWeb/pxweb/en/DB/DB__1E__IE/0081E3AIES0.px"
"ROMBLON","Fifth Decile","Average Expenditure  (in thousand pesos)","135.61","","2026-08-03T09-38-59-7a63a72104f8","https://openstat.psa.gov.ph/PXWeb/pxweb/en/DB/DB__1E__IE/0081E3AIES0.px"
"ROMBLON","Fifth Decile","Average Savings  (in thousand pesos)","11.61","","2026-08-03T09-38-59-7a63a72104f8","https://openstat.psa.gov.ph/PXWeb/pxweb/en/DB/DB__1E__IE/0081E3AIES0.px"
"ROMBLON","Sixth Decile","Average Income   (in thousand pesos)","147.77","","2026-08-03T09-38-59-7a63a72104f8","https://openstat.psa.gov.ph/PXWeb/pxweb/en/DB/DB__1E__IE/0081E3AIES0.px"
"ROMBLON","Sixth Decile","Average Expenditure  (in thousand pesos)","132.47","","2026-08-03T09-38-59-7a63a72104f8","https://openstat.psa.gov.ph/PXWeb/pxweb/en/DB/DB__1E__IE/0081E3AIES0.px"
"ROMBLON","Sixth Decile","Average Savings  (in thousand pesos)","15.3","","2026-08-03T09-38-59-7a63a72104f8","https://openstat.psa.gov.ph/PXWeb/pxweb/en/DB/DB__1E__IE/0081E3AIES0.px"
"ROMBLON","Seventh Decile","Average Income   (in thousand pesos)","157.55","","2026-08-03T09-38-59-7a63a72104f8","https://openstat.psa.gov.ph/PXWeb/pxweb/en/DB/DB__1E__IE/0081E3AIES0.px"
"ROMBLON","Seventh Decile","Average Expenditure  (in thousand pesos)","139.64","","2026-08-03T09-38-59-7a63a72104f8","https://openstat.psa.gov.ph/PXWeb/pxweb/en/DB/DB__1E__IE/0081E3AIES0.px"
"ROMBLON","Seventh Decile","Average Savings  (in thousand pesos)","17.91","","2026-08-03T09-38-59-7a63a72104f8","https://openstat.psa.gov.ph/PXWeb/pxweb/en/DB/DB__1E__IE/0081E3AIES0.px"
"ROMBLON","Eighth Decile","Average Income   (in thousand pesos)","194.99","","2026-08-03T09-38-59-7a63a72104f8","https://openstat.psa.gov.ph/PXWeb/pxweb/en/DB/DB__1E__IE/0081E3AIES0.px"
"ROMBLON","Eighth Decile","Average Expenditure  (in thousand pesos)","166.59","","2026-08-03T09-38-59-7a63a72104f8","https://openstat.psa.gov.ph/PXWeb/pxweb/en/DB/DB__1E__IE/0081E3AIES0.px"
"ROMBLON","Eighth Decile","Average Savings  (in thousand pesos)","28.4","","2026-08-03T09-38-59-7a63a72104f8","https://openstat.psa.gov.ph/PXWeb/pxweb/en/DB/DB__1E__IE/0081E3AIES0.px"
"ROMBLON","Ninth Decile","Average Income   (in thousand pesos)","275.85","","2026-08-03T09-38-59-7a63a72104f8","https://openstat.psa.gov.ph/PXWeb/pxweb/en/DB/DB__1E__IE/0081E3AIES0.px"
"ROMBLON","Ninth Decile","Average Expenditure  (in thousand pesos)","217.03","","2026-08-03T09-38-59-7a63a72104f8","https://openstat.psa.gov.ph/PXWeb/pxweb/en/DB/DB__1E__IE/0081E3AIES0.px"
"ROMBLON","Ninth Decile","Average Savings  (in thousand pesos)","58.82","","2026-08-03T09-38-59-7a63a72104f8","https://openstat.psa.gov.ph/PXWeb/pxweb/en/DB/DB__1E__IE/0081E3AIES0.px"
"ROMBLON","Tenth Decile","Average Income   (in thousand pesos)","679.45","","2026-08-03T09-38-59-7a63a72104f8","https://openstat.psa.gov.ph/PXWeb/pxweb/en/DB/DB__1E__IE/0081E3AIES0.px"
"ROMBLON","Tenth Decile","Average Expenditure  (in thousand pesos)","436.54","","2026-08-03T09-38-59-7a63a72104f8","https://openstat.psa.gov.ph/PXWeb/pxweb/en/DB/DB__1E__IE/0081E3AIES0.px"
"ROMBLON","Tenth Decile","Average Savings  (in thousand pesos)","242.91","","2026-08-03T09-38-59-7a63a72104f8","https://openstat.psa.gov.ph/PXWeb/pxweb/en/DB/DB__1E__IE/0081E3AIES0.px"
"REGION V - BICOL REGION","All Income Groups","Average Income   (in thousand pesos)","256.22","","2026-08-03T09-38-59-7a63a72104f8","https://openstat.psa.gov.ph/PXWeb/pxweb/en/DB/DB__1E__IE/0081E3AIES0.px"
"REGION V - BICOL REGION","All Income Groups","Average Expenditure  (in thousand pesos)","180.59","","2026-08-03T09-38-59-7a63a72104f8","https://openstat.psa.gov.ph/PXWeb/pxweb/en/DB/DB__1E__IE/0081E3AIES0.px"
"REGION V - BICOL REGION","All Income Groups","Average Savings  (in thousand pesos)","75.62","","2026-08-03T09-38-59-7a63a72104f8","https://openstat.psa.gov.ph/PXWeb/pxweb/en/DB/DB__1E__IE/0081E3AIES0.px"
"REGION V - BICOL REGION","First Decile","Average Income   (in thousand pesos)","126.74","","2026-08-03T09-38-59-7a63a72104f8","https://openstat.psa.gov.ph/PXWeb/pxweb/en/DB/DB__1E__IE/0081E3AIES0.px"
"REGION V - BICOL REGION","First Decile","Average Expenditure  (in thousand pesos)","106.89","","2026-08-03T09-38-59-7a63a72104f8","https://openstat.psa.gov.ph/PXWeb/pxweb/en/DB/DB__1E__IE/0081E3AIES0.px"
"REGION V - BICOL REGION","First Decile","Average Savings  (in thousand pesos)","19.85","","2026-08-03T09-38-59-7a63a72104f8","https://openstat.psa.gov.ph/PXWeb/pxweb/en/DB/DB__1E__IE/0081E3AIES0.px"
"REGION V - BICOL REGION","Second Decile","Average Income   (in thousand pesos)","147.01","","2026-08-03T09-38-59-7a63a72104f8","https://openstat.psa.gov.ph/PXWeb/pxweb/en/DB/DB__1E__IE/0081E3AIES0.px"
"REGION V - BICOL REGION","Second Decile","Average Expenditure  (in thousand pesos)","120.53","","2026-08-03T09-38-59-7a63a72104f8","https://openstat.psa.gov.ph/PXWeb/pxweb/en/DB/DB__1E__IE/0081E3AIES0.px"
"REGION V - BICOL REGION","Second Decile","Average Savings  (in thousand pesos)","26.48","","2026-08-03T09-38-59-7a63a72104f8","https://openstat.psa.gov.ph/PXWeb/pxweb/en/DB/DB__1E__IE/0081E3AIES0.px"
"REGION V - BICOL REGION","Third Decile","Average Income   (in thousand pesos)","160.53","","2026-08-03T09-38-59-7a63a72104f8","https://openstat.psa.gov.ph/PXWeb/pxweb/en/DB/DB__1E__IE/0081E3AIES0.px"
"REGION V - BICOL REGION","Third Decile","Average Expenditure  (in thousand pesos)","128.4","","2026-08-03T09-38-59-7a63a72104f8","https://openstat.psa.gov.ph/PXWeb/pxweb/en/DB/DB__1E__IE/0081E3AIES0.px"
"REGION V - BICOL REGION","Third Decile","Average Savings  (in thousand pesos)","32.13","","2026-08-03T09-38-59-7a63a72104f8","https://openstat.psa.gov.ph/PXWeb/pxweb/en/DB/DB__1E__IE/0081E3AIES0.px"
"REGION V - BICOL REGION","Fourth Decile","Average Income   (in thousand pesos)","176.28","","2026-08-03T09-38-59-7a63a72104f8","https://openstat.psa.gov.ph/PXWeb/pxweb/en/DB/DB__1E__IE/0081E3AIES0.px"
"REGION V - BICOL REGION","Fourth Decile","Average Expenditure  (in thousand pesos)","137.49","","2026-08-03T09-38-59-7a63a72104f8","https://openstat.psa.gov.ph/PXWeb/pxweb/en/DB/DB__1E__IE/0081E3AIES0.px"
"REGION V - BICOL REGION","Fourth Decile","Average Savings  (in thousand pesos)","38.79","","2026-08-03T09-38-59-7a63a72104f8","https://openstat.psa.gov.ph/PXWeb/pxweb/en/DB/DB__1E__IE/0081E3AIES0.px"
"REGION V - BICOL REGION","Fifth Decile","Average Income   (in thousand pesos)","181.68","","2026-08-03T09-38-59-7a63a72104f8","https://openstat.psa.gov.ph/PXWeb/pxweb/en/DB/DB__1E__IE/0081E3AIES0.px"
"REGION V - BICOL REGION","Fifth Decile","Average Expenditure  (in thousand pesos)","141.1","","2026-08-03T09-38-59-7a63a72104f8","https://openstat.psa.gov.ph/PXWeb/pxweb/en/DB/DB__1E__IE/0081E3AIES0.px"
"REGION V - BICOL REGION","Fifth Decile","Average Savings  (in thousand pesos)","40.58","","2026-08-03T09-38-59-7a63a72104f8","https://openstat.psa.gov.ph/PXWeb/pxweb/en/DB/DB__1E__IE/0081E3AIES0.px"
"REGION V - BICOL REGION","Sixth Decile","Average Income   (in thousand pesos)","198.44","","2026-08-03T09-38-59-7a63a72104f8","https://openstat.psa.gov.ph/PXWeb/pxweb/en/DB/DB__1E__IE/0081E3AIES0.px"
"REGION V - BICOL REGION","Sixth Decile","Average Expenditure  (in thousand pesos)","149.28","","2026-08-03T09-38-59-7a63a72104f8","https://openstat.psa.gov.ph/PXWeb/pxweb/en/DB/DB__1E__IE/0081E3AIES0.px"
"REGION V - BICOL REGION","Sixth Decile","Average Savings  (in thousand pesos)","49.15","","2026-08-03T09-38-59-7a63a72104f8","https://openstat.psa.gov.ph/PXWeb/pxweb/en/DB/DB__1E__IE/0081E3AIES0.px"
"REGION V - BICOL REGION","Seventh Decile","Average Income   (in thousand pesos)","217.46","","2026-08-03T09-38-59-7a63a72104f8","https://openstat.psa.gov.ph/PXWeb/pxweb/en/DB/DB__1E__IE/0081E3AIES0.px"
"REGION V - BICOL REGION","Seventh Decile","Average Expenditure  (in thousand pesos)","164.49","","2026-08-03T09-38-59-7a63a72104f8","https://openstat.psa.gov.ph/PXWeb/pxweb/en/DB/DB__1E__IE/0081E3AIES0.px"
"REGION V - BICOL REGION","Seventh Decile","Average Savings  (in thousand pesos)","52.96","","2026-08-03T09-38-59-7a63a72104f8","https://openstat.psa.gov.ph/PXWeb/pxweb/en/DB/DB__1E__IE/0081E3AIES0.px"
"REGION V - BICOL REGION","Eighth Decile","Average Income   (in thousand pesos)","256.78","","2026-08-03T09-38-59-7a63a72104f8","https://openstat.psa.gov.ph/PXWeb/pxweb/en/DB/DB__1E__IE/0081E3AIES0.px"
"REGION V - BICOL REGION","Eighth Decile","Average Expenditure  (in thousand pesos)","186.47","","2026-08-03T09-38-59-7a63a72104f8","https://openstat.psa.gov.ph/PXWeb/pxweb/en/DB/DB__1E__IE/0081E3AIES0.px"
"REGION V - BICOL REGION","Eighth Decile","Average Savings  (in thousand pesos)","70.3","","2026-08-03T09-38-59-7a63a72104f8","https://openstat.psa.gov.ph/PXWeb/pxweb/en/DB/DB__1E__IE/0081E3AIES0.px"
"REGION V - BICOL REGION","Ninth Decile","Average Income   (in thousand pesos)","348.58","","2026-08-03T09-38-59-7a63a72104f8","https://openstat.psa.gov.ph/PXWeb/pxweb/en/DB/DB__1E__IE/0081E3AIES0.px"
"REGION V - BICOL REGION","Ninth Decile","Average Expenditure  (in thousand pesos)","241.75","","2026-08-03T09-38-59-7a63a72104f8","https://openstat.psa.gov.ph/PXWeb/pxweb/en/DB/DB__1E__IE/0081E3AIES0.px"
"REGION V - BICOL REGION","Ninth Decile","Average Savings  (in thousand pesos)","106.83","","2026-08-03T09-38-59-7a63a72104f8","https://openstat.psa.gov.ph/PXWeb/pxweb/en/DB/DB__1E__IE/0081E3AIES0.px"
"REGION V - BICOL REGION","Tenth Decile","Average Income   (in thousand pesos)","748.36","","2026-08-03T09-38-59-7a63a72104f8","https://openstat.psa.gov.ph/PXWeb/pxweb/en/DB/DB__1E__IE/0081E3AIES0.px"
"REGION V - BICOL REGION","Tenth Decile","Average Expenditure  (in thousand pesos)","429.34","","2026-08-03T09-38-59-7a63a72104f8","https://openstat.psa.gov.ph/PXWeb/pxweb/en/DB/DB__1E__IE/0081E3AIES0.px"
"REGION V - BICOL REGION","Tenth Decile","Average Savings  (in thousand pesos)","319.02","","2026-08-03T09-38-59-7a63a72104f8","https://openstat.psa.gov.ph/PXWeb/pxweb/en/DB/DB__1E__IE/0081E3AIES0.px"
"ALBAY","All Income Groups","Average Income   (in thousand pesos)","260.36","","2026-08-03T09-38-59-7a63a72104f8","https://openstat.psa.gov.ph/PXWeb/pxweb/en/DB/DB__1E__IE/0081E3AIES0.px"
"ALBAY","All Income Groups","Average Expenditure  (in thousand pesos)","192.19","","2026-08-03T09-38-59-7a63a72104f8","https://openstat.psa.gov.ph/PXWeb/pxweb/en/DB/DB__1E__IE/0081E3AIES0.px"
"ALBAY","All Income Groups","Average Savings  (in thousand pesos)","68.17","","2026-08-03T09-38-59-7a63a72104f8","https://openstat.psa.gov.ph/PXWeb/pxweb/en/DB/DB__1E__IE/0081E3AIES0.px"
"ALBAY","First Decile","Average Income   (in thousand pesos)","135.26","","2026-08-03T09-38-59-7a63a72104f8","https://openstat.psa.gov.ph/PXWeb/pxweb/en/DB/DB__1E__IE/0081E3AIES0.px"
"ALBAY","First Decile","Average Expenditure  (in thousand pesos)","119.07","","2026-08-03T09-38-59-7a63a72104f8","https://openstat.psa.gov.ph/PXWeb/pxweb/en/DB/DB__1E__IE/0081E3AIES0.px"
"ALBAY","First Decile","Average Savings  (in thousand pesos)","16.19","","2026-08-03T09-38-59-7a63a72104f8","https://openstat.psa.gov.ph/PXWeb/pxweb/en/DB/DB__1E__IE/0081E3AIES0.px"
"ALBAY","Second Decile","Average Income   (in thousand pesos)","164.22","","2026-08-03T09-38-59-7a63a72104f8","https://openstat.psa.gov.ph/PXWeb/pxweb/en/DB/DB__1E__IE/0081E3AIES0.px"
"ALBAY","Second Decile","Average Expenditure  (in thousand pesos)","138.02","","2026-08-03T09-38-59-7a63a72104f8","https://openstat.psa.gov.ph/PXWeb/pxweb/en/DB/DB__1E__IE/0081E3AIES0.px"
"ALBAY","Second Decile","Average Savings  (in thousand pesos)","26.2","","2026-08-03T09-38-59-7a63a72104f8","https://openstat.psa.gov.ph/PXWeb/pxweb/en/DB/DB__1E__IE/0081E3AIES0.px"
"ALBAY","Third Decile","Average Income   (in thousand pesos)","176.28","","2026-08-03T09-38-59-7a63a72104f8","https://openstat.psa.gov.ph/PXWeb/pxweb/en/DB/DB__1E__IE/0081E3AIES0.px"
"ALBAY","Third Decile","Average Expenditure  (in thousand pesos)","144.12","","2026-08-03T09-38-59-7a63a72104f8","https://openstat.psa.gov.ph/PXWeb/pxweb/en/DB/DB__1E__IE/0081E3AIES0.px"
"ALBAY","Third Decile","Average Savings  (in thousand pesos)","32.16","","2026-08-03T09-38-59-7a63a72104f8","https://openstat.psa.gov.ph/PXWeb/pxweb/en/DB/DB__1E__IE/0081E3AIES0.px"
"ALBAY","Fourth Decile","Average Income   (in thousand pesos)","178.35","","2026-08-03T09-38-59-7a63a72104f8","https://openstat.psa.gov.ph/PXWeb/pxweb/en/DB/DB__1E__IE/0081E3AIES0.px"
"ALBAY","Fourth Decile","Average Expenditure  (in thousand pesos)","146.39","","2026-08-03T09-38-59-7a63a72104f8","https://openstat.psa.gov.ph/PXWeb/pxweb/en/DB/DB__1E__IE/0081E3AIES0.px"
"ALBAY","Fourth Decile","Average Savings  (in thousand pesos)","31.97","","2026-08-03T09-38-59-7a63a72104f8","https://openstat.psa.gov.ph/PXWeb/pxweb/en/DB/DB__1E__IE/0081E3AIES0.px"
"ALBAY","Fifth Decile","Average Income   (in thousand pesos)","202.84","","2026-08-03T09-38-59-7a63a72104f8","https://openstat.psa.gov.ph/PXWeb/pxweb/en/DB/DB__1E__IE/0081E3AIES0.px"
"ALBAY","Fifth Decile","Average Expenditure  (in thousand pesos)","160.9","","2026-08-03T09-38-59-7a63a72104f8","https://openstat.psa.gov.ph/PXWeb/pxweb/en/DB/DB__1E__IE/0081E3AIES0.px"
"ALBAY","Fifth Decile","Average Savings  (in thousand pesos)","41.94","","2026-08-03T09-38-59-7a63a72104f8","https://openstat.psa.gov.ph/PXWeb/pxweb/en/DB/DB__1E__IE/0081E3AIES0.px"
"ALBAY","Sixth Decile","Average Income   (in thousand pesos)","207.91","","2026-08-03T09-38-59-7a63a72104f8","https://openstat.psa.gov.ph/PXWeb/pxweb/en/DB/DB__1E__IE/0081E3AIES0.px"
"ALBAY","Sixth Decile","Average Expenditure  (in thousand pesos)","162.83","","2026-08-03T09-38-59-7a63a72104f8","https://openstat.psa.gov.ph/PXWeb/pxweb/en/DB/DB__1E__IE/0081E3AIES0.px"
"ALBAY","Sixth Decile","Average Savings  (in thousand pesos)","45.09","","2026-08-03T09-38-59-7a63a72104f8","https://openstat.psa.gov.ph/PXWeb/pxweb/en/DB/DB__1E__IE/0081E3AIES0.px"
"ALBAY","Seventh Decile","Average Income   (in thousand pesos)","231.53","","2026-08-03T09-38-59-7a63a72104f8","https://openstat.psa.gov.ph/PXWeb/pxweb/en/DB/DB__1E__IE/0081E3AIES0.px"
"ALBAY","Seventh Decile","Average Expenditure  (in thousand pesos)","175.79","","2026-08-03T09-38-59-7a63a72104f8","https://openstat.psa.gov.ph/PXWeb/pxweb/en/DB/DB__1E__IE/0081E3AIES0.px"
"ALBAY","Seventh Decile","Average Savings  (in thousand pesos)","55.74","","2026-08-03T09-38-59-7a63a72104f8","https://openstat.psa.gov.ph/PXWeb/pxweb/en/DB/DB__1E__IE/0081E3AIES0.px"
"ALBAY","Eighth Decile","Average Income   (in thousand pesos)","274.96","","2026-08-03T09-38-59-7a63a72104f8","https://openstat.psa.gov.ph/PXWeb/pxweb/en/DB/DB__1E__IE/0081E3AIES0.px"
"ALBAY","Eighth Decile","Average Expenditure  (in thousand pesos)","203.61","","2026-08-03T09-38-59-7a63a72104f8","https://openstat.psa.gov.ph/PXWeb/pxweb/en/DB/DB__1E__IE/0081E3AIES0.px"
"ALBAY","Eighth Decile","Average Savings  (in thousand pesos)","71.35","","2026-08-03T09-38-59-7a63a72104f8","https://openstat.psa.gov.ph/PXWeb/pxweb/en/DB/DB__1E__IE/0081E3AIES0.px"
"ALBAY","Ninth Decile","Average Income   (in thousand pesos)","373.07","","2026-08-03T09-38-59-7a63a72104f8","https://openstat.psa.gov.ph/PXWeb/pxweb/en/DB/DB__1E__IE/0081E3AIES0.px"
"ALBAY","Ninth Decile","Average Expenditure  (in thousand pesos)","255.68","","2026-08-03T09-38-59-7a63a72104f8","https://openstat.psa.gov.ph/PXWeb/pxweb/en/DB/DB__1E__IE/0081E3AIES0.px"
"ALBAY","Ninth Decile","Average Savings  (in thousand pesos)","117.38","","2026-08-03T09-38-59-7a63a72104f8","https://openstat.psa.gov.ph/PXWeb/pxweb/en/DB/DB__1E__IE/0081E3AIES0.px"
"ALBAY","Tenth Decile","Average Income   (in thousand pesos)","657.34","","2026-08-03T09-38-59-7a63a72104f8","https://openstat.psa.gov.ph/PXWeb/pxweb/en/DB/DB__1E__IE/0081E3AIES0.px"
"ALBAY","Tenth Decile","Average Expenditure  (in thousand pesos)","414.48","","2026-08-03T09-38-59-7a63a72104f8","https://openstat.psa.gov.ph/PXWeb/pxweb/en/DB/DB__1E__IE/0081E3AIES0.px"
"ALBAY","Tenth Decile","Average Savings  (in thousand pesos)","242.87","","2026-08-03T09-38-59-7a63a72104f8","https://openstat.psa.gov.ph/PXWeb/pxweb/en/DB/DB__1E__IE/0081E3AIES0.px"
"CAMARINES NORTE","All Income Groups","Average Income   (in thousand pesos)","255.64","","2026-08-03T09-38-59-7a63a72104f8","https://openstat.psa.gov.ph/PXWeb/pxweb/en/DB/DB__1E__IE/0081E3AIES0.px"
"CAMARINES NORTE","All Income Groups","Average Expenditure  (in thousand pesos)","169.67","","2026-08-03T09-38-59-7a63a72104f8","https://openstat.psa.gov.ph/PXWeb/pxweb/en/DB/DB__1E__IE/0081E3AIES0.px"
"CAMARINES NORTE","All Income Groups","Average Savings  (in thousand pesos)","85.97","","2026-08-03T09-38-59-7a63a72104f8","https://openstat.psa.gov.ph/PXWeb/pxweb/en/DB/DB__1E__IE/0081E3AIES0.px"
"CAMARINES NORTE","First Decile","Average Income   (in thousand pesos)","137.51","","2026-08-03T09-38-59-7a63a72104f8","https://openstat.psa.gov.ph/PXWeb/pxweb/en/DB/DB__1E__IE/0081E3AIES0.px"
"CAMARINES NORTE","First Decile","Average Expenditure  (in thousand pesos)","111.25","","2026-08-03T09-38-59-7a63a72104f8","https://openstat.psa.gov.ph/PXWeb/pxweb/en/DB/DB__1E__IE/0081E3AIES0.px"
"CAMARINES NORTE","First Decile","Average Savings  (in thousand pesos)","26.26","","2026-08-03T09-38-59-7a63a72104f8","https://openstat.psa.gov.ph/PXWeb/pxweb/en/DB/DB__1E__IE/0081E3AIES0.px"
"CAMARINES NORTE","Second Decile","Average Income   (in thousand pesos)","160.77","","2026-08-03T09-38-59-7a63a72104f8","https://openstat.psa.gov.ph/PXWeb/pxweb/en/DB/DB__1E__IE/0081E3AIES0.px"
"CAMARINES NORTE","Second Decile","Average Expenditure  (in thousand pesos)","128.87","","2026-08-03T09-38-59-7a63a72104f8","https://openstat.psa.gov.ph/PXWeb/pxweb/en/DB/DB__1E__IE/0081E3AIES0.px"
"CAMARINES NORTE","Second Decile","Average Savings  (in thousand pesos)","31.9","","2026-08-03T09-38-59-7a63a72104f8","https://openstat.psa.gov.ph/PXWeb/pxweb/en/DB/DB__1E__IE/0081E3AIES0.px"
"CAMARINES NORTE","Third Decile","Average Income   (in thousand pesos)","176.73","","2026-08-03T09-38-59-7a63a72104f8","https://openstat.psa.gov.ph/PXWeb/pxweb/en/DB/DB__1E__IE/0081E3AIES0.px"
"CAMARINES NORTE","Third Decile","Average Expenditure  (in thousand pesos)","138.02","","2026-08-03T09-38-59-7a63a72104f8","https://openstat.psa.gov.ph/PXWeb/pxweb/en/DB/DB__1E__IE/0081E3AIES0.px"
"CAMARINES NORTE","Third Decile","Average Savings  (in thousand pesos)","38.72","","2026-08-03T09-38-59-7a63a72104f8","https://openstat.psa.gov.ph/PXWeb/pxweb/en/DB/DB__1E__IE/0081E3AIES0.px"
"CAMARINES NORTE","Fourth Decile","Average Income   (in thousand pesos)","177.98","","2026-08-03T09-38-59-7a63a72104f8","https://openstat.psa.gov.ph/PXWeb/pxweb/en/DB/DB__1E__IE/0081E3AIES0.px"
"CAMARINES NORTE","Fourth Decile","Average Expenditure  (in thousand pesos)","137.83","","2026-08-03T09-38-59-7a63a72104f8","https://openstat.psa.gov.ph/PXWeb/pxweb/en/DB/DB__1E__IE/0081E3AIES0.px"
"CAMARINES NORTE","Fourth Decile","Average Savings  (in thousand pesos)","40.15","","2026-08-03T09-38-59-7a63a72104f8","https://openstat.psa.gov.ph/PXWeb/pxweb/en/DB/DB__1E__IE/0081E3AIES0.px"
"CAMARINES NORTE","Fifth Decile","Average Income   (in thousand pesos)","192.23","","2026-08-03T09-38-59-7a63a72104f8","https://openstat.psa.gov.ph/PXWeb/pxweb/en/DB/DB__1E__IE/0081E3AIES0.px"
"CAMARINES NORTE","Fifth Decile","Average Expenditure  (in thousand pesos)","142.26","","2026-08-03T09-38-59-7a63a72104f8","https://openstat.psa.gov.ph/PXWeb/pxweb/en/DB/DB__1E__IE/0081E3AIES0.px"
"CAMARINES NORTE","Fifth Decile","Average Savings  (in thousand pesos)","49.97","","2026-08-03T09-38-59-7a63a72104f8","https://openstat.psa.gov.ph/PXWeb/pxweb/en/DB/DB__1E__IE/0081E3AIES0.px"
"CAMARINES NORTE","Sixth Decile","Average Income   (in thousand pesos)","199.26","","2026-08-03T09-38-59-7a63a72104f8","https://openstat.psa.gov.ph/PXWeb/pxweb/en/DB/DB__1E__IE/0081E3AIES0.px"
"CAMARINES NORTE","Sixth Decile","Average Expenditure  (in thousand pesos)","147.39","","2026-08-03T09-38-59-7a63a72104f8","https://openstat.psa.gov.ph/PXWeb/pxweb/en/DB/DB__1E__IE/0081E3AIES0.px"
"CAMARINES NORTE","Sixth Decile","Average Savings  (in thousand pesos)","51.87","","2026-08-03T09-38-59-7a63a72104f8","https://openstat.psa.gov.ph/PXWeb/pxweb/en/DB/DB__1E__IE/0081E3AIES0.px"
"CAMARINES NORTE","Seventh Decile","Average Income   (in thousand pesos)","228.39","","2026-08-03T09-38-59-7a63a72104f8","https://openstat.psa.gov.ph/PXWeb/pxweb/en/DB/DB__1E__IE/0081E3AIES0.px"
"CAMARINES NORTE","Seventh Decile","Average Expenditure  (in thousand pesos)","169.57","","2026-08-03T09-38-59-7a63a72104f8","https://openstat.psa.gov.ph/PXWeb/pxweb/en/DB/DB__1E__IE/0081E3AIES0.px"
"CAMARINES NORTE","Seventh Decile","Average Savings  (in thousand pesos)","58.82","","2026-08-03T09-38-59-7a63a72104f8","https://openstat.psa.gov.ph/PXWeb/pxweb/en/DB/DB__1E__IE/0081E3AIES0.px"
"CAMARINES NORTE","Eighth Decile","Average Income   (in thousand pesos)","234.44","","2026-08-03T09-38-59-7a63a72104f8","https://openstat.psa.gov.ph/PXWeb/pxweb/en/DB/DB__1E__IE/0081E3AIES0.px"
"CAMARINES NORTE","Eighth Decile","Average Expenditure  (in thousand pesos)","164.19","","2026-08-03T09-38-59-7a63a72104f8","https://openstat.psa.gov.ph/PXWeb/pxweb/en/DB/DB__1E__IE/0081E3AIES0.px"
"CAMARINES NORTE","Eighth Decile","Average Savings  (in thousand pesos)","70.24","","2026-08-03T09-38-59-7a63a72104f8","https://openstat.psa.gov.ph/PXWeb/pxweb/en/DB/DB__1E__IE/0081E3AIES0.px"
"CAMARINES NORTE","Ninth Decile","Average Income   (in thousand pesos)","312.85","","2026-08-03T09-38-59-7a63a72104f8","https://openstat.psa.gov.ph/PXWeb/pxweb/en/DB/DB__1E__IE/0081E3AIES0.px"
"CAMARINES NORTE","Ninth Decile","Average Expenditure  (in thousand pesos)","199.19","","2026-08-03T09-38-59-7a63a72104f8","https://openstat.psa.gov.ph/PXWeb/pxweb/en/DB/DB__1E__IE/0081E3AIES0.px"
"CAMARINES NORTE","Ninth Decile","Average Savings  (in thousand pesos)","113.66","","2026-08-03T09-38-59-7a63a72104f8","https://openstat.psa.gov.ph/PXWeb/pxweb/en/DB/DB__1E__IE/0081E3AIES0.px"
"CAMARINES NORTE","Tenth Decile","Average Income   (in thousand pesos)","733.61","","2026-08-03T09-38-59-7a63a72104f8","https://openstat.psa.gov.ph/PXWeb/pxweb/en/DB/DB__1E__IE/0081E3AIES0.px"
"CAMARINES NORTE","Tenth Decile","Average Expenditure  (in thousand pesos)","357.03","","2026-08-03T09-38-59-7a63a72104f8","https://openstat.psa.gov.ph/PXWeb/pxweb/en/DB/DB__1E__IE/0081E3AIES0.px"
"CAMARINES NORTE","Tenth Decile","Average Savings  (in thousand pesos)","376.58","","2026-08-03T09-38-59-7a63a72104f8","https://openstat.psa.gov.ph/PXWeb/pxweb/en/DB/DB__1E__IE/0081E3AIES0.px"
"CAMARINES SUR","All Income Groups","Average Income   (in thousand pesos)","287.24","","2026-08-03T09-38-59-7a63a72104f8","https://openstat.psa.gov.ph/PXWeb/pxweb/en/DB/DB__1E__IE/0081E3AIES0.px"
"CAMARINES SUR","All Income Groups","Average Expenditure  (in thousand pesos)","180.26","","2026-08-03T09-38-59-7a63a72104f8","https://openstat.psa.gov.ph/PXWeb/pxweb/en/DB/DB__1E__IE/0081E3AIES0.px"
"CAMARINES SUR","All Income Groups","Average Savings  (in thousand pesos)","106.98","","2026-08-03T09-38-59-7a63a72104f8","https://openstat.psa.gov.ph/PXWeb/pxweb/en/DB/DB__1E__IE/0081E3AIES0.px"
"CAMARINES SUR","First Decile","Average Income   (in thousand pesos)","120.61","","2026-08-03T09-38-59-7a63a72104f8","https://openstat.psa.gov.ph/PXWeb/pxweb/en/DB/DB__1E__IE/0081E3AIES0.px"
"CAMARINES SUR","First Decile","Average Expenditure  (in thousand pesos)","93.65","","2026-08-03T09-38-59-7a63a72104f8","https://openstat.psa.gov.ph/PXWeb/pxweb/en/DB/DB__1E__IE/0081E3AIES0.px"
"CAMARINES SUR","First Decile","Average Savings  (in thousand pesos)","26.96","","2026-08-03T09-38-59-7a63a72104f8","https://openstat.psa.gov.ph/PXWeb/pxweb/en/DB/DB__1E__IE/0081E3AIES0.px"
"CAMARINES SUR","Second Decile","Average Income   (in thousand pesos)","144.95","","2026-08-03T09-38-59-7a63a72104f8","https://openstat.psa.gov.ph/PXWeb/pxweb/en/DB/DB__1E__IE/0081E3AIES0.px"
"CAMARINES SUR","Second Decile","Average Expenditure  (in thousand pesos)","105.84","","2026-08-03T09-38-59-7a63a72104f8","https://openstat.psa.gov.ph/PXWeb/pxweb/en/DB/DB__1E__IE/0081E3AIES0.px"
"CAMARINES SUR","Second Decile","Average Savings  (in thousand pesos)","39.11","","2026-08-03T09-38-59-7a63a72104f8","https://openstat.psa.gov.ph/PXWeb/pxweb/en/DB/DB__1E__IE/0081E3AIES0.px"
"CAMARINES SUR","Third Decile","Average Income   (in thousand pesos)","162.21","","2026-08-03T09-38-59-7a63a72104f8","https://openstat.psa.gov.ph/PXWeb/pxweb/en/DB/DB__1E__IE/0081E3AIES0.px"
"CAMARINES SUR","Third Decile","Average Expenditure  (in thousand pesos)","114.08","","2026-08-03T09-38-59-7a63a72104f8","https://openstat.psa.gov.ph/PXWeb/pxweb/en/DB/DB__1E__IE/0081E3AIES0.px"
"CAMARINES SUR","Third Decile","Average Savings  (in thousand pesos)","48.13","","2026-08-03T09-38-59-7a63a72104f8","https://openstat.psa.gov.ph/PXWeb/pxweb/en/DB/DB__1E__IE/0081E3AIES0.px"
"CAMARINES SUR","Fourth Decile","Average Income   (in thousand pesos)","184.09","","2026-08-03T09-38-59-7a63a72104f8","https://openstat.psa.gov.ph/PXWeb/pxweb/en/DB/DB__1E__IE/0081E3AIES0.px"
"CAMARINES SUR","Fourth Decile","Average Expenditure  (in thousand pesos)","125.51","","2026-08-03T09-38-59-7a63a72104f8","https://openstat.psa.gov.ph/PXWeb/pxweb/en/DB/DB__1E__IE/0081E3AIES0.px"
"CAMARINES SUR","Fourth Decile","Average Savings  (in thousand pesos)","58.58","","2026-08-03T09-38-59-7a63a72104f8","https://openstat.psa.gov.ph/PXWeb/pxweb/en/DB/DB__1E__IE/0081E3AIES0.px"
"CAMARINES SUR","Fifth Decile","Average Income   (in thousand pesos)","187.02","","2026-08-03T09-38-59-7a63a72104f8","https://openstat.psa.gov.ph/PXWeb/pxweb/en/DB/DB__1E__IE/0081E3AIES0.px"
"CAMARINES SUR","Fifth Decile","Average Expenditure  (in thousand pesos)","126.66","","2026-08-03T09-38-59-7a63a72104f8","https://openstat.psa.gov.ph/PXWeb/pxweb/en/DB/DB__1E__IE/0081E3AIES0.px"
"CAMARINES SUR","Fifth Decile","Average Savings  (in thousand pesos)","60.35","","2026-08-03T09-38-59-7a63a72104f8","https://openstat.psa.gov.ph/PXWeb/pxweb/en/DB/DB__1E__IE/0081E3AIES0.px"
"CAMARINES SUR","Sixth Decile","Average Income   (in thousand pesos)","219.1","","2026-08-03T09-38-59-7a63a72104f8","https://openstat.psa.gov.ph/PXWeb/pxweb/en/DB/DB__1E__IE/0081E3AIES0.px"
"CAMARINES SUR","Sixth Decile","Average Expenditure  (in thousand pesos)","144.61","","2026-08-03T09-38-59-7a63a72104f8","https://openstat.psa.gov.ph/PXWeb/pxweb/en/DB/DB__1E__IE/0081E3AIES0.px"
"CAMARINES SUR","Sixth Decile","Average Savings  (in thousand pesos)","74.49","","2026-08-03T09-38-59-7a63a72104f8","https://openstat.psa.gov.ph/PXWeb/pxweb/en/DB/DB__1E__IE/0081E3AIES0.px"
"CAMARINES SUR","Seventh Decile","Average Income   (in thousand pesos)","234.7","","2026-08-03T09-38-59-7a63a72104f8","https://openstat.psa.gov.ph/PXWeb/pxweb/en/DB/DB__1E__IE/0081E3AIES0.px"
"CAMARINES SUR","Seventh Decile","Average Expenditure  (in thousand pesos)","158.51","","2026-08-03T09-38-59-7a63a72104f8","https://openstat.psa.gov.ph/PXWeb/pxweb/en/DB/DB__1E__IE/0081E3AIES0.px"
"CAMARINES SUR","Seventh Decile","Average Savings  (in thousand pesos)","76.19","","2026-08-03T09-38-59-7a63a72104f8","https://openstat.psa.gov.ph/PXWeb/pxweb/en/DB/DB__1E__IE/0081E3AIES0.px"
"CAMARINES SUR","Eighth Decile","Average Income   (in thousand pesos)","301.22","","2026-08-03T09-38-59-7a63a72104f8","https://openstat.psa.gov.ph/PXWeb/pxweb/en/DB/DB__1E__IE/0081E3AIES0.px"
"CAMARINES SUR","Eighth Decile","Average Expenditure  (in thousand pesos)","204.68","","2026-08-03T09-38-59-7a63a72104f8","https://openstat.psa.gov.ph/PXWeb/pxweb/en/DB/DB__1E__IE/0081E3AIES0.px"
"CAMARINES SUR","Eighth Decile","Average Savings  (in thousand pesos)","96.54","","2026-08-03T09-38-59-7a63a72104f8","https://openstat.psa.gov.ph/PXWeb/pxweb/en/DB/DB__1E__IE/0081E3AIES0.px"
"CAMARINES SUR","Ninth Decile","Average Income   (in thousand pesos)","463.67","","2026-08-03T09-38-59-7a63a72104f8","https://openstat.psa.gov.ph/PXWeb/pxweb/en/DB/DB__1E__IE/0081E3AIES0.px"
"CAMARINES SUR","Ninth Decile","Average Expenditure  (in thousand pesos)","296.5","","2026-08-03T09-38-59-7a63a72104f8","https://openstat.psa.gov.ph/PXWeb/pxweb/en/DB/DB__1E__IE/0081E3AIES0.px"
"CAMARINES SUR","Ninth Decile","Average Savings  (in thousand pesos)","167.17","","2026-08-03T09-38-59-7a63a72104f8","https://openstat.psa.gov.ph/PXWeb/pxweb/en/DB/DB__1E__IE/0081E3AIES0.px"
"CAMARINES SUR","Tenth Decile","Average Income   (in thousand pesos)","851.96","","2026-08-03T09-38-59-7a63a72104f8","https://openstat.psa.gov.ph/PXWeb/pxweb/en/DB/DB__1E__IE/0081E3AIES0.px"
"CAMARINES SUR","Tenth Decile","Average Expenditure  (in thousand pesos)","431.37","","2026-08-03T09-38-59-7a63a72104f8","https://openstat.psa.gov.ph/PXWeb/pxweb/en/DB/DB__1E__IE/0081E3AIES0.px"
"CAMARINES SUR","Tenth Decile","Average Savings  (in thousand pesos)","420.59","","2026-08-03T09-38-59-7a63a72104f8","https://openstat.psa.gov.ph/PXWeb/pxweb/en/DB/DB__1E__IE/0081E3AIES0.px"
"CATANDUANES","All Income Groups","Average Income   (in thousand pesos)","251.51","","2026-08-03T09-38-59-7a63a72104f8","https://openstat.psa.gov.ph/PXWeb/pxweb/en/DB/DB__1E__IE/0081E3AIES0.px"
"CATANDUANES","All Income Groups","Average Expenditure  (in thousand pesos)","205.8","","2026-08-03T09-38-59-7a63a72104f8","https://openstat.psa.gov.ph/PXWeb/pxweb/en/DB/DB__1E__IE/0081E3AIES0.px"
"CATANDUANES","All Income Groups","Average Savings  (in thousand pesos)","45.71","","2026-08-03T09-38-59-7a63a72104f8","https://openstat.psa.gov.ph/PXWeb/pxweb/en/DB/DB__1E__IE/0081E3AIES0.px"
"CATANDUANES","First Decile","Average Income   (in thousand pesos)","114.48","","2026-08-03T09-38-59-7a63a72104f8","https://openstat.psa.gov.ph/PXWeb/pxweb/en/DB/DB__1E__IE/0081E3AIES0.px"
"CATANDUANES","First Decile","Average Expenditure  (in thousand pesos)","109.98","","2026-08-03T09-38-59-7a63a72104f8","https://openstat.psa.gov.ph/PXWeb/pxweb/en/DB/DB__1E__IE/0081E3AIES0.px"
"CATANDUANES","First Decile","Average Savings  (in thousand pesos)","4.51","","2026-08-03T09-38-59-7a63a72104f8","https://openstat.psa.gov.ph/PXWeb/pxweb/en/DB/DB__1E__IE/0081E3AIES0.px"
"CATANDUANES","Second Decile","Average Income   (in thousand pesos)","129.75","","2026-08-03T09-38-59-7a63a72104f8","https://openstat.psa.gov.ph/PXWeb/pxweb/en/DB/DB__1E__IE/0081E3AIES0.px"
"CATANDUANES","Second Decile","Average Expenditure  (in thousand pesos)","121.97","","2026-08-03T09-38-59-7a63a72104f8","https://openstat.psa.gov.ph/PXWeb/pxweb/en/DB/DB__1E__IE/0081E3AIES0.px"
"CATANDUANES","Second Decile","Average Savings  (in thousand pesos)","7.79","","2026-08-03T09-38-59-7a63a72104f8","https://openstat.psa.gov.ph/PXWeb/pxweb/en/DB/DB__1E__IE/0081E3AIES0.px"
"CATANDUANES","Third Decile","Average Income   (in thousand pesos)","148.6","","2026-08-03T09-38-59-7a63a72104f8","https://openstat.psa.gov.ph/PXWeb/pxweb/en/DB/DB__1E__IE/0081E3AIES0.px"
"CATANDUANES","Third Decile","Average Expenditure  (in thousand pesos)","135.99","","2026-08-03T09-38-59-7a63a72104f8","https://openstat.psa.gov.ph/PXWeb/pxweb/en/DB/DB__1E__IE/0081E3AIES0.px"
"CATANDUANES","Third Decile","Average Savings  (in thousand pesos)","12.61","","2026-08-03T09-38-59-7a63a72104f8","https://openstat.psa.gov.ph/PXWeb/pxweb/en/DB/DB__1E__IE/0081E3AIES0.px"
"CATANDUANES","Fourth Decile","Average Income   (in thousand pesos)","159.6","","2026-08-03T09-38-59-7a63a72104f8","https://openstat.psa.gov.ph/PXWeb/pxweb/en/DB/DB__1E__IE/0081E3AIES0.px"
"CATANDUANES","Fourth Decile","Average Expenditure  (in thousand pesos)","146.16","","2026-08-03T09-38-59-7a63a72104f8","https://openstat.psa.gov.ph/PXWeb/pxweb/en/DB/DB__1E__IE/0081E3AIES0.px"
"CATANDUANES","Fourth Decile","Average Savings  (in thousand pesos)","13.44","","2026-08-03T09-38-59-7a63a72104f8","https://openstat.psa.gov.ph/PXWeb/pxweb/en/DB/DB__1E__IE/0081E3AIES0.px"
"CATANDUANES","Fifth Decile","Average Income   (in thousand pesos)","167.77","","2026-08-03T09-38-59-7a63a72104f8","https://openstat.psa.gov.ph/PXWeb/pxweb/en/DB/DB__1E__IE/0081E3AIES0.px"
"CATANDUANES","Fifth Decile","Average Expenditure  (in thousand pesos)","153.99","","2026-08-03T09-38-59-7a63a72104f8","https://openstat.psa.gov.ph/PXWeb/pxweb/en/DB/DB__1E__IE/0081E3AIES0.px"
"CATANDUANES","Fifth Decile","Average Savings  (in thousand pesos)","13.78","","2026-08-03T09-38-59-7a63a72104f8","https://openstat.psa.gov.ph/PXWeb/pxweb/en/DB/DB__1E__IE/0081E3AIES0.px"
"CATANDUANES","Sixth Decile","Average Income   (in thousand pesos)","180.95","","2026-08-03T09-38-59-7a63a72104f8","https://openstat.psa.gov.ph/PXWeb/pxweb/en/DB/DB__1E__IE/0081E3AIES0.px"
"CATANDUANES","Sixth Decile","Average Expenditure  (in thousand pesos)","164.39","","2026-08-03T09-38-59-7a63a72104f8","https://openstat.psa.gov.ph/PXWeb/pxweb/en/DB/DB__1E__IE/0081E3AIES0.px"
"CATANDUANES","Sixth Decile","Average Savings  (in thousand pesos)","16.57","","2026-08-03T09-38-59-7a63a72104f8","https://openstat.psa.gov.ph/PXWeb/pxweb/en/DB/DB__1E__IE/0081E3AIES0.px"
"CATANDUANES","Seventh Decile","Average Income   (in thousand pesos)","199.27","","2026-08-03T09-38-59-7a63a72104f8","https://openstat.psa.gov.ph/PXWeb/pxweb/en/DB/DB__1E__IE/0081E3AIES0.px"
"CATANDUANES","Seventh Decile","Average Expenditure  (in thousand pesos)","181.04","","2026-08-03T09-38-59-7a63a72104f8","https://openstat.psa.gov.ph/PXWeb/pxweb/en/DB/DB__1E__IE/0081E3AIES0.px"
"CATANDUANES","Seventh Decile","Average Savings  (in thousand pesos)","18.23","","2026-08-03T09-38-59-7a63a72104f8","https://openstat.psa.gov.ph/PXWeb/pxweb/en/DB/DB__1E__IE/0081E3AIES0.px"
"CATANDUANES","Eighth Decile","Average Income   (in thousand pesos)","259.55","","2026-08-03T09-38-59-7a63a72104f8","https://openstat.psa.gov.ph/PXWeb/pxweb/en/DB/DB__1E__IE/0081E3AIES0.px"
"CATANDUANES","Eighth Decile","Average Expenditure  (in thousand pesos)","224.35","","2026-08-03T09-38-59-7a63a72104f8","https://openstat.psa.gov.ph/PXWeb/pxweb/en/DB/DB__1E__IE/0081E3AIES0.px"
"CATANDUANES","Eighth Decile","Average Savings  (in thousand pesos)","35.2","","2026-08-03T09-38-59-7a63a72104f8","https://openstat.psa.gov.ph/PXWeb/pxweb/en/DB/DB__1E__IE/0081E3AIES0.px"
"CATANDUANES","Ninth Decile","Average Income   (in thousand pesos)","360.8","","2026-08-03T09-38-59-7a63a72104f8","https://openstat.psa.gov.ph/PXWeb/pxweb/en/DB/DB__1E__IE/0081E3AIES0.px"
"CATANDUANES","Ninth Decile","Average Expenditure  (in thousand pesos)","286.85","","2026-08-03T09-38-59-7a63a72104f8","https://openstat.psa.gov.ph/PXWeb/pxweb/en/DB/DB__1E__IE/0081E3AIES0.px"
"CATANDUANES","Ninth Decile","Average Savings  (in thousand pesos)","73.94","","2026-08-03T09-38-59-7a63a72104f8","https://openstat.psa.gov.ph/PXWeb/pxweb/en/DB/DB__1E__IE/0081E3AIES0.px"
"CATANDUANES","Tenth Decile","Average Income   (in thousand pesos)","792.36","","2026-08-03T09-38-59-7a63a72104f8","https://openstat.psa.gov.ph/PXWeb/pxweb/en/DB/DB__1E__IE/0081E3AIES0.px"
"CATANDUANES","Tenth Decile","Average Expenditure  (in thousand pesos)","532.1","","2026-08-03T09-38-59-7a63a72104f8","https://openstat.psa.gov.ph/PXWeb/pxweb/en/DB/DB__1E__IE/0081E3AIES0.px"
"CATANDUANES","Tenth Decile","Average Savings  (in thousand pesos)","260.26","","2026-08-03T09-38-59-7a63a72104f8","https://openstat.psa.gov.ph/PXWeb/pxweb/en/DB/DB__1E__IE/0081E3AIES0.px"
"MASBATE","All Income Groups","Average Income   (in thousand pesos)","223.46","","2026-08-03T09-38-59-7a63a72104f8","https://openstat.psa.gov.ph/PXWeb/pxweb/en/DB/DB__1E__IE/0081E3AIES0.px"
"MASBATE","All Income Groups","Average Expenditure  (in thousand pesos)","164.01","","2026-08-03T09-38-59-7a63a72104f8","https://openstat.psa.gov.ph/PXWeb/pxweb/en/DB/DB__1E__IE/0081E3AIES0.px"
"MASBATE","All Income Groups","Average Savings  (in thousand pesos)","59.44","","2026-08-03T09-38-59-7a63a72104f8","https://openstat.psa.gov.ph/PXWeb/pxweb/en/DB/DB__1E__IE/0081E3AIES0.px"
"MASBATE","First Decile","Average Income   (in thousand pesos)","129.14","","2026-08-03T09-38-59-7a63a72104f8","https://openstat.psa.gov.ph/PXWeb/pxweb/en/DB/DB__1E__IE/0081E3AIES0.px"
"MASBATE","First Decile","Average Expenditure  (in thousand pesos)","109.42","","2026-08-03T09-38-59-7a63a72104f8","https://openstat.psa.gov.ph/PXWeb/pxweb/en/DB/DB__1E__IE/0081E3AIES0.px"
"MASBATE","First Decile","Average Savings  (in thousand pesos)","19.72","","2026-08-03T09-38-59-7a63a72104f8","https://openstat.psa.gov.ph/PXWeb/pxweb/en/DB/DB__1E__IE/0081E3AIES0.px"
"MASBATE","Second Decile","Average Income   (in thousand pesos)","142.32","","2026-08-03T09-38-59-7a63a72104f8","https://openstat.psa.gov.ph/PXWeb/pxweb/en/DB/DB__1E__IE/0081E3AIES0.px"
"MASBATE","Second Decile","Average Expenditure  (in thousand pesos)","113.16","","2026-08-03T09-38-59-7a63a72104f8","https://openstat.psa.gov.ph/PXWeb/pxweb/en/DB/DB__1E__IE/0081E3AIES0.px"
"MASBATE","Second Decile","Average Savings  (in thousand pesos)","29.16","","2026-08-03T09-38-59-7a63a72104f8","https://openstat.psa.gov.ph/PXWeb/pxweb/en/DB/DB__1E__IE/0081E3AIES0.px"
"MASBATE","Third Decile","Average Income   (in thousand pesos)","145.4","","2026-08-03T09-38-59-7a63a72104f8","https://openstat.psa.gov.ph/PXWeb/pxweb/en/DB/DB__1E__IE/0081E3AIES0.px"
"MASBATE","Third Decile","Average Expenditure  (in thousand pesos)","115.95","","2026-08-03T09-38-59-7a63a72104f8","https://openstat.psa.gov.ph/PXWeb/pxweb/en/DB/DB__1E__IE/0081E3AIES0.px"
"MASBATE","Third Decile","Average Savings  (in thousand pesos)","29.45","","2026-08-03T09-38-59-7a63a72104f8","https://openstat.psa.gov.ph/PXWeb/pxweb/en/DB/DB__1E__IE/0081E3AIES0.px"
"MASBATE","Fourth Decile","Average Income   (in thousand pesos)","166.38","","2026-08-03T09-38-59-7a63a72104f8","https://openstat.psa.gov.ph/PXWeb/pxweb/en/DB/DB__1E__IE/0081E3AIES0.px"
"MASBATE","Fourth Decile","Average Expenditure  (in thousand pesos)","128.4","","2026-08-03T09-38-59-7a63a72104f8","https://openstat.psa.gov.ph/PXWeb/pxweb/en/DB/DB__1E__IE/0081E3AIES0.px"
"MASBATE","Fourth Decile","Average Savings  (in thousand pesos)","37.98","","2026-08-03T09-38-59-7a63a72104f8","https://openstat.psa.gov.ph/PXWeb/pxweb/en/DB/DB__1E__IE/0081E3AIES0.px"
"MASBATE","Fifth Decile","Average Income   (in thousand pesos)","176.15","","2026-08-03T09-38-59-7a63a72104f8","https://openstat.psa.gov.ph/PXWeb/pxweb/en/DB/DB__1E__IE/0081E3AIES0.px"
"MASBATE","Fifth Decile","Average Expenditure  (in thousand pesos)","131.49","","2026-08-03T09-38-59-7a63a72104f8","https://openstat.psa.gov.ph/PXWeb/pxweb/en/DB/DB__1E__IE/0081E3AIES0.px"
"MASBATE","Fifth Decile","Average Savings  (in thousand pesos)","44.67","","2026-08-03T09-38-59-7a63a72104f8","https://openstat.psa.gov.ph/PXWeb/pxweb/en/DB/DB__1E__IE/0081E3AIES0.px"
"MASBATE","Sixth Decile","Average Income   (in thousand pesos)","197.58","","2026-08-03T09-38-59-7a63a72104f8","https://openstat.psa.gov.ph/PXWeb/pxweb/en/DB/DB__1E__IE/0081E3AIES0.px"
"MASBATE","Sixth Decile","Average Expenditure  (in thousand pesos)","151.55","","2026-08-03T09-38-59-7a63a72104f8","https://openstat.psa.gov.ph/PXWeb/pxweb/en/DB/DB__1E__IE/0081E3AIES0.px"
"MASBATE","Sixth Decile","Average Savings  (in thousand pesos)","46.03","","2026-08-03T09-38-59-7a63a72104f8","https://openstat.psa.gov.ph/PXWeb/pxweb/en/DB/DB__1E__IE/0081E3AIES0.px"
"MASBATE","Seventh Decile","Average Income   (in thousand pesos)","186.51","","2026-08-03T09-38-59-7a63a72104f8","https://openstat.psa.gov.ph/PXWeb/pxweb/en/DB/DB__1E__IE/0081E3AIES0.px"
"MASBATE","Seventh Decile","Average Expenditure  (in thousand pesos)","144.08","","2026-08-03T09-38-59-7a63a72104f8","https://openstat.psa.gov.ph/PXWeb/pxweb/en/DB/DB__1E__IE/0081E3AIES0.px"
"MASBATE","Seventh Decile","Average Savings  (in thousand pesos)","42.44","","2026-08-03T09-38-59-7a63a72104f8","https://openstat.psa.gov.ph/PXWeb/pxweb/en/DB/DB__1E__IE/0081E3AIES0.px"
"MASBATE","Eighth Decile","Average Income   (in thousand pesos)","211.07","","2026-08-03T09-38-59-7a63a72104f8","https://openstat.psa.gov.ph/PXWeb/pxweb/en/DB/DB__1E__IE/0081E3AIES0.px"
"MASBATE","Eighth Decile","Average Expenditure  (in thousand pesos)","153.82","","2026-08-03T09-38-59-7a63a72104f8","https://openstat.psa.gov.ph/PXWeb/pxweb/en/DB/DB__1E__IE/0081E3AIES0.px"
"MASBATE","Eighth Decile","Average Savings  (in thousand pesos)","57.25","","2026-08-03T09-38-59-7a63a72104f8","https://openstat.psa.gov.ph/PXWeb/pxweb/en/DB/DB__1E__IE/0081E3AIES0.px"
"MASBATE","Ninth Decile","Average Income   (in thousand pesos)","262.34","","2026-08-03T09-38-59-7a63a72104f8","https://openstat.psa.gov.ph/PXWeb/pxweb/en/DB/DB__1E__IE/0081E3AIES0.px"
"MASBATE","Ninth Decile","Average Expenditure  (in thousand pesos)","200.72","","2026-08-03T09-38-59-7a63a72104f8","https://openstat.psa.gov.ph/PXWeb/pxweb/en/DB/DB__1E__IE/0081E3AIES0.px"
"MASBATE","Ninth Decile","Average Savings  (in thousand pesos)","61.62","","2026-08-03T09-38-59-7a63a72104f8","https://openstat.psa.gov.ph/PXWeb/pxweb/en/DB/DB__1E__IE/0081E3AIES0.px"
"MASBATE","Tenth Decile","Average Income   (in thousand pesos)","615.27","","2026-08-03T09-38-59-7a63a72104f8","https://openstat.psa.gov.ph/PXWeb/pxweb/en/DB/DB__1E__IE/0081E3AIES0.px"
"MASBATE","Tenth Decile","Average Expenditure  (in thousand pesos)","390.12","","2026-08-03T09-38-59-7a63a72104f8","https://openstat.psa.gov.ph/PXWeb/pxweb/en/DB/DB__1E__IE/0081E3AIES0.px"
"MASBATE","Tenth Decile","Average Savings  (in thousand pesos)","225.16","","2026-08-03T09-38-59-7a63a72104f8","https://openstat.psa.gov.ph/PXWeb/pxweb/en/DB/DB__1E__IE/0081E3AIES0.px"
"SORSOGON","All Income Groups","Average Income   (in thousand pesos)","213.49","","2026-08-03T09-38-59-7a63a72104f8","https://openstat.psa.gov.ph/PXWeb/pxweb/en/DB/DB__1E__IE/0081E3AIES0.px"
"SORSOGON","All Income Groups","Average Expenditure  (in thousand pesos)","181.38","","2026-08-03T09-38-59-7a63a72104f8","https://openstat.psa.gov.ph/PXWeb/pxweb/en/DB/DB__1E__IE/0081E3AIES0.px"
"SORSOGON","All Income Groups","Average Savings  (in thousand pesos)","32.11","","2026-08-03T09-38-59-7a63a72104f8","https://openstat.psa.gov.ph/PXWeb/pxweb/en/DB/DB__1E__IE/0081E3AIES0.px"
"SORSOGON","First Decile","Average Income   (in thousand pesos)","128.02","","2026-08-03T09-38-59-7a63a72104f8","https://openstat.psa.gov.ph/PXWeb/pxweb/en/DB/DB__1E__IE/0081E3AIES0.px"
"SORSOGON","First Decile","Average Expenditure  (in thousand pesos)","122.27","","2026-08-03T09-38-59-7a63a72104f8","https://openstat.psa.gov.ph/PXWeb/pxweb/en/DB/DB__1E__IE/0081E3AIES0.px"
"SORSOGON","First Decile","Average Savings  (in thousand pesos)","5.75","","2026-08-03T09-38-59-7a63a72104f8","https://openstat.psa.gov.ph/PXWeb/pxweb/en/DB/DB__1E__IE/0081E3AIES0.px"
"SORSOGON","Second Decile","Average Income   (in thousand pesos)","138.2","","2026-08-03T09-38-59-7a63a72104f8","https://openstat.psa.gov.ph/PXWeb/pxweb/en/DB/DB__1E__IE/0081E3AIES0.px"
"SORSOGON","Second Decile","Average Expenditure  (in thousand pesos)","129.99","","2026-08-03T09-38-59-7a63a72104f8","https://openstat.psa.gov.ph/PXWeb/pxweb/en/DB/DB__1E__IE/0081E3AIES0.px"
"SORSOGON","Second Decile","Average Savings  (in thousand pesos)","8.21","","2026-08-03T09-38-59-7a63a72104f8","https://openstat.psa.gov.ph/PXWeb/pxweb/en/DB/DB__1E__IE/0081E3AIES0.px"
"SORSOGON","Third Decile","Average Income   (in thousand pesos)","145.99","","2026-08-03T09-38-59-7a63a72104f8","https://openstat.psa.gov.ph/PXWeb/pxweb/en/DB/DB__1E__IE/0081E3AIES0.px"
"SORSOGON","Third Decile","Average Expenditure  (in thousand pesos)","137.16","","2026-08-03T09-38-59-7a63a72104f8","https://openstat.psa.gov.ph/PXWeb/pxweb/en/DB/DB__1E__IE/0081E3AIES0.px"
"SORSOGON","Third Decile","Average Savings  (in thousand pesos)","8.83","","2026-08-03T09-38-59-7a63a72104f8","https://openstat.psa.gov.ph/PXWeb/pxweb/en/DB/DB__1E__IE/0081E3AIES0.px"
"SORSOGON","Fourth Decile","Average Income   (in thousand pesos)","150.49","","2026-08-03T09-38-59-7a63a72104f8","https://openstat.psa.gov.ph/PXWeb/pxweb/en/DB/DB__1E__IE/0081E3AIES0.px"
"SORSOGON","Fourth Decile","Average Expenditure  (in thousand pesos)","140.17","","2026-08-03T09-38-59-7a63a72104f8","https://openstat.psa.gov.ph/PXWeb/pxweb/en/DB/DB__1E__IE/0081E3AIES0.px"
"SORSOGON","Fourth Decile","Average Savings  (in thousand pesos)","10.32","","2026-08-03T09-38-59-7a63a72104f8","https://openstat.psa.gov.ph/PXWeb/pxweb/en/DB/DB__1E__IE/0081E3AIES0.px"
"SORSOGON","Fifth Decile","Average Income   (in thousand pesos)","165.09","","2026-08-03T09-38-59-7a63a72104f8","https://openstat.psa.gov.ph/PXWeb/pxweb/en/DB/DB__1E__IE/0081E3AIES0.px"
"SORSOGON","Fifth Decile","Average Expenditure  (in thousand pesos)","153.79","","2026-08-03T09-38-59-7a63a72104f8","https://openstat.psa.gov.ph/PXWeb/pxweb/en/DB/DB__1E__IE/0081E3AIES0.px"
"SORSOGON","Fifth Decile","Average Savings  (in thousand pesos)","11.3","","2026-08-03T09-38-59-7a63a72104f8","https://openstat.psa.gov.ph/PXWeb/pxweb/en/DB/DB__1E__IE/0081E3AIES0.px"
"SORSOGON","Sixth Decile","Average Income   (in thousand pesos)","167.32","","2026-08-03T09-38-59-7a63a72104f8","https://openstat.psa.gov.ph/PXWeb/pxweb/en/DB/DB__1E__IE/0081E3AIES0.px"
"SORSOGON","Sixth Decile","Average Expenditure  (in thousand pesos)","150.67","","2026-08-03T09-38-59-7a63a72104f8","https://openstat.psa.gov.ph/PXWeb/pxweb/en/DB/DB__1E__IE/0081E3AIES0.px"
"SORSOGON","Sixth Decile","Average Savings  (in thousand pesos)","16.65","","2026-08-03T09-38-59-7a63a72104f8","https://openstat.psa.gov.ph/PXWeb/pxweb/en/DB/DB__1E__IE/0081E3AIES0.px"
"SORSOGON","Seventh Decile","Average Income   (in thousand pesos)","174.18","","2026-08-03T09-38-59-7a63a72104f8","https://openstat.psa.gov.ph/PXWeb/pxweb/en/DB/DB__1E__IE/0081E3AIES0.px"
"SORSOGON","Seventh Decile","Average Expenditure  (in thousand pesos)","160.96","","2026-08-03T09-38-59-7a63a72104f8","https://openstat.psa.gov.ph/PXWeb/pxweb/en/DB/DB__1E__IE/0081E3AIES0.px"
"SORSOGON","Seventh Decile","Average Savings  (in thousand pesos)","13.22","","2026-08-03T09-38-59-7a63a72104f8","https://openstat.psa.gov.ph/PXWeb/pxweb/en/DB/DB__1E__IE/0081E3AIES0.px"
"SORSOGON","Eighth Decile","Average Income   (in thousand pesos)","197.5","","2026-08-03T09-38-59-7a63a72104f8","https://openstat.psa.gov.ph/PXWeb/pxweb/en/DB/DB__1E__IE/0081E3AIES0.px"
"SORSOGON","Eighth Decile","Average Expenditure  (in thousand pesos)","172.3","","2026-08-03T09-38-59-7a63a72104f8","https://openstat.psa.gov.ph/PXWeb/pxweb/en/DB/DB__1E__IE/0081E3AIES0.px"
"SORSOGON","Eighth Decile","Average Savings  (in thousand pesos)","25.2","","2026-08-03T09-38-59-7a63a72104f8","https://openstat.psa.gov.ph/PXWeb/pxweb/en/DB/DB__1E__IE/0081E3AIES0.px"
"SORSOGON","Ninth Decile","Average Income   (in thousand pesos)","270.87","","2026-08-03T09-38-59-7a63a72104f8","https://openstat.psa.gov.ph/PXWeb/pxweb/en/DB/DB__1E__IE/0081E3AIES0.px"
"SORSOGON","Ninth Decile","Average Expenditure  (in thousand pesos)","224.05","","2026-08-03T09-38-59-7a63a72104f8","https://openstat.psa.gov.ph/PXWeb/pxweb/en/DB/DB__1E__IE/0081E3AIES0.px"
"SORSOGON","Ninth Decile","Average Savings  (in thousand pesos)","46.82","","2026-08-03T09-38-59-7a63a72104f8","https://openstat.psa.gov.ph/PXWeb/pxweb/en/DB/DB__1E__IE/0081E3AIES0.px"
"SORSOGON","Tenth Decile","Average Income   (in thousand pesos)","595.43","","2026-08-03T09-38-59-7a63a72104f8","https://openstat.psa.gov.ph/PXWeb/pxweb/en/DB/DB__1E__IE/0081E3AIES0.px"
"SORSOGON","Tenth Decile","Average Expenditure  (in thousand pesos)","421.33","","2026-08-03T09-38-59-7a63a72104f8","https://openstat.psa.gov.ph/PXWeb/pxweb/en/DB/DB__1E__IE/0081E3AIES0.px"
"SORSOGON","Tenth Decile","Average Savings  (in thousand pesos)","174.1","","2026-08-03T09-38-59-7a63a72104f8","https://openstat.psa.gov.ph/PXWeb/pxweb/en/DB/DB__1E__IE/0081E3AIES0.px"
"REGION VI - WESTERN VISAYAS","All Income Groups","Average Income   (in thousand pesos)","285.41","","2026-08-03T09-38-59-7a63a72104f8","https://openstat.psa.gov.ph/PXWeb/pxweb/en/DB/DB__1E__IE/0081E3AIES0.px"
"REGION VI - WESTERN VISAYAS","All Income Groups","Average Expenditure  (in thousand pesos)","204.76","","2026-08-03T09-38-59-7a63a72104f8","https://openstat.psa.gov.ph/PXWeb/pxweb/en/DB/DB__1E__IE/0081E3AIES0.px"
"REGION VI - WESTERN VISAYAS","All Income Groups","Average Savings  (in thousand pesos)","80.65","","2026-08-03T09-38-59-7a63a72104f8","https://openstat.psa.gov.ph/PXWeb/pxweb/en/DB/DB__1E__IE/0081E3AIES0.px"
"REGION VI - WESTERN VISAYAS","First Decile","Average Income   (in thousand pesos)","133.47","","2026-08-03T09-38-59-7a63a72104f8","https://openstat.psa.gov.ph/PXWeb/pxweb/en/DB/DB__1E__IE/0081E3AIES0.px"
"REGION VI - WESTERN VISAYAS","First Decile","Average Expenditure  (in thousand pesos)","124.45","","2026-08-03T09-38-59-7a63a72104f8","https://openstat.psa.gov.ph/PXWeb/pxweb/en/DB/DB__1E__IE/0081E3AIES0.px"
"REGION VI - WESTERN VISAYAS","First Decile","Average Savings  (in thousand pesos)","9.01","","2026-08-03T09-38-59-7a63a72104f8","https://openstat.psa.gov.ph/PXWeb/pxweb/en/DB/DB__1E__IE/0081E3AIES0.px"
"REGION VI - WESTERN VISAYAS","Second Decile","Average Income   (in thousand pesos)","154.74","","2026-08-03T09-38-59-7a63a72104f8","https://openstat.psa.gov.ph/PXWeb/pxweb/en/DB/DB__1E__IE/0081E3AIES0.px"
"REGION VI - WESTERN VISAYAS","Second Decile","Average Expenditure  (in thousand pesos)","133.81","","2026-08-03T09-38-59-7a63a72104f8","https://openstat.psa.gov.ph/PXWeb/pxweb/en/DB/DB__1E__IE/0081E3AIES0.px"
"REGION VI - WESTERN VISAYAS","Second Decile","Average Savings  (in thousand pesos)","20.93","","2026-08-03T09-38-59-7a63a72104f8","https://openstat.psa.gov.ph/PXWeb/pxweb/en/DB/DB__1E__IE/0081E3AIES0.px"
"REGION VI - WESTERN VISAYAS","Third Decile","Average Income   (in thousand pesos)","177.93","","2026-08-03T09-38-59-7a63a72104f8","https://openstat.psa.gov.ph/PXWeb/pxweb/en/DB/DB__1E__IE/0081E3AIES0.px"
"REGION VI - WESTERN VISAYAS","Third Decile","Average Expenditure  (in thousand pesos)","148.71","","2026-08-03T09-38-59-7a63a72104f8","https://openstat.psa.gov.ph/PXWeb/pxweb/en/DB/DB__1E__IE/0081E3AIES0.px"
"REGION VI - WESTERN VISAYAS","Third Decile","Average Savings  (in thousand pesos)","29.22","","2026-08-03T09-38-59-7a63a72104f8","https://openstat.psa.gov.ph/PXWeb/pxweb/en/DB/DB__1E__IE/0081E3AIES0.px"
"REGION VI - WESTERN VISAYAS","Fourth Decile","Average Income   (in thousand pesos)","198.3","","2026-08-03T09-38-59-7a63a72104f8","https://openstat.psa.gov.ph/PXWeb/pxweb/en/DB/DB__1E__IE/0081E3AIES0.px"
"REGION VI - WESTERN VISAYAS","Fourth Decile","Average Expenditure  (in thousand pesos)","162.18","","2026-08-03T09-38-59-7a63a72104f8","https://openstat.psa.gov.ph/PXWeb/pxweb/en/DB/DB__1E__IE/0081E3AIES0.px"
"REGION VI - WESTERN VISAYAS","Fourth Decile","Average Savings  (in thousand pesos)","36.12","","2026-08-03T09-38-59-7a63a72104f8","https://openstat.psa.gov.ph/PXWeb/pxweb/en/DB/DB__1E__IE/0081E3AIES0.px"
"REGION VI - WESTERN VISAYAS","Fifth Decile","Average Income   (in thousand pesos)","215.4","","2026-08-03T09-38-59-7a63a72104f8","https://openstat.psa.gov.ph/PXWeb/pxweb/en/DB/DB__1E__IE/0081E3AIES0.px"
"REGION VI - WESTERN VISAYAS","Fifth Decile","Average Expenditure  (in thousand pesos)","170.08","","2026-08-03T09-38-59-7a63a72104f8","https://openstat.psa.gov.ph/PXWeb/pxweb/en/DB/DB__1E__IE/0081E3AIES0.px"
"REGION VI - WESTERN VISAYAS","Fifth Decile","Average Savings  (in thousand pesos)","45.32","","2026-08-03T09-38-59-7a63a72104f8","https://openstat.psa.gov.ph/PXWeb/pxweb/en/DB/DB__1E__IE/0081E3AIES0.px"
"REGION VI - WESTERN VISAYAS","Sixth Decile","Average Income   (in thousand pesos)","228.56","","2026-08-03T09-38-59-7a63a72104f8","https://openstat.psa.gov.ph/PXWeb/pxweb/en/DB/DB__1E__IE/0081E3AIES0.px"
"REGION VI - WESTERN VISAYAS","Sixth Decile","Average Expenditure  (in thousand pesos)","175.24","","2026-08-03T09-38-59-7a63a72104f8","https://openstat.psa.gov.ph/PXWeb/pxweb/en/DB/DB__1E__IE/0081E3AIES0.px"
"REGION VI - WESTERN VISAYAS","Sixth Decile","Average Savings  (in thousand pesos)","53.32","","2026-08-03T09-38-59-7a63a72104f8","https://openstat.psa.gov.ph/PXWeb/pxweb/en/DB/DB__1E__IE/0081E3AIES0.px"
"REGION VI - WESTERN VISAYAS","Seventh Decile","Average Income   (in thousand pesos)","262.22","","2026-08-03T09-38-59-7a63a72104f8","https://openstat.psa.gov.ph/PXWeb/pxweb/en/DB/DB__1E__IE/0081E3AIES0.px"
"REGION VI - WESTERN VISAYAS","Seventh Decile","Average Expenditure  (in thousand pesos)","193.79","","2026-08-03T09-38-59-7a63a72104f8","https://openstat.psa.gov.ph/PXWeb/pxweb/en/DB/DB__1E__IE/0081E3AIES0.px"
"REGION VI - WESTERN VISAYAS","Seventh Decile","Average Savings  (in thousand pesos)","68.43","","2026-08-03T09-38-59-7a63a72104f8","https://openstat.psa.gov.ph/PXWeb/pxweb/en/DB/DB__1E__IE/0081E3AIES0.px"
"REGION VI - WESTERN VISAYAS","Eighth Decile","Average Income   (in thousand pesos)","300.15","","2026-08-03T09-38-59-7a63a72104f8","https://openstat.psa.gov.ph/PXWeb/pxweb/en/DB/DB__1E__IE/0081E3AIES0.px"
"REGION VI - WESTERN VISAYAS","Eighth Decile","Average Expenditure  (in thousand pesos)","218.48","","2026-08-03T09-38-59-7a63a72104f8","https://openstat.psa.gov.ph/PXWeb/pxweb/en/DB/DB__1E__IE/0081E3AIES0.px"
"REGION VI - WESTERN VISAYAS","Eighth Decile","Average Savings  (in thousand pesos)","81.67","","2026-08-03T09-38-59-7a63a72104f8","https://openstat.psa.gov.ph/PXWeb/pxweb/en/DB/DB__1E__IE/0081E3AIES0.px"
"REGION VI - WESTERN VISAYAS","Ninth Decile","Average Income   (in thousand pesos)","414.19","","2026-08-03T09-38-59-7a63a72104f8","https://openstat.psa.gov.ph/PXWeb/pxweb/en/DB/DB__1E__IE/0081E3AIES0.px"
"REGION VI - WESTERN VISAYAS","Ninth Decile","Average Expenditure  (in thousand pesos)","284.25","","2026-08-03T09-38-59-7a63a72104f8","https://openstat.psa.gov.ph/PXWeb/pxweb/en/DB/DB__1E__IE/0081E3AIES0.px"
"REGION VI - WESTERN VISAYAS","Ninth Decile","Average Savings  (in thousand pesos)","129.94","","2026-08-03T09-38-59-7a63a72104f8","https://openstat.psa.gov.ph/PXWeb/pxweb/en/DB/DB__1E__IE/0081E3AIES0.px"
"REGION VI - WESTERN VISAYAS","Tenth Decile","Average Income   (in thousand pesos)","767.59","","2026-08-03T09-38-59-7a63a72104f8","https://openstat.psa.gov.ph/PXWeb/pxweb/en/DB/DB__1E__IE/0081E3AIES0.px"
"REGION VI - WESTERN VISAYAS","Tenth Decile","Average Expenditure  (in thousand pesos)","435.83","","2026-08-03T09-38-59-7a63a72104f8","https://openstat.psa.gov.ph/PXWeb/pxweb/en/DB/DB__1E__IE/0081E3AIES0.px"
"REGION VI - WESTERN VISAYAS","Tenth Decile","Average Savings  (in thousand pesos)","331.76","","2026-08-03T09-38-59-7a63a72104f8","https://openstat.psa.gov.ph/PXWeb/pxweb/en/DB/DB__1E__IE/0081E3AIES0.px"
"AKLAN","All Income Groups","Average Income   (in thousand pesos)","293.24","","2026-08-03T09-38-59-7a63a72104f8","https://openstat.psa.gov.ph/PXWeb/pxweb/en/DB/DB__1E__IE/0081E3AIES0.px"
"AKLAN","All Income Groups","Average Expenditure  (in thousand pesos)","220.64","","2026-08-03T09-38-59-7a63a72104f8","https://openstat.psa.gov.ph/PXWeb/pxweb/en/DB/DB__1E__IE/0081E3AIES0.px"
"AKLAN","All Income Groups","Average Savings  (in thousand pesos)","72.6","","2026-08-03T09-38-59-7a63a72104f8","https://openstat.psa.gov.ph/PXWeb/pxweb/en/DB/DB__1E__IE/0081E3AIES0.px"
"AKLAN","First Decile","Average Income   (in thousand pesos)","157.12","","2026-08-03T09-38-59-7a63a72104f8","https://openstat.psa.gov.ph/PXWeb/pxweb/en/DB/DB__1E__IE/0081E3AIES0.px"
"AKLAN","First Decile","Average Expenditure  (in thousand pesos)","151.4","","2026-08-03T09-38-59-7a63a72104f8","https://openstat.psa.gov.ph/PXWeb/pxweb/en/DB/DB__1E__IE/0081E3AIES0.px"
"AKLAN","First Decile","Average Savings  (in thousand pesos)","5.72","","2026-08-03T09-38-59-7a63a72104f8","https://openstat.psa.gov.ph/PXWeb/pxweb/en/DB/DB__1E__IE/0081E3AIES0.px"
"AKLAN","Second Decile","Average Income   (in thousand pesos)","175.07","","2026-08-03T09-38-59-7a63a72104f8","https://openstat.psa.gov.ph/PXWeb/pxweb/en/DB/DB__1E__IE/0081E3AIES0.px"
"AKLAN","Second Decile","Average Expenditure  (in thousand pesos)","157.84","","2026-08-03T09-38-59-7a63a72104f8","https://openstat.psa.gov.ph/PXWeb/pxweb/en/DB/DB__1E__IE/0081E3AIES0.px"
"AKLAN","Second Decile","Average Savings  (in thousand pesos)","17.24","","2026-08-03T09-38-59-7a63a72104f8","https://openstat.psa.gov.ph/PXWeb/pxweb/en/DB/DB__1E__IE/0081E3AIES0.px"
"AKLAN","Third Decile","Average Income   (in thousand pesos)","197.08","","2026-08-03T09-38-59-7a63a72104f8","https://openstat.psa.gov.ph/PXWeb/pxweb/en/DB/DB__1E__IE/0081E3AIES0.px"
"AKLAN","Third Decile","Average Expenditure  (in thousand pesos)","169.39","","2026-08-03T09-38-59-7a63a72104f8","https://openstat.psa.gov.ph/PXWeb/pxweb/en/DB/DB__1E__IE/0081E3AIES0.px"
"AKLAN","Third Decile","Average Savings  (in thousand pesos)","27.69","","2026-08-03T09-38-59-7a63a72104f8","https://openstat.psa.gov.ph/PXWeb/pxweb/en/DB/DB__1E__IE/0081E3AIES0.px"
"AKLAN","Fourth Decile","Average Income   (in thousand pesos)","219.84","","2026-08-03T09-38-59-7a63a72104f8","https://openstat.psa.gov.ph/PXWeb/pxweb/en/DB/DB__1E__IE/0081E3AIES0.px"
"AKLAN","Fourth Decile","Average Expenditure  (in thousand pesos)","185.07","","2026-08-03T09-38-59-7a63a72104f8","https://openstat.psa.gov.ph/PXWeb/pxweb/en/DB/DB__1E__IE/0081E3AIES0.px"
"AKLAN","Fourth Decile","Average Savings  (in thousand pesos)","34.76","","2026-08-03T09-38-59-7a63a72104f8","https://openstat.psa.gov.ph/PXWeb/pxweb/en/DB/DB__1E__IE/0081E3AIES0.px"
"AKLAN","Fifth Decile","Average Income   (in thousand pesos)","231.32","","2026-08-03T09-38-59-7a63a72104f8","https://openstat.psa.gov.ph/PXWeb/pxweb/en/DB/DB__1E__IE/0081E3AIES0.px"
"AKLAN","Fifth Decile","Average Expenditure  (in thousand pesos)","194.03","","2026-08-03T09-38-59-7a63a72104f8","https://openstat.psa.gov.ph/PXWeb/pxweb/en/DB/DB__1E__IE/0081E3AIES0.px"
"AKLAN","Fifth Decile","Average Savings  (in thousand pesos)","37.29","","2026-08-03T09-38-59-7a63a72104f8","https://openstat.psa.gov.ph/PXWeb/pxweb/en/DB/DB__1E__IE/0081E3AIES0.px"
"AKLAN","Sixth Decile","Average Income   (in thousand pesos)","239.09","","2026-08-03T09-38-59-7a63a72104f8","https://openstat.psa.gov.ph/PXWeb/pxweb/en/DB/DB__1E__IE/0081E3AIES0.px"
"AKLAN","Sixth Decile","Average Expenditure  (in thousand pesos)","192.02","","2026-08-03T09-38-59-7a63a72104f8","https://openstat.psa.gov.ph/PXWeb/pxweb/en/DB/DB__1E__IE/0081E3AIES0.px"
"AKLAN","Sixth Decile","Average Savings  (in thousand pesos)","47.07","","2026-08-03T09-38-59-7a63a72104f8","https://openstat.psa.gov.ph/PXWeb/pxweb/en/DB/DB__1E__IE/0081E3AIES0.px"
"AKLAN","Seventh Decile","Average Income   (in thousand pesos)","255.55","","2026-08-03T09-38-59-7a63a72104f8","https://openstat.psa.gov.ph/PXWeb/pxweb/en/DB/DB__1E__IE/0081E3AIES0.px"
"AKLAN","Seventh Decile","Average Expenditure  (in thousand pesos)","197.44","","2026-08-03T09-38-59-7a63a72104f8","https://openstat.psa.gov.ph/PXWeb/pxweb/en/DB/DB__1E__IE/0081E3AIES0.px"
"AKLAN","Seventh Decile","Average Savings  (in thousand pesos)","58.11","","2026-08-03T09-38-59-7a63a72104f8","https://openstat.psa.gov.ph/PXWeb/pxweb/en/DB/DB__1E__IE/0081E3AIES0.px"
"AKLAN","Eighth Decile","Average Income   (in thousand pesos)","298.57","","2026-08-03T09-38-59-7a63a72104f8","https://openstat.psa.gov.ph/PXWeb/pxweb/en/DB/DB__1E__IE/0081E3AIES0.px"
"AKLAN","Eighth Decile","Average Expenditure  (in thousand pesos)","221.85","","2026-08-03T09-38-59-7a63a72104f8","https://openstat.psa.gov.ph/PXWeb/pxweb/en/DB/DB__1E__IE/0081E3AIES0.px"
"AKLAN","Eighth Decile","Average Savings  (in thousand pesos)","76.72","","2026-08-03T09-38-59-7a63a72104f8","https://openstat.psa.gov.ph/PXWeb/pxweb/en/DB/DB__1E__IE/0081E3AIES0.px"
"AKLAN","Ninth Decile","Average Income   (in thousand pesos)","433.91","","2026-08-03T09-38-59-7a63a72104f8","https://openstat.psa.gov.ph/PXWeb/pxweb/en/DB/DB__1E__IE/0081E3AIES0.px"
"AKLAN","Ninth Decile","Average Expenditure  (in thousand pesos)","313.38","","2026-08-03T09-38-59-7a63a72104f8","https://openstat.psa.gov.ph/PXWeb/pxweb/en/DB/DB__1E__IE/0081E3AIES0.px"
"AKLAN","Ninth Decile","Average Savings  (in thousand pesos)","120.53","","2026-08-03T09-38-59-7a63a72104f8","https://openstat.psa.gov.ph/PXWeb/pxweb/en/DB/DB__1E__IE/0081E3AIES0.px"
"AKLAN","Tenth Decile","Average Income   (in thousand pesos)","723.72","","2026-08-03T09-38-59-7a63a72104f8","https://openstat.psa.gov.ph/PXWeb/pxweb/en/DB/DB__1E__IE/0081E3AIES0.px"
"AKLAN","Tenth Decile","Average Expenditure  (in thousand pesos)","423.41","","2026-08-03T09-38-59-7a63a72104f8","https://openstat.psa.gov.ph/PXWeb/pxweb/en/DB/DB__1E__IE/0081E3AIES0.px"
"AKLAN","Tenth Decile","Average Savings  (in thousand pesos)","300.31","","2026-08-03T09-38-59-7a63a72104f8","https://openstat.psa.gov.ph/PXWeb/pxweb/en/DB/DB__1E__IE/0081E3AIES0.px"
"ANTIQUE","All Income Groups","Average Income   (in thousand pesos)","273.3","","2026-08-03T09-38-59-7a63a72104f8","https://openstat.psa.gov.ph/PXWeb/pxweb/en/DB/DB__1E__IE/0081E3AIES0.px"
"ANTIQUE","All Income Groups","Average Expenditure  (in thousand pesos)","192.85","","2026-08-03T09-38-59-7a63a72104f8","https://openstat.psa.gov.ph/PXWeb/pxweb/en/DB/DB__1E__IE/0081E3AIES0.px"
"ANTIQUE","All Income Groups","Average Savings  (in thousand pesos)","80.45","","2026-08-03T09-38-59-7a63a72104f8","https://openstat.psa.gov.ph/PXWeb/pxweb/en/DB/DB__1E__IE/0081E3AIES0.px"
"ANTIQUE","First Decile","Average Income   (in thousand pesos)","121.72","","2026-08-03T09-38-59-7a63a72104f8","https://openstat.psa.gov.ph/PXWeb/pxweb/en/DB/DB__1E__IE/0081E3AIES0.px"
"ANTIQUE","First Decile","Average Expenditure  (in thousand pesos)","109.4","","2026-08-03T09-38-59-7a63a72104f8","https://openstat.psa.gov.ph/PXWeb/pxweb/en/DB/DB__1E__IE/0081E3AIES0.px"
"ANTIQUE","First Decile","Average Savings  (in thousand pesos)","12.33","","2026-08-03T09-38-59-7a63a72104f8","https://openstat.psa.gov.ph/PXWeb/pxweb/en/DB/DB__1E__IE/0081E3AIES0.px"
"ANTIQUE","Second Decile","Average Income   (in thousand pesos)","145.88","","2026-08-03T09-38-59-7a63a72104f8","https://openstat.psa.gov.ph/PXWeb/pxweb/en/DB/DB__1E__IE/0081E3AIES0.px"
"ANTIQUE","Second Decile","Average Expenditure  (in thousand pesos)","120.58","","2026-08-03T09-38-59-7a63a72104f8","https://openstat.psa.gov.ph/PXWeb/pxweb/en/DB/DB__1E__IE/0081E3AIES0.px"
"ANTIQUE","Second Decile","Average Savings  (in thousand pesos)","25.3","","2026-08-03T09-38-59-7a63a72104f8","https://openstat.psa.gov.ph/PXWeb/pxweb/en/DB/DB__1E__IE/0081E3AIES0.px"
"ANTIQUE","Third Decile","Average Income   (in thousand pesos)","164.31","","2026-08-03T09-38-59-7a63a72104f8","https://openstat.psa.gov.ph/PXWeb/pxweb/en/DB/DB__1E__IE/0081E3AIES0.px"
"ANTIQUE","Third Decile","Average Expenditure  (in thousand pesos)","132.53","","2026-08-03T09-38-59-7a63a72104f8","https://openstat.psa.gov.ph/PXWeb/pxweb/en/DB/DB__1E__IE/0081E3AIES0.px"
"ANTIQUE","Third Decile","Average Savings  (in thousand pesos)","31.77","","2026-08-03T09-38-59-7a63a72104f8","https://openstat.psa.gov.ph/PXWeb/pxweb/en/DB/DB__1E__IE/0081E3AIES0.px"
"ANTIQUE","Fourth Decile","Average Income   (in thousand pesos)","176.39","","2026-08-03T09-38-59-7a63a72104f8","https://openstat.psa.gov.ph/PXWeb/pxweb/en/DB/DB__1E__IE/0081E3AIES0.px"
"ANTIQUE","Fourth Decile","Average Expenditure  (in thousand pesos)","142.31","","2026-08-03T09-38-59-7a63a72104f8","https://openstat.psa.gov.ph/PXWeb/pxweb/en/DB/DB__1E__IE/0081E3AIES0.px"
"ANTIQUE","Fourth Decile","Average Savings  (in thousand pesos)","34.08","","2026-08-03T09-38-59-7a63a72104f8","https://openstat.psa.gov.ph/PXWeb/pxweb/en/DB/DB__1E__IE/0081E3AIES0.px"
"ANTIQUE","Fifth Decile","Average Income   (in thousand pesos)","202.51","","2026-08-03T09-38-59-7a63a72104f8","https://openstat.psa.gov.ph/PXWeb/pxweb/en/DB/DB__1E__IE/0081E3AIES0.px"
"ANTIQUE","Fifth Decile","Average Expenditure  (in thousand pesos)","153.39","","2026-08-03T09-38-59-7a63a72104f8","https://openstat.psa.gov.ph/PXWeb/pxweb/en/DB/DB__1E__IE/0081E3AIES0.px"
"ANTIQUE","Fifth Decile","Average Savings  (in thousand pesos)","49.12","","2026-08-03T09-38-59-7a63a72104f8","https://openstat.psa.gov.ph/PXWeb/pxweb/en/DB/DB__1E__IE/0081E3AIES0.px"
"ANTIQUE","Sixth Decile","Average Income   (in thousand pesos)","200.36","","2026-08-03T09-38-59-7a63a72104f8","https://openstat.psa.gov.ph/PXWeb/pxweb/en/DB/DB__1E__IE/0081E3AIES0.px"
"ANTIQUE","Sixth Decile","Average Expenditure  (in thousand pesos)","146.95","","2026-08-03T09-38-59-7a63a72104f8","https://openstat.psa.gov.ph/PXWeb/pxweb/en/DB/DB__1E__IE/0081E3AIES0.px"
"ANTIQUE","Sixth Decile","Average Savings  (in thousand pesos)","53.41","","2026-08-03T09-38-59-7a63a72104f8","https://openstat.psa.gov.ph/PXWeb/pxweb/en/DB/DB__1E__IE/0081E3AIES0.px"
"ANTIQUE","Seventh Decile","Average Income   (in thousand pesos)","256.64","","2026-08-03T09-38-59-7a63a72104f8","https://openstat.psa.gov.ph/PXWeb/pxweb/en/DB/DB__1E__IE/0081E3AIES0.px"
"ANTIQUE","Seventh Decile","Average Expenditure  (in thousand pesos)","186.91","","2026-08-03T09-38-59-7a63a72104f8","https://openstat.psa.gov.ph/PXWeb/pxweb/en/DB/DB__1E__IE/0081E3AIES0.px"
"ANTIQUE","Seventh Decile","Average Savings  (in thousand pesos)","69.73","","2026-08-03T09-38-59-7a63a72104f8","https://openstat.psa.gov.ph/PXWeb/pxweb/en/DB/DB__1E__IE/0081E3AIES0.px"
"ANTIQUE","Eighth Decile","Average Income   (in thousand pesos)","257.45","","2026-08-03T09-38-59-7a63a72104f8","https://openstat.psa.gov.ph/PXWeb/pxweb/en/DB/DB__1E__IE/0081E3AIES0.px"
"ANTIQUE","Eighth Decile","Average Expenditure  (in thousand pesos)","183.16","","2026-08-03T09-38-59-7a63a72104f8","https://openstat.psa.gov.ph/PXWeb/pxweb/en/DB/DB__1E__IE/0081E3AIES0.px"
"ANTIQUE","Eighth Decile","Average Savings  (in thousand pesos)","74.28","","2026-08-03T09-38-59-7a63a72104f8","https://openstat.psa.gov.ph/PXWeb/pxweb/en/DB/DB__1E__IE/0081E3AIES0.px"
"ANTIQUE","Ninth Decile","Average Income   (in thousand pesos)","422.51","","2026-08-03T09-38-59-7a63a72104f8","https://openstat.psa.gov.ph/PXWeb/pxweb/en/DB/DB__1E__IE/0081E3AIES0.px"
"ANTIQUE","Ninth Decile","Average Expenditure  (in thousand pesos)","273.37","","2026-08-03T09-38-59-7a63a72104f8","https://openstat.psa.gov.ph/PXWeb/pxweb/en/DB/DB__1E__IE/0081E3AIES0.px"
"ANTIQUE","Ninth Decile","Average Savings  (in thousand pesos)","149.14","","2026-08-03T09-38-59-7a63a72104f8","https://openstat.psa.gov.ph/PXWeb/pxweb/en/DB/DB__1E__IE/0081E3AIES0.px"
"ANTIQUE","Tenth Decile","Average Income   (in thousand pesos)","783.22","","2026-08-03T09-38-59-7a63a72104f8","https://openstat.psa.gov.ph/PXWeb/pxweb/en/DB/DB__1E__IE/0081E3AIES0.px"
"ANTIQUE","Tenth Decile","Average Expenditure  (in thousand pesos)","478.79","","2026-08-03T09-38-59-7a63a72104f8","https://openstat.psa.gov.ph/PXWeb/pxweb/en/DB/DB__1E__IE/0081E3AIES0.px"
"ANTIQUE","Tenth Decile","Average Savings  (in thousand pesos)","304.43","","2026-08-03T09-38-59-7a63a72104f8","https://openstat.psa.gov.ph/PXWeb/pxweb/en/DB/DB__1E__IE/0081E3AIES0.px"
"CAPIZ","All Income Groups","Average Income   (in thousand pesos)","238.12","","2026-08-03T09-38-59-7a63a72104f8","https://openstat.psa.gov.ph/PXWeb/pxweb/en/DB/DB__1E__IE/0081E3AIES0.px"
"CAPIZ","All Income Groups","Average Expenditure  (in thousand pesos)","200.79","","2026-08-03T09-38-59-7a63a72104f8","https://openstat.psa.gov.ph/PXWeb/pxweb/en/DB/DB__1E__IE/0081E3AIES0.px"
"CAPIZ","All Income Groups","Average Savings  (in thousand pesos)","37.34","","2026-08-03T09-38-59-7a63a72104f8","https://openstat.psa.gov.ph/PXWeb/pxweb/en/DB/DB__1E__IE/0081E3AIES0.px"
"CAPIZ","First Decile","Average Income   (in thousand pesos)","128.91","","2026-08-03T09-38-59-7a63a72104f8","https://openstat.psa.gov.ph/PXWeb/pxweb/en/DB/DB__1E__IE/0081E3AIES0.px"
"CAPIZ","First Decile","Average Expenditure  (in thousand pesos)","122.28","","2026-08-03T09-38-59-7a63a72104f8","https://openstat.psa.gov.ph/PXWeb/pxweb/en/DB/DB__1E__IE/0081E3AIES0.px"
"CAPIZ","First Decile","Average Savings  (in thousand pesos)","6.63","","2026-08-03T09-38-59-7a63a72104f8","https://openstat.psa.gov.ph/PXWeb/pxweb/en/DB/DB__1E__IE/0081E3AIES0.px"
"CAPIZ","Second Decile","Average Income   (in thousand pesos)","153.2","","2026-08-03T09-38-59-7a63a72104f8","https://openstat.psa.gov.ph/PXWeb/pxweb/en/DB/DB__1E__IE/0081E3AIES0.px"
"CAPIZ","Second Decile","Average Expenditure  (in thousand pesos)","139.17","","2026-08-03T09-38-59-7a63a72104f8","https://openstat.psa.gov.ph/PXWeb/pxweb/en/DB/DB__1E__IE/0081E3AIES0.px"
"CAPIZ","Second Decile","Average Savings  (in thousand pesos)","14.04","","2026-08-03T09-38-59-7a63a72104f8","https://openstat.psa.gov.ph/PXWeb/pxweb/en/DB/DB__1E__IE/0081E3AIES0.px"
"CAPIZ","Third Decile","Average Income   (in thousand pesos)","174.46","","2026-08-03T09-38-59-7a63a72104f8","https://openstat.psa.gov.ph/PXWeb/pxweb/en/DB/DB__1E__IE/0081E3AIES0.px"
"CAPIZ","Third Decile","Average Expenditure  (in thousand pesos)","161.58","","2026-08-03T09-38-59-7a63a72104f8","https://openstat.psa.gov.ph/PXWeb/pxweb/en/DB/DB__1E__IE/0081E3AIES0.px"
"CAPIZ","Third Decile","Average Savings  (in thousand pesos)","12.88","","2026-08-03T09-38-59-7a63a72104f8","https://openstat.psa.gov.ph/PXWeb/pxweb/en/DB/DB__1E__IE/0081E3AIES0.px"
"CAPIZ","Fourth Decile","Average Income   (in thousand pesos)","195.31","","2026-08-03T09-38-59-7a63a72104f8","https://openstat.psa.gov.ph/PXWeb/pxweb/en/DB/DB__1E__IE/0081E3AIES0.px"
"CAPIZ","Fourth Decile","Average Expenditure  (in thousand pesos)","180.27","","2026-08-03T09-38-59-7a63a72104f8","https://openstat.psa.gov.ph/PXWeb/pxweb/en/DB/DB__1E__IE/0081E3AIES0.px"
"CAPIZ","Fourth Decile","Average Savings  (in thousand pesos)","15.04","","2026-08-03T09-38-59-7a63a72104f8","https://openstat.psa.gov.ph/PXWeb/pxweb/en/DB/DB__1E__IE/0081E3AIES0.px"
"CAPIZ","Fifth Decile","Average Income   (in thousand pesos)","183.53","","2026-08-03T09-38-59-7a63a72104f8","https://openstat.psa.gov.ph/PXWeb/pxweb/en/DB/DB__1E__IE/0081E3AIES0.px"
"CAPIZ","Fifth Decile","Average Expenditure  (in thousand pesos)","161.29","","2026-08-03T09-38-59-7a63a72104f8","https://openstat.psa.gov.ph/PXWeb/pxweb/en/DB/DB__1E__IE/0081E3AIES0.px"
"CAPIZ","Fifth Decile","Average Savings  (in thousand pesos)","22.23","","2026-08-03T09-38-59-7a63a72104f8","https://openstat.psa.gov.ph/PXWeb/pxweb/en/DB/DB__1E__IE/0081E3AIES0.px"
"CAPIZ","Sixth Decile","Average Income   (in thousand pesos)","211.17","","2026-08-03T09-38-59-7a63a72104f8","https://openstat.psa.gov.ph/PXWeb/pxweb/en/DB/DB__1E__IE/0081E3AIES0.px"
"CAPIZ","Sixth Decile","Average Expenditure  (in thousand pesos)","188.28","","2026-08-03T09-38-59-7a63a72104f8","https://openstat.psa.gov.ph/PXWeb/pxweb/en/DB/DB__1E__IE/0081E3AIES0.px"
"CAPIZ","Sixth Decile","Average Savings  (in thousand pesos)","22.89","","2026-08-03T09-38-59-7a63a72104f8","https://openstat.psa.gov.ph/PXWeb/pxweb/en/DB/DB__1E__IE/0081E3AIES0.px"
"CAPIZ","Seventh Decile","Average Income   (in thousand pesos)","214.14","","2026-08-03T09-38-59-7a63a72104f8","https://openstat.psa.gov.ph/PXWeb/pxweb/en/DB/DB__1E__IE/0081E3AIES0.px"
"CAPIZ","Seventh Decile","Average Expenditure  (in thousand pesos)","189.45","","2026-08-03T09-38-59-7a63a72104f8","https://openstat.psa.gov.ph/PXWeb/pxweb/en/DB/DB__1E__IE/0081E3AIES0.px"
"CAPIZ","Seventh Decile","Average Savings  (in thousand pesos)","24.69","","2026-08-03T09-38-59-7a63a72104f8","https://openstat.psa.gov.ph/PXWeb/pxweb/en/DB/DB__1E__IE/0081E3AIES0.px"
"CAPIZ","Eighth Decile","Average Income   (in thousand pesos)","258.95","","2026-08-03T09-38-59-7a63a72104f8","https://openstat.psa.gov.ph/PXWeb/pxweb/en/DB/DB__1E__IE/0081E3AIES0.px"
"CAPIZ","Eighth Decile","Average Expenditure  (in thousand pesos)","221.84","","2026-08-03T09-38-59-7a63a72104f8","https://openstat.psa.gov.ph/PXWeb/pxweb/en/DB/DB__1E__IE/0081E3AIES0.px"
"CAPIZ","Eighth Decile","Average Savings  (in thousand pesos)","37.11","","2026-08-03T09-38-59-7a63a72104f8","https://openstat.psa.gov.ph/PXWeb/pxweb/en/DB/DB__1E__IE/0081E3AIES0.px"
"CAPIZ","Ninth Decile","Average Income   (in thousand pesos)","300.23","","2026-08-03T09-38-59-7a63a72104f8","https://openstat.psa.gov.ph/PXWeb/pxweb/en/DB/DB__1E__IE/0081E3AIES0.px"
"CAPIZ","Ninth Decile","Average Expenditure  (in thousand pesos)","247.86","","2026-08-03T09-38-59-7a63a72104f8","https://openstat.psa.gov.ph/PXWeb/pxweb/en/DB/DB__1E__IE/0081E3AIES0.px"
"CAPIZ","Ninth Decile","Average Savings  (in thousand pesos)","52.37","","2026-08-03T09-38-59-7a63a72104f8","https://openstat.psa.gov.ph/PXWeb/pxweb/en/DB/DB__1E__IE/0081E3AIES0.px"
"CAPIZ","Tenth Decile","Average Income   (in thousand pesos)","560.21","","2026-08-03T09-38-59-7a63a72104f8","https://openstat.psa.gov.ph/PXWeb/pxweb/en/DB/DB__1E__IE/0081E3AIES0.px"
"CAPIZ","Tenth Decile","Average Expenditure  (in thousand pesos)","395.17","","2026-08-03T09-38-59-7a63a72104f8","https://openstat.psa.gov.ph/PXWeb/pxweb/en/DB/DB__1E__IE/0081E3AIES0.px"
"CAPIZ","Tenth Decile","Average Savings  (in thousand pesos)","165.04","","2026-08-03T09-38-59-7a63a72104f8","https://openstat.psa.gov.ph/PXWeb/pxweb/en/DB/DB__1E__IE/0081E3AIES0.px"
"ILOILO (Excluding City of Iloilo)","All Income Groups","Average Income   (in thousand pesos)","282.81","","2026-08-03T09-38-59-7a63a72104f8","https://openstat.psa.gov.ph/PXWeb/pxweb/en/DB/DB__1E__IE/0081E3AIES0.px"
"ILOILO (Excluding City of Iloilo)","All Income Groups","Average Expenditure  (in thousand pesos)","191.24","","2026-08-03T09-38-59-7a63a72104f8","https://openstat.psa.gov.ph/PXWeb/pxweb/en/DB/DB__1E__IE/0081E3AIES0.px"
"ILOILO (Excluding City of Iloilo)","All Income Groups","Average Savings  (in thousand pesos)","91.58","","2026-08-03T09-38-59-7a63a72104f8","https://openstat.psa.gov.ph/PXWeb/pxweb/en/DB/DB__1E__IE/0081E3AIES0.px"
"ILOILO (Excluding City of Iloilo)","First Decile","Average Income   (in thousand pesos)","130.79","","2026-08-03T09-38-59-7a63a72104f8","https://openstat.psa.gov.ph/PXWeb/pxweb/en/DB/DB__1E__IE/0081E3AIES0.px"
"ILOILO (Excluding City of Iloilo)","First Decile","Average Expenditure  (in thousand pesos)","122.09","","2026-08-03T09-38-59-7a63a72104f8","https://openstat.psa.gov.ph/PXWeb/pxweb/en/DB/DB__1E__IE/0081E3AIES0.px"
"ILOILO (Excluding City of Iloilo)","First Decile","Average Savings  (in thousand pesos)","8.7","","2026-08-03T09-38-59-7a63a72104f8","https://openstat.psa.gov.ph/PXWeb/pxweb/en/DB/DB__1E__IE/0081E3AIES0.px"
"ILOILO (Excluding City of Iloilo)","Second Decile","Average Income   (in thousand pesos)","147.23","","2026-08-03T09-38-59-7a63a72104f8","https://openstat.psa.gov.ph/PXWeb/pxweb/en/DB/DB__1E__IE/0081E3AIES0.px"
"ILOILO (Excluding City of Iloilo)","Second Decile","Average Expenditure  (in thousand pesos)","127.13","","2026-08-03T09-38-59-7a63a72104f8","https://openstat.psa.gov.ph/PXWeb/pxweb/en/DB/DB__1E__IE/0081E3AIES0.px"
"ILOILO (Excluding City of Iloilo)","Second Decile","Average Savings  (in thousand pesos)","20.09","","2026-08-03T09-38-59-7a63a72104f8","https://openstat.psa.gov.ph/PXWeb/pxweb/en/DB/DB__1E__IE/0081E3AIES0.px"
"ILOILO (Excluding City of Iloilo)","Third Decile","Average Income   (in thousand pesos)","167.81","","2026-08-03T09-38-59-7a63a72104f8","https://openstat.psa.gov.ph/PXWeb/pxweb/en/DB/DB__1E__IE/0081E3AIES0.px"
"ILOILO (Excluding City of Iloilo)","Third Decile","Average Expenditure  (in thousand pesos)","129.87","","2026-08-03T09-38-59-7a63a72104f8","https://openstat.psa.gov.ph/PXWeb/pxweb/en/DB/DB__1E__IE/0081E3AIES0.px"
"ILOILO (Excluding City of Iloilo)","Third Decile","Average Savings  (in thousand pesos)","37.94","","2026-08-03T09-38-59-7a63a72104f8","https://openstat.psa.gov.ph/PXWeb/pxweb/en/DB/DB__1E__IE/0081E3AIES0.px"
"ILOILO (Excluding City of Iloilo)","Fourth Decile","Average Income   (in thousand pesos)","186.79","","2026-08-03T09-38-59-7a63a72104f8","https://openstat.psa.gov.ph/PXWeb/pxweb/en/DB/DB__1E__IE/0081E3AIES0.px"
"ILOILO (Excluding City of Iloilo)","Fourth Decile","Average Expenditure  (in thousand pesos)","142.88","","2026-08-03T09-38-59-7a63a72104f8","https://openstat.psa.gov.ph/PXWeb/pxweb/en/DB/DB__1E__IE/0081E3AIES0.px"
"ILOILO (Excluding City of Iloilo)","Fourth Decile","Average Savings  (in thousand pesos)","43.91","","2026-08-03T09-38-59-7a63a72104f8","https://openstat.psa.gov.ph/PXWeb/pxweb/en/DB/DB__1E__IE/0081E3AIES0.px"
"ILOILO (Excluding City of Iloilo)","Fifth Decile","Average Income   (in thousand pesos)","210.45","","2026-08-03T09-38-59-7a63a72104f8","https://openstat.psa.gov.ph/PXWeb/pxweb/en/DB/DB__1E__IE/0081E3AIES0.px"
"ILOILO (Excluding City of Iloilo)","Fifth Decile","Average Expenditure  (in thousand pesos)","150.87","","2026-08-03T09-38-59-7a63a72104f8","https://openstat.psa.gov.ph/PXWeb/pxweb/en/DB/DB__1E__IE/0081E3AIES0.px"
"ILOILO (Excluding City of Iloilo)","Fifth Decile","Average Savings  (in thousand pesos)","59.57","","2026-08-03T09-38-59-7a63a72104f8","https://openstat.psa.gov.ph/PXWeb/pxweb/en/DB/DB__1E__IE/0081E3AIES0.px"
"ILOILO (Excluding City of Iloilo)","Sixth Decile","Average Income   (in thousand pesos)","228.45","","2026-08-03T09-38-59-7a63a72104f8","https://openstat.psa.gov.ph/PXWeb/pxweb/en/DB/DB__1E__IE/0081E3AIES0.px"
"ILOILO (Excluding City of Iloilo)","Sixth Decile","Average Expenditure  (in thousand pesos)","164.21","","2026-08-03T09-38-59-7a63a72104f8","https://openstat.psa.gov.ph/PXWeb/pxweb/en/DB/DB__1E__IE/0081E3AIES0.px"
"ILOILO (Excluding City of Iloilo)","Sixth Decile","Average Savings  (in thousand pesos)","64.24","","2026-08-03T09-38-59-7a63a72104f8","https://openstat.psa.gov.ph/PXWeb/pxweb/en/DB/DB__1E__IE/0081E3AIES0.px"
"ILOILO (Excluding City of Iloilo)","Seventh Decile","Average Income   (in thousand pesos)","253.66","","2026-08-03T09-38-59-7a63a72104f8","https://openstat.psa.gov.ph/PXWeb/pxweb/en/DB/DB__1E__IE/0081E3AIES0.px"
"ILOILO (Excluding City of Iloilo)","Seventh Decile","Average Expenditure  (in thousand pesos)","176.32","","2026-08-03T09-38-59-7a63a72104f8","https://openstat.psa.gov.ph/PXWeb/pxweb/en/DB/DB__1E__IE/0081E3AIES0.px"
"ILOILO (Excluding City of Iloilo)","Seventh Decile","Average Savings  (in thousand pesos)","77.33","","2026-08-03T09-38-59-7a63a72104f8","https://openstat.psa.gov.ph/PXWeb/pxweb/en/DB/DB__1E__IE/0081E3AIES0.px"
"ILOILO (Excluding City of Iloilo)","Eighth Decile","Average Income   (in thousand pesos)","296.06","","2026-08-03T09-38-59-7a63a72104f8","https://openstat.psa.gov.ph/PXWeb/pxweb/en/DB/DB__1E__IE/0081E3AIES0.px"
"ILOILO (Excluding City of Iloilo)","Eighth Decile","Average Expenditure  (in thousand pesos)","210.48","","2026-08-03T09-38-59-7a63a72104f8","https://openstat.psa.gov.ph/PXWeb/pxweb/en/DB/DB__1E__IE/0081E3AIES0.px"
"ILOILO (Excluding City of Iloilo)","Eighth Decile","Average Savings  (in thousand pesos)","85.58","","2026-08-03T09-38-59-7a63a72104f8","https://openstat.psa.gov.ph/PXWeb/pxweb/en/DB/DB__1E__IE/0081E3AIES0.px"
"ILOILO (Excluding City of Iloilo)","Ninth Decile","Average Income   (in thousand pesos)","404.61","","2026-08-03T09-38-59-7a63a72104f8","https://openstat.psa.gov.ph/PXWeb/pxweb/en/DB/DB__1E__IE/0081E3AIES0.px"
"ILOILO (Excluding City of Iloilo)","Ninth Decile","Average Expenditure  (in thousand pesos)","265.76","","2026-08-03T09-38-59-7a63a72104f8","https://openstat.psa.gov.ph/PXWeb/pxweb/en/DB/DB__1E__IE/0081E3AIES0.px"
"ILOILO (Excluding City of Iloilo)","Ninth Decile","Average Savings  (in thousand pesos)","138.85","","2026-08-03T09-38-59-7a63a72104f8","https://openstat.psa.gov.ph/PXWeb/pxweb/en/DB/DB__1E__IE/0081E3AIES0.px"
"ILOILO (Excluding City of Iloilo)","Tenth Decile","Average Income   (in thousand pesos)","799.74","","2026-08-03T09-38-59-7a63a72104f8","https://openstat.psa.gov.ph/PXWeb/pxweb/en/DB/DB__1E__IE/0081E3AIES0.px"
"ILOILO (Excluding City of Iloilo)","Tenth Decile","Average Expenditure  (in thousand pesos)","421.51","","2026-08-03T09-38-59-7a63a72104f8","https://openstat.psa.gov.ph/PXWeb/pxweb/en/DB/DB__1E__IE/0081E3AIES0.px"
"ILOILO (Excluding City of Iloilo)","Tenth Decile","Average Savings  (in thousand pesos)","378.23","","2026-08-03T09-38-59-7a63a72104f8","https://openstat.psa.gov.ph/PXWeb/pxweb/en/DB/DB__1E__IE/0081E3AIES0.px"
"..City of Iloilo","All Income Groups","Average Income   (in thousand pesos)","426.67","","2026-08-03T09-38-59-7a63a72104f8","https://openstat.psa.gov.ph/PXWeb/pxweb/en/DB/DB__1E__IE/0081E3AIES0.px"
"..City of Iloilo","All Income Groups","Average Expenditure  (in thousand pesos)","273.31","","2026-08-03T09-38-59-7a63a72104f8","https://openstat.psa.gov.ph/PXWeb/pxweb/en/DB/DB__1E__IE/0081E3AIES0.px"
"..City of Iloilo","All Income Groups","Average Savings  (in thousand pesos)","153.36","","2026-08-03T09-38-59-7a63a72104f8","https://openstat.psa.gov.ph/PXWeb/pxweb/en/DB/DB__1E__IE/0081E3AIES0.px"
"..City of Iloilo","First Decile","Average Income   (in thousand pesos)","197.49","","2026-08-03T09-38-59-7a63a72104f8","https://openstat.psa.gov.ph/PXWeb/pxweb/en/DB/DB__1E__IE/0081E3AIES0.px"
"..City of Iloilo","First Decile","Average Expenditure  (in thousand pesos)","174.45","","2026-08-03T09-38-59-7a63a72104f8","https://openstat.psa.gov.ph/PXWeb/pxweb/en/DB/DB__1E__IE/0081E3AIES0.px"
"..City of Iloilo","First Decile","Average Savings  (in thousand pesos)","23.04","","2026-08-03T09-38-59-7a63a72104f8","https://openstat.psa.gov.ph/PXWeb/pxweb/en/DB/DB__1E__IE/0081E3AIES0.px"
"..City of Iloilo","Second Decile","Average Income   (in thousand pesos)","233.46","","2026-08-03T09-38-59-7a63a72104f8","https://openstat.psa.gov.ph/PXWeb/pxweb/en/DB/DB__1E__IE/0081E3AIES0.px"
"..City of Iloilo","Second Decile","Average Expenditure  (in thousand pesos)","188.7","","2026-08-03T09-38-59-7a63a72104f8","https://openstat.psa.gov.ph/PXWeb/pxweb/en/DB/DB__1E__IE/0081E3AIES0.px"
"..City of Iloilo","Second Decile","Average Savings  (in thousand pesos)","44.75","","2026-08-03T09-38-59-7a63a72104f8","https://openstat.psa.gov.ph/PXWeb/pxweb/en/DB/DB__1E__IE/0081E3AIES0.px"
"..City of Iloilo","Third Decile","Average Income   (in thousand pesos)","276.47","","2026-08-03T09-38-59-7a63a72104f8","https://openstat.psa.gov.ph/PXWeb/pxweb/en/DB/DB__1E__IE/0081E3AIES0.px"
"..City of Iloilo","Third Decile","Average Expenditure  (in thousand pesos)","201.23","","2026-08-03T09-38-59-7a63a72104f8","https://openstat.psa.gov.ph/PXWeb/pxweb/en/DB/DB__1E__IE/0081E3AIES0.px"
"..City of Iloilo","Third Decile","Average Savings  (in thousand pesos)","75.24","","2026-08-03T09-38-59-7a63a72104f8","https://openstat.psa.gov.ph/PXWeb/pxweb/en/DB/DB__1E__IE/0081E3AIES0.px"
"..City of Iloilo","Fourth Decile","Average Income   (in thousand pesos)","333.24","","2026-08-03T09-38-59-7a63a72104f8","https://openstat.psa.gov.ph/PXWeb/pxweb/en/DB/DB__1E__IE/0081E3AIES0.px"
"..City of Iloilo","Fourth Decile","Average Expenditure  (in thousand pesos)","220.26","","2026-08-03T09-38-59-7a63a72104f8","https://openstat.psa.gov.ph/PXWeb/pxweb/en/DB/DB__1E__IE/0081E3AIES0.px"
"..City of Iloilo","Fourth Decile","Average Savings  (in thousand pesos)","112.98","","2026-08-03T09-38-59-7a63a72104f8","https://openstat.psa.gov.ph/PXWeb/pxweb/en/DB/DB__1E__IE/0081E3AIES0.px"
"..City of Iloilo","Fifth Decile","Average Income   (in thousand pesos)","350.87","","2026-08-03T09-38-59-7a63a72104f8","https://openstat.psa.gov.ph/PXWeb/pxweb/en/DB/DB__1E__IE/0081E3AIES0.px"
"..City of Iloilo","Fifth Decile","Average Expenditure  (in thousand pesos)","230.18","","2026-08-03T09-38-59-7a63a72104f8","https://openstat.psa.gov.ph/PXWeb/pxweb/en/DB/DB__1E__IE/0081E3AIES0.px"
"..City of Iloilo","Fifth Decile","Average Savings  (in thousand pesos)","120.69","","2026-08-03T09-38-59-7a63a72104f8","https://openstat.psa.gov.ph/PXWeb/pxweb/en/DB/DB__1E__IE/0081E3AIES0.px"
"..City of Iloilo","Sixth Decile","Average Income   (in thousand pesos)","331.8","","2026-08-03T09-38-59-7a63a72104f8","https://openstat.psa.gov.ph/PXWeb/pxweb/en/DB/DB__1E__IE/0081E3AIES0.px"
"..City of Iloilo","Sixth Decile","Average Expenditure  (in thousand pesos)","231.41","","2026-08-03T09-38-59-7a63a72104f8","https://openstat.psa.gov.ph/PXWeb/pxweb/en/DB/DB__1E__IE/0081E3AIES0.px"
"..City of Iloilo","Sixth Decile","Average Savings  (in thousand pesos)","100.39","","2026-08-03T09-38-59-7a63a72104f8","https://openstat.psa.gov.ph/PXWeb/pxweb/en/DB/DB__1E__IE/0081E3AIES0.px"
"..City of Iloilo","Seventh Decile","Average Income   (in thousand pesos)","422.58","","2026-08-03T09-38-59-7a63a72104f8","https://openstat.psa.gov.ph/PXWeb/pxweb/en/DB/DB__1E__IE/0081E3AIES0.px"
"..City of Iloilo","Seventh Decile","Average Expenditure  (in thousand pesos)","266.32","","2026-08-03T09-38-59-7a63a72104f8","https://openstat.psa.gov.ph/PXWeb/pxweb/en/DB/DB__1E__IE/0081E3AIES0.px"
"..City of Iloilo","Seventh Decile","Average Savings  (in thousand pesos)","156.25","","2026-08-03T09-38-59-7a63a72104f8","https://openstat.psa.gov.ph/PXWeb/pxweb/en/DB/DB__1E__IE/0081E3AIES0.px"
"..City of Iloilo","Eighth Decile","Average Income   (in thousand pesos)","453.44","","2026-08-03T09-38-59-7a63a72104f8","https://openstat.psa.gov.ph/PXWeb/pxweb/en/DB/DB__1E__IE/0081E3AIES0.px"
"..City of Iloilo","Eighth Decile","Average Expenditure  (in thousand pesos)","307.69","","2026-08-03T09-38-59-7a63a72104f8","https://openstat.psa.gov.ph/PXWeb/pxweb/en/DB/DB__1E__IE/0081E3AIES0.px"
"..City of Iloilo","Eighth Decile","Average Savings  (in thousand pesos)","145.76","","2026-08-03T09-38-59-7a63a72104f8","https://openstat.psa.gov.ph/PXWeb/pxweb/en/DB/DB__1E__IE/0081E3AIES0.px"
"..City of Iloilo","Ninth Decile","Average Income   (in thousand pesos)","614.96","","2026-08-03T09-38-59-7a63a72104f8","https://openstat.psa.gov.ph/PXWeb/pxweb/en/DB/DB__1E__IE/0081E3AIES0.px"
"..City of Iloilo","Ninth Decile","Average Expenditure  (in thousand pesos)","382.15","","2026-08-03T09-38-59-7a63a72104f8","https://openstat.psa.gov.ph/PXWeb/pxweb/en/DB/DB__1E__IE/0081E3AIES0.px"
"..City of Iloilo","Ninth Decile","Average Savings  (in thousand pesos)","232.81","","2026-08-03T09-38-59-7a63a72104f8","https://openstat.psa.gov.ph/PXWeb/pxweb/en/DB/DB__1E__IE/0081E3AIES0.px"
"..City of Iloilo","Tenth Decile","Average Income   (in thousand pesos)","1046.74","","2026-08-03T09-38-59-7a63a72104f8","https://openstat.psa.gov.ph/PXWeb/pxweb/en/DB/DB__1E__IE/0081E3AIES0.px"
"..City of Iloilo","Tenth Decile","Average Expenditure  (in thousand pesos)","528.5","","2026-08-03T09-38-59-7a63a72104f8","https://openstat.psa.gov.ph/PXWeb/pxweb/en/DB/DB__1E__IE/0081E3AIES0.px"
"..City of Iloilo","Tenth Decile","Average Savings  (in thousand pesos)","518.24","","2026-08-03T09-38-59-7a63a72104f8","https://openstat.psa.gov.ph/PXWeb/pxweb/en/DB/DB__1E__IE/0081E3AIES0.px"
"GUIMARAS","All Income Groups","Average Income   (in thousand pesos)","244.79","","2026-08-03T09-38-59-7a63a72104f8","https://openstat.psa.gov.ph/PXWeb/pxweb/en/DB/DB__1E__IE/0081E3AIES0.px"
"GUIMARAS","All Income Groups","Average Expenditure  (in thousand pesos)","212.76","","2026-08-03T09-38-59-7a63a72104f8","https://openstat.psa.gov.ph/PXWeb/pxweb/en/DB/DB__1E__IE/0081E3AIES0.px"
"GUIMARAS","All Income Groups","Average Savings  (in thousand pesos)","32.03","","2026-08-03T09-38-59-7a63a72104f8","https://openstat.psa.gov.ph/PXWeb/pxweb/en/DB/DB__1E__IE/0081E3AIES0.px"
"GUIMARAS","First Decile","Average Income   (in thousand pesos)","164.31","","2026-08-03T09-38-59-7a63a72104f8","https://openstat.psa.gov.ph/PXWeb/pxweb/en/DB/DB__1E__IE/0081E3AIES0.px"
"GUIMARAS","First Decile","Average Expenditure  (in thousand pesos)","160.18","","2026-08-03T09-38-59-7a63a72104f8","https://openstat.psa.gov.ph/PXWeb/pxweb/en/DB/DB__1E__IE/0081E3AIES0.px"
"GUIMARAS","First Decile","Average Savings  (in thousand pesos)","4.13","","2026-08-03T09-38-59-7a63a72104f8","https://openstat.psa.gov.ph/PXWeb/pxweb/en/DB/DB__1E__IE/0081E3AIES0.px"
"GUIMARAS","Second Decile","Average Income   (in thousand pesos)","177.78","","2026-08-03T09-38-59-7a63a72104f8","https://openstat.psa.gov.ph/PXWeb/pxweb/en/DB/DB__1E__IE/0081E3AIES0.px"
"GUIMARAS","Second Decile","Average Expenditure  (in thousand pesos)","172.59","","2026-08-03T09-38-59-7a63a72104f8","https://openstat.psa.gov.ph/PXWeb/pxweb/en/DB/DB__1E__IE/0081E3AIES0.px"
"GUIMARAS","Second Decile","Average Savings  (in thousand pesos)","5.2","","2026-08-03T09-38-59-7a63a72104f8","https://openstat.psa.gov.ph/PXWeb/pxweb/en/DB/DB__1E__IE/0081E3AIES0.px"
"GUIMARAS","Third Decile","Average Income   (in thousand pesos)","188.82","","2026-08-03T09-38-59-7a63a72104f8","https://openstat.psa.gov.ph/PXWeb/pxweb/en/DB/DB__1E__IE/0081E3AIES0.px"
"GUIMARAS","Third Decile","Average Expenditure  (in thousand pesos)","184.3","","2026-08-03T09-38-59-7a63a72104f8","https://openstat.psa.gov.ph/PXWeb/pxweb/en/DB/DB__1E__IE/0081E3AIES0.px"
"GUIMARAS","Third Decile","Average Savings  (in thousand pesos)","4.51","","2026-08-03T09-38-59-7a63a72104f8","https://openstat.psa.gov.ph/PXWeb/pxweb/en/DB/DB__1E__IE/0081E3AIES0.px"
"GUIMARAS","Fourth Decile","Average Income   (in thousand pesos)","196.47","","2026-08-03T09-38-59-7a63a72104f8","https://openstat.psa.gov.ph/PXWeb/pxweb/en/DB/DB__1E__IE/0081E3AIES0.px"
"GUIMARAS","Fourth Decile","Average Expenditure  (in thousand pesos)","189.02","","2026-08-03T09-38-59-7a63a72104f8","https://openstat.psa.gov.ph/PXWeb/pxweb/en/DB/DB__1E__IE/0081E3AIES0.px"
"GUIMARAS","Fourth Decile","Average Savings  (in thousand pesos)","7.45","","2026-08-03T09-38-59-7a63a72104f8","https://openstat.psa.gov.ph/PXWeb/pxweb/en/DB/DB__1E__IE/0081E3AIES0.px"
"GUIMARAS","Fifth Decile","Average Income   (in thousand pesos)","190.66","","2026-08-03T09-38-59-7a63a72104f8","https://openstat.psa.gov.ph/PXWeb/pxweb/en/DB/DB__1E__IE/0081E3AIES0.px"
"GUIMARAS","Fifth Decile","Average Expenditure  (in thousand pesos)","177.94","","2026-08-03T09-38-59-7a63a72104f8","https://openstat.psa.gov.ph/PXWeb/pxweb/en/DB/DB__1E__IE/0081E3AIES0.px"
"GUIMARAS","Fifth Decile","Average Savings  (in thousand pesos)","12.72","","2026-08-03T09-38-59-7a63a72104f8","https://openstat.psa.gov.ph/PXWeb/pxweb/en/DB/DB__1E__IE/0081E3AIES0.px"
"GUIMARAS","Sixth Decile","Average Income   (in thousand pesos)","200.24","","2026-08-03T09-38-59-7a63a72104f8","https://openstat.psa.gov.ph/PXWeb/pxweb/en/DB/DB__1E__IE/0081E3AIES0.px"
"GUIMARAS","Sixth Decile","Average Expenditure  (in thousand pesos)","187.98","","2026-08-03T09-38-59-7a63a72104f8","https://openstat.psa.gov.ph/PXWeb/pxweb/en/DB/DB__1E__IE/0081E3AIES0.px"
"GUIMARAS","Sixth Decile","Average Savings  (in thousand pesos)","12.26","","2026-08-03T09-38-59-7a63a72104f8","https://openstat.psa.gov.ph/PXWeb/pxweb/en/DB/DB__1E__IE/0081E3AIES0.px"
"GUIMARAS","Seventh Decile","Average Income   (in thousand pesos)","223.51","","2026-08-03T09-38-59-7a63a72104f8","https://openstat.psa.gov.ph/PXWeb/pxweb/en/DB/DB__1E__IE/0081E3AIES0.px"
"GUIMARAS","Seventh Decile","Average Expenditure  (in thousand pesos)","195.74","","2026-08-03T09-38-59-7a63a72104f8","https://openstat.psa.gov.ph/PXWeb/pxweb/en/DB/DB__1E__IE/0081E3AIES0.px"
"GUIMARAS","Seventh Decile","Average Savings  (in thousand pesos)","27.77","","2026-08-03T09-38-59-7a63a72104f8","https://openstat.psa.gov.ph/PXWeb/pxweb/en/DB/DB__1E__IE/0081E3AIES0.px"
"GUIMARAS","Eighth Decile","Average Income   (in thousand pesos)","231.2","","2026-08-03T09-38-59-7a63a72104f8","https://openstat.psa.gov.ph/PXWeb/pxweb/en/DB/DB__1E__IE/0081E3AIES0.px"
"GUIMARAS","Eighth Decile","Average Expenditure  (in thousand pesos)","198.15","","2026-08-03T09-38-59-7a63a72104f8","https://openstat.psa.gov.ph/PXWeb/pxweb/en/DB/DB__1E__IE/0081E3AIES0.px"
"GUIMARAS","Eighth Decile","Average Savings  (in thousand pesos)","33.05","","2026-08-03T09-38-59-7a63a72104f8","https://openstat.psa.gov.ph/PXWeb/pxweb/en/DB/DB__1E__IE/0081E3AIES0.px"
"GUIMARAS","Ninth Decile","Average Income   (in thousand pesos)","341.58","","2026-08-03T09-38-59-7a63a72104f8","https://openstat.psa.gov.ph/PXWeb/pxweb/en/DB/DB__1E__IE/0081E3AIES0.px"
"GUIMARAS","Ninth Decile","Average Expenditure  (in thousand pesos)","275.13","","2026-08-03T09-38-59-7a63a72104f8","https://openstat.psa.gov.ph/PXWeb/pxweb/en/DB/DB__1E__IE/0081E3AIES0.px"
"GUIMARAS","Ninth Decile","Average Savings  (in thousand pesos)","66.45","","2026-08-03T09-38-59-7a63a72104f8","https://openstat.psa.gov.ph/PXWeb/pxweb/en/DB/DB__1E__IE/0081E3AIES0.px"
"GUIMARAS","Tenth Decile","Average Income   (in thousand pesos)","531.02","","2026-08-03T09-38-59-7a63a72104f8","https://openstat.psa.gov.ph/PXWeb/pxweb/en/DB/DB__1E__IE/0081E3AIES0.px"
"GUIMARAS","Tenth Decile","Average Expenditure  (in thousand pesos)","385.22","","2026-08-03T09-38-59-7a63a72104f8","https://openstat.psa.gov.ph/PXWeb/pxweb/en/DB/DB__1E__IE/0081E3AIES0.px"
"GUIMARAS","Tenth Decile","Average Savings  (in thousand pesos)","145.81","","2026-08-03T09-38-59-7a63a72104f8","https://openstat.psa.gov.ph/PXWeb/pxweb/en/DB/DB__1E__IE/0081E3AIES0.px"
"NEGROS ISLAND REGION (NIR)","All Income Groups","Average Income   (in thousand pesos)","237.34","","2026-08-03T09-38-59-7a63a72104f8","https://openstat.psa.gov.ph/PXWeb/pxweb/en/DB/DB__1E__IE/0081E3AIES0.px"
"NEGROS ISLAND REGION (NIR)","All Income Groups","Average Expenditure  (in thousand pesos)","181.67","","2026-08-03T09-38-59-7a63a72104f8","https://openstat.psa.gov.ph/PXWeb/pxweb/en/DB/DB__1E__IE/0081E3AIES0.px"
"NEGROS ISLAND REGION (NIR)","All Income Groups","Average Savings  (in thousand pesos)","55.67","","2026-08-03T09-38-59-7a63a72104f8","https://openstat.psa.gov.ph/PXWeb/pxweb/en/DB/DB__1E__IE/0081E3AIES0.px"
"NEGROS ISLAND REGION (NIR)","First Decile","Average Income   (in thousand pesos)","99.69","","2026-08-03T09-38-59-7a63a72104f8","https://openstat.psa.gov.ph/PXWeb/pxweb/en/DB/DB__1E__IE/0081E3AIES0.px"
"NEGROS ISLAND REGION (NIR)","First Decile","Average Expenditure  (in thousand pesos)","95.48","","2026-08-03T09-38-59-7a63a72104f8","https://openstat.psa.gov.ph/PXWeb/pxweb/en/DB/DB__1E__IE/0081E3AIES0.px"
"NEGROS ISLAND REGION (NIR)","First Decile","Average Savings  (in thousand pesos)","4.21","","2026-08-03T09-38-59-7a63a72104f8","https://openstat.psa.gov.ph/PXWeb/pxweb/en/DB/DB__1E__IE/0081E3AIES0.px"
"NEGROS ISLAND REGION (NIR)","Second Decile","Average Income   (in thousand pesos)","122.05","","2026-08-03T09-38-59-7a63a72104f8","https://openstat.psa.gov.ph/PXWeb/pxweb/en/DB/DB__1E__IE/0081E3AIES0.px"
"NEGROS ISLAND REGION (NIR)","Second Decile","Average Expenditure  (in thousand pesos)","109.3","","2026-08-03T09-38-59-7a63a72104f8","https://openstat.psa.gov.ph/PXWeb/pxweb/en/DB/DB__1E__IE/0081E3AIES0.px"
"NEGROS ISLAND REGION (NIR)","Second Decile","Average Savings  (in thousand pesos)","12.75","","2026-08-03T09-38-59-7a63a72104f8","https://openstat.psa.gov.ph/PXWeb/pxweb/en/DB/DB__1E__IE/0081E3AIES0.px"
"NEGROS ISLAND REGION (NIR)","Third Decile","Average Income   (in thousand pesos)","147.35","","2026-08-03T09-38-59-7a63a72104f8","https://openstat.psa.gov.ph/PXWeb/pxweb/en/DB/DB__1E__IE/0081E3AIES0.px"
"NEGROS ISLAND REGION (NIR)","Third Decile","Average Expenditure  (in thousand pesos)","130.67","","2026-08-03T09-38-59-7a63a72104f8","https://openstat.psa.gov.ph/PXWeb/pxweb/en/DB/DB__1E__IE/0081E3AIES0.px"
"NEGROS ISLAND REGION (NIR)","Third Decile","Average Savings  (in thousand pesos)","16.67","","2026-08-03T09-38-59-7a63a72104f8","https://openstat.psa.gov.ph/PXWeb/pxweb/en/DB/DB__1E__IE/0081E3AIES0.px"
"NEGROS ISLAND REGION (NIR)","Fourth Decile","Average Income   (in thousand pesos)","161.49","","2026-08-03T09-38-59-7a63a72104f8","https://openstat.psa.gov.ph/PXWeb/pxweb/en/DB/DB__1E__IE/0081E3AIES0.px"
"NEGROS ISLAND REGION (NIR)","Fourth Decile","Average Expenditure  (in thousand pesos)","138.86","","2026-08-03T09-38-59-7a63a72104f8","https://openstat.psa.gov.ph/PXWeb/pxweb/en/DB/DB__1E__IE/0081E3AIES0.px"
"NEGROS ISLAND REGION (NIR)","Fourth Decile","Average Savings  (in thousand pesos)","22.63","","2026-08-03T09-38-59-7a63a72104f8","https://openstat.psa.gov.ph/PXWeb/pxweb/en/DB/DB__1E__IE/0081E3AIES0.px"
"NEGROS ISLAND REGION (NIR)","Fifth Decile","Average Income   (in thousand pesos)","175.47","","2026-08-03T09-38-59-7a63a72104f8","https://openstat.psa.gov.ph/PXWeb/pxweb/en/DB/DB__1E__IE/0081E3AIES0.px"
"NEGROS ISLAND REGION (NIR)","Fifth Decile","Average Expenditure  (in thousand pesos)","147.38","","2026-08-03T09-38-59-7a63a72104f8","https://openstat.psa.gov.ph/PXWeb/pxweb/en/DB/DB__1E__IE/0081E3AIES0.px"
"NEGROS ISLAND REGION (NIR)","Fifth Decile","Average Savings  (in thousand pesos)","28.1","","2026-08-03T09-38-59-7a63a72104f8","https://openstat.psa.gov.ph/PXWeb/pxweb/en/DB/DB__1E__IE/0081E3AIES0.px"
"NEGROS ISLAND REGION (NIR)","Sixth Decile","Average Income   (in thousand pesos)","196.01","","2026-08-03T09-38-59-7a63a72104f8","https://openstat.psa.gov.ph/PXWeb/pxweb/en/DB/DB__1E__IE/0081E3AIES0.px"
"NEGROS ISLAND REGION (NIR)","Sixth Decile","Average Expenditure  (in thousand pesos)","159.88","","2026-08-03T09-38-59-7a63a72104f8","https://openstat.psa.gov.ph/PXWeb/pxweb/en/DB/DB__1E__IE/0081E3AIES0.px"
"NEGROS ISLAND REGION (NIR)","Sixth Decile","Average Savings  (in thousand pesos)","36.14","","2026-08-03T09-38-59-7a63a72104f8","https://openstat.psa.gov.ph/PXWeb/pxweb/en/DB/DB__1E__IE/0081E3AIES0.px"
"NEGROS ISLAND REGION (NIR)","Seventh Decile","Average Income   (in thousand pesos)","229.73","","2026-08-03T09-38-59-7a63a72104f8","https://openstat.psa.gov.ph/PXWeb/pxweb/en/DB/DB__1E__IE/0081E3AIES0.px"
"NEGROS ISLAND REGION (NIR)","Seventh Decile","Average Expenditure  (in thousand pesos)","182.65","","2026-08-03T09-38-59-7a63a72104f8","https://openstat.psa.gov.ph/PXWeb/pxweb/en/DB/DB__1E__IE/0081E3AIES0.px"
"NEGROS ISLAND REGION (NIR)","Seventh Decile","Average Savings  (in thousand pesos)","47.08","","2026-08-03T09-38-59-7a63a72104f8","https://openstat.psa.gov.ph/PXWeb/pxweb/en/DB/DB__1E__IE/0081E3AIES0.px"
"NEGROS ISLAND REGION (NIR)","Eighth Decile","Average Income   (in thousand pesos)","269.11","","2026-08-03T09-38-59-7a63a72104f8","https://openstat.psa.gov.ph/PXWeb/pxweb/en/DB/DB__1E__IE/0081E3AIES0.px"
"NEGROS ISLAND REGION (NIR)","Eighth Decile","Average Expenditure  (in thousand pesos)","199.13","","2026-08-03T09-38-59-7a63a72104f8","https://openstat.psa.gov.ph/PXWeb/pxweb/en/DB/DB__1E__IE/0081E3AIES0.px"
"NEGROS ISLAND REGION (NIR)","Eighth Decile","Average Savings  (in thousand pesos)","69.99","","2026-08-03T09-38-59-7a63a72104f8","https://openstat.psa.gov.ph/PXWeb/pxweb/en/DB/DB__1E__IE/0081E3AIES0.px"
"NEGROS ISLAND REGION (NIR)","Ninth Decile","Average Income   (in thousand pesos)","340.43","","2026-08-03T09-38-59-7a63a72104f8","https://openstat.psa.gov.ph/PXWeb/pxweb/en/DB/DB__1E__IE/0081E3AIES0.px"
"NEGROS ISLAND REGION (NIR)","Ninth Decile","Average Expenditure  (in thousand pesos)","243.01","","2026-08-03T09-38-59-7a63a72104f8","https://openstat.psa.gov.ph/PXWeb/pxweb/en/DB/DB__1E__IE/0081E3AIES0.px"
"NEGROS ISLAND REGION (NIR)","Ninth Decile","Average Savings  (in thousand pesos)","97.43","","2026-08-03T09-38-59-7a63a72104f8","https://openstat.psa.gov.ph/PXWeb/pxweb/en/DB/DB__1E__IE/0081E3AIES0.px"
"NEGROS ISLAND REGION (NIR)","Tenth Decile","Average Income   (in thousand pesos)","631.52","","2026-08-03T09-38-59-7a63a72104f8","https://openstat.psa.gov.ph/PXWeb/pxweb/en/DB/DB__1E__IE/0081E3AIES0.px"
"NEGROS ISLAND REGION (NIR)","Tenth Decile","Average Expenditure  (in thousand pesos)","410.05","","2026-08-03T09-38-59-7a63a72104f8","https://openstat.psa.gov.ph/PXWeb/pxweb/en/DB/DB__1E__IE/0081E3AIES0.px"
"NEGROS ISLAND REGION (NIR)","Tenth Decile","Average Savings  (in thousand pesos)","221.47","","2026-08-03T09-38-59-7a63a72104f8","https://openstat.psa.gov.ph/PXWeb/pxweb/en/DB/DB__1E__IE/0081E3AIES0.px"
"NEGROS OCCIDENTAL (Excluding City of Bacolod)","All Income Groups","Average Income   (in thousand pesos)","215.49","","2026-08-03T09-38-59-7a63a72104f8","https://openstat.psa.gov.ph/PXWeb/pxweb/en/DB/DB__1E__IE/0081E3AIES0.px"
"NEGROS OCCIDENTAL (Excluding City of Bacolod)","All Income Groups","Average Expenditure  (in thousand pesos)","179.52","","2026-08-03T09-38-59-7a63a72104f8","https://openstat.psa.gov.ph/PXWeb/pxweb/en/DB/DB__1E__IE/0081E3AIES0.px"
"NEGROS OCCIDENTAL (Excluding City of Bacolod)","All Income Groups","Average Savings  (in thousand pesos)","35.97","","2026-08-03T09-38-59-7a63a72104f8","https://openstat.psa.gov.ph/PXWeb/pxweb/en/DB/DB__1E__IE/0081E3AIES0.px"
"NEGROS OCCIDENTAL (Excluding City of Bacolod)","First Decile","Average Income   (in thousand pesos)","111.3","","2026-08-03T09-38-59-7a63a72104f8","https://openstat.psa.gov.ph/PXWeb/pxweb/en/DB/DB__1E__IE/0081E3AIES0.px"
"NEGROS OCCIDENTAL (Excluding City of Bacolod)","First Decile","Average Expenditure  (in thousand pesos)","105.08","","2026-08-03T09-38-59-7a63a72104f8","https://openstat.psa.gov.ph/PXWeb/pxweb/en/DB/DB__1E__IE/0081E3AIES0.px"
"NEGROS OCCIDENTAL (Excluding City of Bacolod)","First Decile","Average Savings  (in thousand pesos)","6.22","","2026-08-03T09-38-59-7a63a72104f8","https://openstat.psa.gov.ph/PXWeb/pxweb/en/DB/DB__1E__IE/0081E3AIES0.px"
"NEGROS OCCIDENTAL (Excluding City of Bacolod)","Second Decile","Average Income   (in thousand pesos)","126.9","","2026-08-03T09-38-59-7a63a72104f8","https://openstat.psa.gov.ph/PXWeb/pxweb/en/DB/DB__1E__IE/0081E3AIES0.px"
"NEGROS OCCIDENTAL (Excluding City of Bacolod)","Second Decile","Average Expenditure  (in thousand pesos)","116.24","","2026-08-03T09-38-59-7a63a72104f8","https://openstat.psa.gov.ph/PXWeb/pxweb/en/DB/DB__1E__IE/0081E3AIES0.px"
"NEGROS OCCIDENTAL (Excluding City of Bacolod)","Second Decile","Average Savings  (in thousand pesos)","10.67","","2026-08-03T09-38-59-7a63a72104f8","https://openstat.psa.gov.ph/PXWeb/pxweb/en/DB/DB__1E__IE/0081E3AIES0.px"
"NEGROS OCCIDENTAL (Excluding City of Bacolod)","Third Decile","Average Income   (in thousand pesos)","152.04","","2026-08-03T09-38-59-7a63a72104f8","https://openstat.psa.gov.ph/PXWeb/pxweb/en/DB/DB__1E__IE/0081E3AIES0.px"
"NEGROS OCCIDENTAL (Excluding City of Bacolod)","Third Decile","Average Expenditure  (in thousand pesos)","138.59","","2026-08-03T09-38-59-7a63a72104f8","https://openstat.psa.gov.ph/PXWeb/pxweb/en/DB/DB__1E__IE/0081E3AIES0.px"
"NEGROS OCCIDENTAL (Excluding City of Bacolod)","Third Decile","Average Savings  (in thousand pesos)","13.45","","2026-08-03T09-38-59-7a63a72104f8","https://openstat.psa.gov.ph/PXWeb/pxweb/en/DB/DB__1E__IE/0081E3AIES0.px"
"NEGROS OCCIDENTAL (Excluding City of Bacolod)","Fourth Decile","Average Income   (in thousand pesos)","163.65","","2026-08-03T09-38-59-7a63a72104f8","https://openstat.psa.gov.ph/PXWeb/pxweb/en/DB/DB__1E__IE/0081E3AIES0.px"
"NEGROS OCCIDENTAL (Excluding City of Bacolod)","Fourth Decile","Average Expenditure  (in thousand pesos)","144.16","","2026-08-03T09-38-59-7a63a72104f8","https://openstat.psa.gov.ph/PXWeb/pxweb/en/DB/DB__1E__IE/0081E3AIES0.px"
"NEGROS OCCIDENTAL (Excluding City of Bacolod)","Fourth Decile","Average Savings  (in thousand pesos)","19.49","","2026-08-03T09-38-59-7a63a72104f8","https://openstat.psa.gov.ph/PXWeb/pxweb/en/DB/DB__1E__IE/0081E3AIES0.px"
"NEGROS OCCIDENTAL (Excluding City of Bacolod)","Fifth Decile","Average Income   (in thousand pesos)","166.04","","2026-08-03T09-38-59-7a63a72104f8","https://openstat.psa.gov.ph/PXWeb/pxweb/en/DB/DB__1E__IE/0081E3AIES0.px"
"NEGROS OCCIDENTAL (Excluding City of Bacolod)","Fifth Decile","Average Expenditure  (in thousand pesos)","144.82","","2026-08-03T09-38-59-7a63a72104f8","https://openstat.psa.gov.ph/PXWeb/pxweb/en/DB/DB__1E__IE/0081E3AIES0.px"
"NEGROS OCCIDENTAL (Excluding City of Bacolod)","Fifth Decile","Average Savings  (in thousand pesos)","21.21","","2026-08-03T09-38-59-7a63a72104f8","https://openstat.psa.gov.ph/PXWeb/pxweb/en/DB/DB__1E__IE/0081E3AIES0.px"
"NEGROS OCCIDENTAL (Excluding City of Bacolod)","Sixth Decile","Average Income   (in thousand pesos)","178.48","","2026-08-03T09-38-59-7a63a72104f8","https://openstat.psa.gov.ph/PXWeb/pxweb/en/DB/DB__1E__IE/0081E3AIES0.px"
"NEGROS OCCIDENTAL (Excluding City of Bacolod)","Sixth Decile","Average Expenditure  (in thousand pesos)","154.05","","2026-08-03T09-38-59-7a63a72104f8","https://openstat.psa.gov.ph/PXWeb/pxweb/en/DB/DB__1E__IE/0081E3AIES0.px"
"NEGROS OCCIDENTAL (Excluding City of Bacolod)","Sixth Decile","Average Savings  (in thousand pesos)","24.43","","2026-08-03T09-38-59-7a63a72104f8","https://openstat.psa.gov.ph/PXWeb/pxweb/en/DB/DB__1E__IE/0081E3AIES0.px"
"NEGROS OCCIDENTAL (Excluding City of Bacolod)","Seventh Decile","Average Income   (in thousand pesos)","210.9","","2026-08-03T09-38-59-7a63a72104f8","https://openstat.psa.gov.ph/PXWeb/pxweb/en/DB/DB__1E__IE/0081E3AIES0.px"
"NEGROS OCCIDENTAL (Excluding City of Bacolod)","Seventh Decile","Average Expenditure  (in thousand pesos)","178.89","","2026-08-03T09-38-59-7a63a72104f8","https://openstat.psa.gov.ph/PXWeb/pxweb/en/DB/DB__1E__IE/0081E3AIES0.px"
"NEGROS OCCIDENTAL (Excluding City of Bacolod)","Seventh Decile","Average Savings  (in thousand pesos)","32.01","","2026-08-03T09-38-59-7a63a72104f8","https://openstat.psa.gov.ph/PXWeb/pxweb/en/DB/DB__1E__IE/0081E3AIES0.px"
"NEGROS OCCIDENTAL (Excluding City of Bacolod)","Eighth Decile","Average Income   (in thousand pesos)","243.12","","2026-08-03T09-38-59-7a63a72104f8","https://openstat.psa.gov.ph/PXWeb/pxweb/en/DB/DB__1E__IE/0081E3AIES0.px"
"NEGROS OCCIDENTAL (Excluding City of Bacolod)","Eighth Decile","Average Expenditure  (in thousand pesos)","198.28","","2026-08-03T09-38-59-7a63a72104f8","https://openstat.psa.gov.ph/PXWeb/pxweb/en/DB/DB__1E__IE/0081E3AIES0.px"
"NEGROS OCCIDENTAL (Excluding City of Bacolod)","Eighth Decile","Average Savings  (in thousand pesos)","44.84","","2026-08-03T09-38-59-7a63a72104f8","https://openstat.psa.gov.ph/PXWeb/pxweb/en/DB/DB__1E__IE/0081E3AIES0.px"
"NEGROS OCCIDENTAL (Excluding City of Bacolod)","Ninth Decile","Average Income   (in thousand pesos)","256.35","","2026-08-03T09-38-59-7a63a72104f8","https://openstat.psa.gov.ph/PXWeb/pxweb/en/DB/DB__1E__IE/0081E3AIES0.px"
"NEGROS OCCIDENTAL (Excluding City of Bacolod)","Ninth Decile","Average Expenditure  (in thousand pesos)","208.49","","2026-08-03T09-38-59-7a63a72104f8","https://openstat.psa.gov.ph/PXWeb/pxweb/en/DB/DB__1E__IE/0081E3AIES0.px"
"NEGROS OCCIDENTAL (Excluding City of Bacolod)","Ninth Decile","Average Savings  (in thousand pesos)","47.86","","2026-08-03T09-38-59-7a63a72104f8","https://openstat.psa.gov.ph/PXWeb/pxweb/en/DB/DB__1E__IE/0081E3AIES0.px"
"NEGROS OCCIDENTAL (Excluding City of Bacolod)","Tenth Decile","Average Income   (in thousand pesos)","544.81","","2026-08-03T09-38-59-7a63a72104f8","https://openstat.psa.gov.ph/PXWeb/pxweb/en/DB/DB__1E__IE/0081E3AIES0.px"
"NEGROS OCCIDENTAL (Excluding City of Bacolod)","Tenth Decile","Average Expenditure  (in thousand pesos)","405.73","","2026-08-03T09-38-59-7a63a72104f8","https://openstat.psa.gov.ph/PXWeb/pxweb/en/DB/DB__1E__IE/0081E3AIES0.px"
"NEGROS OCCIDENTAL (Excluding City of Bacolod)","Tenth Decile","Average Savings  (in thousand pesos)","139.08","","2026-08-03T09-38-59-7a63a72104f8","https://openstat.psa.gov.ph/PXWeb/pxweb/en/DB/DB__1E__IE/0081E3AIES0.px"
"..City of Bacolod","All Income Groups","Average Income   (in thousand pesos)","327.24","","2026-08-03T09-38-59-7a63a72104f8","https://openstat.psa.gov.ph/PXWeb/pxweb/en/DB/DB__1E__IE/0081E3AIES0.px"
"..City of Bacolod","All Income Groups","Average Expenditure  (in thousand pesos)","260.97","","2026-08-03T09-38-59-7a63a72104f8","https://openstat.psa.gov.ph/PXWeb/pxweb/en/DB/DB__1E__IE/0081E3AIES0.px"
"..City of Bacolod","All Income Groups","Average Savings  (in thousand pesos)","66.26","","2026-08-03T09-38-59-7a63a72104f8","https://openstat.psa.gov.ph/PXWeb/pxweb/en/DB/DB__1E__IE/0081E3AIES0.px"
"..City of Bacolod","First Decile","Average Income   (in thousand pesos)","169.57","","2026-08-03T09-38-59-7a63a72104f8","https://openstat.psa.gov.ph/PXWeb/pxweb/en/DB/DB__1E__IE/0081E3AIES0.px"
"..City of Bacolod","First Decile","Average Expenditure  (in thousand pesos)","153.5","","2026-08-03T09-38-59-7a63a72104f8","https://openstat.psa.gov.ph/PXWeb/pxweb/en/DB/DB__1E__IE/0081E3AIES0.px"
"..City of Bacolod","First Decile","Average Savings  (in thousand pesos)","16.08","","2026-08-03T09-38-59-7a63a72104f8","https://openstat.psa.gov.ph/PXWeb/pxweb/en/DB/DB__1E__IE/0081E3AIES0.px"
"..City of Bacolod","Second Decile","Average Income   (in thousand pesos)","217.1","","2026-08-03T09-38-59-7a63a72104f8","https://openstat.psa.gov.ph/PXWeb/pxweb/en/DB/DB__1E__IE/0081E3AIES0.px"
"..City of Bacolod","Second Decile","Average Expenditure  (in thousand pesos)","185.76","","2026-08-03T09-38-59-7a63a72104f8","https://openstat.psa.gov.ph/PXWeb/pxweb/en/DB/DB__1E__IE/0081E3AIES0.px"
"..City of Bacolod","Second Decile","Average Savings  (in thousand pesos)","31.34","","2026-08-03T09-38-59-7a63a72104f8","https://openstat.psa.gov.ph/PXWeb/pxweb/en/DB/DB__1E__IE/0081E3AIES0.px"
"..City of Bacolod","Third Decile","Average Income   (in thousand pesos)","239.56","","2026-08-03T09-38-59-7a63a72104f8","https://openstat.psa.gov.ph/PXWeb/pxweb/en/DB/DB__1E__IE/0081E3AIES0.px"
"..City of Bacolod","Third Decile","Average Expenditure  (in thousand pesos)","203.75","","2026-08-03T09-38-59-7a63a72104f8","https://openstat.psa.gov.ph/PXWeb/pxweb/en/DB/DB__1E__IE/0081E3AIES0.px"
"..City of Bacolod","Third Decile","Average Savings  (in thousand pesos)","35.81","","2026-08-03T09-38-59-7a63a72104f8","https://openstat.psa.gov.ph/PXWeb/pxweb/en/DB/DB__1E__IE/0081E3AIES0.px"
"..City of Bacolod","Fourth Decile","Average Income   (in thousand pesos)","249.54","","2026-08-03T09-38-59-7a63a72104f8","https://openstat.psa.gov.ph/PXWeb/pxweb/en/DB/DB__1E__IE/0081E3AIES0.px"
"..City of Bacolod","Fourth Decile","Average Expenditure  (in thousand pesos)","210.19","","2026-08-03T09-38-59-7a63a72104f8","https://openstat.psa.gov.ph/PXWeb/pxweb/en/DB/DB__1E__IE/0081E3AIES0.px"
"..City of Bacolod","Fourth Decile","Average Savings  (in thousand pesos)","39.36","","2026-08-03T09-38-59-7a63a72104f8","https://openstat.psa.gov.ph/PXWeb/pxweb/en/DB/DB__1E__IE/0081E3AIES0.px"
"..City of Bacolod","Fifth Decile","Average Income   (in thousand pesos)","295.34","","2026-08-03T09-38-59-7a63a72104f8","https://openstat.psa.gov.ph/PXWeb/pxweb/en/DB/DB__1E__IE/0081E3AIES0.px"
"..City of Bacolod","Fifth Decile","Average Expenditure  (in thousand pesos)","239.27","","2026-08-03T09-38-59-7a63a72104f8","https://openstat.psa.gov.ph/PXWeb/pxweb/en/DB/DB__1E__IE/0081E3AIES0.px"
"..City of Bacolod","Fifth Decile","Average Savings  (in thousand pesos)","56.07","","2026-08-03T09-38-59-7a63a72104f8","https://openstat.psa.gov.ph/PXWeb/pxweb/en/DB/DB__1E__IE/0081E3AIES0.px"
"..City of Bacolod","Sixth Decile","Average Income   (in thousand pesos)","307.2","","2026-08-03T09-38-59-7a63a72104f8","https://openstat.psa.gov.ph/PXWeb/pxweb/en/DB/DB__1E__IE/0081E3AIES0.px"
"..City of Bacolod","Sixth Decile","Average Expenditure  (in thousand pesos)","255.66","","2026-08-03T09-38-59-7a63a72104f8","https://openstat.psa.gov.ph/PXWeb/pxweb/en/DB/DB__1E__IE/0081E3AIES0.px"
"..City of Bacolod","Sixth Decile","Average Savings  (in thousand pesos)","51.54","","2026-08-03T09-38-59-7a63a72104f8","https://openstat.psa.gov.ph/PXWeb/pxweb/en/DB/DB__1E__IE/0081E3AIES0.px"
"..City of Bacolod","Seventh Decile","Average Income   (in thousand pesos)","324.33","","2026-08-03T09-38-59-7a63a72104f8","https://openstat.psa.gov.ph/PXWeb/pxweb/en/DB/DB__1E__IE/0081E3AIES0.px"
"..City of Bacolod","Seventh Decile","Average Expenditure  (in thousand pesos)","265.28","","2026-08-03T09-38-59-7a63a72104f8","https://openstat.psa.gov.ph/PXWeb/pxweb/en/DB/DB__1E__IE/0081E3AIES0.px"
"..City of Bacolod","Seventh Decile","Average Savings  (in thousand pesos)","59.04","","2026-08-03T09-38-59-7a63a72104f8","https://openstat.psa.gov.ph/PXWeb/pxweb/en/DB/DB__1E__IE/0081E3AIES0.px"
"..City of Bacolod","Eighth Decile","Average Income   (in thousand pesos)","402.33","","2026-08-03T09-38-59-7a63a72104f8","https://openstat.psa.gov.ph/PXWeb/pxweb/en/DB/DB__1E__IE/0081E3AIES0.px"
"..City of Bacolod","Eighth Decile","Average Expenditure  (in thousand pesos)","311.59","","2026-08-03T09-38-59-7a63a72104f8","https://openstat.psa.gov.ph/PXWeb/pxweb/en/DB/DB__1E__IE/0081E3AIES0.px"
"..City of Bacolod","Eighth Decile","Average Savings  (in thousand pesos)","90.74","","2026-08-03T09-38-59-7a63a72104f8","https://openstat.psa.gov.ph/PXWeb/pxweb/en/DB/DB__1E__IE/0081E3AIES0.px"
"..City of Bacolod","Ninth Decile","Average Income   (in thousand pesos)","450.57","","2026-08-03T09-38-59-7a63a72104f8","https://openstat.psa.gov.ph/PXWeb/pxweb/en/DB/DB__1E__IE/0081E3AIES0.px"
"..City of Bacolod","Ninth Decile","Average Expenditure  (in thousand pesos)","351.36","","2026-08-03T09-38-59-7a63a72104f8","https://openstat.psa.gov.ph/PXWeb/pxweb/en/DB/DB__1E__IE/0081E3AIES0.px"
"..City of Bacolod","Ninth Decile","Average Savings  (in thousand pesos)","99.21","","2026-08-03T09-38-59-7a63a72104f8","https://openstat.psa.gov.ph/PXWeb/pxweb/en/DB/DB__1E__IE/0081E3AIES0.px"
"..City of Bacolod","Tenth Decile","Average Income   (in thousand pesos)","615.28","","2026-08-03T09-38-59-7a63a72104f8","https://openstat.psa.gov.ph/PXWeb/pxweb/en/DB/DB__1E__IE/0081E3AIES0.px"
"..City of Bacolod","Tenth Decile","Average Expenditure  (in thousand pesos)","432.46","","2026-08-03T09-38-59-7a63a72104f8","https://openstat.psa.gov.ph/PXWeb/pxweb/en/DB/DB__1E__IE/0081E3AIES0.px"
"..City of Bacolod","Tenth Decile","Average Savings  (in thousand pesos)","182.82","","2026-08-03T09-38-59-7a63a72104f8","https://openstat.psa.gov.ph/PXWeb/pxweb/en/DB/DB__1E__IE/0081E3AIES0.px"
"NEGROS ORIENTAL","All Income Groups","Average Income   (in thousand pesos)","235.12","","2026-08-03T09-38-59-7a63a72104f8","https://openstat.psa.gov.ph/PXWeb/pxweb/en/DB/DB__1E__IE/0081E3AIES0.px"
"NEGROS ORIENTAL","All Income Groups","Average Expenditure  (in thousand pesos)","150.47","","2026-08-03T09-38-59-7a63a72104f8","https://openstat.psa.gov.ph/PXWeb/pxweb/en/DB/DB__1E__IE/0081E3AIES0.px"
"NEGROS ORIENTAL","All Income Groups","Average Savings  (in thousand pesos)","84.65","","2026-08-03T09-38-59-7a63a72104f8","https://openstat.psa.gov.ph/PXWeb/pxweb/en/DB/DB__1E__IE/0081E3AIES0.px"
"NEGROS ORIENTAL","First Decile","Average Income   (in thousand pesos)","80.55","","2026-08-03T09-38-59-7a63a72104f8","https://openstat.psa.gov.ph/PXWeb/pxweb/en/DB/DB__1E__IE/0081E3AIES0.px"
"NEGROS ORIENTAL","First Decile","Average Expenditure  (in thousand pesos)","83.03","","2026-08-03T09-38-59-7a63a72104f8","https://openstat.psa.gov.ph/PXWeb/pxweb/en/DB/DB__1E__IE/0081E3AIES0.px"
"NEGROS ORIENTAL","First Decile","Average Savings  (in thousand pesos)","-2.48","","2026-08-03T09-38-59-7a63a72104f8","https://openstat.psa.gov.ph/PXWeb/pxweb/en/DB/DB__1E__IE/0081E3AIES0.px"
"NEGROS ORIENTAL","Second Decile","Average Income   (in thousand pesos)","101.32","","2026-08-03T09-38-59-7a63a72104f8","https://openstat.psa.gov.ph/PXWeb/pxweb/en/DB/DB__1E__IE/0081E3AIES0.px"
"NEGROS ORIENTAL","Second Decile","Average Expenditure  (in thousand pesos)","90.97","","2026-08-03T09-38-59-7a63a72104f8","https://openstat.psa.gov.ph/PXWeb/pxweb/en/DB/DB__1E__IE/0081E3AIES0.px"
"NEGROS ORIENTAL","Second Decile","Average Savings  (in thousand pesos)","10.36","","2026-08-03T09-38-59-7a63a72104f8","https://openstat.psa.gov.ph/PXWeb/pxweb/en/DB/DB__1E__IE/0081E3AIES0.px"
"NEGROS ORIENTAL","Third Decile","Average Income   (in thousand pesos)","114.38","","2026-08-03T09-38-59-7a63a72104f8","https://openstat.psa.gov.ph/PXWeb/pxweb/en/DB/DB__1E__IE/0081E3AIES0.px"
"NEGROS ORIENTAL","Third Decile","Average Expenditure  (in thousand pesos)","94.42","","2026-08-03T09-38-59-7a63a72104f8","https://openstat.psa.gov.ph/PXWeb/pxweb/en/DB/DB__1E__IE/0081E3AIES0.px"
"NEGROS ORIENTAL","Third Decile","Average Savings  (in thousand pesos)","19.96","","2026-08-03T09-38-59-7a63a72104f8","https://openstat.psa.gov.ph/PXWeb/pxweb/en/DB/DB__1E__IE/0081E3AIES0.px"
"NEGROS ORIENTAL","Fourth Decile","Average Income   (in thousand pesos)","134.98","","2026-08-03T09-38-59-7a63a72104f8","https://openstat.psa.gov.ph/PXWeb/pxweb/en/DB/DB__1E__IE/0081E3AIES0.px"
"NEGROS ORIENTAL","Fourth Decile","Average Expenditure  (in thousand pesos)","111.52","","2026-08-03T09-38-59-7a63a72104f8","https://openstat.psa.gov.ph/PXWeb/pxweb/en/DB/DB__1E__IE/0081E3AIES0.px"
"NEGROS ORIENTAL","Fourth Decile","Average Savings  (in thousand pesos)","23.46","","2026-08-03T09-38-59-7a63a72104f8","https://openstat.psa.gov.ph/PXWeb/pxweb/en/DB/DB__1E__IE/0081E3AIES0.px"
"NEGROS ORIENTAL","Fifth Decile","Average Income   (in thousand pesos)","150.28","","2026-08-03T09-38-59-7a63a72104f8","https://openstat.psa.gov.ph/PXWeb/pxweb/en/DB/DB__1E__IE/0081E3AIES0.px"
"NEGROS ORIENTAL","Fifth Decile","Average Expenditure  (in thousand pesos)","115.51","","2026-08-03T09-38-59-7a63a72104f8","https://openstat.psa.gov.ph/PXWeb/pxweb/en/DB/DB__1E__IE/0081E3AIES0.px"
"NEGROS ORIENTAL","Fifth Decile","Average Savings  (in thousand pesos)","34.76","","2026-08-03T09-38-59-7a63a72104f8","https://openstat.psa.gov.ph/PXWeb/pxweb/en/DB/DB__1E__IE/0081E3AIES0.px"
"NEGROS ORIENTAL","Sixth Decile","Average Income   (in thousand pesos)","177.73","","2026-08-03T09-38-59-7a63a72104f8","https://openstat.psa.gov.ph/PXWeb/pxweb/en/DB/DB__1E__IE/0081E3AIES0.px"
"NEGROS ORIENTAL","Sixth Decile","Average Expenditure  (in thousand pesos)","125.14","","2026-08-03T09-38-59-7a63a72104f8","https://openstat.psa.gov.ph/PXWeb/pxweb/en/DB/DB__1E__IE/0081E3AIES0.px"
"NEGROS ORIENTAL","Sixth Decile","Average Savings  (in thousand pesos)","52.6","","2026-08-03T09-38-59-7a63a72104f8","https://openstat.psa.gov.ph/PXWeb/pxweb/en/DB/DB__1E__IE/0081E3AIES0.px"
"NEGROS ORIENTAL","Seventh Decile","Average Income   (in thousand pesos)","207.6","","2026-08-03T09-38-59-7a63a72104f8","https://openstat.psa.gov.ph/PXWeb/pxweb/en/DB/DB__1E__IE/0081E3AIES0.px"
"NEGROS ORIENTAL","Seventh Decile","Average Expenditure  (in thousand pesos)","135.26","","2026-08-03T09-38-59-7a63a72104f8","https://openstat.psa.gov.ph/PXWeb/pxweb/en/DB/DB__1E__IE/0081E3AIES0.px"
"NEGROS ORIENTAL","Seventh Decile","Average Savings  (in thousand pesos)","72.34","","2026-08-03T09-38-59-7a63a72104f8","https://openstat.psa.gov.ph/PXWeb/pxweb/en/DB/DB__1E__IE/0081E3AIES0.px"
"NEGROS ORIENTAL","Eighth Decile","Average Income   (in thousand pesos)","279.68","","2026-08-03T09-38-59-7a63a72104f8","https://openstat.psa.gov.ph/PXWeb/pxweb/en/DB/DB__1E__IE/0081E3AIES0.px"
"NEGROS ORIENTAL","Eighth Decile","Average Expenditure  (in thousand pesos)","161.39","","2026-08-03T09-38-59-7a63a72104f8","https://openstat.psa.gov.ph/PXWeb/pxweb/en/DB/DB__1E__IE/0081E3AIES0.px"
"NEGROS ORIENTAL","Eighth Decile","Average Savings  (in thousand pesos)","118.28","","2026-08-03T09-38-59-7a63a72104f8","https://openstat.psa.gov.ph/PXWeb/pxweb/en/DB/DB__1E__IE/0081E3AIES0.px"
"NEGROS ORIENTAL","Ninth Decile","Average Income   (in thousand pesos)","345.41","","2026-08-03T09-38-59-7a63a72104f8","https://openstat.psa.gov.ph/PXWeb/pxweb/en/DB/DB__1E__IE/0081E3AIES0.px"
"NEGROS ORIENTAL","Ninth Decile","Average Expenditure  (in thousand pesos)","185.21","","2026-08-03T09-38-59-7a63a72104f8","https://openstat.psa.gov.ph/PXWeb/pxweb/en/DB/DB__1E__IE/0081E3AIES0.px"
"NEGROS ORIENTAL","Ninth Decile","Average Savings  (in thousand pesos)","160.19","","2026-08-03T09-38-59-7a63a72104f8","https://openstat.psa.gov.ph/PXWeb/pxweb/en/DB/DB__1E__IE/0081E3AIES0.px"
"NEGROS ORIENTAL","Tenth Decile","Average Income   (in thousand pesos)","757.71","","2026-08-03T09-38-59-7a63a72104f8","https://openstat.psa.gov.ph/PXWeb/pxweb/en/DB/DB__1E__IE/0081E3AIES0.px"
"NEGROS ORIENTAL","Tenth Decile","Average Expenditure  (in thousand pesos)","401.66","","2026-08-03T09-38-59-7a63a72104f8","https://openstat.psa.gov.ph/PXWeb/pxweb/en/DB/DB__1E__IE/0081E3AIES0.px"
"NEGROS ORIENTAL","Tenth Decile","Average Savings  (in thousand pesos)","356.05","","2026-08-03T09-38-59-7a63a72104f8","https://openstat.psa.gov.ph/PXWeb/pxweb/en/DB/DB__1E__IE/0081E3AIES0.px"
"SIQUIJOR","All Income Groups","Average Income   (in thousand pesos)","316.36","","2026-08-03T09-38-59-7a63a72104f8","https://openstat.psa.gov.ph/PXWeb/pxweb/en/DB/DB__1E__IE/0081E3AIES0.px"
"SIQUIJOR","All Income Groups","Average Expenditure  (in thousand pesos)","205.22","","2026-08-03T09-38-59-7a63a72104f8","https://openstat.psa.gov.ph/PXWeb/pxweb/en/DB/DB__1E__IE/0081E3AIES0.px"
"SIQUIJOR","All Income Groups","Average Savings  (in thousand pesos)","111.14","","2026-08-03T09-38-59-7a63a72104f8","https://openstat.psa.gov.ph/PXWeb/pxweb/en/DB/DB__1E__IE/0081E3AIES0.px"
"SIQUIJOR","First Decile","Average Income   (in thousand pesos)","151.4","","2026-08-03T09-38-59-7a63a72104f8","https://openstat.psa.gov.ph/PXWeb/pxweb/en/DB/DB__1E__IE/0081E3AIES0.px"
"SIQUIJOR","First Decile","Average Expenditure  (in thousand pesos)","134.69","","2026-08-03T09-38-59-7a63a72104f8","https://openstat.psa.gov.ph/PXWeb/pxweb/en/DB/DB__1E__IE/0081E3AIES0.px"
"SIQUIJOR","First Decile","Average Savings  (in thousand pesos)","16.71","","2026-08-03T09-38-59-7a63a72104f8","https://openstat.psa.gov.ph/PXWeb/pxweb/en/DB/DB__1E__IE/0081E3AIES0.px"
"SIQUIJOR","Second Decile","Average Income   (in thousand pesos)","159.31","","2026-08-03T09-38-59-7a63a72104f8","https://openstat.psa.gov.ph/PXWeb/pxweb/en/DB/DB__1E__IE/0081E3AIES0.px"
"SIQUIJOR","Second Decile","Average Expenditure  (in thousand pesos)","138.15","","2026-08-03T09-38-59-7a63a72104f8","https://openstat.psa.gov.ph/PXWeb/pxweb/en/DB/DB__1E__IE/0081E3AIES0.px"
"SIQUIJOR","Second Decile","Average Savings  (in thousand pesos)","21.16","","2026-08-03T09-38-59-7a63a72104f8","https://openstat.psa.gov.ph/PXWeb/pxweb/en/DB/DB__1E__IE/0081E3AIES0.px"
"SIQUIJOR","Third Decile","Average Income   (in thousand pesos)","177.89","","2026-08-03T09-38-59-7a63a72104f8","https://openstat.psa.gov.ph/PXWeb/pxweb/en/DB/DB__1E__IE/0081E3AIES0.px"
"SIQUIJOR","Third Decile","Average Expenditure  (in thousand pesos)","134.71","","2026-08-03T09-38-59-7a63a72104f8","https://openstat.psa.gov.ph/PXWeb/pxweb/en/DB/DB__1E__IE/0081E3AIES0.px"
"SIQUIJOR","Third Decile","Average Savings  (in thousand pesos)","43.18","","2026-08-03T09-38-59-7a63a72104f8","https://openstat.psa.gov.ph/PXWeb/pxweb/en/DB/DB__1E__IE/0081E3AIES0.px"
"SIQUIJOR","Fourth Decile","Average Income   (in thousand pesos)","195.54","","2026-08-03T09-38-59-7a63a72104f8","https://openstat.psa.gov.ph/PXWeb/pxweb/en/DB/DB__1E__IE/0081E3AIES0.px"
"SIQUIJOR","Fourth Decile","Average Expenditure  (in thousand pesos)","152.2","","2026-08-03T09-38-59-7a63a72104f8","https://openstat.psa.gov.ph/PXWeb/pxweb/en/DB/DB__1E__IE/0081E3AIES0.px"
"SIQUIJOR","Fourth Decile","Average Savings  (in thousand pesos)","43.35","","2026-08-03T09-38-59-7a63a72104f8","https://openstat.psa.gov.ph/PXWeb/pxweb/en/DB/DB__1E__IE/0081E3AIES0.px"
"SIQUIJOR","Fifth Decile","Average Income   (in thousand pesos)","197.86","","2026-08-03T09-38-59-7a63a72104f8","https://openstat.psa.gov.ph/PXWeb/pxweb/en/DB/DB__1E__IE/0081E3AIES0.px"
"SIQUIJOR","Fifth Decile","Average Expenditure  (in thousand pesos)","136.47","","2026-08-03T09-38-59-7a63a72104f8","https://openstat.psa.gov.ph/PXWeb/pxweb/en/DB/DB__1E__IE/0081E3AIES0.px"
"SIQUIJOR","Fifth Decile","Average Savings  (in thousand pesos)","61.38","","2026-08-03T09-38-59-7a63a72104f8","https://openstat.psa.gov.ph/PXWeb/pxweb/en/DB/DB__1E__IE/0081E3AIES0.px"
"SIQUIJOR","Sixth Decile","Average Income   (in thousand pesos)","259.02","","2026-08-03T09-38-59-7a63a72104f8","https://openstat.psa.gov.ph/PXWeb/pxweb/en/DB/DB__1E__IE/0081E3AIES0.px"
"SIQUIJOR","Sixth Decile","Average Expenditure  (in thousand pesos)","180.42","","2026-08-03T09-38-59-7a63a72104f8","https://openstat.psa.gov.ph/PXWeb/pxweb/en/DB/DB__1E__IE/0081E3AIES0.px"
"SIQUIJOR","Sixth Decile","Average Savings  (in thousand pesos)","78.59","","2026-08-03T09-38-59-7a63a72104f8","https://openstat.psa.gov.ph/PXWeb/pxweb/en/DB/DB__1E__IE/0081E3AIES0.px"
"SIQUIJOR","Seventh Decile","Average Income   (in thousand pesos)","278.39","","2026-08-03T09-38-59-7a63a72104f8","https://openstat.psa.gov.ph/PXWeb/pxweb/en/DB/DB__1E__IE/0081E3AIES0.px"
"SIQUIJOR","Seventh Decile","Average Expenditure  (in thousand pesos)","188.65","","2026-08-03T09-38-59-7a63a72104f8","https://openstat.psa.gov.ph/PXWeb/pxweb/en/DB/DB__1E__IE/0081E3AIES0.px"
"SIQUIJOR","Seventh Decile","Average Savings  (in thousand pesos)","89.74","","2026-08-03T09-38-59-7a63a72104f8","https://openstat.psa.gov.ph/PXWeb/pxweb/en/DB/DB__1E__IE/0081E3AIES0.px"
"SIQUIJOR","Eighth Decile","Average Income   (in thousand pesos)","336.41","","2026-08-03T09-38-59-7a63a72104f8","https://openstat.psa.gov.ph/PXWeb/pxweb/en/DB/DB__1E__IE/0081E3AIES0.px"
"SIQUIJOR","Eighth Decile","Average Expenditure  (in thousand pesos)","227.45","","2026-08-03T09-38-59-7a63a72104f8","https://openstat.psa.gov.ph/PXWeb/pxweb/en/DB/DB__1E__IE/0081E3AIES0.px"
"SIQUIJOR","Eighth Decile","Average Savings  (in thousand pesos)","108.96","","2026-08-03T09-38-59-7a63a72104f8","https://openstat.psa.gov.ph/PXWeb/pxweb/en/DB/DB__1E__IE/0081E3AIES0.px"
"SIQUIJOR","Ninth Decile","Average Income   (in thousand pesos)","385.12","","2026-08-03T09-38-59-7a63a72104f8","https://openstat.psa.gov.ph/PXWeb/pxweb/en/DB/DB__1E__IE/0081E3AIES0.px"
"SIQUIJOR","Ninth Decile","Average Expenditure  (in thousand pesos)","247.14","","2026-08-03T09-38-59-7a63a72104f8","https://openstat.psa.gov.ph/PXWeb/pxweb/en/DB/DB__1E__IE/0081E3AIES0.px"
"SIQUIJOR","Ninth Decile","Average Savings  (in thousand pesos)","137.98","","2026-08-03T09-38-59-7a63a72104f8","https://openstat.psa.gov.ph/PXWeb/pxweb/en/DB/DB__1E__IE/0081E3AIES0.px"
"SIQUIJOR","Tenth Decile","Average Income   (in thousand pesos)","1012.93","","2026-08-03T09-38-59-7a63a72104f8","https://openstat.psa.gov.ph/PXWeb/pxweb/en/DB/DB__1E__IE/0081E3AIES0.px"
"SIQUIJOR","Tenth Decile","Average Expenditure  (in thousand pesos)","508.38","","2026-08-03T09-38-59-7a63a72104f8","https://openstat.psa.gov.ph/PXWeb/pxweb/en/DB/DB__1E__IE/0081E3AIES0.px"
"SIQUIJOR","Tenth Decile","Average Savings  (in thousand pesos)","504.55","","2026-08-03T09-38-59-7a63a72104f8","https://openstat.psa.gov.ph/PXWeb/pxweb/en/DB/DB__1E__IE/0081E3AIES0.px"
"REGION VII - CENTRAL VISAYAS","All Income Groups","Average Income   (in thousand pesos)","291.39","","2026-08-03T09-38-59-7a63a72104f8","https://openstat.psa.gov.ph/PXWeb/pxweb/en/DB/DB__1E__IE/0081E3AIES0.px"
"REGION VII - CENTRAL VISAYAS","All Income Groups","Average Expenditure  (in thousand pesos)","194.32","","2026-08-03T09-38-59-7a63a72104f8","https://openstat.psa.gov.ph/PXWeb/pxweb/en/DB/DB__1E__IE/0081E3AIES0.px"
"REGION VII - CENTRAL VISAYAS","All Income Groups","Average Savings  (in thousand pesos)","97.06","","2026-08-03T09-38-59-7a63a72104f8","https://openstat.psa.gov.ph/PXWeb/pxweb/en/DB/DB__1E__IE/0081E3AIES0.px"
"REGION VII - CENTRAL VISAYAS","First Decile","Average Income   (in thousand pesos)","131.67","","2026-08-03T09-38-59-7a63a72104f8","https://openstat.psa.gov.ph/PXWeb/pxweb/en/DB/DB__1E__IE/0081E3AIES0.px"
"REGION VII - CENTRAL VISAYAS","First Decile","Average Expenditure  (in thousand pesos)","111.67","","2026-08-03T09-38-59-7a63a72104f8","https://openstat.psa.gov.ph/PXWeb/pxweb/en/DB/DB__1E__IE/0081E3AIES0.px"
"REGION VII - CENTRAL VISAYAS","First Decile","Average Savings  (in thousand pesos)","20","","2026-08-03T09-38-59-7a63a72104f8","https://openstat.psa.gov.ph/PXWeb/pxweb/en/DB/DB__1E__IE/0081E3AIES0.px"
"REGION VII - CENTRAL VISAYAS","Second Decile","Average Income   (in thousand pesos)","169.78","","2026-08-03T09-38-59-7a63a72104f8","https://openstat.psa.gov.ph/PXWeb/pxweb/en/DB/DB__1E__IE/0081E3AIES0.px"
"REGION VII - CENTRAL VISAYAS","Second Decile","Average Expenditure  (in thousand pesos)","127.19","","2026-08-03T09-38-59-7a63a72104f8","https://openstat.psa.gov.ph/PXWeb/pxweb/en/DB/DB__1E__IE/0081E3AIES0.px"
"REGION VII - CENTRAL VISAYAS","Second Decile","Average Savings  (in thousand pesos)","42.59","","2026-08-03T09-38-59-7a63a72104f8","https://openstat.psa.gov.ph/PXWeb/pxweb/en/DB/DB__1E__IE/0081E3AIES0.px"
"REGION VII - CENTRAL VISAYAS","Third Decile","Average Income   (in thousand pesos)","183.61","","2026-08-03T09-38-59-7a63a72104f8","https://openstat.psa.gov.ph/PXWeb/pxweb/en/DB/DB__1E__IE/0081E3AIES0.px"
"REGION VII - CENTRAL VISAYAS","Third Decile","Average Expenditure  (in thousand pesos)","135.96","","2026-08-03T09-38-59-7a63a72104f8","https://openstat.psa.gov.ph/PXWeb/pxweb/en/DB/DB__1E__IE/0081E3AIES0.px"
"REGION VII - CENTRAL VISAYAS","Third Decile","Average Savings  (in thousand pesos)","47.65","","2026-08-03T09-38-59-7a63a72104f8","https://openstat.psa.gov.ph/PXWeb/pxweb/en/DB/DB__1E__IE/0081E3AIES0.px"
"REGION VII - CENTRAL VISAYAS","Fourth Decile","Average Income   (in thousand pesos)","213.35","","2026-08-03T09-38-59-7a63a72104f8","https://openstat.psa.gov.ph/PXWeb/pxweb/en/DB/DB__1E__IE/0081E3AIES0.px"
"REGION VII - CENTRAL VISAYAS","Fourth Decile","Average Expenditure  (in thousand pesos)","151.28","","2026-08-03T09-38-59-7a63a72104f8","https://openstat.psa.gov.ph/PXWeb/pxweb/en/DB/DB__1E__IE/0081E3AIES0.px"
"REGION VII - CENTRAL VISAYAS","Fourth Decile","Average Savings  (in thousand pesos)","62.07","","2026-08-03T09-38-59-7a63a72104f8","https://openstat.psa.gov.ph/PXWeb/pxweb/en/DB/DB__1E__IE/0081E3AIES0.px"
"REGION VII - CENTRAL VISAYAS","Fifth Decile","Average Income   (in thousand pesos)","240.61","","2026-08-03T09-38-59-7a63a72104f8","https://openstat.psa.gov.ph/PXWeb/pxweb/en/DB/DB__1E__IE/0081E3AIES0.px"
"REGION VII - CENTRAL VISAYAS","Fifth Decile","Average Expenditure  (in thousand pesos)","167.69","","2026-08-03T09-38-59-7a63a72104f8","https://openstat.psa.gov.ph/PXWeb/pxweb/en/DB/DB__1E__IE/0081E3AIES0.px"
"REGION VII - CENTRAL VISAYAS","Fifth Decile","Average Savings  (in thousand pesos)","72.92","","2026-08-03T09-38-59-7a63a72104f8","https://openstat.psa.gov.ph/PXWeb/pxweb/en/DB/DB__1E__IE/0081E3AIES0.px"
"REGION VII - CENTRAL VISAYAS","Sixth Decile","Average Income   (in thousand pesos)","259.69","","2026-08-03T09-38-59-7a63a72104f8","https://openstat.psa.gov.ph/PXWeb/pxweb/en/DB/DB__1E__IE/0081E3AIES0.px"
"REGION VII - CENTRAL VISAYAS","Sixth Decile","Average Expenditure  (in thousand pesos)","174.8","","2026-08-03T09-38-59-7a63a72104f8","https://openstat.psa.gov.ph/PXWeb/pxweb/en/DB/DB__1E__IE/0081E3AIES0.px"
"REGION VII - CENTRAL VISAYAS","Sixth Decile","Average Savings  (in thousand pesos)","84.89","","2026-08-03T09-38-59-7a63a72104f8","https://openstat.psa.gov.ph/PXWeb/pxweb/en/DB/DB__1E__IE/0081E3AIES0.px"
"REGION VII - CENTRAL VISAYAS","Seventh Decile","Average Income   (in thousand pesos)","289.35","","2026-08-03T09-38-59-7a63a72104f8","https://openstat.psa.gov.ph/PXWeb/pxweb/en/DB/DB__1E__IE/0081E3AIES0.px"
"REGION VII - CENTRAL VISAYAS","Seventh Decile","Average Expenditure  (in thousand pesos)","191.72","","2026-08-03T09-38-59-7a63a72104f8","https://openstat.psa.gov.ph/PXWeb/pxweb/en/DB/DB__1E__IE/0081E3AIES0.px"
"REGION VII - CENTRAL VISAYAS","Seventh Decile","Average Savings  (in thousand pesos)","97.63","","2026-08-03T09-38-59-7a63a72104f8","https://openstat.psa.gov.ph/PXWeb/pxweb/en/DB/DB__1E__IE/0081E3AIES0.px"
"REGION VII - CENTRAL VISAYAS","Eighth Decile","Average Income   (in thousand pesos)","344.08","","2026-08-03T09-38-59-7a63a72104f8","https://openstat.psa.gov.ph/PXWeb/pxweb/en/DB/DB__1E__IE/0081E3AIES0.px"
"REGION VII - CENTRAL VISAYAS","Eighth Decile","Average Expenditure  (in thousand pesos)","224.02","","2026-08-03T09-38-59-7a63a72104f8","https://openstat.psa.gov.ph/PXWeb/pxweb/en/DB/DB__1E__IE/0081E3AIES0.px"
"REGION VII - CENTRAL VISAYAS","Eighth Decile","Average Savings  (in thousand pesos)","120.05","","2026-08-03T09-38-59-7a63a72104f8","https://openstat.psa.gov.ph/PXWeb/pxweb/en/DB/DB__1E__IE/0081E3AIES0.px"
"REGION VII - CENTRAL VISAYAS","Ninth Decile","Average Income   (in thousand pesos)","399.35","","2026-08-03T09-38-59-7a63a72104f8","https://openstat.psa.gov.ph/PXWeb/pxweb/en/DB/DB__1E__IE/0081E3AIES0.px"
"REGION VII - CENTRAL VISAYAS","Ninth Decile","Average Expenditure  (in thousand pesos)","257.24","","2026-08-03T09-38-59-7a63a72104f8","https://openstat.psa.gov.ph/PXWeb/pxweb/en/DB/DB__1E__IE/0081E3AIES0.px"
"REGION VII - CENTRAL VISAYAS","Ninth Decile","Average Savings  (in thousand pesos)","142.11","","2026-08-03T09-38-59-7a63a72104f8","https://openstat.psa.gov.ph/PXWeb/pxweb/en/DB/DB__1E__IE/0081E3AIES0.px"
"REGION VII - CENTRAL VISAYAS","Tenth Decile","Average Income   (in thousand pesos)","681.93","","2026-08-03T09-38-59-7a63a72104f8","https://openstat.psa.gov.ph/PXWeb/pxweb/en/DB/DB__1E__IE/0081E3AIES0.px"
"REGION VII - CENTRAL VISAYAS","Tenth Decile","Average Expenditure  (in thousand pesos)","401.42","","2026-08-03T09-38-59-7a63a72104f8","https://openstat.psa.gov.ph/PXWeb/pxweb/en/DB/DB__1E__IE/0081E3AIES0.px"
"REGION VII - CENTRAL VISAYAS","Tenth Decile","Average Savings  (in thousand pesos)","280.51","","2026-08-03T09-38-59-7a63a72104f8","https://openstat.psa.gov.ph/PXWeb/pxweb/en/DB/DB__1E__IE/0081E3AIES0.px"
"BOHOL","All Income Groups","Average Income   (in thousand pesos)","260.69","","2026-08-03T09-38-59-7a63a72104f8","https://openstat.psa.gov.ph/PXWeb/pxweb/en/DB/DB__1E__IE/0081E3AIES0.px"
"BOHOL","All Income Groups","Average Expenditure  (in thousand pesos)","172.24","","2026-08-03T09-38-59-7a63a72104f8","https://openstat.psa.gov.ph/PXWeb/pxweb/en/DB/DB__1E__IE/0081E3AIES0.px"
"BOHOL","All Income Groups","Average Savings  (in thousand pesos)","88.45","","2026-08-03T09-38-59-7a63a72104f8","https://openstat.psa.gov.ph/PXWeb/pxweb/en/DB/DB__1E__IE/0081E3AIES0.px"
"BOHOL","First Decile","Average Income   (in thousand pesos)","109.76","","2026-08-03T09-38-59-7a63a72104f8","https://openstat.psa.gov.ph/PXWeb/pxweb/en/DB/DB__1E__IE/0081E3AIES0.px"
"BOHOL","First Decile","Average Expenditure  (in thousand pesos)","107.38","","2026-08-03T09-38-59-7a63a72104f8","https://openstat.psa.gov.ph/PXWeb/pxweb/en/DB/DB__1E__IE/0081E3AIES0.px"
"BOHOL","First Decile","Average Savings  (in thousand pesos)","2.37","","2026-08-03T09-38-59-7a63a72104f8","https://openstat.psa.gov.ph/PXWeb/pxweb/en/DB/DB__1E__IE/0081E3AIES0.px"
"BOHOL","Second Decile","Average Income   (in thousand pesos)","135.37","","2026-08-03T09-38-59-7a63a72104f8","https://openstat.psa.gov.ph/PXWeb/pxweb/en/DB/DB__1E__IE/0081E3AIES0.px"
"BOHOL","Second Decile","Average Expenditure  (in thousand pesos)","113.98","","2026-08-03T09-38-59-7a63a72104f8","https://openstat.psa.gov.ph/PXWeb/pxweb/en/DB/DB__1E__IE/0081E3AIES0.px"
"BOHOL","Second Decile","Average Savings  (in thousand pesos)","21.39","","2026-08-03T09-38-59-7a63a72104f8","https://openstat.psa.gov.ph/PXWeb/pxweb/en/DB/DB__1E__IE/0081E3AIES0.px"
"BOHOL","Third Decile","Average Income   (in thousand pesos)","166.91","","2026-08-03T09-38-59-7a63a72104f8","https://openstat.psa.gov.ph/PXWeb/pxweb/en/DB/DB__1E__IE/0081E3AIES0.px"
"BOHOL","Third Decile","Average Expenditure  (in thousand pesos)","124.95","","2026-08-03T09-38-59-7a63a72104f8","https://openstat.psa.gov.ph/PXWeb/pxweb/en/DB/DB__1E__IE/0081E3AIES0.px"
"BOHOL","Third Decile","Average Savings  (in thousand pesos)","41.96","","2026-08-03T09-38-59-7a63a72104f8","https://openstat.psa.gov.ph/PXWeb/pxweb/en/DB/DB__1E__IE/0081E3AIES0.px"
"BOHOL","Fourth Decile","Average Income   (in thousand pesos)","180.34","","2026-08-03T09-38-59-7a63a72104f8","https://openstat.psa.gov.ph/PXWeb/pxweb/en/DB/DB__1E__IE/0081E3AIES0.px"
"BOHOL","Fourth Decile","Average Expenditure  (in thousand pesos)","128.84","","2026-08-03T09-38-59-7a63a72104f8","https://openstat.psa.gov.ph/PXWeb/pxweb/en/DB/DB__1E__IE/0081E3AIES0.px"
"BOHOL","Fourth Decile","Average Savings  (in thousand pesos)","51.5","","2026-08-03T09-38-59-7a63a72104f8","https://openstat.psa.gov.ph/PXWeb/pxweb/en/DB/DB__1E__IE/0081E3AIES0.px"
"BOHOL","Fifth Decile","Average Income   (in thousand pesos)","188.34","","2026-08-03T09-38-59-7a63a72104f8","https://openstat.psa.gov.ph/PXWeb/pxweb/en/DB/DB__1E__IE/0081E3AIES0.px"
"BOHOL","Fifth Decile","Average Expenditure  (in thousand pesos)","138.76","","2026-08-03T09-38-59-7a63a72104f8","https://openstat.psa.gov.ph/PXWeb/pxweb/en/DB/DB__1E__IE/0081E3AIES0.px"
"BOHOL","Fifth Decile","Average Savings  (in thousand pesos)","49.57","","2026-08-03T09-38-59-7a63a72104f8","https://openstat.psa.gov.ph/PXWeb/pxweb/en/DB/DB__1E__IE/0081E3AIES0.px"
"BOHOL","Sixth Decile","Average Income   (in thousand pesos)","210.64","","2026-08-03T09-38-59-7a63a72104f8","https://openstat.psa.gov.ph/PXWeb/pxweb/en/DB/DB__1E__IE/0081E3AIES0.px"
"BOHOL","Sixth Decile","Average Expenditure  (in thousand pesos)","144.26","","2026-08-03T09-38-59-7a63a72104f8","https://openstat.psa.gov.ph/PXWeb/pxweb/en/DB/DB__1E__IE/0081E3AIES0.px"
"BOHOL","Sixth Decile","Average Savings  (in thousand pesos)","66.38","","2026-08-03T09-38-59-7a63a72104f8","https://openstat.psa.gov.ph/PXWeb/pxweb/en/DB/DB__1E__IE/0081E3AIES0.px"
"BOHOL","Seventh Decile","Average Income   (in thousand pesos)","247.7","","2026-08-03T09-38-59-7a63a72104f8","https://openstat.psa.gov.ph/PXWeb/pxweb/en/DB/DB__1E__IE/0081E3AIES0.px"
"BOHOL","Seventh Decile","Average Expenditure  (in thousand pesos)","166.35","","2026-08-03T09-38-59-7a63a72104f8","https://openstat.psa.gov.ph/PXWeb/pxweb/en/DB/DB__1E__IE/0081E3AIES0.px"
"BOHOL","Seventh Decile","Average Savings  (in thousand pesos)","81.34","","2026-08-03T09-38-59-7a63a72104f8","https://openstat.psa.gov.ph/PXWeb/pxweb/en/DB/DB__1E__IE/0081E3AIES0.px"
"BOHOL","Eighth Decile","Average Income   (in thousand pesos)","277.45","","2026-08-03T09-38-59-7a63a72104f8","https://openstat.psa.gov.ph/PXWeb/pxweb/en/DB/DB__1E__IE/0081E3AIES0.px"
"BOHOL","Eighth Decile","Average Expenditure  (in thousand pesos)","175.81","","2026-08-03T09-38-59-7a63a72104f8","https://openstat.psa.gov.ph/PXWeb/pxweb/en/DB/DB__1E__IE/0081E3AIES0.px"
"BOHOL","Eighth Decile","Average Savings  (in thousand pesos)","101.64","","2026-08-03T09-38-59-7a63a72104f8","https://openstat.psa.gov.ph/PXWeb/pxweb/en/DB/DB__1E__IE/0081E3AIES0.px"
"BOHOL","Ninth Decile","Average Income   (in thousand pesos)","358.49","","2026-08-03T09-38-59-7a63a72104f8","https://openstat.psa.gov.ph/PXWeb/pxweb/en/DB/DB__1E__IE/0081E3AIES0.px"
"BOHOL","Ninth Decile","Average Expenditure  (in thousand pesos)","225.24","","2026-08-03T09-38-59-7a63a72104f8","https://openstat.psa.gov.ph/PXWeb/pxweb/en/DB/DB__1E__IE/0081E3AIES0.px"
"BOHOL","Ninth Decile","Average Savings  (in thousand pesos)","133.25","","2026-08-03T09-38-59-7a63a72104f8","https://openstat.psa.gov.ph/PXWeb/pxweb/en/DB/DB__1E__IE/0081E3AIES0.px"
"BOHOL","Tenth Decile","Average Income   (in thousand pesos)","728.51","","2026-08-03T09-38-59-7a63a72104f8","https://openstat.psa.gov.ph/PXWeb/pxweb/en/DB/DB__1E__IE/0081E3AIES0.px"
"BOHOL","Tenth Decile","Average Expenditure  (in thousand pesos)","395.25","","2026-08-03T09-38-59-7a63a72104f8","https://openstat.psa.gov.ph/PXWeb/pxweb/en/DB/DB__1E__IE/0081E3AIES0.px"
"BOHOL","Tenth Decile","Average Savings  (in thousand pesos)","333.26","","2026-08-03T09-38-59-7a63a72104f8","https://openstat.psa.gov.ph/PXWeb/pxweb/en/DB/DB__1E__IE/0081E3AIES0.px"
"CEBU (Excluding City of Cebu, City of Lapu-Lapu, City of Mandaue)","All Income Groups","Average Income   (in thousand pesos)","261.48","","2026-08-03T09-38-59-7a63a72104f8","https://openstat.psa.gov.ph/PXWeb/pxweb/en/DB/DB__1E__IE/0081E3AIES0.px"
"CEBU (Excluding City of Cebu, City of Lapu-Lapu, City of Mandaue)","All Income Groups","Average Expenditure  (in thousand pesos)","172.74","","2026-08-03T09-38-59-7a63a72104f8","https://openstat.psa.gov.ph/PXWeb/pxweb/en/DB/DB__1E__IE/0081E3AIES0.px"
"CEBU (Excluding City of Cebu, City of Lapu-Lapu, City of Mandaue)","All Income Groups","Average Savings  (in thousand pesos)","88.74","","2026-08-03T09-38-59-7a63a72104f8","https://openstat.psa.gov.ph/PXWeb/pxweb/en/DB/DB__1E__IE/0081E3AIES0.px"
"CEBU (Excluding City of Cebu, City of Lapu-Lapu, City of Mandaue)","First Decile","Average Income   (in thousand pesos)","131.25","","2026-08-03T09-38-59-7a63a72104f8","https://openstat.psa.gov.ph/PXWeb/pxweb/en/DB/DB__1E__IE/0081E3AIES0.px"
"CEBU (Excluding City of Cebu, City of Lapu-Lapu, City of Mandaue)","First Decile","Average Expenditure  (in thousand pesos)","108.27","","2026-08-03T09-38-59-7a63a72104f8","https://openstat.psa.gov.ph/PXWeb/pxweb/en/DB/DB__1E__IE/0081E3AIES0.px"
"CEBU (Excluding City of Cebu, City of Lapu-Lapu, City of Mandaue)","First Decile","Average Savings  (in thousand pesos)","22.98","","2026-08-03T09-38-59-7a63a72104f8","https://openstat.psa.gov.ph/PXWeb/pxweb/en/DB/DB__1E__IE/0081E3AIES0.px"
"CEBU (Excluding City of Cebu, City of Lapu-Lapu, City of Mandaue)","Second Decile","Average Income   (in thousand pesos)","162.12","","2026-08-03T09-38-59-7a63a72104f8","https://openstat.psa.gov.ph/PXWeb/pxweb/en/DB/DB__1E__IE/0081E3AIES0.px"
"CEBU (Excluding City of Cebu, City of Lapu-Lapu, City of Mandaue)","Second Decile","Average Expenditure  (in thousand pesos)","114.99","","2026-08-03T09-38-59-7a63a72104f8","https://openstat.psa.gov.ph/PXWeb/pxweb/en/DB/DB__1E__IE/0081E3AIES0.px"
"CEBU (Excluding City of Cebu, City of Lapu-Lapu, City of Mandaue)","Second Decile","Average Savings  (in thousand pesos)","47.13","","2026-08-03T09-38-59-7a63a72104f8","https://openstat.psa.gov.ph/PXWeb/pxweb/en/DB/DB__1E__IE/0081E3AIES0.px"
"CEBU (Excluding City of Cebu, City of Lapu-Lapu, City of Mandaue)","Third Decile","Average Income   (in thousand pesos)","170.24","","2026-08-03T09-38-59-7a63a72104f8","https://openstat.psa.gov.ph/PXWeb/pxweb/en/DB/DB__1E__IE/0081E3AIES0.px"
"CEBU (Excluding City of Cebu, City of Lapu-Lapu, City of Mandaue)","Third Decile","Average Expenditure  (in thousand pesos)","130.24","","2026-08-03T09-38-59-7a63a72104f8","https://openstat.psa.gov.ph/PXWeb/pxweb/en/DB/DB__1E__IE/0081E3AIES0.px"
"CEBU (Excluding City of Cebu, City of Lapu-Lapu, City of Mandaue)","Third Decile","Average Savings  (in thousand pesos)","40","","2026-08-03T09-38-59-7a63a72104f8","https://openstat.psa.gov.ph/PXWeb/pxweb/en/DB/DB__1E__IE/0081E3AIES0.px"
"CEBU (Excluding City of Cebu, City of Lapu-Lapu, City of Mandaue)","Fourth Decile","Average Income   (in thousand pesos)","195.18","","2026-08-03T09-38-59-7a63a72104f8","https://openstat.psa.gov.ph/PXWeb/pxweb/en/DB/DB__1E__IE/0081E3AIES0.px"
"CEBU (Excluding City of Cebu, City of Lapu-Lapu, City of Mandaue)","Fourth Decile","Average Expenditure  (in thousand pesos)","134.42","","2026-08-03T09-38-59-7a63a72104f8","https://openstat.psa.gov.ph/PXWeb/pxweb/en/DB/DB__1E__IE/0081E3AIES0.px"
"CEBU (Excluding City of Cebu, City of Lapu-Lapu, City of Mandaue)","Fourth Decile","Average Savings  (in thousand pesos)","60.76","","2026-08-03T09-38-59-7a63a72104f8","https://openstat.psa.gov.ph/PXWeb/pxweb/en/DB/DB__1E__IE/0081E3AIES0.px"
"CEBU (Excluding City of Cebu, City of Lapu-Lapu, City of Mandaue)","Fifth Decile","Average Income   (in thousand pesos)","212.12","","2026-08-03T09-38-59-7a63a72104f8","https://openstat.psa.gov.ph/PXWeb/pxweb/en/DB/DB__1E__IE/0081E3AIES0.px"
"CEBU (Excluding City of Cebu, City of Lapu-Lapu, City of Mandaue)","Fifth Decile","Average Expenditure  (in thousand pesos)","143.82","","2026-08-03T09-38-59-7a63a72104f8","https://openstat.psa.gov.ph/PXWeb/pxweb/en/DB/DB__1E__IE/0081E3AIES0.px"
"CEBU (Excluding City of Cebu, City of Lapu-Lapu, City of Mandaue)","Fifth Decile","Average Savings  (in thousand pesos)","68.3","","2026-08-03T09-38-59-7a63a72104f8","https://openstat.psa.gov.ph/PXWeb/pxweb/en/DB/DB__1E__IE/0081E3AIES0.px"
"CEBU (Excluding City of Cebu, City of Lapu-Lapu, City of Mandaue)","Sixth Decile","Average Income   (in thousand pesos)","241.69","","2026-08-03T09-38-59-7a63a72104f8","https://openstat.psa.gov.ph/PXWeb/pxweb/en/DB/DB__1E__IE/0081E3AIES0.px"
"CEBU (Excluding City of Cebu, City of Lapu-Lapu, City of Mandaue)","Sixth Decile","Average Expenditure  (in thousand pesos)","162.93","","2026-08-03T09-38-59-7a63a72104f8","https://openstat.psa.gov.ph/PXWeb/pxweb/en/DB/DB__1E__IE/0081E3AIES0.px"
"CEBU (Excluding City of Cebu, City of Lapu-Lapu, City of Mandaue)","Sixth Decile","Average Savings  (in thousand pesos)","78.76","","2026-08-03T09-38-59-7a63a72104f8","https://openstat.psa.gov.ph/PXWeb/pxweb/en/DB/DB__1E__IE/0081E3AIES0.px"
"CEBU (Excluding City of Cebu, City of Lapu-Lapu, City of Mandaue)","Seventh Decile","Average Income   (in thousand pesos)","251.01","","2026-08-03T09-38-59-7a63a72104f8","https://openstat.psa.gov.ph/PXWeb/pxweb/en/DB/DB__1E__IE/0081E3AIES0.px"
"CEBU (Excluding City of Cebu, City of Lapu-Lapu, City of Mandaue)","Seventh Decile","Average Expenditure  (in thousand pesos)","167.88","","2026-08-03T09-38-59-7a63a72104f8","https://openstat.psa.gov.ph/PXWeb/pxweb/en/DB/DB__1E__IE/0081E3AIES0.px"
"CEBU (Excluding City of Cebu, City of Lapu-Lapu, City of Mandaue)","Seventh Decile","Average Savings  (in thousand pesos)","83.13","","2026-08-03T09-38-59-7a63a72104f8","https://openstat.psa.gov.ph/PXWeb/pxweb/en/DB/DB__1E__IE/0081E3AIES0.px"
"CEBU (Excluding City of Cebu, City of Lapu-Lapu, City of Mandaue)","Eighth Decile","Average Income   (in thousand pesos)","293","","2026-08-03T09-38-59-7a63a72104f8","https://openstat.psa.gov.ph/PXWeb/pxweb/en/DB/DB__1E__IE/0081E3AIES0.px"
"CEBU (Excluding City of Cebu, City of Lapu-Lapu, City of Mandaue)","Eighth Decile","Average Expenditure  (in thousand pesos)","188.54","","2026-08-03T09-38-59-7a63a72104f8","https://openstat.psa.gov.ph/PXWeb/pxweb/en/DB/DB__1E__IE/0081E3AIES0.px"
"CEBU (Excluding City of Cebu, City of Lapu-Lapu, City of Mandaue)","Eighth Decile","Average Savings  (in thousand pesos)","104.46","","2026-08-03T09-38-59-7a63a72104f8","https://openstat.psa.gov.ph/PXWeb/pxweb/en/DB/DB__1E__IE/0081E3AIES0.px"
"CEBU (Excluding City of Cebu, City of Lapu-Lapu, City of Mandaue)","Ninth Decile","Average Income   (in thousand pesos)","340.37","","2026-08-03T09-38-59-7a63a72104f8","https://openstat.psa.gov.ph/PXWeb/pxweb/en/DB/DB__1E__IE/0081E3AIES0.px"
"CEBU (Excluding City of Cebu, City of Lapu-Lapu, City of Mandaue)","Ninth Decile","Average Expenditure  (in thousand pesos)","220.97","","2026-08-03T09-38-59-7a63a72104f8","https://openstat.psa.gov.ph/PXWeb/pxweb/en/DB/DB__1E__IE/0081E3AIES0.px"
"CEBU (Excluding City of Cebu, City of Lapu-Lapu, City of Mandaue)","Ninth Decile","Average Savings  (in thousand pesos)","119.4","","2026-08-03T09-38-59-7a63a72104f8","https://openstat.psa.gov.ph/PXWeb/pxweb/en/DB/DB__1E__IE/0081E3AIES0.px"
"CEBU (Excluding City of Cebu, City of Lapu-Lapu, City of Mandaue)","Tenth Decile","Average Income   (in thousand pesos)","615.76","","2026-08-03T09-38-59-7a63a72104f8","https://openstat.psa.gov.ph/PXWeb/pxweb/en/DB/DB__1E__IE/0081E3AIES0.px"
"CEBU (Excluding City of Cebu, City of Lapu-Lapu, City of Mandaue)","Tenth Decile","Average Expenditure  (in thousand pesos)","354.25","","2026-08-03T09-38-59-7a63a72104f8","https://openstat.psa.gov.ph/PXWeb/pxweb/en/DB/DB__1E__IE/0081E3AIES0.px"
"CEBU (Excluding City of Cebu, City of Lapu-Lapu, City of Mandaue)","Tenth Decile","Average Savings  (in thousand pesos)","261.5","","2026-08-03T09-38-59-7a63a72104f8","https://openstat.psa.gov.ph/PXWeb/pxweb/en/DB/DB__1E__IE/0081E3AIES0.px"
"..City of Cebu","All Income Groups","Average Income   (in thousand pesos)","344.38","","2026-08-03T09-38-59-7a63a72104f8","https://openstat.psa.gov.ph/PXWeb/pxweb/en/DB/DB__1E__IE/0081E3AIES0.px"
"..City of Cebu","All Income Groups","Average Expenditure  (in thousand pesos)","231.85","","2026-08-03T09-38-59-7a63a72104f8","https://openstat.psa.gov.ph/PXWeb/pxweb/en/DB/DB__1E__IE/0081E3AIES0.px"
"..City of Cebu","All Income Groups","Average Savings  (in thousand pesos)","112.53","","2026-08-03T09-38-59-7a63a72104f8","https://openstat.psa.gov.ph/PXWeb/pxweb/en/DB/DB__1E__IE/0081E3AIES0.px"
"..City of Cebu","First Decile","Average Income   (in thousand pesos)","187.59","","2026-08-03T09-38-59-7a63a72104f8","https://openstat.psa.gov.ph/PXWeb/pxweb/en/DB/DB__1E__IE/0081E3AIES0.px"
"..City of Cebu","First Decile","Average Expenditure  (in thousand pesos)","147.45","","2026-08-03T09-38-59-7a63a72104f8","https://openstat.psa.gov.ph/PXWeb/pxweb/en/DB/DB__1E__IE/0081E3AIES0.px"
"..City of Cebu","First Decile","Average Savings  (in thousand pesos)","40.14","","2026-08-03T09-38-59-7a63a72104f8","https://openstat.psa.gov.ph/PXWeb/pxweb/en/DB/DB__1E__IE/0081E3AIES0.px"
"..City of Cebu","Second Decile","Average Income   (in thousand pesos)","222.11","","2026-08-03T09-38-59-7a63a72104f8","https://openstat.psa.gov.ph/PXWeb/pxweb/en/DB/DB__1E__IE/0081E3AIES0.px"
"..City of Cebu","Second Decile","Average Expenditure  (in thousand pesos)","170.06","","2026-08-03T09-38-59-7a63a72104f8","https://openstat.psa.gov.ph/PXWeb/pxweb/en/DB/DB__1E__IE/0081E3AIES0.px"
"..City of Cebu","Second Decile","Average Savings  (in thousand pesos)","52.05","","2026-08-03T09-38-59-7a63a72104f8","https://openstat.psa.gov.ph/PXWeb/pxweb/en/DB/DB__1E__IE/0081E3AIES0.px"
"..City of Cebu","Third Decile","Average Income   (in thousand pesos)","263.19","","2026-08-03T09-38-59-7a63a72104f8","https://openstat.psa.gov.ph/PXWeb/pxweb/en/DB/DB__1E__IE/0081E3AIES0.px"
"..City of Cebu","Third Decile","Average Expenditure  (in thousand pesos)","187.26","","2026-08-03T09-38-59-7a63a72104f8","https://openstat.psa.gov.ph/PXWeb/pxweb/en/DB/DB__1E__IE/0081E3AIES0.px"
"..City of Cebu","Third Decile","Average Savings  (in thousand pesos)","75.93","","2026-08-03T09-38-59-7a63a72104f8","https://openstat.psa.gov.ph/PXWeb/pxweb/en/DB/DB__1E__IE/0081E3AIES0.px"
"..City of Cebu","Fourth Decile","Average Income   (in thousand pesos)","277.52","","2026-08-03T09-38-59-7a63a72104f8","https://openstat.psa.gov.ph/PXWeb/pxweb/en/DB/DB__1E__IE/0081E3AIES0.px"
"..City of Cebu","Fourth Decile","Average Expenditure  (in thousand pesos)","194.86","","2026-08-03T09-38-59-7a63a72104f8","https://openstat.psa.gov.ph/PXWeb/pxweb/en/DB/DB__1E__IE/0081E3AIES0.px"
"..City of Cebu","Fourth Decile","Average Savings  (in thousand pesos)","82.66","","2026-08-03T09-38-59-7a63a72104f8","https://openstat.psa.gov.ph/PXWeb/pxweb/en/DB/DB__1E__IE/0081E3AIES0.px"
"..City of Cebu","Fifth Decile","Average Income   (in thousand pesos)","299.06","","2026-08-03T09-38-59-7a63a72104f8","https://openstat.psa.gov.ph/PXWeb/pxweb/en/DB/DB__1E__IE/0081E3AIES0.px"
"..City of Cebu","Fifth Decile","Average Expenditure  (in thousand pesos)","205.05","","2026-08-03T09-38-59-7a63a72104f8","https://openstat.psa.gov.ph/PXWeb/pxweb/en/DB/DB__1E__IE/0081E3AIES0.px"
"..City of Cebu","Fifth Decile","Average Savings  (in thousand pesos)","94.01","","2026-08-03T09-38-59-7a63a72104f8","https://openstat.psa.gov.ph/PXWeb/pxweb/en/DB/DB__1E__IE/0081E3AIES0.px"
"..City of Cebu","Sixth Decile","Average Income   (in thousand pesos)","322.28","","2026-08-03T09-38-59-7a63a72104f8","https://openstat.psa.gov.ph/PXWeb/pxweb/en/DB/DB__1E__IE/0081E3AIES0.px"
"..City of Cebu","Sixth Decile","Average Expenditure  (in thousand pesos)","214.72","","2026-08-03T09-38-59-7a63a72104f8","https://openstat.psa.gov.ph/PXWeb/pxweb/en/DB/DB__1E__IE/0081E3AIES0.px"
"..City of Cebu","Sixth Decile","Average Savings  (in thousand pesos)","107.57","","2026-08-03T09-38-59-7a63a72104f8","https://openstat.psa.gov.ph/PXWeb/pxweb/en/DB/DB__1E__IE/0081E3AIES0.px"
"..City of Cebu","Seventh Decile","Average Income   (in thousand pesos)","356.6","","2026-08-03T09-38-59-7a63a72104f8","https://openstat.psa.gov.ph/PXWeb/pxweb/en/DB/DB__1E__IE/0081E3AIES0.px"
"..City of Cebu","Seventh Decile","Average Expenditure  (in thousand pesos)","234.96","","2026-08-03T09-38-59-7a63a72104f8","https://openstat.psa.gov.ph/PXWeb/pxweb/en/DB/DB__1E__IE/0081E3AIES0.px"
"..City of Cebu","Seventh Decile","Average Savings  (in thousand pesos)","121.64","","2026-08-03T09-38-59-7a63a72104f8","https://openstat.psa.gov.ph/PXWeb/pxweb/en/DB/DB__1E__IE/0081E3AIES0.px"
"..City of Cebu","Eighth Decile","Average Income   (in thousand pesos)","410.96","","2026-08-03T09-38-59-7a63a72104f8","https://openstat.psa.gov.ph/PXWeb/pxweb/en/DB/DB__1E__IE/0081E3AIES0.px"
"..City of Cebu","Eighth Decile","Average Expenditure  (in thousand pesos)","257.72","","2026-08-03T09-38-59-7a63a72104f8","https://openstat.psa.gov.ph/PXWeb/pxweb/en/DB/DB__1E__IE/0081E3AIES0.px"
"..City of Cebu","Eighth Decile","Average Savings  (in thousand pesos)","153.24","","2026-08-03T09-38-59-7a63a72104f8","https://openstat.psa.gov.ph/PXWeb/pxweb/en/DB/DB__1E__IE/0081E3AIES0.px"
"..City of Cebu","Ninth Decile","Average Income   (in thousand pesos)","444.65","","2026-08-03T09-38-59-7a63a72104f8","https://openstat.psa.gov.ph/PXWeb/pxweb/en/DB/DB__1E__IE/0081E3AIES0.px"
"..City of Cebu","Ninth Decile","Average Expenditure  (in thousand pesos)","272.01","","2026-08-03T09-38-59-7a63a72104f8","https://openstat.psa.gov.ph/PXWeb/pxweb/en/DB/DB__1E__IE/0081E3AIES0.px"
"..City of Cebu","Ninth Decile","Average Savings  (in thousand pesos)","172.64","","2026-08-03T09-38-59-7a63a72104f8","https://openstat.psa.gov.ph/PXWeb/pxweb/en/DB/DB__1E__IE/0081E3AIES0.px"
"..City of Cebu","Tenth Decile","Average Income   (in thousand pesos)","658.32","","2026-08-03T09-38-59-7a63a72104f8","https://openstat.psa.gov.ph/PXWeb/pxweb/en/DB/DB__1E__IE/0081E3AIES0.px"
"..City of Cebu","Tenth Decile","Average Expenditure  (in thousand pesos)","433.41","","2026-08-03T09-38-59-7a63a72104f8","https://openstat.psa.gov.ph/PXWeb/pxweb/en/DB/DB__1E__IE/0081E3AIES0.px"
"..City of Cebu","Tenth Decile","Average Savings  (in thousand pesos)","224.91","","2026-08-03T09-38-59-7a63a72104f8","https://openstat.psa.gov.ph/PXWeb/pxweb/en/DB/DB__1E__IE/0081E3AIES0.px"
"..City of Lapu-Lapu","All Income Groups","Average Income   (in thousand pesos)","381.67","","2026-08-03T09-38-59-7a63a72104f8","https://openstat.psa.gov.ph/PXWeb/pxweb/en/DB/DB__1E__IE/0081E3AIES0.px"
"..City of Lapu-Lapu","All Income Groups","Average Expenditure  (in thousand pesos)","265.35","","2026-08-03T09-38-59-7a63a72104f8","https://openstat.psa.gov.ph/PXWeb/pxweb/en/DB/DB__1E__IE/0081E3AIES0.px"
"..City of Lapu-Lapu","All Income Groups","Average Savings  (in thousand pesos)","116.32","","2026-08-03T09-38-59-7a63a72104f8","https://openstat.psa.gov.ph/PXWeb/pxweb/en/DB/DB__1E__IE/0081E3AIES0.px"
"..City of Lapu-Lapu","First Decile","Average Income   (in thousand pesos)","178.9","","2026-08-03T09-38-59-7a63a72104f8","https://openstat.psa.gov.ph/PXWeb/pxweb/en/DB/DB__1E__IE/0081E3AIES0.px"
"..City of Lapu-Lapu","First Decile","Average Expenditure  (in thousand pesos)","153.02","","2026-08-03T09-38-59-7a63a72104f8","https://openstat.psa.gov.ph/PXWeb/pxweb/en/DB/DB__1E__IE/0081E3AIES0.px"
"..City of Lapu-Lapu","First Decile","Average Savings  (in thousand pesos)","25.88","","2026-08-03T09-38-59-7a63a72104f8","https://openstat.psa.gov.ph/PXWeb/pxweb/en/DB/DB__1E__IE/0081E3AIES0.px"
"..City of Lapu-Lapu","Second Decile","Average Income   (in thousand pesos)","229.87","","2026-08-03T09-38-59-7a63a72104f8","https://openstat.psa.gov.ph/PXWeb/pxweb/en/DB/DB__1E__IE/0081E3AIES0.px"
"..City of Lapu-Lapu","Second Decile","Average Expenditure  (in thousand pesos)","181.64","","2026-08-03T09-38-59-7a63a72104f8","https://openstat.psa.gov.ph/PXWeb/pxweb/en/DB/DB__1E__IE/0081E3AIES0.px"
"..City of Lapu-Lapu","Second Decile","Average Savings  (in thousand pesos)","48.23","","2026-08-03T09-38-59-7a63a72104f8","https://openstat.psa.gov.ph/PXWeb/pxweb/en/DB/DB__1E__IE/0081E3AIES0.px"
"..City of Lapu-Lapu","Third Decile","Average Income   (in thousand pesos)","273.37","","2026-08-03T09-38-59-7a63a72104f8","https://openstat.psa.gov.ph/PXWeb/pxweb/en/DB/DB__1E__IE/0081E3AIES0.px"
"..City of Lapu-Lapu","Third Decile","Average Expenditure  (in thousand pesos)","203.83","","2026-08-03T09-38-59-7a63a72104f8","https://openstat.psa.gov.ph/PXWeb/pxweb/en/DB/DB__1E__IE/0081E3AIES0.px"
"..City of Lapu-Lapu","Third Decile","Average Savings  (in thousand pesos)","69.54","","2026-08-03T09-38-59-7a63a72104f8","https://openstat.psa.gov.ph/PXWeb/pxweb/en/DB/DB__1E__IE/0081E3AIES0.px"
"..City of Lapu-Lapu","Fourth Decile","Average Income   (in thousand pesos)","293.06","","2026-08-03T09-38-59-7a63a72104f8","https://openstat.psa.gov.ph/PXWeb/pxweb/en/DB/DB__1E__IE/0081E3AIES0.px"
"..City of Lapu-Lapu","Fourth Decile","Average Expenditure  (in thousand pesos)","211.03","","2026-08-03T09-38-59-7a63a72104f8","https://openstat.psa.gov.ph/PXWeb/pxweb/en/DB/DB__1E__IE/0081E3AIES0.px"
"..City of Lapu-Lapu","Fourth Decile","Average Savings  (in thousand pesos)","82.02","","2026-08-03T09-38-59-7a63a72104f8","https://openstat.psa.gov.ph/PXWeb/pxweb/en/DB/DB__1E__IE/0081E3AIES0.px"
"..City of Lapu-Lapu","Fifth Decile","Average Income   (in thousand pesos)","336.12","","2026-08-03T09-38-59-7a63a72104f8","https://openstat.psa.gov.ph/PXWeb/pxweb/en/DB/DB__1E__IE/0081E3AIES0.px"
"..City of Lapu-Lapu","Fifth Decile","Average Expenditure  (in thousand pesos)","228.69","","2026-08-03T09-38-59-7a63a72104f8","https://openstat.psa.gov.ph/PXWeb/pxweb/en/DB/DB__1E__IE/0081E3AIES0.px"
"..City of Lapu-Lapu","Fifth Decile","Average Savings  (in thousand pesos)","107.43","","2026-08-03T09-38-59-7a63a72104f8","https://openstat.psa.gov.ph/PXWeb/pxweb/en/DB/DB__1E__IE/0081E3AIES0.px"
"..City of Lapu-Lapu","Sixth Decile","Average Income   (in thousand pesos)","354.47","","2026-08-03T09-38-59-7a63a72104f8","https://openstat.psa.gov.ph/PXWeb/pxweb/en/DB/DB__1E__IE/0081E3AIES0.px"
"..City of Lapu-Lapu","Sixth Decile","Average Expenditure  (in thousand pesos)","250.27","","2026-08-03T09-38-59-7a63a72104f8","https://openstat.psa.gov.ph/PXWeb/pxweb/en/DB/DB__1E__IE/0081E3AIES0.px"
"..City of Lapu-Lapu","Sixth Decile","Average Savings  (in thousand pesos)","104.2","","2026-08-03T09-38-59-7a63a72104f8","https://openstat.psa.gov.ph/PXWeb/pxweb/en/DB/DB__1E__IE/0081E3AIES0.px"
"..City of Lapu-Lapu","Seventh Decile","Average Income   (in thousand pesos)","407.1","","2026-08-03T09-38-59-7a63a72104f8","https://openstat.psa.gov.ph/PXWeb/pxweb/en/DB/DB__1E__IE/0081E3AIES0.px"
"..City of Lapu-Lapu","Seventh Decile","Average Expenditure  (in thousand pesos)","278.02","","2026-08-03T09-38-59-7a63a72104f8","https://openstat.psa.gov.ph/PXWeb/pxweb/en/DB/DB__1E__IE/0081E3AIES0.px"
"..City of Lapu-Lapu","Seventh Decile","Average Savings  (in thousand pesos)","129.07","","2026-08-03T09-38-59-7a63a72104f8","https://openstat.psa.gov.ph/PXWeb/pxweb/en/DB/DB__1E__IE/0081E3AIES0.px"
"..City of Lapu-Lapu","Eighth Decile","Average Income   (in thousand pesos)","413.98","","2026-08-03T09-38-59-7a63a72104f8","https://openstat.psa.gov.ph/PXWeb/pxweb/en/DB/DB__1E__IE/0081E3AIES0.px"
"..City of Lapu-Lapu","Eighth Decile","Average Expenditure  (in thousand pesos)","288.69","","2026-08-03T09-38-59-7a63a72104f8","https://openstat.psa.gov.ph/PXWeb/pxweb/en/DB/DB__1E__IE/0081E3AIES0.px"
"..City of Lapu-Lapu","Eighth Decile","Average Savings  (in thousand pesos)","125.28","","2026-08-03T09-38-59-7a63a72104f8","https://openstat.psa.gov.ph/PXWeb/pxweb/en/DB/DB__1E__IE/0081E3AIES0.px"
"..City of Lapu-Lapu","Ninth Decile","Average Income   (in thousand pesos)","519.11","","2026-08-03T09-38-59-7a63a72104f8","https://openstat.psa.gov.ph/PXWeb/pxweb/en/DB/DB__1E__IE/0081E3AIES0.px"
"..City of Lapu-Lapu","Ninth Decile","Average Expenditure  (in thousand pesos)","355.01","","2026-08-03T09-38-59-7a63a72104f8","https://openstat.psa.gov.ph/PXWeb/pxweb/en/DB/DB__1E__IE/0081E3AIES0.px"
"..City of Lapu-Lapu","Ninth Decile","Average Savings  (in thousand pesos)","164.1","","2026-08-03T09-38-59-7a63a72104f8","https://openstat.psa.gov.ph/PXWeb/pxweb/en/DB/DB__1E__IE/0081E3AIES0.px"
"..City of Lapu-Lapu","Tenth Decile","Average Income   (in thousand pesos)","808.34","","2026-08-03T09-38-59-7a63a72104f8","https://openstat.psa.gov.ph/PXWeb/pxweb/en/DB/DB__1E__IE/0081E3AIES0.px"
"..City of Lapu-Lapu","Tenth Decile","Average Expenditure  (in thousand pesos)","501.96","","2026-08-03T09-38-59-7a63a72104f8","https://openstat.psa.gov.ph/PXWeb/pxweb/en/DB/DB__1E__IE/0081E3AIES0.px"
"..City of Lapu-Lapu","Tenth Decile","Average Savings  (in thousand pesos)","306.39","","2026-08-03T09-38-59-7a63a72104f8","https://openstat.psa.gov.ph/PXWeb/pxweb/en/DB/DB__1E__IE/0081E3AIES0.px"
"..City of Mandaue","All Income Groups","Average Income   (in thousand pesos)","378.62","","2026-08-03T09-38-59-7a63a72104f8","https://openstat.psa.gov.ph/PXWeb/pxweb/en/DB/DB__1E__IE/0081E3AIES0.px"
"..City of Mandaue","All Income Groups","Average Expenditure  (in thousand pesos)","252.25","","2026-08-03T09-38-59-7a63a72104f8","https://openstat.psa.gov.ph/PXWeb/pxweb/en/DB/DB__1E__IE/0081E3AIES0.px"
"..City of Mandaue","All Income Groups","Average Savings  (in thousand pesos)","126.37","","2026-08-03T09-38-59-7a63a72104f8","https://openstat.psa.gov.ph/PXWeb/pxweb/en/DB/DB__1E__IE/0081E3AIES0.px"
"..City of Mandaue","First Decile","Average Income   (in thousand pesos)","183.07","","2026-08-03T09-38-59-7a63a72104f8","https://openstat.psa.gov.ph/PXWeb/pxweb/en/DB/DB__1E__IE/0081E3AIES0.px"
"..City of Mandaue","First Decile","Average Expenditure  (in thousand pesos)","155.53","","2026-08-03T09-38-59-7a63a72104f8","https://openstat.psa.gov.ph/PXWeb/pxweb/en/DB/DB__1E__IE/0081E3AIES0.px"
"..City of Mandaue","First Decile","Average Savings  (in thousand pesos)","27.54","","2026-08-03T09-38-59-7a63a72104f8","https://openstat.psa.gov.ph/PXWeb/pxweb/en/DB/DB__1E__IE/0081E3AIES0.px"
"..City of Mandaue","Second Decile","Average Income   (in thousand pesos)","248.28","","2026-08-03T09-38-59-7a63a72104f8","https://openstat.psa.gov.ph/PXWeb/pxweb/en/DB/DB__1E__IE/0081E3AIES0.px"
"..City of Mandaue","Second Decile","Average Expenditure  (in thousand pesos)","192.59","","2026-08-03T09-38-59-7a63a72104f8","https://openstat.psa.gov.ph/PXWeb/pxweb/en/DB/DB__1E__IE/0081E3AIES0.px"
"..City of Mandaue","Second Decile","Average Savings  (in thousand pesos)","55.7","","2026-08-03T09-38-59-7a63a72104f8","https://openstat.psa.gov.ph/PXWeb/pxweb/en/DB/DB__1E__IE/0081E3AIES0.px"
"..City of Mandaue","Third Decile","Average Income   (in thousand pesos)","267.6","","2026-08-03T09-38-59-7a63a72104f8","https://openstat.psa.gov.ph/PXWeb/pxweb/en/DB/DB__1E__IE/0081E3AIES0.px"
"..City of Mandaue","Third Decile","Average Expenditure  (in thousand pesos)","205.14","","2026-08-03T09-38-59-7a63a72104f8","https://openstat.psa.gov.ph/PXWeb/pxweb/en/DB/DB__1E__IE/0081E3AIES0.px"
"..City of Mandaue","Third Decile","Average Savings  (in thousand pesos)","62.45","","2026-08-03T09-38-59-7a63a72104f8","https://openstat.psa.gov.ph/PXWeb/pxweb/en/DB/DB__1E__IE/0081E3AIES0.px"
"..City of Mandaue","Fourth Decile","Average Income   (in thousand pesos)","327.02","","2026-08-03T09-38-59-7a63a72104f8","https://openstat.psa.gov.ph/PXWeb/pxweb/en/DB/DB__1E__IE/0081E3AIES0.px"
"..City of Mandaue","Fourth Decile","Average Expenditure  (in thousand pesos)","219.96","","2026-08-03T09-38-59-7a63a72104f8","https://openstat.psa.gov.ph/PXWeb/pxweb/en/DB/DB__1E__IE/0081E3AIES0.px"
"..City of Mandaue","Fourth Decile","Average Savings  (in thousand pesos)","107.06","","2026-08-03T09-38-59-7a63a72104f8","https://openstat.psa.gov.ph/PXWeb/pxweb/en/DB/DB__1E__IE/0081E3AIES0.px"
"..City of Mandaue","Fifth Decile","Average Income   (in thousand pesos)","338.79","","2026-08-03T09-38-59-7a63a72104f8","https://openstat.psa.gov.ph/PXWeb/pxweb/en/DB/DB__1E__IE/0081E3AIES0.px"
"..City of Mandaue","Fifth Decile","Average Expenditure  (in thousand pesos)","231.72","","2026-08-03T09-38-59-7a63a72104f8","https://openstat.psa.gov.ph/PXWeb/pxweb/en/DB/DB__1E__IE/0081E3AIES0.px"
"..City of Mandaue","Fifth Decile","Average Savings  (in thousand pesos)","107.08","","2026-08-03T09-38-59-7a63a72104f8","https://openstat.psa.gov.ph/PXWeb/pxweb/en/DB/DB__1E__IE/0081E3AIES0.px"
"..City of Mandaue","Sixth Decile","Average Income   (in thousand pesos)","350.9","","2026-08-03T09-38-59-7a63a72104f8","https://openstat.psa.gov.ph/PXWeb/pxweb/en/DB/DB__1E__IE/0081E3AIES0.px"
"..City of Mandaue","Sixth Decile","Average Expenditure  (in thousand pesos)","243.1","","2026-08-03T09-38-59-7a63a72104f8","https://openstat.psa.gov.ph/PXWeb/pxweb/en/DB/DB__1E__IE/0081E3AIES0.px"
"..City of Mandaue","Sixth Decile","Average Savings  (in thousand pesos)","107.8","","2026-08-03T09-38-59-7a63a72104f8","https://openstat.psa.gov.ph/PXWeb/pxweb/en/DB/DB__1E__IE/0081E3AIES0.px"
"..City of Mandaue","Seventh Decile","Average Income   (in thousand pesos)","396.42","","2026-08-03T09-38-59-7a63a72104f8","https://openstat.psa.gov.ph/PXWeb/pxweb/en/DB/DB__1E__IE/0081E3AIES0.px"
"..City of Mandaue","Seventh Decile","Average Expenditure  (in thousand pesos)","258.1","","2026-08-03T09-38-59-7a63a72104f8","https://openstat.psa.gov.ph/PXWeb/pxweb/en/DB/DB__1E__IE/0081E3AIES0.px"
"..City of Mandaue","Seventh Decile","Average Savings  (in thousand pesos)","138.32","","2026-08-03T09-38-59-7a63a72104f8","https://openstat.psa.gov.ph/PXWeb/pxweb/en/DB/DB__1E__IE/0081E3AIES0.px"
"..City of Mandaue","Eighth Decile","Average Income   (in thousand pesos)","439.01","","2026-08-03T09-38-59-7a63a72104f8","https://openstat.psa.gov.ph/PXWeb/pxweb/en/DB/DB__1E__IE/0081E3AIES0.px"
"..City of Mandaue","Eighth Decile","Average Expenditure  (in thousand pesos)","271.36","","2026-08-03T09-38-59-7a63a72104f8","https://openstat.psa.gov.ph/PXWeb/pxweb/en/DB/DB__1E__IE/0081E3AIES0.px"
"..City of Mandaue","Eighth Decile","Average Savings  (in thousand pesos)","167.65","","2026-08-03T09-38-59-7a63a72104f8","https://openstat.psa.gov.ph/PXWeb/pxweb/en/DB/DB__1E__IE/0081E3AIES0.px"
"..City of Mandaue","Ninth Decile","Average Income   (in thousand pesos)","460.43","","2026-08-03T09-38-59-7a63a72104f8","https://openstat.psa.gov.ph/PXWeb/pxweb/en/DB/DB__1E__IE/0081E3AIES0.px"
"..City of Mandaue","Ninth Decile","Average Expenditure  (in thousand pesos)","301.56","","2026-08-03T09-38-59-7a63a72104f8","https://openstat.psa.gov.ph/PXWeb/pxweb/en/DB/DB__1E__IE/0081E3AIES0.px"
"..City of Mandaue","Ninth Decile","Average Savings  (in thousand pesos)","158.87","","2026-08-03T09-38-59-7a63a72104f8","https://openstat.psa.gov.ph/PXWeb/pxweb/en/DB/DB__1E__IE/0081E3AIES0.px"
"..City of Mandaue","Tenth Decile","Average Income   (in thousand pesos)","772.98","","2026-08-03T09-38-59-7a63a72104f8","https://openstat.psa.gov.ph/PXWeb/pxweb/en/DB/DB__1E__IE/0081E3AIES0.px"
"..City of Mandaue","Tenth Decile","Average Expenditure  (in thousand pesos)","442.67","","2026-08-03T09-38-59-7a63a72104f8","https://openstat.psa.gov.ph/PXWeb/pxweb/en/DB/DB__1E__IE/0081E3AIES0.px"
"..City of Mandaue","Tenth Decile","Average Savings  (in thousand pesos)","330.31","","2026-08-03T09-38-59-7a63a72104f8","https://openstat.psa.gov.ph/PXWeb/pxweb/en/DB/DB__1E__IE/0081E3AIES0.px"
"REGION VIII - EASTERN VISAYAS","All Income Groups","Average Income   (in thousand pesos)","238.26","","2026-08-03T09-38-59-7a63a72104f8","https://openstat.psa.gov.ph/PXWeb/pxweb/en/DB/DB__1E__IE/0081E3AIES0.px"
"REGION VIII - EASTERN VISAYAS","All Income Groups","Average Expenditure  (in thousand pesos)","178.17","","2026-08-03T09-38-59-7a63a72104f8","https://openstat.psa.gov.ph/PXWeb/pxweb/en/DB/DB__1E__IE/0081E3AIES0.px"
"REGION VIII - EASTERN VISAYAS","All Income Groups","Average Savings  (in thousand pesos)","60.09","","2026-08-03T09-38-59-7a63a72104f8","https://openstat.psa.gov.ph/PXWeb/pxweb/en/DB/DB__1E__IE/0081E3AIES0.px"
"REGION VIII - EASTERN VISAYAS","First Decile","Average Income   (in thousand pesos)","114.3","","2026-08-03T09-38-59-7a63a72104f8","https://openstat.psa.gov.ph/PXWeb/pxweb/en/DB/DB__1E__IE/0081E3AIES0.px"
"REGION VIII - EASTERN VISAYAS","First Decile","Average Expenditure  (in thousand pesos)","103.76","","2026-08-03T09-38-59-7a63a72104f8","https://openstat.psa.gov.ph/PXWeb/pxweb/en/DB/DB__1E__IE/0081E3AIES0.px"
"REGION VIII - EASTERN VISAYAS","First Decile","Average Savings  (in thousand pesos)","10.54","","2026-08-03T09-38-59-7a63a72104f8","https://openstat.psa.gov.ph/PXWeb/pxweb/en/DB/DB__1E__IE/0081E3AIES0.px"
"REGION VIII - EASTERN VISAYAS","Second Decile","Average Income   (in thousand pesos)","136.27","","2026-08-03T09-38-59-7a63a72104f8","https://openstat.psa.gov.ph/PXWeb/pxweb/en/DB/DB__1E__IE/0081E3AIES0.px"
"REGION VIII - EASTERN VISAYAS","Second Decile","Average Expenditure  (in thousand pesos)","119.34","","2026-08-03T09-38-59-7a63a72104f8","https://openstat.psa.gov.ph/PXWeb/pxweb/en/DB/DB__1E__IE/0081E3AIES0.px"
"REGION VIII - EASTERN VISAYAS","Second Decile","Average Savings  (in thousand pesos)","16.93","","2026-08-03T09-38-59-7a63a72104f8","https://openstat.psa.gov.ph/PXWeb/pxweb/en/DB/DB__1E__IE/0081E3AIES0.px"
"REGION VIII - EASTERN VISAYAS","Third Decile","Average Income   (in thousand pesos)","150.57","","2026-08-03T09-38-59-7a63a72104f8","https://openstat.psa.gov.ph/PXWeb/pxweb/en/DB/DB__1E__IE/0081E3AIES0.px"
"REGION VIII - EASTERN VISAYAS","Third Decile","Average Expenditure  (in thousand pesos)","128","","2026-08-03T09-38-59-7a63a72104f8","https://openstat.psa.gov.ph/PXWeb/pxweb/en/DB/DB__1E__IE/0081E3AIES0.px"
"REGION VIII - EASTERN VISAYAS","Third Decile","Average Savings  (in thousand pesos)","22.56","","2026-08-03T09-38-59-7a63a72104f8","https://openstat.psa.gov.ph/PXWeb/pxweb/en/DB/DB__1E__IE/0081E3AIES0.px"
"REGION VIII - EASTERN VISAYAS","Fourth Decile","Average Income   (in thousand pesos)","160.84","","2026-08-03T09-38-59-7a63a72104f8","https://openstat.psa.gov.ph/PXWeb/pxweb/en/DB/DB__1E__IE/0081E3AIES0.px"
"REGION VIII - EASTERN VISAYAS","Fourth Decile","Average Expenditure  (in thousand pesos)","131.9","","2026-08-03T09-38-59-7a63a72104f8","https://openstat.psa.gov.ph/PXWeb/pxweb/en/DB/DB__1E__IE/0081E3AIES0.px"
"REGION VIII - EASTERN VISAYAS","Fourth Decile","Average Savings  (in thousand pesos)","28.94","","2026-08-03T09-38-59-7a63a72104f8","https://openstat.psa.gov.ph/PXWeb/pxweb/en/DB/DB__1E__IE/0081E3AIES0.px"
"REGION VIII - EASTERN VISAYAS","Fifth Decile","Average Income   (in thousand pesos)","175.27","","2026-08-03T09-38-59-7a63a72104f8","https://openstat.psa.gov.ph/PXWeb/pxweb/en/DB/DB__1E__IE/0081E3AIES0.px"
"REGION VIII - EASTERN VISAYAS","Fifth Decile","Average Expenditure  (in thousand pesos)","142.48","","2026-08-03T09-38-59-7a63a72104f8","https://openstat.psa.gov.ph/PXWeb/pxweb/en/DB/DB__1E__IE/0081E3AIES0.px"
"REGION VIII - EASTERN VISAYAS","Fifth Decile","Average Savings  (in thousand pesos)","32.79","","2026-08-03T09-38-59-7a63a72104f8","https://openstat.psa.gov.ph/PXWeb/pxweb/en/DB/DB__1E__IE/0081E3AIES0.px"
"REGION VIII - EASTERN VISAYAS","Sixth Decile","Average Income   (in thousand pesos)","188.63","","2026-08-03T09-38-59-7a63a72104f8","https://openstat.psa.gov.ph/PXWeb/pxweb/en/DB/DB__1E__IE/0081E3AIES0.px"
"REGION VIII - EASTERN VISAYAS","Sixth Decile","Average Expenditure  (in thousand pesos)","149.04","","2026-08-03T09-38-59-7a63a72104f8","https://openstat.psa.gov.ph/PXWeb/pxweb/en/DB/DB__1E__IE/0081E3AIES0.px"
"REGION VIII - EASTERN VISAYAS","Sixth Decile","Average Savings  (in thousand pesos)","39.59","","2026-08-03T09-38-59-7a63a72104f8","https://openstat.psa.gov.ph/PXWeb/pxweb/en/DB/DB__1E__IE/0081E3AIES0.px"
"REGION VIII - EASTERN VISAYAS","Seventh Decile","Average Income   (in thousand pesos)","205.32","","2026-08-03T09-38-59-7a63a72104f8","https://openstat.psa.gov.ph/PXWeb/pxweb/en/DB/DB__1E__IE/0081E3AIES0.px"
"REGION VIII - EASTERN VISAYAS","Seventh Decile","Average Expenditure  (in thousand pesos)","158.83","","2026-08-03T09-38-59-7a63a72104f8","https://openstat.psa.gov.ph/PXWeb/pxweb/en/DB/DB__1E__IE/0081E3AIES0.px"
"REGION VIII - EASTERN VISAYAS","Seventh Decile","Average Savings  (in thousand pesos)","46.49","","2026-08-03T09-38-59-7a63a72104f8","https://openstat.psa.gov.ph/PXWeb/pxweb/en/DB/DB__1E__IE/0081E3AIES0.px"
"REGION VIII - EASTERN VISAYAS","Eighth Decile","Average Income   (in thousand pesos)","238.37","","2026-08-03T09-38-59-7a63a72104f8","https://openstat.psa.gov.ph/PXWeb/pxweb/en/DB/DB__1E__IE/0081E3AIES0.px"
"REGION VIII - EASTERN VISAYAS","Eighth Decile","Average Expenditure  (in thousand pesos)","179.24","","2026-08-03T09-38-59-7a63a72104f8","https://openstat.psa.gov.ph/PXWeb/pxweb/en/DB/DB__1E__IE/0081E3AIES0.px"
"REGION VIII - EASTERN VISAYAS","Eighth Decile","Average Savings  (in thousand pesos)","59.13","","2026-08-03T09-38-59-7a63a72104f8","https://openstat.psa.gov.ph/PXWeb/pxweb/en/DB/DB__1E__IE/0081E3AIES0.px"
"REGION VIII - EASTERN VISAYAS","Ninth Decile","Average Income   (in thousand pesos)","343.29","","2026-08-03T09-38-59-7a63a72104f8","https://openstat.psa.gov.ph/PXWeb/pxweb/en/DB/DB__1E__IE/0081E3AIES0.px"
"REGION VIII - EASTERN VISAYAS","Ninth Decile","Average Expenditure  (in thousand pesos)","242.57","","2026-08-03T09-38-59-7a63a72104f8","https://openstat.psa.gov.ph/PXWeb/pxweb/en/DB/DB__1E__IE/0081E3AIES0.px"
"REGION VIII - EASTERN VISAYAS","Ninth Decile","Average Savings  (in thousand pesos)","100.72","","2026-08-03T09-38-59-7a63a72104f8","https://openstat.psa.gov.ph/PXWeb/pxweb/en/DB/DB__1E__IE/0081E3AIES0.px"
"REGION VIII - EASTERN VISAYAS","Tenth Decile","Average Income   (in thousand pesos)","669.41","","2026-08-03T09-38-59-7a63a72104f8","https://openstat.psa.gov.ph/PXWeb/pxweb/en/DB/DB__1E__IE/0081E3AIES0.px"
"REGION VIII - EASTERN VISAYAS","Tenth Decile","Average Expenditure  (in thousand pesos)","426.33","","2026-08-03T09-38-59-7a63a72104f8","https://openstat.psa.gov.ph/PXWeb/pxweb/en/DB/DB__1E__IE/0081E3AIES0.px"
"REGION VIII - EASTERN VISAYAS","Tenth Decile","Average Savings  (in thousand pesos)","243.07","","2026-08-03T09-38-59-7a63a72104f8","https://openstat.psa.gov.ph/PXWeb/pxweb/en/DB/DB__1E__IE/0081E3AIES0.px"
"EASTERN SAMAR","All Income Groups","Average Income   (in thousand pesos)","223.43","","2026-08-03T09-38-59-7a63a72104f8","https://openstat.psa.gov.ph/PXWeb/pxweb/en/DB/DB__1E__IE/0081E3AIES0.px"
"EASTERN SAMAR","All Income Groups","Average Expenditure  (in thousand pesos)","173.22","","2026-08-03T09-38-59-7a63a72104f8","https://openstat.psa.gov.ph/PXWeb/pxweb/en/DB/DB__1E__IE/0081E3AIES0.px"
"EASTERN SAMAR","All Income Groups","Average Savings  (in thousand pesos)","50.22","","2026-08-03T09-38-59-7a63a72104f8","https://openstat.psa.gov.ph/PXWeb/pxweb/en/DB/DB__1E__IE/0081E3AIES0.px"
"EASTERN SAMAR","First Decile","Average Income   (in thousand pesos)","113.36","","2026-08-03T09-38-59-7a63a72104f8","https://openstat.psa.gov.ph/PXWeb/pxweb/en/DB/DB__1E__IE/0081E3AIES0.px"
"EASTERN SAMAR","First Decile","Average Expenditure  (in thousand pesos)","110.44","","2026-08-03T09-38-59-7a63a72104f8","https://openstat.psa.gov.ph/PXWeb/pxweb/en/DB/DB__1E__IE/0081E3AIES0.px"
"EASTERN SAMAR","First Decile","Average Savings  (in thousand pesos)","2.92","","2026-08-03T09-38-59-7a63a72104f8","https://openstat.psa.gov.ph/PXWeb/pxweb/en/DB/DB__1E__IE/0081E3AIES0.px"
"EASTERN SAMAR","Second Decile","Average Income   (in thousand pesos)","131.31","","2026-08-03T09-38-59-7a63a72104f8","https://openstat.psa.gov.ph/PXWeb/pxweb/en/DB/DB__1E__IE/0081E3AIES0.px"
"EASTERN SAMAR","Second Decile","Average Expenditure  (in thousand pesos)","123.17","","2026-08-03T09-38-59-7a63a72104f8","https://openstat.psa.gov.ph/PXWeb/pxweb/en/DB/DB__1E__IE/0081E3AIES0.px"
"EASTERN SAMAR","Second Decile","Average Savings  (in thousand pesos)","8.14","","2026-08-03T09-38-59-7a63a72104f8","https://openstat.psa.gov.ph/PXWeb/pxweb/en/DB/DB__1E__IE/0081E3AIES0.px"
"EASTERN SAMAR","Third Decile","Average Income   (in thousand pesos)","147.04","","2026-08-03T09-38-59-7a63a72104f8","https://openstat.psa.gov.ph/PXWeb/pxweb/en/DB/DB__1E__IE/0081E3AIES0.px"
"EASTERN SAMAR","Third Decile","Average Expenditure  (in thousand pesos)","134.5","","2026-08-03T09-38-59-7a63a72104f8","https://openstat.psa.gov.ph/PXWeb/pxweb/en/DB/DB__1E__IE/0081E3AIES0.px"
"EASTERN SAMAR","Third Decile","Average Savings  (in thousand pesos)","12.54","","2026-08-03T09-38-59-7a63a72104f8","https://openstat.psa.gov.ph/PXWeb/pxweb/en/DB/DB__1E__IE/0081E3AIES0.px"
"EASTERN SAMAR","Fourth Decile","Average Income   (in thousand pesos)","153.35","","2026-08-03T09-38-59-7a63a72104f8","https://openstat.psa.gov.ph/PXWeb/pxweb/en/DB/DB__1E__IE/0081E3AIES0.px"
"EASTERN SAMAR","Fourth Decile","Average Expenditure  (in thousand pesos)","133.55","","2026-08-03T09-38-59-7a63a72104f8","https://openstat.psa.gov.ph/PXWeb/pxweb/en/DB/DB__1E__IE/0081E3AIES0.px"
"EASTERN SAMAR","Fourth Decile","Average Savings  (in thousand pesos)","19.8","","2026-08-03T09-38-59-7a63a72104f8","https://openstat.psa.gov.ph/PXWeb/pxweb/en/DB/DB__1E__IE/0081E3AIES0.px"
"EASTERN SAMAR","Fifth Decile","Average Income   (in thousand pesos)","152.24","","2026-08-03T09-38-59-7a63a72104f8","https://openstat.psa.gov.ph/PXWeb/pxweb/en/DB/DB__1E__IE/0081E3AIES0.px"
"EASTERN SAMAR","Fifth Decile","Average Expenditure  (in thousand pesos)","131.61","","2026-08-03T09-38-59-7a63a72104f8","https://openstat.psa.gov.ph/PXWeb/pxweb/en/DB/DB__1E__IE/0081E3AIES0.px"
"EASTERN SAMAR","Fifth Decile","Average Savings  (in thousand pesos)","20.63","","2026-08-03T09-38-59-7a63a72104f8","https://openstat.psa.gov.ph/PXWeb/pxweb/en/DB/DB__1E__IE/0081E3AIES0.px"
"EASTERN SAMAR","Sixth Decile","Average Income   (in thousand pesos)","173.79","","2026-08-03T09-38-59-7a63a72104f8","https://openstat.psa.gov.ph/PXWeb/pxweb/en/DB/DB__1E__IE/0081E3AIES0.px"
"EASTERN SAMAR","Sixth Decile","Average Expenditure  (in thousand pesos)","145.37","","2026-08-03T09-38-59-7a63a72104f8","https://openstat.psa.gov.ph/PXWeb/pxweb/en/DB/DB__1E__IE/0081E3AIES0.px"
"EASTERN SAMAR","Sixth Decile","Average Savings  (in thousand pesos)","28.42","","2026-08-03T09-38-59-7a63a72104f8","https://openstat.psa.gov.ph/PXWeb/pxweb/en/DB/DB__1E__IE/0081E3AIES0.px"
"EASTERN SAMAR","Seventh Decile","Average Income   (in thousand pesos)","186.02","","2026-08-03T09-38-59-7a63a72104f8","https://openstat.psa.gov.ph/PXWeb/pxweb/en/DB/DB__1E__IE/0081E3AIES0.px"
"EASTERN SAMAR","Seventh Decile","Average Expenditure  (in thousand pesos)","151.61","","2026-08-03T09-38-59-7a63a72104f8","https://openstat.psa.gov.ph/PXWeb/pxweb/en/DB/DB__1E__IE/0081E3AIES0.px"
"EASTERN SAMAR","Seventh Decile","Average Savings  (in thousand pesos)","34.41","","2026-08-03T09-38-59-7a63a72104f8","https://openstat.psa.gov.ph/PXWeb/pxweb/en/DB/DB__1E__IE/0081E3AIES0.px"
"EASTERN SAMAR","Eighth Decile","Average Income   (in thousand pesos)","222.93","","2026-08-03T09-38-59-7a63a72104f8","https://openstat.psa.gov.ph/PXWeb/pxweb/en/DB/DB__1E__IE/0081E3AIES0.px"
"EASTERN SAMAR","Eighth Decile","Average Expenditure  (in thousand pesos)","179.73","","2026-08-03T09-38-59-7a63a72104f8","https://openstat.psa.gov.ph/PXWeb/pxweb/en/DB/DB__1E__IE/0081E3AIES0.px"
"EASTERN SAMAR","Eighth Decile","Average Savings  (in thousand pesos)","43.19","","2026-08-03T09-38-59-7a63a72104f8","https://openstat.psa.gov.ph/PXWeb/pxweb/en/DB/DB__1E__IE/0081E3AIES0.px"
"EASTERN SAMAR","Ninth Decile","Average Income   (in thousand pesos)","310.67","","2026-08-03T09-38-59-7a63a72104f8","https://openstat.psa.gov.ph/PXWeb/pxweb/en/DB/DB__1E__IE/0081E3AIES0.px"
"EASTERN SAMAR","Ninth Decile","Average Expenditure  (in thousand pesos)","226.91","","2026-08-03T09-38-59-7a63a72104f8","https://openstat.psa.gov.ph/PXWeb/pxweb/en/DB/DB__1E__IE/0081E3AIES0.px"
"EASTERN SAMAR","Ninth Decile","Average Savings  (in thousand pesos)","83.76","","2026-08-03T09-38-59-7a63a72104f8","https://openstat.psa.gov.ph/PXWeb/pxweb/en/DB/DB__1E__IE/0081E3AIES0.px"
"EASTERN SAMAR","Tenth Decile","Average Income   (in thousand pesos)","642.28","","2026-08-03T09-38-59-7a63a72104f8","https://openstat.psa.gov.ph/PXWeb/pxweb/en/DB/DB__1E__IE/0081E3AIES0.px"
"EASTERN SAMAR","Tenth Decile","Average Expenditure  (in thousand pesos)","394.54","","2026-08-03T09-38-59-7a63a72104f8","https://openstat.psa.gov.ph/PXWeb/pxweb/en/DB/DB__1E__IE/0081E3AIES0.px"
"EASTERN SAMAR","Tenth Decile","Average Savings  (in thousand pesos)","247.73","","2026-08-03T09-38-59-7a63a72104f8","https://openstat.psa.gov.ph/PXWeb/pxweb/en/DB/DB__1E__IE/0081E3AIES0.px"
"LEYTE (Excluding City of Tacloban)","All Income Groups","Average Income   (in thousand pesos)","222.79","","2026-08-03T09-38-59-7a63a72104f8","https://openstat.psa.gov.ph/PXWeb/pxweb/en/DB/DB__1E__IE/0081E3AIES0.px"
"LEYTE (Excluding City of Tacloban)","All Income Groups","Average Expenditure  (in thousand pesos)","175.66","","2026-08-03T09-38-59-7a63a72104f8","https://openstat.psa.gov.ph/PXWeb/pxweb/en/DB/DB__1E__IE/0081E3AIES0.px"
"LEYTE (Excluding City of Tacloban)","All Income Groups","Average Savings  (in thousand pesos)","47.13","","2026-08-03T09-38-59-7a63a72104f8","https://openstat.psa.gov.ph/PXWeb/pxweb/en/DB/DB__1E__IE/0081E3AIES0.px"
"LEYTE (Excluding City of Tacloban)","First Decile","Average Income   (in thousand pesos)","112.82","","2026-08-03T09-38-59-7a63a72104f8","https://openstat.psa.gov.ph/PXWeb/pxweb/en/DB/DB__1E__IE/0081E3AIES0.px"
"LEYTE (Excluding City of Tacloban)","First Decile","Average Expenditure  (in thousand pesos)","101.17","","2026-08-03T09-38-59-7a63a72104f8","https://openstat.psa.gov.ph/PXWeb/pxweb/en/DB/DB__1E__IE/0081E3AIES0.px"
"LEYTE (Excluding City of Tacloban)","First Decile","Average Savings  (in thousand pesos)","11.65","","2026-08-03T09-38-59-7a63a72104f8","https://openstat.psa.gov.ph/PXWeb/pxweb/en/DB/DB__1E__IE/0081E3AIES0.px"
"LEYTE (Excluding City of Tacloban)","Second Decile","Average Income   (in thousand pesos)","132.31","","2026-08-03T09-38-59-7a63a72104f8","https://openstat.psa.gov.ph/PXWeb/pxweb/en/DB/DB__1E__IE/0081E3AIES0.px"
"LEYTE (Excluding City of Tacloban)","Second Decile","Average Expenditure  (in thousand pesos)","116.13","","2026-08-03T09-38-59-7a63a72104f8","https://openstat.psa.gov.ph/PXWeb/pxweb/en/DB/DB__1E__IE/0081E3AIES0.px"
"LEYTE (Excluding City of Tacloban)","Second Decile","Average Savings  (in thousand pesos)","16.18","","2026-08-03T09-38-59-7a63a72104f8","https://openstat.psa.gov.ph/PXWeb/pxweb/en/DB/DB__1E__IE/0081E3AIES0.px"
"LEYTE (Excluding City of Tacloban)","Third Decile","Average Income   (in thousand pesos)","142.92","","2026-08-03T09-38-59-7a63a72104f8","https://openstat.psa.gov.ph/PXWeb/pxweb/en/DB/DB__1E__IE/0081E3AIES0.px"
"LEYTE (Excluding City of Tacloban)","Third Decile","Average Expenditure  (in thousand pesos)","123.05","","2026-08-03T09-38-59-7a63a72104f8","https://openstat.psa.gov.ph/PXWeb/pxweb/en/DB/DB__1E__IE/0081E3AIES0.px"
"LEYTE (Excluding City of Tacloban)","Third Decile","Average Savings  (in thousand pesos)","19.87","","2026-08-03T09-38-59-7a63a72104f8","https://openstat.psa.gov.ph/PXWeb/pxweb/en/DB/DB__1E__IE/0081E3AIES0.px"
"LEYTE (Excluding City of Tacloban)","Fourth Decile","Average Income   (in thousand pesos)","160.37","","2026-08-03T09-38-59-7a63a72104f8","https://openstat.psa.gov.ph/PXWeb/pxweb/en/DB/DB__1E__IE/0081E3AIES0.px"
"LEYTE (Excluding City of Tacloban)","Fourth Decile","Average Expenditure  (in thousand pesos)","133.24","","2026-08-03T09-38-59-7a63a72104f8","https://openstat.psa.gov.ph/PXWeb/pxweb/en/DB/DB__1E__IE/0081E3AIES0.px"
"LEYTE (Excluding City of Tacloban)","Fourth Decile","Average Savings  (in thousand pesos)","27.13","","2026-08-03T09-38-59-7a63a72104f8","https://openstat.psa.gov.ph/PXWeb/pxweb/en/DB/DB__1E__IE/0081E3AIES0.px"
"LEYTE (Excluding City of Tacloban)","Fifth Decile","Average Income   (in thousand pesos)","166.03","","2026-08-03T09-38-59-7a63a72104f8","https://openstat.psa.gov.ph/PXWeb/pxweb/en/DB/DB__1E__IE/0081E3AIES0.px"
"LEYTE (Excluding City of Tacloban)","Fifth Decile","Average Expenditure  (in thousand pesos)","137.53","","2026-08-03T09-38-59-7a63a72104f8","https://openstat.psa.gov.ph/PXWeb/pxweb/en/DB/DB__1E__IE/0081E3AIES0.px"
"LEYTE (Excluding City of Tacloban)","Fifth Decile","Average Savings  (in thousand pesos)","28.5","","2026-08-03T09-38-59-7a63a72104f8","https://openstat.psa.gov.ph/PXWeb/pxweb/en/DB/DB__1E__IE/0081E3AIES0.px"
"LEYTE (Excluding City of Tacloban)","Sixth Decile","Average Income   (in thousand pesos)","176.98","","2026-08-03T09-38-59-7a63a72104f8","https://openstat.psa.gov.ph/PXWeb/pxweb/en/DB/DB__1E__IE/0081E3AIES0.px"
"LEYTE (Excluding City of Tacloban)","Sixth Decile","Average Expenditure  (in thousand pesos)","145.91","","2026-08-03T09-38-59-7a63a72104f8","https://openstat.psa.gov.ph/PXWeb/pxweb/en/DB/DB__1E__IE/0081E3AIES0.px"
"LEYTE (Excluding City of Tacloban)","Sixth Decile","Average Savings  (in thousand pesos)","31.07","","2026-08-03T09-38-59-7a63a72104f8","https://openstat.psa.gov.ph/PXWeb/pxweb/en/DB/DB__1E__IE/0081E3AIES0.px"
"LEYTE (Excluding City of Tacloban)","Seventh Decile","Average Income   (in thousand pesos)","193.63","","2026-08-03T09-38-59-7a63a72104f8","https://openstat.psa.gov.ph/PXWeb/pxweb/en/DB/DB__1E__IE/0081E3AIES0.px"
"LEYTE (Excluding City of Tacloban)","Seventh Decile","Average Expenditure  (in thousand pesos)","156.01","","2026-08-03T09-38-59-7a63a72104f8","https://openstat.psa.gov.ph/PXWeb/pxweb/en/DB/DB__1E__IE/0081E3AIES0.px"
"LEYTE (Excluding City of Tacloban)","Seventh Decile","Average Savings  (in thousand pesos)","37.63","","2026-08-03T09-38-59-7a63a72104f8","https://openstat.psa.gov.ph/PXWeb/pxweb/en/DB/DB__1E__IE/0081E3AIES0.px"
"LEYTE (Excluding City of Tacloban)","Eighth Decile","Average Income   (in thousand pesos)","217.36","","2026-08-03T09-38-59-7a63a72104f8","https://openstat.psa.gov.ph/PXWeb/pxweb/en/DB/DB__1E__IE/0081E3AIES0.px"
"LEYTE (Excluding City of Tacloban)","Eighth Decile","Average Expenditure  (in thousand pesos)","170.24","","2026-08-03T09-38-59-7a63a72104f8","https://openstat.psa.gov.ph/PXWeb/pxweb/en/DB/DB__1E__IE/0081E3AIES0.px"
"LEYTE (Excluding City of Tacloban)","Eighth Decile","Average Savings  (in thousand pesos)","47.13","","2026-08-03T09-38-59-7a63a72104f8","https://openstat.psa.gov.ph/PXWeb/pxweb/en/DB/DB__1E__IE/0081E3AIES0.px"
"LEYTE (Excluding City of Tacloban)","Ninth Decile","Average Income   (in thousand pesos)","319.28","","2026-08-03T09-38-59-7a63a72104f8","https://openstat.psa.gov.ph/PXWeb/pxweb/en/DB/DB__1E__IE/0081E3AIES0.px"
"LEYTE (Excluding City of Tacloban)","Ninth Decile","Average Expenditure  (in thousand pesos)","245.41","","2026-08-03T09-38-59-7a63a72104f8","https://openstat.psa.gov.ph/PXWeb/pxweb/en/DB/DB__1E__IE/0081E3AIES0.px"
"LEYTE (Excluding City of Tacloban)","Ninth Decile","Average Savings  (in thousand pesos)","73.87","","2026-08-03T09-38-59-7a63a72104f8","https://openstat.psa.gov.ph/PXWeb/pxweb/en/DB/DB__1E__IE/0081E3AIES0.px"
"LEYTE (Excluding City of Tacloban)","Tenth Decile","Average Income   (in thousand pesos)","604.14","","2026-08-03T09-38-59-7a63a72104f8","https://openstat.psa.gov.ph/PXWeb/pxweb/en/DB/DB__1E__IE/0081E3AIES0.px"
"LEYTE (Excluding City of Tacloban)","Tenth Decile","Average Expenditure  (in thousand pesos)","426.57","","2026-08-03T09-38-59-7a63a72104f8","https://openstat.psa.gov.ph/PXWeb/pxweb/en/DB/DB__1E__IE/0081E3AIES0.px"
"LEYTE (Excluding City of Tacloban)","Tenth Decile","Average Savings  (in thousand pesos)","177.58","","2026-08-03T09-38-59-7a63a72104f8","https://openstat.psa.gov.ph/PXWeb/pxweb/en/DB/DB__1E__IE/0081E3AIES0.px"
"..City of Tacloban","All Income Groups","Average Income   (in thousand pesos)","369.01","","2026-08-03T09-38-59-7a63a72104f8","https://openstat.psa.gov.ph/PXWeb/pxweb/en/DB/DB__1E__IE/0081E3AIES0.px"
"..City of Tacloban","All Income Groups","Average Expenditure  (in thousand pesos)","265.17","","2026-08-03T09-38-59-7a63a72104f8","https://openstat.psa.gov.ph/PXWeb/pxweb/en/DB/DB__1E__IE/0081E3AIES0.px"
"..City of Tacloban","All Income Groups","Average Savings  (in thousand pesos)","103.85","","2026-08-03T09-38-59-7a63a72104f8","https://openstat.psa.gov.ph/PXWeb/pxweb/en/DB/DB__1E__IE/0081E3AIES0.px"
"..City of Tacloban","First Decile","Average Income   (in thousand pesos)","156.1","","2026-08-03T09-38-59-7a63a72104f8","https://openstat.psa.gov.ph/PXWeb/pxweb/en/DB/DB__1E__IE/0081E3AIES0.px"
"..City of Tacloban","First Decile","Average Expenditure  (in thousand pesos)","143.82","","2026-08-03T09-38-59-7a63a72104f8","https://openstat.psa.gov.ph/PXWeb/pxweb/en/DB/DB__1E__IE/0081E3AIES0.px"
"..City of Tacloban","First Decile","Average Savings  (in thousand pesos)","12.28","","2026-08-03T09-38-59-7a63a72104f8","https://openstat.psa.gov.ph/PXWeb/pxweb/en/DB/DB__1E__IE/0081E3AIES0.px"
"..City of Tacloban","Second Decile","Average Income   (in thousand pesos)","190.29","","2026-08-03T09-38-59-7a63a72104f8","https://openstat.psa.gov.ph/PXWeb/pxweb/en/DB/DB__1E__IE/0081E3AIES0.px"
"..City of Tacloban","Second Decile","Average Expenditure  (in thousand pesos)","163.09","","2026-08-03T09-38-59-7a63a72104f8","https://openstat.psa.gov.ph/PXWeb/pxweb/en/DB/DB__1E__IE/0081E3AIES0.px"
"..City of Tacloban","Second Decile","Average Savings  (in thousand pesos)","27.2","","2026-08-03T09-38-59-7a63a72104f8","https://openstat.psa.gov.ph/PXWeb/pxweb/en/DB/DB__1E__IE/0081E3AIES0.px"
"..City of Tacloban","Third Decile","Average Income   (in thousand pesos)","210.56","","2026-08-03T09-38-59-7a63a72104f8","https://openstat.psa.gov.ph/PXWeb/pxweb/en/DB/DB__1E__IE/0081E3AIES0.px"
"..City of Tacloban","Third Decile","Average Expenditure  (in thousand pesos)","175.77","","2026-08-03T09-38-59-7a63a72104f8","https://openstat.psa.gov.ph/PXWeb/pxweb/en/DB/DB__1E__IE/0081E3AIES0.px"
"..City of Tacloban","Third Decile","Average Savings  (in thousand pesos)","34.8","","2026-08-03T09-38-59-7a63a72104f8","https://openstat.psa.gov.ph/PXWeb/pxweb/en/DB/DB__1E__IE/0081E3AIES0.px"
"..City of Tacloban","Fourth Decile","Average Income   (in thousand pesos)","224.28","","2026-08-03T09-38-59-7a63a72104f8","https://openstat.psa.gov.ph/PXWeb/pxweb/en/DB/DB__1E__IE/0081E3AIES0.px"
"..City of Tacloban","Fourth Decile","Average Expenditure  (in thousand pesos)","186.78","","2026-08-03T09-38-59-7a63a72104f8","https://openstat.psa.gov.ph/PXWeb/pxweb/en/DB/DB__1E__IE/0081E3AIES0.px"
"..City of Tacloban","Fourth Decile","Average Savings  (in thousand pesos)","37.51","","2026-08-03T09-38-59-7a63a72104f8","https://openstat.psa.gov.ph/PXWeb/pxweb/en/DB/DB__1E__IE/0081E3AIES0.px"
"..City of Tacloban","Fifth Decile","Average Income   (in thousand pesos)","243.22","","2026-08-03T09-38-59-7a63a72104f8","https://openstat.psa.gov.ph/PXWeb/pxweb/en/DB/DB__1E__IE/0081E3AIES0.px"
"..City of Tacloban","Fifth Decile","Average Expenditure  (in thousand pesos)","193.82","","2026-08-03T09-38-59-7a63a72104f8","https://openstat.psa.gov.ph/PXWeb/pxweb/en/DB/DB__1E__IE/0081E3AIES0.px"
"..City of Tacloban","Fifth Decile","Average Savings  (in thousand pesos)","49.4","","2026-08-03T09-38-59-7a63a72104f8","https://openstat.psa.gov.ph/PXWeb/pxweb/en/DB/DB__1E__IE/0081E3AIES0.px"
"..City of Tacloban","Sixth Decile","Average Income   (in thousand pesos)","291.84","","2026-08-03T09-38-59-7a63a72104f8","https://openstat.psa.gov.ph/PXWeb/pxweb/en/DB/DB__1E__IE/0081E3AIES0.px"
"..City of Tacloban","Sixth Decile","Average Expenditure  (in thousand pesos)","225.73","","2026-08-03T09-38-59-7a63a72104f8","https://openstat.psa.gov.ph/PXWeb/pxweb/en/DB/DB__1E__IE/0081E3AIES0.px"
"..City of Tacloban","Sixth Decile","Average Savings  (in thousand pesos)","66.11","","2026-08-03T09-38-59-7a63a72104f8","https://openstat.psa.gov.ph/PXWeb/pxweb/en/DB/DB__1E__IE/0081E3AIES0.px"
"..City of Tacloban","Seventh Decile","Average Income   (in thousand pesos)","332.09","","2026-08-03T09-38-59-7a63a72104f8","https://openstat.psa.gov.ph/PXWeb/pxweb/en/DB/DB__1E__IE/0081E3AIES0.px"
"..City of Tacloban","Seventh Decile","Average Expenditure  (in thousand pesos)","243.19","","2026-08-03T09-38-59-7a63a72104f8","https://openstat.psa.gov.ph/PXWeb/pxweb/en/DB/DB__1E__IE/0081E3AIES0.px"
"..City of Tacloban","Seventh Decile","Average Savings  (in thousand pesos)","88.9","","2026-08-03T09-38-59-7a63a72104f8","https://openstat.psa.gov.ph/PXWeb/pxweb/en/DB/DB__1E__IE/0081E3AIES0.px"
"..City of Tacloban","Eighth Decile","Average Income   (in thousand pesos)","449.65","","2026-08-03T09-38-59-7a63a72104f8","https://openstat.psa.gov.ph/PXWeb/pxweb/en/DB/DB__1E__IE/0081E3AIES0.px"
"..City of Tacloban","Eighth Decile","Average Expenditure  (in thousand pesos)","322.43","","2026-08-03T09-38-59-7a63a72104f8","https://openstat.psa.gov.ph/PXWeb/pxweb/en/DB/DB__1E__IE/0081E3AIES0.px"
"..City of Tacloban","Eighth Decile","Average Savings  (in thousand pesos)","127.22","","2026-08-03T09-38-59-7a63a72104f8","https://openstat.psa.gov.ph/PXWeb/pxweb/en/DB/DB__1E__IE/0081E3AIES0.px"
"..City of Tacloban","Ninth Decile","Average Income   (in thousand pesos)","586.16","","2026-08-03T09-38-59-7a63a72104f8","https://openstat.psa.gov.ph/PXWeb/pxweb/en/DB/DB__1E__IE/0081E3AIES0.px"
"..City of Tacloban","Ninth Decile","Average Expenditure  (in thousand pesos)","387.59","","2026-08-03T09-38-59-7a63a72104f8","https://openstat.psa.gov.ph/PXWeb/pxweb/en/DB/DB__1E__IE/0081E3AIES0.px"
"..City of Tacloban","Ninth Decile","Average Savings  (in thousand pesos)","198.58","","2026-08-03T09-38-59-7a63a72104f8","https://openstat.psa.gov.ph/PXWeb/pxweb/en/DB/DB__1E__IE/0081E3AIES0.px"
"..City of Tacloban","Tenth Decile","Average Income   (in thousand pesos)","1001.18","","2026-08-03T09-38-59-7a63a72104f8","https://openstat.psa.gov.ph/PXWeb/pxweb/en/DB/DB__1E__IE/0081E3AIES0.px"
"..City of Tacloban","Tenth Decile","Average Expenditure  (in thousand pesos)","606.86","","2026-08-03T09-38-59-7a63a72104f8","https://openstat.psa.gov.ph/PXWeb/pxweb/en/DB/DB__1E__IE/0081E3AIES0.px"
"..City of Tacloban","Tenth Decile","Average Savings  (in thousand pesos)","394.32","","2026-08-03T09-38-59-7a63a72104f8","https://openstat.psa.gov.ph/PXWeb/pxweb/en/DB/DB__1E__IE/0081E3AIES0.px"
"NORTHERN SAMAR","All Income Groups","Average Income   (in thousand pesos)","264.25","","2026-08-03T09-38-59-7a63a72104f8","https://openstat.psa.gov.ph/PXWeb/pxweb/en/DB/DB__1E__IE/0081E3AIES0.px"
"NORTHERN SAMAR","All Income Groups","Average Expenditure  (in thousand pesos)","158.47","","2026-08-03T09-38-59-7a63a72104f8","https://openstat.psa.gov.ph/PXWeb/pxweb/en/DB/DB__1E__IE/0081E3AIES0.px"
"NORTHERN SAMAR","All Income Groups","Average Savings  (in thousand pesos)","105.78","","2026-08-03T09-38-59-7a63a72104f8","https://openstat.psa.gov.ph/PXWeb/pxweb/en/DB/DB__1E__IE/0081E3AIES0.px"
"NORTHERN SAMAR","First Decile","Average Income   (in thousand pesos)","125.5","","2026-08-03T09-38-59-7a63a72104f8","https://openstat.psa.gov.ph/PXWeb/pxweb/en/DB/DB__1E__IE/0081E3AIES0.px"
"NORTHERN SAMAR","First Decile","Average Expenditure  (in thousand pesos)","101.85","","2026-08-03T09-38-59-7a63a72104f8","https://openstat.psa.gov.ph/PXWeb/pxweb/en/DB/DB__1E__IE/0081E3AIES0.px"
"NORTHERN SAMAR","First Decile","Average Savings  (in thousand pesos)","23.65","","2026-08-03T09-38-59-7a63a72104f8","https://openstat.psa.gov.ph/PXWeb/pxweb/en/DB/DB__1E__IE/0081E3AIES0.px"
"NORTHERN SAMAR","Second Decile","Average Income   (in thousand pesos)","152.42","","2026-08-03T09-38-59-7a63a72104f8","https://openstat.psa.gov.ph/PXWeb/pxweb/en/DB/DB__1E__IE/0081E3AIES0.px"
"NORTHERN SAMAR","Second Decile","Average Expenditure  (in thousand pesos)","113.53","","2026-08-03T09-38-59-7a63a72104f8","https://openstat.psa.gov.ph/PXWeb/pxweb/en/DB/DB__1E__IE/0081E3AIES0.px"
"NORTHERN SAMAR","Second Decile","Average Savings  (in thousand pesos)","38.88","","2026-08-03T09-38-59-7a63a72104f8","https://openstat.psa.gov.ph/PXWeb/pxweb/en/DB/DB__1E__IE/0081E3AIES0.px"
"NORTHERN SAMAR","Third Decile","Average Income   (in thousand pesos)","169.42","","2026-08-03T09-38-59-7a63a72104f8","https://openstat.psa.gov.ph/PXWeb/pxweb/en/DB/DB__1E__IE/0081E3AIES0.px"
"NORTHERN SAMAR","Third Decile","Average Expenditure  (in thousand pesos)","118.73","","2026-08-03T09-38-59-7a63a72104f8","https://openstat.psa.gov.ph/PXWeb/pxweb/en/DB/DB__1E__IE/0081E3AIES0.px"
"NORTHERN SAMAR","Third Decile","Average Savings  (in thousand pesos)","50.69","","2026-08-03T09-38-59-7a63a72104f8","https://openstat.psa.gov.ph/PXWeb/pxweb/en/DB/DB__1E__IE/0081E3AIES0.px"
"NORTHERN SAMAR","Fourth Decile","Average Income   (in thousand pesos)","197.03","","2026-08-03T09-38-59-7a63a72104f8","https://openstat.psa.gov.ph/PXWeb/pxweb/en/DB/DB__1E__IE/0081E3AIES0.px"
"NORTHERN SAMAR","Fourth Decile","Average Expenditure  (in thousand pesos)","134.2","","2026-08-03T09-38-59-7a63a72104f8","https://openstat.psa.gov.ph/PXWeb/pxweb/en/DB/DB__1E__IE/0081E3AIES0.px"
"NORTHERN SAMAR","Fourth Decile","Average Savings  (in thousand pesos)","62.83","","2026-08-03T09-38-59-7a63a72104f8","https://openstat.psa.gov.ph/PXWeb/pxweb/en/DB/DB__1E__IE/0081E3AIES0.px"
"NORTHERN SAMAR","Fifth Decile","Average Income   (in thousand pesos)","204.64","","2026-08-03T09-38-59-7a63a72104f8","https://openstat.psa.gov.ph/PXWeb/pxweb/en/DB/DB__1E__IE/0081E3AIES0.px"
"NORTHERN SAMAR","Fifth Decile","Average Expenditure  (in thousand pesos)","134.67","","2026-08-03T09-38-59-7a63a72104f8","https://openstat.psa.gov.ph/PXWeb/pxweb/en/DB/DB__1E__IE/0081E3AIES0.px"
"NORTHERN SAMAR","Fifth Decile","Average Savings  (in thousand pesos)","69.97","","2026-08-03T09-38-59-7a63a72104f8","https://openstat.psa.gov.ph/PXWeb/pxweb/en/DB/DB__1E__IE/0081E3AIES0.px"
"NORTHERN SAMAR","Sixth Decile","Average Income   (in thousand pesos)","225.73","","2026-08-03T09-38-59-7a63a72104f8","https://openstat.psa.gov.ph/PXWeb/pxweb/en/DB/DB__1E__IE/0081E3AIES0.px"
"NORTHERN SAMAR","Sixth Decile","Average Expenditure  (in thousand pesos)","143.14","","2026-08-03T09-38-59-7a63a72104f8","https://openstat.psa.gov.ph/PXWeb/pxweb/en/DB/DB__1E__IE/0081E3AIES0.px"
"NORTHERN SAMAR","Sixth Decile","Average Savings  (in thousand pesos)","82.59","","2026-08-03T09-38-59-7a63a72104f8","https://openstat.psa.gov.ph/PXWeb/pxweb/en/DB/DB__1E__IE/0081E3AIES0.px"
"NORTHERN SAMAR","Seventh Decile","Average Income   (in thousand pesos)","242.3","","2026-08-03T09-38-59-7a63a72104f8","https://openstat.psa.gov.ph/PXWeb/pxweb/en/DB/DB__1E__IE/0081E3AIES0.px"
"NORTHERN SAMAR","Seventh Decile","Average Expenditure  (in thousand pesos)","147.65","","2026-08-03T09-38-59-7a63a72104f8","https://openstat.psa.gov.ph/PXWeb/pxweb/en/DB/DB__1E__IE/0081E3AIES0.px"
"NORTHERN SAMAR","Seventh Decile","Average Savings  (in thousand pesos)","94.65","","2026-08-03T09-38-59-7a63a72104f8","https://openstat.psa.gov.ph/PXWeb/pxweb/en/DB/DB__1E__IE/0081E3AIES0.px"
"NORTHERN SAMAR","Eighth Decile","Average Income   (in thousand pesos)","282.57","","2026-08-03T09-38-59-7a63a72104f8","https://openstat.psa.gov.ph/PXWeb/pxweb/en/DB/DB__1E__IE/0081E3AIES0.px"
"NORTHERN SAMAR","Eighth Decile","Average Expenditure  (in thousand pesos)","167.73","","2026-08-03T09-38-59-7a63a72104f8","https://openstat.psa.gov.ph/PXWeb/pxweb/en/DB/DB__1E__IE/0081E3AIES0.px"
"NORTHERN SAMAR","Eighth Decile","Average Savings  (in thousand pesos)","114.83","","2026-08-03T09-38-59-7a63a72104f8","https://openstat.psa.gov.ph/PXWeb/pxweb/en/DB/DB__1E__IE/0081E3AIES0.px"
"NORTHERN SAMAR","Ninth Decile","Average Income   (in thousand pesos)","365.61","","2026-08-03T09-38-59-7a63a72104f8","https://openstat.psa.gov.ph/PXWeb/pxweb/en/DB/DB__1E__IE/0081E3AIES0.px"
"NORTHERN SAMAR","Ninth Decile","Average Expenditure  (in thousand pesos)","197.72","","2026-08-03T09-38-59-7a63a72104f8","https://openstat.psa.gov.ph/PXWeb/pxweb/en/DB/DB__1E__IE/0081E3AIES0.px"
"NORTHERN SAMAR","Ninth Decile","Average Savings  (in thousand pesos)","167.89","","2026-08-03T09-38-59-7a63a72104f8","https://openstat.psa.gov.ph/PXWeb/pxweb/en/DB/DB__1E__IE/0081E3AIES0.px"
"NORTHERN SAMAR","Tenth Decile","Average Income   (in thousand pesos)","674.94","","2026-08-03T09-38-59-7a63a72104f8","https://openstat.psa.gov.ph/PXWeb/pxweb/en/DB/DB__1E__IE/0081E3AIES0.px"
"NORTHERN SAMAR","Tenth Decile","Average Expenditure  (in thousand pesos)","324.54","","2026-08-03T09-38-59-7a63a72104f8","https://openstat.psa.gov.ph/PXWeb/pxweb/en/DB/DB__1E__IE/0081E3AIES0.px"
"NORTHERN SAMAR","Tenth Decile","Average Savings  (in thousand pesos)","350.4","","2026-08-03T09-38-59-7a63a72104f8","https://openstat.psa.gov.ph/PXWeb/pxweb/en/DB/DB__1E__IE/0081E3AIES0.px"
"SAMAR","All Income Groups","Average Income   (in thousand pesos)","206.27","","2026-08-03T09-38-59-7a63a72104f8","https://openstat.psa.gov.ph/PXWeb/pxweb/en/DB/DB__1E__IE/0081E3AIES0.px"
"SAMAR","All Income Groups","Average Expenditure  (in thousand pesos)","159.71","","2026-08-03T09-38-59-7a63a72104f8","https://openstat.psa.gov.ph/PXWeb/pxweb/en/DB/DB__1E__IE/0081E3AIES0.px"
"SAMAR","All Income Groups","Average Savings  (in thousand pesos)","46.56","","2026-08-03T09-38-59-7a63a72104f8","https://openstat.psa.gov.ph/PXWeb/pxweb/en/DB/DB__1E__IE/0081E3AIES0.px"
"SAMAR","First Decile","Average Income   (in thousand pesos)","100.17","","2026-08-03T09-38-59-7a63a72104f8","https://openstat.psa.gov.ph/PXWeb/pxweb/en/DB/DB__1E__IE/0081E3AIES0.px"
"SAMAR","First Decile","Average Expenditure  (in thousand pesos)","95.62","","2026-08-03T09-38-59-7a63a72104f8","https://openstat.psa.gov.ph/PXWeb/pxweb/en/DB/DB__1E__IE/0081E3AIES0.px"
"SAMAR","First Decile","Average Savings  (in thousand pesos)","4.55","","2026-08-03T09-38-59-7a63a72104f8","https://openstat.psa.gov.ph/PXWeb/pxweb/en/DB/DB__1E__IE/0081E3AIES0.px"
"SAMAR","Second Decile","Average Income   (in thousand pesos)","119.12","","2026-08-03T09-38-59-7a63a72104f8","https://openstat.psa.gov.ph/PXWeb/pxweb/en/DB/DB__1E__IE/0081E3AIES0.px"
"SAMAR","Second Decile","Average Expenditure  (in thousand pesos)","110.08","","2026-08-03T09-38-59-7a63a72104f8","https://openstat.psa.gov.ph/PXWeb/pxweb/en/DB/DB__1E__IE/0081E3AIES0.px"
"SAMAR","Second Decile","Average Savings  (in thousand pesos)","9.05","","2026-08-03T09-38-59-7a63a72104f8","https://openstat.psa.gov.ph/PXWeb/pxweb/en/DB/DB__1E__IE/0081E3AIES0.px"
"SAMAR","Third Decile","Average Income   (in thousand pesos)","129.5","","2026-08-03T09-38-59-7a63a72104f8","https://openstat.psa.gov.ph/PXWeb/pxweb/en/DB/DB__1E__IE/0081E3AIES0.px"
"SAMAR","Third Decile","Average Expenditure  (in thousand pesos)","116.64","","2026-08-03T09-38-59-7a63a72104f8","https://openstat.psa.gov.ph/PXWeb/pxweb/en/DB/DB__1E__IE/0081E3AIES0.px"
"SAMAR","Third Decile","Average Savings  (in thousand pesos)","12.86","","2026-08-03T09-38-59-7a63a72104f8","https://openstat.psa.gov.ph/PXWeb/pxweb/en/DB/DB__1E__IE/0081E3AIES0.px"
"SAMAR","Fourth Decile","Average Income   (in thousand pesos)","147.47","","2026-08-03T09-38-59-7a63a72104f8","https://openstat.psa.gov.ph/PXWeb/pxweb/en/DB/DB__1E__IE/0081E3AIES0.px"
"SAMAR","Fourth Decile","Average Expenditure  (in thousand pesos)","126.72","","2026-08-03T09-38-59-7a63a72104f8","https://openstat.psa.gov.ph/PXWeb/pxweb/en/DB/DB__1E__IE/0081E3AIES0.px"
"SAMAR","Fourth Decile","Average Savings  (in thousand pesos)","20.75","","2026-08-03T09-38-59-7a63a72104f8","https://openstat.psa.gov.ph/PXWeb/pxweb/en/DB/DB__1E__IE/0081E3AIES0.px"
"SAMAR","Fifth Decile","Average Income   (in thousand pesos)","149.39","","2026-08-03T09-38-59-7a63a72104f8","https://openstat.psa.gov.ph/PXWeb/pxweb/en/DB/DB__1E__IE/0081E3AIES0.px"
"SAMAR","Fifth Decile","Average Expenditure  (in thousand pesos)","129.38","","2026-08-03T09-38-59-7a63a72104f8","https://openstat.psa.gov.ph/PXWeb/pxweb/en/DB/DB__1E__IE/0081E3AIES0.px"
"SAMAR","Fifth Decile","Average Savings  (in thousand pesos)","20.01","","2026-08-03T09-38-59-7a63a72104f8","https://openstat.psa.gov.ph/PXWeb/pxweb/en/DB/DB__1E__IE/0081E3AIES0.px"
"SAMAR","Sixth Decile","Average Income   (in thousand pesos)","156.97","","2026-08-03T09-38-59-7a63a72104f8","https://openstat.psa.gov.ph/PXWeb/pxweb/en/DB/DB__1E__IE/0081E3AIES0.px"
"SAMAR","Sixth Decile","Average Expenditure  (in thousand pesos)","135.68","","2026-08-03T09-38-59-7a63a72104f8","https://openstat.psa.gov.ph/PXWeb/pxweb/en/DB/DB__1E__IE/0081E3AIES0.px"
"SAMAR","Sixth Decile","Average Savings  (in thousand pesos)","21.29","","2026-08-03T09-38-59-7a63a72104f8","https://openstat.psa.gov.ph/PXWeb/pxweb/en/DB/DB__1E__IE/0081E3AIES0.px"
"SAMAR","Seventh Decile","Average Income   (in thousand pesos)","169.95","","2026-08-03T09-38-59-7a63a72104f8","https://openstat.psa.gov.ph/PXWeb/pxweb/en/DB/DB__1E__IE/0081E3AIES0.px"
"SAMAR","Seventh Decile","Average Expenditure  (in thousand pesos)","135.22","","2026-08-03T09-38-59-7a63a72104f8","https://openstat.psa.gov.ph/PXWeb/pxweb/en/DB/DB__1E__IE/0081E3AIES0.px"
"SAMAR","Seventh Decile","Average Savings  (in thousand pesos)","34.73","","2026-08-03T09-38-59-7a63a72104f8","https://openstat.psa.gov.ph/PXWeb/pxweb/en/DB/DB__1E__IE/0081E3AIES0.px"
"SAMAR","Eighth Decile","Average Income   (in thousand pesos)","197.98","","2026-08-03T09-38-59-7a63a72104f8","https://openstat.psa.gov.ph/PXWeb/pxweb/en/DB/DB__1E__IE/0081E3AIES0.px"
"SAMAR","Eighth Decile","Average Expenditure  (in thousand pesos)","155.9","","2026-08-03T09-38-59-7a63a72104f8","https://openstat.psa.gov.ph/PXWeb/pxweb/en/DB/DB__1E__IE/0081E3AIES0.px"
"SAMAR","Eighth Decile","Average Savings  (in thousand pesos)","42.07","","2026-08-03T09-38-59-7a63a72104f8","https://openstat.psa.gov.ph/PXWeb/pxweb/en/DB/DB__1E__IE/0081E3AIES0.px"
"SAMAR","Ninth Decile","Average Income   (in thousand pesos)","269.93","","2026-08-03T09-38-59-7a63a72104f8","https://openstat.psa.gov.ph/PXWeb/pxweb/en/DB/DB__1E__IE/0081E3AIES0.px"
"SAMAR","Ninth Decile","Average Expenditure  (in thousand pesos)","201.48","","2026-08-03T09-38-59-7a63a72104f8","https://openstat.psa.gov.ph/PXWeb/pxweb/en/DB/DB__1E__IE/0081E3AIES0.px"
"SAMAR","Ninth Decile","Average Savings  (in thousand pesos)","68.45","","2026-08-03T09-38-59-7a63a72104f8","https://openstat.psa.gov.ph/PXWeb/pxweb/en/DB/DB__1E__IE/0081E3AIES0.px"
"SAMAR","Tenth Decile","Average Income   (in thousand pesos)","621.39","","2026-08-03T09-38-59-7a63a72104f8","https://openstat.psa.gov.ph/PXWeb/pxweb/en/DB/DB__1E__IE/0081E3AIES0.px"
"SAMAR","Tenth Decile","Average Expenditure  (in thousand pesos)","389.82","","2026-08-03T09-38-59-7a63a72104f8","https://openstat.psa.gov.ph/PXWeb/pxweb/en/DB/DB__1E__IE/0081E3AIES0.px"
"SAMAR","Tenth Decile","Average Savings  (in thousand pesos)","231.57","","2026-08-03T09-38-59-7a63a72104f8","https://openstat.psa.gov.ph/PXWeb/pxweb/en/DB/DB__1E__IE/0081E3AIES0.px"
"SOUTHERN LEYTE","All Income Groups","Average Income   (in thousand pesos)","270.51","","2026-08-03T09-38-59-7a63a72104f8","https://openstat.psa.gov.ph/PXWeb/pxweb/en/DB/DB__1E__IE/0081E3AIES0.px"
"SOUTHERN LEYTE","All Income Groups","Average Expenditure  (in thousand pesos)","205.42","","2026-08-03T09-38-59-7a63a72104f8","https://openstat.psa.gov.ph/PXWeb/pxweb/en/DB/DB__1E__IE/0081E3AIES0.px"
"SOUTHERN LEYTE","All Income Groups","Average Savings  (in thousand pesos)","65.09","","2026-08-03T09-38-59-7a63a72104f8","https://openstat.psa.gov.ph/PXWeb/pxweb/en/DB/DB__1E__IE/0081E3AIES0.px"
"SOUTHERN LEYTE","First Decile","Average Income   (in thousand pesos)","154.7","","2026-08-03T09-38-59-7a63a72104f8","https://openstat.psa.gov.ph/PXWeb/pxweb/en/DB/DB__1E__IE/0081E3AIES0.px"
"SOUTHERN LEYTE","First Decile","Average Expenditure  (in thousand pesos)","139.85","","2026-08-03T09-38-59-7a63a72104f8","https://openstat.psa.gov.ph/PXWeb/pxweb/en/DB/DB__1E__IE/0081E3AIES0.px"
"SOUTHERN LEYTE","First Decile","Average Savings  (in thousand pesos)","14.85","","2026-08-03T09-38-59-7a63a72104f8","https://openstat.psa.gov.ph/PXWeb/pxweb/en/DB/DB__1E__IE/0081E3AIES0.px"
"SOUTHERN LEYTE","Second Decile","Average Income   (in thousand pesos)","158.12","","2026-08-03T09-38-59-7a63a72104f8","https://openstat.psa.gov.ph/PXWeb/pxweb/en/DB/DB__1E__IE/0081E3AIES0.px"
"SOUTHERN LEYTE","Second Decile","Average Expenditure  (in thousand pesos)","138.49","","2026-08-03T09-38-59-7a63a72104f8","https://openstat.psa.gov.ph/PXWeb/pxweb/en/DB/DB__1E__IE/0081E3AIES0.px"
"SOUTHERN LEYTE","Second Decile","Average Savings  (in thousand pesos)","19.63","","2026-08-03T09-38-59-7a63a72104f8","https://openstat.psa.gov.ph/PXWeb/pxweb/en/DB/DB__1E__IE/0081E3AIES0.px"
"SOUTHERN LEYTE","Third Decile","Average Income   (in thousand pesos)","184.53","","2026-08-03T09-38-59-7a63a72104f8","https://openstat.psa.gov.ph/PXWeb/pxweb/en/DB/DB__1E__IE/0081E3AIES0.px"
"SOUTHERN LEYTE","Third Decile","Average Expenditure  (in thousand pesos)","161.37","","2026-08-03T09-38-59-7a63a72104f8","https://openstat.psa.gov.ph/PXWeb/pxweb/en/DB/DB__1E__IE/0081E3AIES0.px"
"SOUTHERN LEYTE","Third Decile","Average Savings  (in thousand pesos)","23.15","","2026-08-03T09-38-59-7a63a72104f8","https://openstat.psa.gov.ph/PXWeb/pxweb/en/DB/DB__1E__IE/0081E3AIES0.px"
"SOUTHERN LEYTE","Fourth Decile","Average Income   (in thousand pesos)","186.52","","2026-08-03T09-38-59-7a63a72104f8","https://openstat.psa.gov.ph/PXWeb/pxweb/en/DB/DB__1E__IE/0081E3AIES0.px"
"SOUTHERN LEYTE","Fourth Decile","Average Expenditure  (in thousand pesos)","160.8","","2026-08-03T09-38-59-7a63a72104f8","https://openstat.psa.gov.ph/PXWeb/pxweb/en/DB/DB__1E__IE/0081E3AIES0.px"
"SOUTHERN LEYTE","Fourth Decile","Average Savings  (in thousand pesos)","25.73","","2026-08-03T09-38-59-7a63a72104f8","https://openstat.psa.gov.ph/PXWeb/pxweb/en/DB/DB__1E__IE/0081E3AIES0.px"
"SOUTHERN LEYTE","Fifth Decile","Average Income   (in thousand pesos)","199.78","","2026-08-03T09-38-59-7a63a72104f8","https://openstat.psa.gov.ph/PXWeb/pxweb/en/DB/DB__1E__IE/0081E3AIES0.px"
"SOUTHERN LEYTE","Fifth Decile","Average Expenditure  (in thousand pesos)","169.55","","2026-08-03T09-38-59-7a63a72104f8","https://openstat.psa.gov.ph/PXWeb/pxweb/en/DB/DB__1E__IE/0081E3AIES0.px"
"SOUTHERN LEYTE","Fifth Decile","Average Savings  (in thousand pesos)","30.23","","2026-08-03T09-38-59-7a63a72104f8","https://openstat.psa.gov.ph/PXWeb/pxweb/en/DB/DB__1E__IE/0081E3AIES0.px"
"SOUTHERN LEYTE","Sixth Decile","Average Income   (in thousand pesos)","203.64","","2026-08-03T09-38-59-7a63a72104f8","https://openstat.psa.gov.ph/PXWeb/pxweb/en/DB/DB__1E__IE/0081E3AIES0.px"
"SOUTHERN LEYTE","Sixth Decile","Average Expenditure  (in thousand pesos)","167.54","","2026-08-03T09-38-59-7a63a72104f8","https://openstat.psa.gov.ph/PXWeb/pxweb/en/DB/DB__1E__IE/0081E3AIES0.px"
"SOUTHERN LEYTE","Sixth Decile","Average Savings  (in thousand pesos)","36.11","","2026-08-03T09-38-59-7a63a72104f8","https://openstat.psa.gov.ph/PXWeb/pxweb/en/DB/DB__1E__IE/0081E3AIES0.px"
"SOUTHERN LEYTE","Seventh Decile","Average Income   (in thousand pesos)","235.16","","2026-08-03T09-38-59-7a63a72104f8","https://openstat.psa.gov.ph/PXWeb/pxweb/en/DB/DB__1E__IE/0081E3AIES0.px"
"SOUTHERN LEYTE","Seventh Decile","Average Expenditure  (in thousand pesos)","185.71","","2026-08-03T09-38-59-7a63a72104f8","https://openstat.psa.gov.ph/PXWeb/pxweb/en/DB/DB__1E__IE/0081E3AIES0.px"
"SOUTHERN LEYTE","Seventh Decile","Average Savings  (in thousand pesos)","49.45","","2026-08-03T09-38-59-7a63a72104f8","https://openstat.psa.gov.ph/PXWeb/pxweb/en/DB/DB__1E__IE/0081E3AIES0.px"
"SOUTHERN LEYTE","Eighth Decile","Average Income   (in thousand pesos)","280.17","","2026-08-03T09-38-59-7a63a72104f8","https://openstat.psa.gov.ph/PXWeb/pxweb/en/DB/DB__1E__IE/0081E3AIES0.px"
"SOUTHERN LEYTE","Eighth Decile","Average Expenditure  (in thousand pesos)","210.86","","2026-08-03T09-38-59-7a63a72104f8","https://openstat.psa.gov.ph/PXWeb/pxweb/en/DB/DB__1E__IE/0081E3AIES0.px"
"SOUTHERN LEYTE","Eighth Decile","Average Savings  (in thousand pesos)","69.32","","2026-08-03T09-38-59-7a63a72104f8","https://openstat.psa.gov.ph/PXWeb/pxweb/en/DB/DB__1E__IE/0081E3AIES0.px"
"SOUTHERN LEYTE","Ninth Decile","Average Income   (in thousand pesos)","374.55","","2026-08-03T09-38-59-7a63a72104f8","https://openstat.psa.gov.ph/PXWeb/pxweb/en/DB/DB__1E__IE/0081E3AIES0.px"
"SOUTHERN LEYTE","Ninth Decile","Average Expenditure  (in thousand pesos)","271.7","","2026-08-03T09-38-59-7a63a72104f8","https://openstat.psa.gov.ph/PXWeb/pxweb/en/DB/DB__1E__IE/0081E3AIES0.px"
"SOUTHERN LEYTE","Ninth Decile","Average Savings  (in thousand pesos)","102.86","","2026-08-03T09-38-59-7a63a72104f8","https://openstat.psa.gov.ph/PXWeb/pxweb/en/DB/DB__1E__IE/0081E3AIES0.px"
"SOUTHERN LEYTE","Tenth Decile","Average Income   (in thousand pesos)","726.2","","2026-08-03T09-38-59-7a63a72104f8","https://openstat.psa.gov.ph/PXWeb/pxweb/en/DB/DB__1E__IE/0081E3AIES0.px"
"SOUTHERN LEYTE","Tenth Decile","Average Expenditure  (in thousand pesos)","447.45","","2026-08-03T09-38-59-7a63a72104f8","https://openstat.psa.gov.ph/PXWeb/pxweb/en/DB/DB__1E__IE/0081E3AIES0.px"
"SOUTHERN LEYTE","Tenth Decile","Average Savings  (in thousand pesos)","278.75","","2026-08-03T09-38-59-7a63a72104f8","https://openstat.psa.gov.ph/PXWeb/pxweb/en/DB/DB__1E__IE/0081E3AIES0.px"
"BILIRAN","All Income Groups","Average Income   (in thousand pesos)","273.71","","2026-08-03T09-38-59-7a63a72104f8","https://openstat.psa.gov.ph/PXWeb/pxweb/en/DB/DB__1E__IE/0081E3AIES0.px"
"BILIRAN","All Income Groups","Average Expenditure  (in thousand pesos)","193.24","","2026-08-03T09-38-59-7a63a72104f8","https://openstat.psa.gov.ph/PXWeb/pxweb/en/DB/DB__1E__IE/0081E3AIES0.px"
"BILIRAN","All Income Groups","Average Savings  (in thousand pesos)","80.47","","2026-08-03T09-38-59-7a63a72104f8","https://openstat.psa.gov.ph/PXWeb/pxweb/en/DB/DB__1E__IE/0081E3AIES0.px"
"BILIRAN","First Decile","Average Income   (in thousand pesos)","140.19","","2026-08-03T09-38-59-7a63a72104f8","https://openstat.psa.gov.ph/PXWeb/pxweb/en/DB/DB__1E__IE/0081E3AIES0.px"
"BILIRAN","First Decile","Average Expenditure  (in thousand pesos)","119.36","","2026-08-03T09-38-59-7a63a72104f8","https://openstat.psa.gov.ph/PXWeb/pxweb/en/DB/DB__1E__IE/0081E3AIES0.px"
"BILIRAN","First Decile","Average Savings  (in thousand pesos)","20.82","","2026-08-03T09-38-59-7a63a72104f8","https://openstat.psa.gov.ph/PXWeb/pxweb/en/DB/DB__1E__IE/0081E3AIES0.px"
"BILIRAN","Second Decile","Average Income   (in thousand pesos)","163.48","","2026-08-03T09-38-59-7a63a72104f8","https://openstat.psa.gov.ph/PXWeb/pxweb/en/DB/DB__1E__IE/0081E3AIES0.px"
"BILIRAN","Second Decile","Average Expenditure  (in thousand pesos)","130.76","","2026-08-03T09-38-59-7a63a72104f8","https://openstat.psa.gov.ph/PXWeb/pxweb/en/DB/DB__1E__IE/0081E3AIES0.px"
"BILIRAN","Second Decile","Average Savings  (in thousand pesos)","32.72","","2026-08-03T09-38-59-7a63a72104f8","https://openstat.psa.gov.ph/PXWeb/pxweb/en/DB/DB__1E__IE/0081E3AIES0.px"
"BILIRAN","Third Decile","Average Income   (in thousand pesos)","169.07","","2026-08-03T09-38-59-7a63a72104f8","https://openstat.psa.gov.ph/PXWeb/pxweb/en/DB/DB__1E__IE/0081E3AIES0.px"
"BILIRAN","Third Decile","Average Expenditure  (in thousand pesos)","135.68","","2026-08-03T09-38-59-7a63a72104f8","https://openstat.psa.gov.ph/PXWeb/pxweb/en/DB/DB__1E__IE/0081E3AIES0.px"
"BILIRAN","Third Decile","Average Savings  (in thousand pesos)","33.39","","2026-08-03T09-38-59-7a63a72104f8","https://openstat.psa.gov.ph/PXWeb/pxweb/en/DB/DB__1E__IE/0081E3AIES0.px"
"BILIRAN","Fourth Decile","Average Income   (in thousand pesos)","181.57","","2026-08-03T09-38-59-7a63a72104f8","https://openstat.psa.gov.ph/PXWeb/pxweb/en/DB/DB__1E__IE/0081E3AIES0.px"
"BILIRAN","Fourth Decile","Average Expenditure  (in thousand pesos)","140.25","","2026-08-03T09-38-59-7a63a72104f8","https://openstat.psa.gov.ph/PXWeb/pxweb/en/DB/DB__1E__IE/0081E3AIES0.px"
"BILIRAN","Fourth Decile","Average Savings  (in thousand pesos)","41.31","","2026-08-03T09-38-59-7a63a72104f8","https://openstat.psa.gov.ph/PXWeb/pxweb/en/DB/DB__1E__IE/0081E3AIES0.px"
"BILIRAN","Fifth Decile","Average Income   (in thousand pesos)","193.21","","2026-08-03T09-38-59-7a63a72104f8","https://openstat.psa.gov.ph/PXWeb/pxweb/en/DB/DB__1E__IE/0081E3AIES0.px"
"BILIRAN","Fifth Decile","Average Expenditure  (in thousand pesos)","142.94","","2026-08-03T09-38-59-7a63a72104f8","https://openstat.psa.gov.ph/PXWeb/pxweb/en/DB/DB__1E__IE/0081E3AIES0.px"
"BILIRAN","Fifth Decile","Average Savings  (in thousand pesos)","50.27","","2026-08-03T09-38-59-7a63a72104f8","https://openstat.psa.gov.ph/PXWeb/pxweb/en/DB/DB__1E__IE/0081E3AIES0.px"
"BILIRAN","Sixth Decile","Average Income   (in thousand pesos)","194.17","","2026-08-03T09-38-59-7a63a72104f8","https://openstat.psa.gov.ph/PXWeb/pxweb/en/DB/DB__1E__IE/0081E3AIES0.px"
"BILIRAN","Sixth Decile","Average Expenditure  (in thousand pesos)","141.27","","2026-08-03T09-38-59-7a63a72104f8","https://openstat.psa.gov.ph/PXWeb/pxweb/en/DB/DB__1E__IE/0081E3AIES0.px"
"BILIRAN","Sixth Decile","Average Savings  (in thousand pesos)","52.9","","2026-08-03T09-38-59-7a63a72104f8","https://openstat.psa.gov.ph/PXWeb/pxweb/en/DB/DB__1E__IE/0081E3AIES0.px"
"BILIRAN","Seventh Decile","Average Income   (in thousand pesos)","211.69","","2026-08-03T09-38-59-7a63a72104f8","https://openstat.psa.gov.ph/PXWeb/pxweb/en/DB/DB__1E__IE/0081E3AIES0.px"
"BILIRAN","Seventh Decile","Average Expenditure  (in thousand pesos)","161.28","","2026-08-03T09-38-59-7a63a72104f8","https://openstat.psa.gov.ph/PXWeb/pxweb/en/DB/DB__1E__IE/0081E3AIES0.px"
"BILIRAN","Seventh Decile","Average Savings  (in thousand pesos)","50.41","","2026-08-03T09-38-59-7a63a72104f8","https://openstat.psa.gov.ph/PXWeb/pxweb/en/DB/DB__1E__IE/0081E3AIES0.px"
"BILIRAN","Eighth Decile","Average Income   (in thousand pesos)","267.45","","2026-08-03T09-38-59-7a63a72104f8","https://openstat.psa.gov.ph/PXWeb/pxweb/en/DB/DB__1E__IE/0081E3AIES0.px"
"BILIRAN","Eighth Decile","Average Expenditure  (in thousand pesos)","204.2","","2026-08-03T09-38-59-7a63a72104f8","https://openstat.psa.gov.ph/PXWeb/pxweb/en/DB/DB__1E__IE/0081E3AIES0.px"
"BILIRAN","Eighth Decile","Average Savings  (in thousand pesos)","63.25","","2026-08-03T09-38-59-7a63a72104f8","https://openstat.psa.gov.ph/PXWeb/pxweb/en/DB/DB__1E__IE/0081E3AIES0.px"
"BILIRAN","Ninth Decile","Average Income   (in thousand pesos)","400.21","","2026-08-03T09-38-59-7a63a72104f8","https://openstat.psa.gov.ph/PXWeb/pxweb/en/DB/DB__1E__IE/0081E3AIES0.px"
"BILIRAN","Ninth Decile","Average Expenditure  (in thousand pesos)","275.53","","2026-08-03T09-38-59-7a63a72104f8","https://openstat.psa.gov.ph/PXWeb/pxweb/en/DB/DB__1E__IE/0081E3AIES0.px"
"BILIRAN","Ninth Decile","Average Savings  (in thousand pesos)","124.67","","2026-08-03T09-38-59-7a63a72104f8","https://openstat.psa.gov.ph/PXWeb/pxweb/en/DB/DB__1E__IE/0081E3AIES0.px"
"BILIRAN","Tenth Decile","Average Income   (in thousand pesos)","813.09","","2026-08-03T09-38-59-7a63a72104f8","https://openstat.psa.gov.ph/PXWeb/pxweb/en/DB/DB__1E__IE/0081E3AIES0.px"
"BILIRAN","Tenth Decile","Average Expenditure  (in thousand pesos)","479.61","","2026-08-03T09-38-59-7a63a72104f8","https://openstat.psa.gov.ph/PXWeb/pxweb/en/DB/DB__1E__IE/0081E3AIES0.px"
"BILIRAN","Tenth Decile","Average Savings  (in thousand pesos)","333.48","","2026-08-03T09-38-59-7a63a72104f8","https://openstat.psa.gov.ph/PXWeb/pxweb/en/DB/DB__1E__IE/0081E3AIES0.px"
"REGION IX - ZAMBOANGA PENINSULA","All Income Groups","Average Income   (in thousand pesos)","229.18","","2026-08-03T09-38-59-7a63a72104f8","https://openstat.psa.gov.ph/PXWeb/pxweb/en/DB/DB__1E__IE/0081E3AIES0.px"
"REGION IX - ZAMBOANGA PENINSULA","All Income Groups","Average Expenditure  (in thousand pesos)","179.08","","2026-08-03T09-38-59-7a63a72104f8","https://openstat.psa.gov.ph/PXWeb/pxweb/en/DB/DB__1E__IE/0081E3AIES0.px"
"REGION IX - ZAMBOANGA PENINSULA","All Income Groups","Average Savings  (in thousand pesos)","50.09","","2026-08-03T09-38-59-7a63a72104f8","https://openstat.psa.gov.ph/PXWeb/pxweb/en/DB/DB__1E__IE/0081E3AIES0.px"
"REGION IX - ZAMBOANGA PENINSULA","First Decile","Average Income   (in thousand pesos)","104.61","","2026-08-03T09-38-59-7a63a72104f8","https://openstat.psa.gov.ph/PXWeb/pxweb/en/DB/DB__1E__IE/0081E3AIES0.px"
"REGION IX - ZAMBOANGA PENINSULA","First Decile","Average Expenditure  (in thousand pesos)","95.4","","2026-08-03T09-38-59-7a63a72104f8","https://openstat.psa.gov.ph/PXWeb/pxweb/en/DB/DB__1E__IE/0081E3AIES0.px"
"REGION IX - ZAMBOANGA PENINSULA","First Decile","Average Savings  (in thousand pesos)","9.21","","2026-08-03T09-38-59-7a63a72104f8","https://openstat.psa.gov.ph/PXWeb/pxweb/en/DB/DB__1E__IE/0081E3AIES0.px"
"REGION IX - ZAMBOANGA PENINSULA","Second Decile","Average Income   (in thousand pesos)","127.7","","2026-08-03T09-38-59-7a63a72104f8","https://openstat.psa.gov.ph/PXWeb/pxweb/en/DB/DB__1E__IE/0081E3AIES0.px"
"REGION IX - ZAMBOANGA PENINSULA","Second Decile","Average Expenditure  (in thousand pesos)","111.34","","2026-08-03T09-38-59-7a63a72104f8","https://openstat.psa.gov.ph/PXWeb/pxweb/en/DB/DB__1E__IE/0081E3AIES0.px"
"REGION IX - ZAMBOANGA PENINSULA","Second Decile","Average Savings  (in thousand pesos)","16.36","","2026-08-03T09-38-59-7a63a72104f8","https://openstat.psa.gov.ph/PXWeb/pxweb/en/DB/DB__1E__IE/0081E3AIES0.px"
"REGION IX - ZAMBOANGA PENINSULA","Third Decile","Average Income   (in thousand pesos)","143.48","","2026-08-03T09-38-59-7a63a72104f8","https://openstat.psa.gov.ph/PXWeb/pxweb/en/DB/DB__1E__IE/0081E3AIES0.px"
"REGION IX - ZAMBOANGA PENINSULA","Third Decile","Average Expenditure  (in thousand pesos)","122.59","","2026-08-03T09-38-59-7a63a72104f8","https://openstat.psa.gov.ph/PXWeb/pxweb/en/DB/DB__1E__IE/0081E3AIES0.px"
"REGION IX - ZAMBOANGA PENINSULA","Third Decile","Average Savings  (in thousand pesos)","20.89","","2026-08-03T09-38-59-7a63a72104f8","https://openstat.psa.gov.ph/PXWeb/pxweb/en/DB/DB__1E__IE/0081E3AIES0.px"
"REGION IX - ZAMBOANGA PENINSULA","Fourth Decile","Average Income   (in thousand pesos)","154.3","","2026-08-03T09-38-59-7a63a72104f8","https://openstat.psa.gov.ph/PXWeb/pxweb/en/DB/DB__1E__IE/0081E3AIES0.px"
"REGION IX - ZAMBOANGA PENINSULA","Fourth Decile","Average Expenditure  (in thousand pesos)","129.07","","2026-08-03T09-38-59-7a63a72104f8","https://openstat.psa.gov.ph/PXWeb/pxweb/en/DB/DB__1E__IE/0081E3AIES0.px"
"REGION IX - ZAMBOANGA PENINSULA","Fourth Decile","Average Savings  (in thousand pesos)","25.23","","2026-08-03T09-38-59-7a63a72104f8","https://openstat.psa.gov.ph/PXWeb/pxweb/en/DB/DB__1E__IE/0081E3AIES0.px"
"REGION IX - ZAMBOANGA PENINSULA","Fifth Decile","Average Income   (in thousand pesos)","171.32","","2026-08-03T09-38-59-7a63a72104f8","https://openstat.psa.gov.ph/PXWeb/pxweb/en/DB/DB__1E__IE/0081E3AIES0.px"
"REGION IX - ZAMBOANGA PENINSULA","Fifth Decile","Average Expenditure  (in thousand pesos)","142.35","","2026-08-03T09-38-59-7a63a72104f8","https://openstat.psa.gov.ph/PXWeb/pxweb/en/DB/DB__1E__IE/0081E3AIES0.px"
"REGION IX - ZAMBOANGA PENINSULA","Fifth Decile","Average Savings  (in thousand pesos)","28.97","","2026-08-03T09-38-59-7a63a72104f8","https://openstat.psa.gov.ph/PXWeb/pxweb/en/DB/DB__1E__IE/0081E3AIES0.px"
"REGION IX - ZAMBOANGA PENINSULA","Sixth Decile","Average Income   (in thousand pesos)","186.89","","2026-08-03T09-38-59-7a63a72104f8","https://openstat.psa.gov.ph/PXWeb/pxweb/en/DB/DB__1E__IE/0081E3AIES0.px"
"REGION IX - ZAMBOANGA PENINSULA","Sixth Decile","Average Expenditure  (in thousand pesos)","152.87","","2026-08-03T09-38-59-7a63a72104f8","https://openstat.psa.gov.ph/PXWeb/pxweb/en/DB/DB__1E__IE/0081E3AIES0.px"
"REGION IX - ZAMBOANGA PENINSULA","Sixth Decile","Average Savings  (in thousand pesos)","34.01","","2026-08-03T09-38-59-7a63a72104f8","https://openstat.psa.gov.ph/PXWeb/pxweb/en/DB/DB__1E__IE/0081E3AIES0.px"
"REGION IX - ZAMBOANGA PENINSULA","Seventh Decile","Average Income   (in thousand pesos)","207.59","","2026-08-03T09-38-59-7a63a72104f8","https://openstat.psa.gov.ph/PXWeb/pxweb/en/DB/DB__1E__IE/0081E3AIES0.px"
"REGION IX - ZAMBOANGA PENINSULA","Seventh Decile","Average Expenditure  (in thousand pesos)","171.25","","2026-08-03T09-38-59-7a63a72104f8","https://openstat.psa.gov.ph/PXWeb/pxweb/en/DB/DB__1E__IE/0081E3AIES0.px"
"REGION IX - ZAMBOANGA PENINSULA","Seventh Decile","Average Savings  (in thousand pesos)","36.34","","2026-08-03T09-38-59-7a63a72104f8","https://openstat.psa.gov.ph/PXWeb/pxweb/en/DB/DB__1E__IE/0081E3AIES0.px"
"REGION IX - ZAMBOANGA PENINSULA","Eighth Decile","Average Income   (in thousand pesos)","234.78","","2026-08-03T09-38-59-7a63a72104f8","https://openstat.psa.gov.ph/PXWeb/pxweb/en/DB/DB__1E__IE/0081E3AIES0.px"
"REGION IX - ZAMBOANGA PENINSULA","Eighth Decile","Average Expenditure  (in thousand pesos)","191.09","","2026-08-03T09-38-59-7a63a72104f8","https://openstat.psa.gov.ph/PXWeb/pxweb/en/DB/DB__1E__IE/0081E3AIES0.px"
"REGION IX - ZAMBOANGA PENINSULA","Eighth Decile","Average Savings  (in thousand pesos)","43.69","","2026-08-03T09-38-59-7a63a72104f8","https://openstat.psa.gov.ph/PXWeb/pxweb/en/DB/DB__1E__IE/0081E3AIES0.px"
"REGION IX - ZAMBOANGA PENINSULA","Ninth Decile","Average Income   (in thousand pesos)","301.37","","2026-08-03T09-38-59-7a63a72104f8","https://openstat.psa.gov.ph/PXWeb/pxweb/en/DB/DB__1E__IE/0081E3AIES0.px"
"REGION IX - ZAMBOANGA PENINSULA","Ninth Decile","Average Expenditure  (in thousand pesos)","233.43","","2026-08-03T09-38-59-7a63a72104f8","https://openstat.psa.gov.ph/PXWeb/pxweb/en/DB/DB__1E__IE/0081E3AIES0.px"
"REGION IX - ZAMBOANGA PENINSULA","Ninth Decile","Average Savings  (in thousand pesos)","67.94","","2026-08-03T09-38-59-7a63a72104f8","https://openstat.psa.gov.ph/PXWeb/pxweb/en/DB/DB__1E__IE/0081E3AIES0.px"
"REGION IX - ZAMBOANGA PENINSULA","Tenth Decile","Average Income   (in thousand pesos)","659.23","","2026-08-03T09-38-59-7a63a72104f8","https://openstat.psa.gov.ph/PXWeb/pxweb/en/DB/DB__1E__IE/0081E3AIES0.px"
"REGION IX - ZAMBOANGA PENINSULA","Tenth Decile","Average Expenditure  (in thousand pesos)","441.16","","2026-08-03T09-38-59-7a63a72104f8","https://openstat.psa.gov.ph/PXWeb/pxweb/en/DB/DB__1E__IE/0081E3AIES0.px"
"REGION IX - ZAMBOANGA PENINSULA","Tenth Decile","Average Savings  (in thousand pesos)","218.07","","2026-08-03T09-38-59-7a63a72104f8","https://openstat.psa.gov.ph/PXWeb/pxweb/en/DB/DB__1E__IE/0081E3AIES0.px"
"ZAMBOANGA DEL NORTE","All Income Groups","Average Income   (in thousand pesos)","211.73","","2026-08-03T09-38-59-7a63a72104f8","https://openstat.psa.gov.ph/PXWeb/pxweb/en/DB/DB__1E__IE/0081E3AIES0.px"
"ZAMBOANGA DEL NORTE","All Income Groups","Average Expenditure  (in thousand pesos)","165.73","","2026-08-03T09-38-59-7a63a72104f8","https://openstat.psa.gov.ph/PXWeb/pxweb/en/DB/DB__1E__IE/0081E3AIES0.px"
"ZAMBOANGA DEL NORTE","All Income Groups","Average Savings  (in thousand pesos)","46","","2026-08-03T09-38-59-7a63a72104f8","https://openstat.psa.gov.ph/PXWeb/pxweb/en/DB/DB__1E__IE/0081E3AIES0.px"
"ZAMBOANGA DEL NORTE","First Decile","Average Income   (in thousand pesos)","114.43","","2026-08-03T09-38-59-7a63a72104f8","https://openstat.psa.gov.ph/PXWeb/pxweb/en/DB/DB__1E__IE/0081E3AIES0.px"
"ZAMBOANGA DEL NORTE","First Decile","Average Expenditure  (in thousand pesos)","101.78","","2026-08-03T09-38-59-7a63a72104f8","https://openstat.psa.gov.ph/PXWeb/pxweb/en/DB/DB__1E__IE/0081E3AIES0.px"
"ZAMBOANGA DEL NORTE","First Decile","Average Savings  (in thousand pesos)","12.65","","2026-08-03T09-38-59-7a63a72104f8","https://openstat.psa.gov.ph/PXWeb/pxweb/en/DB/DB__1E__IE/0081E3AIES0.px"
"ZAMBOANGA DEL NORTE","Second Decile","Average Income   (in thousand pesos)","122.56","","2026-08-03T09-38-59-7a63a72104f8","https://openstat.psa.gov.ph/PXWeb/pxweb/en/DB/DB__1E__IE/0081E3AIES0.px"
"ZAMBOANGA DEL NORTE","Second Decile","Average Expenditure  (in thousand pesos)","105.99","","2026-08-03T09-38-59-7a63a72104f8","https://openstat.psa.gov.ph/PXWeb/pxweb/en/DB/DB__1E__IE/0081E3AIES0.px"
"ZAMBOANGA DEL NORTE","Second Decile","Average Savings  (in thousand pesos)","16.57","","2026-08-03T09-38-59-7a63a72104f8","https://openstat.psa.gov.ph/PXWeb/pxweb/en/DB/DB__1E__IE/0081E3AIES0.px"
"ZAMBOANGA DEL NORTE","Third Decile","Average Income   (in thousand pesos)","141.18","","2026-08-03T09-38-59-7a63a72104f8","https://openstat.psa.gov.ph/PXWeb/pxweb/en/DB/DB__1E__IE/0081E3AIES0.px"
"ZAMBOANGA DEL NORTE","Third Decile","Average Expenditure  (in thousand pesos)","120.11","","2026-08-03T09-38-59-7a63a72104f8","https://openstat.psa.gov.ph/PXWeb/pxweb/en/DB/DB__1E__IE/0081E3AIES0.px"
"ZAMBOANGA DEL NORTE","Third Decile","Average Savings  (in thousand pesos)","21.07","","2026-08-03T09-38-59-7a63a72104f8","https://openstat.psa.gov.ph/PXWeb/pxweb/en/DB/DB__1E__IE/0081E3AIES0.px"
"ZAMBOANGA DEL NORTE","Fourth Decile","Average Income   (in thousand pesos)","148.45","","2026-08-03T09-38-59-7a63a72104f8","https://openstat.psa.gov.ph/PXWeb/pxweb/en/DB/DB__1E__IE/0081E3AIES0.px"
"ZAMBOANGA DEL NORTE","Fourth Decile","Average Expenditure  (in thousand pesos)","124.53","","2026-08-03T09-38-59-7a63a72104f8","https://openstat.psa.gov.ph/PXWeb/pxweb/en/DB/DB__1E__IE/0081E3AIES0.px"
"ZAMBOANGA DEL NORTE","Fourth Decile","Average Savings  (in thousand pesos)","23.92","","2026-08-03T09-38-59-7a63a72104f8","https://openstat.psa.gov.ph/PXWeb/pxweb/en/DB/DB__1E__IE/0081E3AIES0.px"
"ZAMBOANGA DEL NORTE","Fifth Decile","Average Income   (in thousand pesos)","154.51","","2026-08-03T09-38-59-7a63a72104f8","https://openstat.psa.gov.ph/PXWeb/pxweb/en/DB/DB__1E__IE/0081E3AIES0.px"
"ZAMBOANGA DEL NORTE","Fifth Decile","Average Expenditure  (in thousand pesos)","128.14","","2026-08-03T09-38-59-7a63a72104f8","https://openstat.psa.gov.ph/PXWeb/pxweb/en/DB/DB__1E__IE/0081E3AIES0.px"
"ZAMBOANGA DEL NORTE","Fifth Decile","Average Savings  (in thousand pesos)","26.37","","2026-08-03T09-38-59-7a63a72104f8","https://openstat.psa.gov.ph/PXWeb/pxweb/en/DB/DB__1E__IE/0081E3AIES0.px"
"ZAMBOANGA DEL NORTE","Sixth Decile","Average Income   (in thousand pesos)","163.65","","2026-08-03T09-38-59-7a63a72104f8","https://openstat.psa.gov.ph/PXWeb/pxweb/en/DB/DB__1E__IE/0081E3AIES0.px"
"ZAMBOANGA DEL NORTE","Sixth Decile","Average Expenditure  (in thousand pesos)","134.21","","2026-08-03T09-38-59-7a63a72104f8","https://openstat.psa.gov.ph/PXWeb/pxweb/en/DB/DB__1E__IE/0081E3AIES0.px"
"ZAMBOANGA DEL NORTE","Sixth Decile","Average Savings  (in thousand pesos)","29.43","","2026-08-03T09-38-59-7a63a72104f8","https://openstat.psa.gov.ph/PXWeb/pxweb/en/DB/DB__1E__IE/0081E3AIES0.px"
"ZAMBOANGA DEL NORTE","Seventh Decile","Average Income   (in thousand pesos)","174.05","","2026-08-03T09-38-59-7a63a72104f8","https://openstat.psa.gov.ph/PXWeb/pxweb/en/DB/DB__1E__IE/0081E3AIES0.px"
"ZAMBOANGA DEL NORTE","Seventh Decile","Average Expenditure  (in thousand pesos)","137.41","","2026-08-03T09-38-59-7a63a72104f8","https://openstat.psa.gov.ph/PXWeb/pxweb/en/DB/DB__1E__IE/0081E3AIES0.px"
"ZAMBOANGA DEL NORTE","Seventh Decile","Average Savings  (in thousand pesos)","36.64","","2026-08-03T09-38-59-7a63a72104f8","https://openstat.psa.gov.ph/PXWeb/pxweb/en/DB/DB__1E__IE/0081E3AIES0.px"
"ZAMBOANGA DEL NORTE","Eighth Decile","Average Income   (in thousand pesos)","200.11","","2026-08-03T09-38-59-7a63a72104f8","https://openstat.psa.gov.ph/PXWeb/pxweb/en/DB/DB__1E__IE/0081E3AIES0.px"
"ZAMBOANGA DEL NORTE","Eighth Decile","Average Expenditure  (in thousand pesos)","158.72","","2026-08-03T09-38-59-7a63a72104f8","https://openstat.psa.gov.ph/PXWeb/pxweb/en/DB/DB__1E__IE/0081E3AIES0.px"
"ZAMBOANGA DEL NORTE","Eighth Decile","Average Savings  (in thousand pesos)","41.39","","2026-08-03T09-38-59-7a63a72104f8","https://openstat.psa.gov.ph/PXWeb/pxweb/en/DB/DB__1E__IE/0081E3AIES0.px"
"ZAMBOANGA DEL NORTE","Ninth Decile","Average Income   (in thousand pesos)","248.51","","2026-08-03T09-38-59-7a63a72104f8","https://openstat.psa.gov.ph/PXWeb/pxweb/en/DB/DB__1E__IE/0081E3AIES0.px"
"ZAMBOANGA DEL NORTE","Ninth Decile","Average Expenditure  (in thousand pesos)","189.31","","2026-08-03T09-38-59-7a63a72104f8","https://openstat.psa.gov.ph/PXWeb/pxweb/en/DB/DB__1E__IE/0081E3AIES0.px"
"ZAMBOANGA DEL NORTE","Ninth Decile","Average Savings  (in thousand pesos)","59.21","","2026-08-03T09-38-59-7a63a72104f8","https://openstat.psa.gov.ph/PXWeb/pxweb/en/DB/DB__1E__IE/0081E3AIES0.px"
"ZAMBOANGA DEL NORTE","Tenth Decile","Average Income   (in thousand pesos)","647.87","","2026-08-03T09-38-59-7a63a72104f8","https://openstat.psa.gov.ph/PXWeb/pxweb/en/DB/DB__1E__IE/0081E3AIES0.px"
"ZAMBOANGA DEL NORTE","Tenth Decile","Average Expenditure  (in thousand pesos)","455.82","","2026-08-03T09-38-59-7a63a72104f8","https://openstat.psa.gov.ph/PXWeb/pxweb/en/DB/DB__1E__IE/0081E3AIES0.px"
"ZAMBOANGA DEL NORTE","Tenth Decile","Average Savings  (in thousand pesos)","192.05","","2026-08-03T09-38-59-7a63a72104f8","https://openstat.psa.gov.ph/PXWeb/pxweb/en/DB/DB__1E__IE/0081E3AIES0.px"
"ZAMBOANGA DEL SUR (Excluding City of Zamboanga)","All Income Groups","Average Income   (in thousand pesos)","206.37","","2026-08-03T09-38-59-7a63a72104f8","https://openstat.psa.gov.ph/PXWeb/pxweb/en/DB/DB__1E__IE/0081E3AIES0.px"
"ZAMBOANGA DEL SUR (Excluding City of Zamboanga)","All Income Groups","Average Expenditure  (in thousand pesos)","147.39","","2026-08-03T09-38-59-7a63a72104f8","https://openstat.psa.gov.ph/PXWeb/pxweb/en/DB/DB__1E__IE/0081E3AIES0.px"
"ZAMBOANGA DEL SUR (Excluding City of Zamboanga)","All Income Groups","Average Savings  (in thousand pesos)","58.99","","2026-08-03T09-38-59-7a63a72104f8","https://openstat.psa.gov.ph/PXWeb/pxweb/en/DB/DB__1E__IE/0081E3AIES0.px"
"ZAMBOANGA DEL SUR (Excluding City of Zamboanga)","First Decile","Average Income   (in thousand pesos)","80.93","","2026-08-03T09-38-59-7a63a72104f8","https://openstat.psa.gov.ph/PXWeb/pxweb/en/DB/DB__1E__IE/0081E3AIES0.px"
"ZAMBOANGA DEL SUR (Excluding City of Zamboanga)","First Decile","Average Expenditure  (in thousand pesos)","78.67","","2026-08-03T09-38-59-7a63a72104f8","https://openstat.psa.gov.ph/PXWeb/pxweb/en/DB/DB__1E__IE/0081E3AIES0.px"
"ZAMBOANGA DEL SUR (Excluding City of Zamboanga)","First Decile","Average Savings  (in thousand pesos)","2.26","","2026-08-03T09-38-59-7a63a72104f8","https://openstat.psa.gov.ph/PXWeb/pxweb/en/DB/DB__1E__IE/0081E3AIES0.px"
"ZAMBOANGA DEL SUR (Excluding City of Zamboanga)","Second Decile","Average Income   (in thousand pesos)","106.83","","2026-08-03T09-38-59-7a63a72104f8","https://openstat.psa.gov.ph/PXWeb/pxweb/en/DB/DB__1E__IE/0081E3AIES0.px"
"ZAMBOANGA DEL SUR (Excluding City of Zamboanga)","Second Decile","Average Expenditure  (in thousand pesos)","94.52","","2026-08-03T09-38-59-7a63a72104f8","https://openstat.psa.gov.ph/PXWeb/pxweb/en/DB/DB__1E__IE/0081E3AIES0.px"
"ZAMBOANGA DEL SUR (Excluding City of Zamboanga)","Second Decile","Average Savings  (in thousand pesos)","12.31","","2026-08-03T09-38-59-7a63a72104f8","https://openstat.psa.gov.ph/PXWeb/pxweb/en/DB/DB__1E__IE/0081E3AIES0.px"
"ZAMBOANGA DEL SUR (Excluding City of Zamboanga)","Third Decile","Average Income   (in thousand pesos)","120.93","","2026-08-03T09-38-59-7a63a72104f8","https://openstat.psa.gov.ph/PXWeb/pxweb/en/DB/DB__1E__IE/0081E3AIES0.px"
"ZAMBOANGA DEL SUR (Excluding City of Zamboanga)","Third Decile","Average Expenditure  (in thousand pesos)","105.57","","2026-08-03T09-38-59-7a63a72104f8","https://openstat.psa.gov.ph/PXWeb/pxweb/en/DB/DB__1E__IE/0081E3AIES0.px"
"ZAMBOANGA DEL SUR (Excluding City of Zamboanga)","Third Decile","Average Savings  (in thousand pesos)","15.36","","2026-08-03T09-38-59-7a63a72104f8","https://openstat.psa.gov.ph/PXWeb/pxweb/en/DB/DB__1E__IE/0081E3AIES0.px"
"ZAMBOANGA DEL SUR (Excluding City of Zamboanga)","Fourth Decile","Average Income   (in thousand pesos)","122.07","","2026-08-03T09-38-59-7a63a72104f8","https://openstat.psa.gov.ph/PXWeb/pxweb/en/DB/DB__1E__IE/0081E3AIES0.px"
"ZAMBOANGA DEL SUR (Excluding City of Zamboanga)","Fourth Decile","Average Expenditure  (in thousand pesos)","102.1","","2026-08-03T09-38-59-7a63a72104f8","https://openstat.psa.gov.ph/PXWeb/pxweb/en/DB/DB__1E__IE/0081E3AIES0.px"
"ZAMBOANGA DEL SUR (Excluding City of Zamboanga)","Fourth Decile","Average Savings  (in thousand pesos)","19.97","","2026-08-03T09-38-59-7a63a72104f8","https://openstat.psa.gov.ph/PXWeb/pxweb/en/DB/DB__1E__IE/0081E3AIES0.px"
"ZAMBOANGA DEL SUR (Excluding City of Zamboanga)","Fifth Decile","Average Income   (in thousand pesos)","138.15","","2026-08-03T09-38-59-7a63a72104f8","https://openstat.psa.gov.ph/PXWeb/pxweb/en/DB/DB__1E__IE/0081E3AIES0.px"
"ZAMBOANGA DEL SUR (Excluding City of Zamboanga)","Fifth Decile","Average Expenditure  (in thousand pesos)","109.35","","2026-08-03T09-38-59-7a63a72104f8","https://openstat.psa.gov.ph/PXWeb/pxweb/en/DB/DB__1E__IE/0081E3AIES0.px"
"ZAMBOANGA DEL SUR (Excluding City of Zamboanga)","Fifth Decile","Average Savings  (in thousand pesos)","28.79","","2026-08-03T09-38-59-7a63a72104f8","https://openstat.psa.gov.ph/PXWeb/pxweb/en/DB/DB__1E__IE/0081E3AIES0.px"
"ZAMBOANGA DEL SUR (Excluding City of Zamboanga)","Sixth Decile","Average Income   (in thousand pesos)","155.44","","2026-08-03T09-38-59-7a63a72104f8","https://openstat.psa.gov.ph/PXWeb/pxweb/en/DB/DB__1E__IE/0081E3AIES0.px"
"ZAMBOANGA DEL SUR (Excluding City of Zamboanga)","Sixth Decile","Average Expenditure  (in thousand pesos)","122.14","","2026-08-03T09-38-59-7a63a72104f8","https://openstat.psa.gov.ph/PXWeb/pxweb/en/DB/DB__1E__IE/0081E3AIES0.px"
"ZAMBOANGA DEL SUR (Excluding City of Zamboanga)","Sixth Decile","Average Savings  (in thousand pesos)","33.31","","2026-08-03T09-38-59-7a63a72104f8","https://openstat.psa.gov.ph/PXWeb/pxweb/en/DB/DB__1E__IE/0081E3AIES0.px"
"ZAMBOANGA DEL SUR (Excluding City of Zamboanga)","Seventh Decile","Average Income   (in thousand pesos)","165.33","","2026-08-03T09-38-59-7a63a72104f8","https://openstat.psa.gov.ph/PXWeb/pxweb/en/DB/DB__1E__IE/0081E3AIES0.px"
"ZAMBOANGA DEL SUR (Excluding City of Zamboanga)","Seventh Decile","Average Expenditure  (in thousand pesos)","127.06","","2026-08-03T09-38-59-7a63a72104f8","https://openstat.psa.gov.ph/PXWeb/pxweb/en/DB/DB__1E__IE/0081E3AIES0.px"
"ZAMBOANGA DEL SUR (Excluding City of Zamboanga)","Seventh Decile","Average Savings  (in thousand pesos)","38.27","","2026-08-03T09-38-59-7a63a72104f8","https://openstat.psa.gov.ph/PXWeb/pxweb/en/DB/DB__1E__IE/0081E3AIES0.px"
"ZAMBOANGA DEL SUR (Excluding City of Zamboanga)","Eighth Decile","Average Income   (in thousand pesos)","195.23","","2026-08-03T09-38-59-7a63a72104f8","https://openstat.psa.gov.ph/PXWeb/pxweb/en/DB/DB__1E__IE/0081E3AIES0.px"
"ZAMBOANGA DEL SUR (Excluding City of Zamboanga)","Eighth Decile","Average Expenditure  (in thousand pesos)","146.38","","2026-08-03T09-38-59-7a63a72104f8","https://openstat.psa.gov.ph/PXWeb/pxweb/en/DB/DB__1E__IE/0081E3AIES0.px"
"ZAMBOANGA DEL SUR (Excluding City of Zamboanga)","Eighth Decile","Average Savings  (in thousand pesos)","48.85","","2026-08-03T09-38-59-7a63a72104f8","https://openstat.psa.gov.ph/PXWeb/pxweb/en/DB/DB__1E__IE/0081E3AIES0.px"
"ZAMBOANGA DEL SUR (Excluding City of Zamboanga)","Ninth Decile","Average Income   (in thousand pesos)","297.99","","2026-08-03T09-38-59-7a63a72104f8","https://openstat.psa.gov.ph/PXWeb/pxweb/en/DB/DB__1E__IE/0081E3AIES0.px"
"ZAMBOANGA DEL SUR (Excluding City of Zamboanga)","Ninth Decile","Average Expenditure  (in thousand pesos)","202.22","","2026-08-03T09-38-59-7a63a72104f8","https://openstat.psa.gov.ph/PXWeb/pxweb/en/DB/DB__1E__IE/0081E3AIES0.px"
"ZAMBOANGA DEL SUR (Excluding City of Zamboanga)","Ninth Decile","Average Savings  (in thousand pesos)","95.78","","2026-08-03T09-38-59-7a63a72104f8","https://openstat.psa.gov.ph/PXWeb/pxweb/en/DB/DB__1E__IE/0081E3AIES0.px"
"ZAMBOANGA DEL SUR (Excluding City of Zamboanga)","Tenth Decile","Average Income   (in thousand pesos)","678","","2026-08-03T09-38-59-7a63a72104f8","https://openstat.psa.gov.ph/PXWeb/pxweb/en/DB/DB__1E__IE/0081E3AIES0.px"
"ZAMBOANGA DEL SUR (Excluding City of Zamboanga)","Tenth Decile","Average Expenditure  (in thousand pesos)","384.44","","2026-08-03T09-38-59-7a63a72104f8","https://openstat.psa.gov.ph/PXWeb/pxweb/en/DB/DB__1E__IE/0081E3AIES0.px"
"ZAMBOANGA DEL SUR (Excluding City of Zamboanga)","Tenth Decile","Average Savings  (in thousand pesos)","293.56","","2026-08-03T09-38-59-7a63a72104f8","https://openstat.psa.gov.ph/PXWeb/pxweb/en/DB/DB__1E__IE/0081E3AIES0.px"
"..City of Zamboanga","All Income Groups","Average Income   (in thousand pesos)","264.06","","2026-08-03T09-38-59-7a63a72104f8","https://openstat.psa.gov.ph/PXWeb/pxweb/en/DB/DB__1E__IE/0081E3AIES0.px"
"..City of Zamboanga","All Income Groups","Average Expenditure  (in thousand pesos)","226.6","","2026-08-03T09-38-59-7a63a72104f8","https://openstat.psa.gov.ph/PXWeb/pxweb/en/DB/DB__1E__IE/0081E3AIES0.px"
"..City of Zamboanga","All Income Groups","Average Savings  (in thousand pesos)","37.46","","2026-08-03T09-38-59-7a63a72104f8","https://openstat.psa.gov.ph/PXWeb/pxweb/en/DB/DB__1E__IE/0081E3AIES0.px"
"..City of Zamboanga","First Decile","Average Income   (in thousand pesos)","178.87","","2026-08-03T09-38-59-7a63a72104f8","https://openstat.psa.gov.ph/PXWeb/pxweb/en/DB/DB__1E__IE/0081E3AIES0.px"
"..City of Zamboanga","First Decile","Average Expenditure  (in thousand pesos)","151.81","","2026-08-03T09-38-59-7a63a72104f8","https://openstat.psa.gov.ph/PXWeb/pxweb/en/DB/DB__1E__IE/0081E3AIES0.px"
"..City of Zamboanga","First Decile","Average Savings  (in thousand pesos)","27.06","","2026-08-03T09-38-59-7a63a72104f8","https://openstat.psa.gov.ph/PXWeb/pxweb/en/DB/DB__1E__IE/0081E3AIES0.px"
"..City of Zamboanga","Second Decile","Average Income   (in thousand pesos)","199.41","","2026-08-03T09-38-59-7a63a72104f8","https://openstat.psa.gov.ph/PXWeb/pxweb/en/DB/DB__1E__IE/0081E3AIES0.px"
"..City of Zamboanga","Second Decile","Average Expenditure  (in thousand pesos)","171.03","","2026-08-03T09-38-59-7a63a72104f8","https://openstat.psa.gov.ph/PXWeb/pxweb/en/DB/DB__1E__IE/0081E3AIES0.px"
"..City of Zamboanga","Second Decile","Average Savings  (in thousand pesos)","28.38","","2026-08-03T09-38-59-7a63a72104f8","https://openstat.psa.gov.ph/PXWeb/pxweb/en/DB/DB__1E__IE/0081E3AIES0.px"
"..City of Zamboanga","Third Decile","Average Income   (in thousand pesos)","215.08","","2026-08-03T09-38-59-7a63a72104f8","https://openstat.psa.gov.ph/PXWeb/pxweb/en/DB/DB__1E__IE/0081E3AIES0.px"
"..City of Zamboanga","Third Decile","Average Expenditure  (in thousand pesos)","185.75","","2026-08-03T09-38-59-7a63a72104f8","https://openstat.psa.gov.ph/PXWeb/pxweb/en/DB/DB__1E__IE/0081E3AIES0.px"
"..City of Zamboanga","Third Decile","Average Savings  (in thousand pesos)","29.32","","2026-08-03T09-38-59-7a63a72104f8","https://openstat.psa.gov.ph/PXWeb/pxweb/en/DB/DB__1E__IE/0081E3AIES0.px"
"..City of Zamboanga","Fourth Decile","Average Income   (in thousand pesos)","220.67","","2026-08-03T09-38-59-7a63a72104f8","https://openstat.psa.gov.ph/PXWeb/pxweb/en/DB/DB__1E__IE/0081E3AIES0.px"
"..City of Zamboanga","Fourth Decile","Average Expenditure  (in thousand pesos)","189.14","","2026-08-03T09-38-59-7a63a72104f8","https://openstat.psa.gov.ph/PXWeb/pxweb/en/DB/DB__1E__IE/0081E3AIES0.px"
"..City of Zamboanga","Fourth Decile","Average Savings  (in thousand pesos)","31.54","","2026-08-03T09-38-59-7a63a72104f8","https://openstat.psa.gov.ph/PXWeb/pxweb/en/DB/DB__1E__IE/0081E3AIES0.px"
"..City of Zamboanga","Fifth Decile","Average Income   (in thousand pesos)","228.52","","2026-08-03T09-38-59-7a63a72104f8","https://openstat.psa.gov.ph/PXWeb/pxweb/en/DB/DB__1E__IE/0081E3AIES0.px"
"..City of Zamboanga","Fifth Decile","Average Expenditure  (in thousand pesos)","199.49","","2026-08-03T09-38-59-7a63a72104f8","https://openstat.psa.gov.ph/PXWeb/pxweb/en/DB/DB__1E__IE/0081E3AIES0.px"
"..City of Zamboanga","Fifth Decile","Average Savings  (in thousand pesos)","29.02","","2026-08-03T09-38-59-7a63a72104f8","https://openstat.psa.gov.ph/PXWeb/pxweb/en/DB/DB__1E__IE/0081E3AIES0.px"
"..City of Zamboanga","Sixth Decile","Average Income   (in thousand pesos)","243.3","","2026-08-03T09-38-59-7a63a72104f8","https://openstat.psa.gov.ph/PXWeb/pxweb/en/DB/DB__1E__IE/0081E3AIES0.px"
"..City of Zamboanga","Sixth Decile","Average Expenditure  (in thousand pesos)","214.43","","2026-08-03T09-38-59-7a63a72104f8","https://openstat.psa.gov.ph/PXWeb/pxweb/en/DB/DB__1E__IE/0081E3AIES0.px"
"..City of Zamboanga","Sixth Decile","Average Savings  (in thousand pesos)","28.86","","2026-08-03T09-38-59-7a63a72104f8","https://openstat.psa.gov.ph/PXWeb/pxweb/en/DB/DB__1E__IE/0081E3AIES0.px"
"..City of Zamboanga","Seventh Decile","Average Income   (in thousand pesos)","245.51","","2026-08-03T09-38-59-7a63a72104f8","https://openstat.psa.gov.ph/PXWeb/pxweb/en/DB/DB__1E__IE/0081E3AIES0.px"
"..City of Zamboanga","Seventh Decile","Average Expenditure  (in thousand pesos)","211.09","","2026-08-03T09-38-59-7a63a72104f8","https://openstat.psa.gov.ph/PXWeb/pxweb/en/DB/DB__1E__IE/0081E3AIES0.px"
"..City of Zamboanga","Seventh Decile","Average Savings  (in thousand pesos)","34.42","","2026-08-03T09-38-59-7a63a72104f8","https://openstat.psa.gov.ph/PXWeb/pxweb/en/DB/DB__1E__IE/0081E3AIES0.px"
"..City of Zamboanga","Eighth Decile","Average Income   (in thousand pesos)","272.44","","2026-08-03T09-38-59-7a63a72104f8","https://openstat.psa.gov.ph/PXWeb/pxweb/en/DB/DB__1E__IE/0081E3AIES0.px"
"..City of Zamboanga","Eighth Decile","Average Expenditure  (in thousand pesos)","235.69","","2026-08-03T09-38-59-7a63a72104f8","https://openstat.psa.gov.ph/PXWeb/pxweb/en/DB/DB__1E__IE/0081E3AIES0.px"
"..City of Zamboanga","Eighth Decile","Average Savings  (in thousand pesos)","36.76","","2026-08-03T09-38-59-7a63a72104f8","https://openstat.psa.gov.ph/PXWeb/pxweb/en/DB/DB__1E__IE/0081E3AIES0.px"
"..City of Zamboanga","Ninth Decile","Average Income   (in thousand pesos)","315.46","","2026-08-03T09-38-59-7a63a72104f8","https://openstat.psa.gov.ph/PXWeb/pxweb/en/DB/DB__1E__IE/0081E3AIES0.px"
"..City of Zamboanga","Ninth Decile","Average Expenditure  (in thousand pesos)","271.73","","2026-08-03T09-38-59-7a63a72104f8","https://openstat.psa.gov.ph/PXWeb/pxweb/en/DB/DB__1E__IE/0081E3AIES0.px"
"..City of Zamboanga","Ninth Decile","Average Savings  (in thousand pesos)","43.73","","2026-08-03T09-38-59-7a63a72104f8","https://openstat.psa.gov.ph/PXWeb/pxweb/en/DB/DB__1E__IE/0081E3AIES0.px"
"..City of Zamboanga","Tenth Decile","Average Income   (in thousand pesos)","519.81","","2026-08-03T09-38-59-7a63a72104f8","https://openstat.psa.gov.ph/PXWeb/pxweb/en/DB/DB__1E__IE/0081E3AIES0.px"
"..City of Zamboanga","Tenth Decile","Average Expenditure  (in thousand pesos)","434.54","","2026-08-03T09-38-59-7a63a72104f8","https://openstat.psa.gov.ph/PXWeb/pxweb/en/DB/DB__1E__IE/0081E3AIES0.px"
"..City of Zamboanga","Tenth Decile","Average Savings  (in thousand pesos)","85.27","","2026-08-03T09-38-59-7a63a72104f8","https://openstat.psa.gov.ph/PXWeb/pxweb/en/DB/DB__1E__IE/0081E3AIES0.px"
"ZAMBOANGA SIBUGAY","All Income Groups","Average Income   (in thousand pesos)","233.11","","2026-08-03T09-38-59-7a63a72104f8","https://openstat.psa.gov.ph/PXWeb/pxweb/en/DB/DB__1E__IE/0081E3AIES0.px"
"ZAMBOANGA SIBUGAY","All Income Groups","Average Expenditure  (in thousand pesos)","177.71","","2026-08-03T09-38-59-7a63a72104f8","https://openstat.psa.gov.ph/PXWeb/pxweb/en/DB/DB__1E__IE/0081E3AIES0.px"
"ZAMBOANGA SIBUGAY","All Income Groups","Average Savings  (in thousand pesos)","55.4","","2026-08-03T09-38-59-7a63a72104f8","https://openstat.psa.gov.ph/PXWeb/pxweb/en/DB/DB__1E__IE/0081E3AIES0.px"
"ZAMBOANGA SIBUGAY","First Decile","Average Income   (in thousand pesos)","110.04","","2026-08-03T09-38-59-7a63a72104f8","https://openstat.psa.gov.ph/PXWeb/pxweb/en/DB/DB__1E__IE/0081E3AIES0.px"
"ZAMBOANGA SIBUGAY","First Decile","Average Expenditure  (in thousand pesos)","101.54","","2026-08-03T09-38-59-7a63a72104f8","https://openstat.psa.gov.ph/PXWeb/pxweb/en/DB/DB__1E__IE/0081E3AIES0.px"
"ZAMBOANGA SIBUGAY","First Decile","Average Savings  (in thousand pesos)","8.5","","2026-08-03T09-38-59-7a63a72104f8","https://openstat.psa.gov.ph/PXWeb/pxweb/en/DB/DB__1E__IE/0081E3AIES0.px"
"ZAMBOANGA SIBUGAY","Second Decile","Average Income   (in thousand pesos)","123.82","","2026-08-03T09-38-59-7a63a72104f8","https://openstat.psa.gov.ph/PXWeb/pxweb/en/DB/DB__1E__IE/0081E3AIES0.px"
"ZAMBOANGA SIBUGAY","Second Decile","Average Expenditure  (in thousand pesos)","111.88","","2026-08-03T09-38-59-7a63a72104f8","https://openstat.psa.gov.ph/PXWeb/pxweb/en/DB/DB__1E__IE/0081E3AIES0.px"
"ZAMBOANGA SIBUGAY","Second Decile","Average Savings  (in thousand pesos)","11.94","","2026-08-03T09-38-59-7a63a72104f8","https://openstat.psa.gov.ph/PXWeb/pxweb/en/DB/DB__1E__IE/0081E3AIES0.px"
"ZAMBOANGA SIBUGAY","Third Decile","Average Income   (in thousand pesos)","127.6","","2026-08-03T09-38-59-7a63a72104f8","https://openstat.psa.gov.ph/PXWeb/pxweb/en/DB/DB__1E__IE/0081E3AIES0.px"
"ZAMBOANGA SIBUGAY","Third Decile","Average Expenditure  (in thousand pesos)","115.8","","2026-08-03T09-38-59-7a63a72104f8","https://openstat.psa.gov.ph/PXWeb/pxweb/en/DB/DB__1E__IE/0081E3AIES0.px"
"ZAMBOANGA SIBUGAY","Third Decile","Average Savings  (in thousand pesos)","11.8","","2026-08-03T09-38-59-7a63a72104f8","https://openstat.psa.gov.ph/PXWeb/pxweb/en/DB/DB__1E__IE/0081E3AIES0.px"
"ZAMBOANGA SIBUGAY","Fourth Decile","Average Income   (in thousand pesos)","133.91","","2026-08-03T09-38-59-7a63a72104f8","https://openstat.psa.gov.ph/PXWeb/pxweb/en/DB/DB__1E__IE/0081E3AIES0.px"
"ZAMBOANGA SIBUGAY","Fourth Decile","Average Expenditure  (in thousand pesos)","118.55","","2026-08-03T09-38-59-7a63a72104f8","https://openstat.psa.gov.ph/PXWeb/pxweb/en/DB/DB__1E__IE/0081E3AIES0.px"
"ZAMBOANGA SIBUGAY","Fourth Decile","Average Savings  (in thousand pesos)","15.36","","2026-08-03T09-38-59-7a63a72104f8","https://openstat.psa.gov.ph/PXWeb/pxweb/en/DB/DB__1E__IE/0081E3AIES0.px"
"ZAMBOANGA SIBUGAY","Fifth Decile","Average Income   (in thousand pesos)","141.32","","2026-08-03T09-38-59-7a63a72104f8","https://openstat.psa.gov.ph/PXWeb/pxweb/en/DB/DB__1E__IE/0081E3AIES0.px"
"ZAMBOANGA SIBUGAY","Fifth Decile","Average Expenditure  (in thousand pesos)","125.24","","2026-08-03T09-38-59-7a63a72104f8","https://openstat.psa.gov.ph/PXWeb/pxweb/en/DB/DB__1E__IE/0081E3AIES0.px"
"ZAMBOANGA SIBUGAY","Fifth Decile","Average Savings  (in thousand pesos)","16.08","","2026-08-03T09-38-59-7a63a72104f8","https://openstat.psa.gov.ph/PXWeb/pxweb/en/DB/DB__1E__IE/0081E3AIES0.px"
"ZAMBOANGA SIBUGAY","Sixth Decile","Average Income   (in thousand pesos)","157.67","","2026-08-03T09-38-59-7a63a72104f8","https://openstat.psa.gov.ph/PXWeb/pxweb/en/DB/DB__1E__IE/0081E3AIES0.px"
"ZAMBOANGA SIBUGAY","Sixth Decile","Average Expenditure  (in thousand pesos)","134.71","","2026-08-03T09-38-59-7a63a72104f8","https://openstat.psa.gov.ph/PXWeb/pxweb/en/DB/DB__1E__IE/0081E3AIES0.px"
"ZAMBOANGA SIBUGAY","Sixth Decile","Average Savings  (in thousand pesos)","22.96","","2026-08-03T09-38-59-7a63a72104f8","https://openstat.psa.gov.ph/PXWeb/pxweb/en/DB/DB__1E__IE/0081E3AIES0.px"
"ZAMBOANGA SIBUGAY","Seventh Decile","Average Income   (in thousand pesos)","182.76","","2026-08-03T09-38-59-7a63a72104f8","https://openstat.psa.gov.ph/PXWeb/pxweb/en/DB/DB__1E__IE/0081E3AIES0.px"
"ZAMBOANGA SIBUGAY","Seventh Decile","Average Expenditure  (in thousand pesos)","155.01","","2026-08-03T09-38-59-7a63a72104f8","https://openstat.psa.gov.ph/PXWeb/pxweb/en/DB/DB__1E__IE/0081E3AIES0.px"
"ZAMBOANGA SIBUGAY","Seventh Decile","Average Savings  (in thousand pesos)","27.75","","2026-08-03T09-38-59-7a63a72104f8","https://openstat.psa.gov.ph/PXWeb/pxweb/en/DB/DB__1E__IE/0081E3AIES0.px"
"ZAMBOANGA SIBUGAY","Eighth Decile","Average Income   (in thousand pesos)","222.14","","2026-08-03T09-38-59-7a63a72104f8","https://openstat.psa.gov.ph/PXWeb/pxweb/en/DB/DB__1E__IE/0081E3AIES0.px"
"ZAMBOANGA SIBUGAY","Eighth Decile","Average Expenditure  (in thousand pesos)","180.46","","2026-08-03T09-38-59-7a63a72104f8","https://openstat.psa.gov.ph/PXWeb/pxweb/en/DB/DB__1E__IE/0081E3AIES0.px"
"ZAMBOANGA SIBUGAY","Eighth Decile","Average Savings  (in thousand pesos)","41.68","","2026-08-03T09-38-59-7a63a72104f8","https://openstat.psa.gov.ph/PXWeb/pxweb/en/DB/DB__1E__IE/0081E3AIES0.px"
"ZAMBOANGA SIBUGAY","Ninth Decile","Average Income   (in thousand pesos)","310.72","","2026-08-03T09-38-59-7a63a72104f8","https://openstat.psa.gov.ph/PXWeb/pxweb/en/DB/DB__1E__IE/0081E3AIES0.px"
"ZAMBOANGA SIBUGAY","Ninth Decile","Average Expenditure  (in thousand pesos)","237.07","","2026-08-03T09-38-59-7a63a72104f8","https://openstat.psa.gov.ph/PXWeb/pxweb/en/DB/DB__1E__IE/0081E3AIES0.px"
"ZAMBOANGA SIBUGAY","Ninth Decile","Average Savings  (in thousand pesos)","73.65","","2026-08-03T09-38-59-7a63a72104f8","https://openstat.psa.gov.ph/PXWeb/pxweb/en/DB/DB__1E__IE/0081E3AIES0.px"
"ZAMBOANGA SIBUGAY","Tenth Decile","Average Income   (in thousand pesos)","819.65","","2026-08-03T09-38-59-7a63a72104f8","https://openstat.psa.gov.ph/PXWeb/pxweb/en/DB/DB__1E__IE/0081E3AIES0.px"
"ZAMBOANGA SIBUGAY","Tenth Decile","Average Expenditure  (in thousand pesos)","496.02","","2026-08-03T09-38-59-7a63a72104f8","https://openstat.psa.gov.ph/PXWeb/pxweb/en/DB/DB__1E__IE/0081E3AIES0.px"
"ZAMBOANGA SIBUGAY","Tenth Decile","Average Savings  (in thousand pesos)","323.63","","2026-08-03T09-38-59-7a63a72104f8","https://openstat.psa.gov.ph/PXWeb/pxweb/en/DB/DB__1E__IE/0081E3AIES0.px"
"City of Isabela","All Income Groups","Average Income   (in thousand pesos)","211.73","","2026-08-03T09-38-59-7a63a72104f8","https://openstat.psa.gov.ph/PXWeb/pxweb/en/DB/DB__1E__IE/0081E3AIES0.px"
"City of Isabela","All Income Groups","Average Expenditure  (in thousand pesos)","165.73","","2026-08-03T09-38-59-7a63a72104f8","https://openstat.psa.gov.ph/PXWeb/pxweb/en/DB/DB__1E__IE/0081E3AIES0.px"
"City of Isabela","All Income Groups","Average Savings  (in thousand pesos)","46","","2026-08-03T09-38-59-7a63a72104f8","https://openstat.psa.gov.ph/PXWeb/pxweb/en/DB/DB__1E__IE/0081E3AIES0.px"
"City of Isabela","First Decile","Average Income   (in thousand pesos)","114.43","","2026-08-03T09-38-59-7a63a72104f8","https://openstat.psa.gov.ph/PXWeb/pxweb/en/DB/DB__1E__IE/0081E3AIES0.px"
"City of Isabela","First Decile","Average Expenditure  (in thousand pesos)","101.78","","2026-08-03T09-38-59-7a63a72104f8","https://openstat.psa.gov.ph/PXWeb/pxweb/en/DB/DB__1E__IE/0081E3AIES0.px"
"City of Isabela","First Decile","Average Savings  (in thousand pesos)","12.65","","2026-08-03T09-38-59-7a63a72104f8","https://openstat.psa.gov.ph/PXWeb/pxweb/en/DB/DB__1E__IE/0081E3AIES0.px"
"City of Isabela","Second Decile","Average Income   (in thousand pesos)","122.56","","2026-08-03T09-38-59-7a63a72104f8","https://openstat.psa.gov.ph/PXWeb/pxweb/en/DB/DB__1E__IE/0081E3AIES0.px"
"City of Isabela","Second Decile","Average Expenditure  (in thousand pesos)","105.99","","2026-08-03T09-38-59-7a63a72104f8","https://openstat.psa.gov.ph/PXWeb/pxweb/en/DB/DB__1E__IE/0081E3AIES0.px"
"City of Isabela","Second Decile","Average Savings  (in thousand pesos)","16.57","","2026-08-03T09-38-59-7a63a72104f8","https://openstat.psa.gov.ph/PXWeb/pxweb/en/DB/DB__1E__IE/0081E3AIES0.px"
"City of Isabela","Third Decile","Average Income   (in thousand pesos)","141.18","","2026-08-03T09-38-59-7a63a72104f8","https://openstat.psa.gov.ph/PXWeb/pxweb/en/DB/DB__1E__IE/0081E3AIES0.px"
"City of Isabela","Third Decile","Average Expenditure  (in thousand pesos)","120.11","","2026-08-03T09-38-59-7a63a72104f8","https://openstat.psa.gov.ph/PXWeb/pxweb/en/DB/DB__1E__IE/0081E3AIES0.px"
"City of Isabela","Third Decile","Average Savings  (in thousand pesos)","21.07","","2026-08-03T09-38-59-7a63a72104f8","https://openstat.psa.gov.ph/PXWeb/pxweb/en/DB/DB__1E__IE/0081E3AIES0.px"
"City of Isabela","Fourth Decile","Average Income   (in thousand pesos)","148.45","","2026-08-03T09-38-59-7a63a72104f8","https://openstat.psa.gov.ph/PXWeb/pxweb/en/DB/DB__1E__IE/0081E3AIES0.px"
"City of Isabela","Fourth Decile","Average Expenditure  (in thousand pesos)","124.53","","2026-08-03T09-38-59-7a63a72104f8","https://openstat.psa.gov.ph/PXWeb/pxweb/en/DB/DB__1E__IE/0081E3AIES0.px"
"City of Isabela","Fourth Decile","Average Savings  (in thousand pesos)","23.92","","2026-08-03T09-38-59-7a63a72104f8","https://openstat.psa.gov.ph/PXWeb/pxweb/en/DB/DB__1E__IE/0081E3AIES0.px"
"City of Isabela","Fifth Decile","Average Income   (in thousand pesos)","154.51","","2026-08-03T09-38-59-7a63a72104f8","https://openstat.psa.gov.ph/PXWeb/pxweb/en/DB/DB__1E__IE/0081E3AIES0.px"
"City of Isabela","Fifth Decile","Average Expenditure  (in thousand pesos)","128.14","","2026-08-03T09-38-59-7a63a72104f8","https://openstat.psa.gov.ph/PXWeb/pxweb/en/DB/DB__1E__IE/0081E3AIES0.px"
"City of Isabela","Fifth Decile","Average Savings  (in thousand pesos)","26.37","","2026-08-03T09-38-59-7a63a72104f8","https://openstat.psa.gov.ph/PXWeb/pxweb/en/DB/DB__1E__IE/0081E3AIES0.px"
"City of Isabela","Sixth Decile","Average Income   (in thousand pesos)","163.65","","2026-08-03T09-38-59-7a63a72104f8","https://openstat.psa.gov.ph/PXWeb/pxweb/en/DB/DB__1E__IE/0081E3AIES0.px"
"City of Isabela","Sixth Decile","Average Expenditure  (in thousand pesos)","134.21","","2026-08-03T09-38-59-7a63a72104f8","https://openstat.psa.gov.ph/PXWeb/pxweb/en/DB/DB__1E__IE/0081E3AIES0.px"
"City of Isabela","Sixth Decile","Average Savings  (in thousand pesos)","29.43","","2026-08-03T09-38-59-7a63a72104f8","https://openstat.psa.gov.ph/PXWeb/pxweb/en/DB/DB__1E__IE/0081E3AIES0.px"
"City of Isabela","Seventh Decile","Average Income   (in thousand pesos)","174.05","","2026-08-03T09-38-59-7a63a72104f8","https://openstat.psa.gov.ph/PXWeb/pxweb/en/DB/DB__1E__IE/0081E3AIES0.px"
"City of Isabela","Seventh Decile","Average Expenditure  (in thousand pesos)","137.41","","2026-08-03T09-38-59-7a63a72104f8","https://openstat.psa.gov.ph/PXWeb/pxweb/en/DB/DB__1E__IE/0081E3AIES0.px"
"City of Isabela","Seventh Decile","Average Savings  (in thousand pesos)","36.64","","2026-08-03T09-38-59-7a63a72104f8","https://openstat.psa.gov.ph/PXWeb/pxweb/en/DB/DB__1E__IE/0081E3AIES0.px"
"City of Isabela","Eighth Decile","Average Income   (in thousand pesos)","200.11","","2026-08-03T09-38-59-7a63a72104f8","https://openstat.psa.gov.ph/PXWeb/pxweb/en/DB/DB__1E__IE/0081E3AIES0.px"
"City of Isabela","Eighth Decile","Average Expenditure  (in thousand pesos)","158.72","","2026-08-03T09-38-59-7a63a72104f8","https://openstat.psa.gov.ph/PXWeb/pxweb/en/DB/DB__1E__IE/0081E3AIES0.px"
"City of Isabela","Eighth Decile","Average Savings  (in thousand pesos)","41.39","","2026-08-03T09-38-59-7a63a72104f8","https://openstat.psa.gov.ph/PXWeb/pxweb/en/DB/DB__1E__IE/0081E3AIES0.px"
"City of Isabela","Ninth Decile","Average Income   (in thousand pesos)","248.51","","2026-08-03T09-38-59-7a63a72104f8","https://openstat.psa.gov.ph/PXWeb/pxweb/en/DB/DB__1E__IE/0081E3AIES0.px"
"City of Isabela","Ninth Decile","Average Expenditure  (in thousand pesos)","189.31","","2026-08-03T09-38-59-7a63a72104f8","https://openstat.psa.gov.ph/PXWeb/pxweb/en/DB/DB__1E__IE/0081E3AIES0.px"
"City of Isabela","Ninth Decile","Average Savings  (in thousand pesos)","59.21","","2026-08-03T09-38-59-7a63a72104f8","https://openstat.psa.gov.ph/PXWeb/pxweb/en/DB/DB__1E__IE/0081E3AIES0.px"
"City of Isabela","Tenth Decile","Average Income   (in thousand pesos)","647.87","","2026-08-03T09-38-59-7a63a72104f8","https://openstat.psa.gov.ph/PXWeb/pxweb/en/DB/DB__1E__IE/0081E3AIES0.px"
"City of Isabela","Tenth Decile","Average Expenditure  (in thousand pesos)","455.82","","2026-08-03T09-38-59-7a63a72104f8","https://openstat.psa.gov.ph/PXWeb/pxweb/en/DB/DB__1E__IE/0081E3AIES0.px"
"City of Isabela","Tenth Decile","Average Savings  (in thousand pesos)","192.05","","2026-08-03T09-38-59-7a63a72104f8","https://openstat.psa.gov.ph/PXWeb/pxweb/en/DB/DB__1E__IE/0081E3AIES0.px"
"REGION X - NORTHERN MINDANAO","All Income Groups","Average Income   (in thousand pesos)","206.37","","2026-08-03T09-38-59-7a63a72104f8","https://openstat.psa.gov.ph/PXWeb/pxweb/en/DB/DB__1E__IE/0081E3AIES0.px"
"REGION X - NORTHERN MINDANAO","All Income Groups","Average Expenditure  (in thousand pesos)","147.39","","2026-08-03T09-38-59-7a63a72104f8","https://openstat.psa.gov.ph/PXWeb/pxweb/en/DB/DB__1E__IE/0081E3AIES0.px"
"REGION X - NORTHERN MINDANAO","All Income Groups","Average Savings  (in thousand pesos)","58.99","","2026-08-03T09-38-59-7a63a72104f8","https://openstat.psa.gov.ph/PXWeb/pxweb/en/DB/DB__1E__IE/0081E3AIES0.px"
"REGION X - NORTHERN MINDANAO","First Decile","Average Income   (in thousand pesos)","80.93","","2026-08-03T09-38-59-7a63a72104f8","https://openstat.psa.gov.ph/PXWeb/pxweb/en/DB/DB__1E__IE/0081E3AIES0.px"
"REGION X - NORTHERN MINDANAO","First Decile","Average Expenditure  (in thousand pesos)","78.67","","2026-08-03T09-38-59-7a63a72104f8","https://openstat.psa.gov.ph/PXWeb/pxweb/en/DB/DB__1E__IE/0081E3AIES0.px"
"REGION X - NORTHERN MINDANAO","First Decile","Average Savings  (in thousand pesos)","2.26","","2026-08-03T09-38-59-7a63a72104f8","https://openstat.psa.gov.ph/PXWeb/pxweb/en/DB/DB__1E__IE/0081E3AIES0.px"
"REGION X - NORTHERN MINDANAO","Second Decile","Average Income   (in thousand pesos)","106.83","","2026-08-03T09-38-59-7a63a72104f8","https://openstat.psa.gov.ph/PXWeb/pxweb/en/DB/DB__1E__IE/0081E3AIES0.px"
"REGION X - NORTHERN MINDANAO","Second Decile","Average Expenditure  (in thousand pesos)","94.52","","2026-08-03T09-38-59-7a63a72104f8","https://openstat.psa.gov.ph/PXWeb/pxweb/en/DB/DB__1E__IE/0081E3AIES0.px"
"REGION X - NORTHERN MINDANAO","Second Decile","Average Savings  (in thousand pesos)","12.31","","2026-08-03T09-38-59-7a63a72104f8","https://openstat.psa.gov.ph/PXWeb/pxweb/en/DB/DB__1E__IE/0081E3AIES0.px"
"REGION X - NORTHERN MINDANAO","Third Decile","Average Income   (in thousand pesos)","120.93","","2026-08-03T09-38-59-7a63a72104f8","https://openstat.psa.gov.ph/PXWeb/pxweb/en/DB/DB__1E__IE/0081E3AIES0.px"
"REGION X - NORTHERN MINDANAO","Third Decile","Average Expenditure  (in thousand pesos)","105.57","","2026-08-03T09-38-59-7a63a72104f8","https://openstat.psa.gov.ph/PXWeb/pxweb/en/DB/DB__1E__IE/0081E3AIES0.px"
"REGION X - NORTHERN MINDANAO","Third Decile","Average Savings  (in thousand pesos)","15.36","","2026-08-03T09-38-59-7a63a72104f8","https://openstat.psa.gov.ph/PXWeb/pxweb/en/DB/DB__1E__IE/0081E3AIES0.px"
"REGION X - NORTHERN MINDANAO","Fourth Decile","Average Income   (in thousand pesos)","122.07","","2026-08-03T09-38-59-7a63a72104f8","https://openstat.psa.gov.ph/PXWeb/pxweb/en/DB/DB__1E__IE/0081E3AIES0.px"
"REGION X - NORTHERN MINDANAO","Fourth Decile","Average Expenditure  (in thousand pesos)","102.1","","2026-08-03T09-38-59-7a63a72104f8","https://openstat.psa.gov.ph/PXWeb/pxweb/en/DB/DB__1E__IE/0081E3AIES0.px"
"REGION X - NORTHERN MINDANAO","Fourth Decile","Average Savings  (in thousand pesos)","19.97","","2026-08-03T09-38-59-7a63a72104f8","https://openstat.psa.gov.ph/PXWeb/pxweb/en/DB/DB__1E__IE/0081E3AIES0.px"
"REGION X - NORTHERN MINDANAO","Fifth Decile","Average Income   (in thousand pesos)","138.15","","2026-08-03T09-38-59-7a63a72104f8","https://openstat.psa.gov.ph/PXWeb/pxweb/en/DB/DB__1E__IE/0081E3AIES0.px"
"REGION X - NORTHERN MINDANAO","Fifth Decile","Average Expenditure  (in thousand pesos)","109.35","","2026-08-03T09-38-59-7a63a72104f8","https://openstat.psa.gov.ph/PXWeb/pxweb/en/DB/DB__1E__IE/0081E3AIES0.px"
"REGION X - NORTHERN MINDANAO","Fifth Decile","Average Savings  (in thousand pesos)","28.79","","2026-08-03T09-38-59-7a63a72104f8","https://openstat.psa.gov.ph/PXWeb/pxweb/en/DB/DB__1E__IE/0081E3AIES0.px"
"REGION X - NORTHERN MINDANAO","Sixth Decile","Average Income   (in thousand pesos)","155.44","","2026-08-03T09-38-59-7a63a72104f8","https://openstat.psa.gov.ph/PXWeb/pxweb/en/DB/DB__1E__IE/0081E3AIES0.px"
"REGION X - NORTHERN MINDANAO","Sixth Decile","Average Expenditure  (in thousand pesos)","122.14","","2026-08-03T09-38-59-7a63a72104f8","https://openstat.psa.gov.ph/PXWeb/pxweb/en/DB/DB__1E__IE/0081E3AIES0.px"
"REGION X - NORTHERN MINDANAO","Sixth Decile","Average Savings  (in thousand pesos)","33.31","","2026-08-03T09-38-59-7a63a72104f8","https://openstat.psa.gov.ph/PXWeb/pxweb/en/DB/DB__1E__IE/0081E3AIES0.px"
"REGION X - NORTHERN MINDANAO","Seventh Decile","Average Income   (in thousand pesos)","165.33","","2026-08-03T09-38-59-7a63a72104f8","https://openstat.psa.gov.ph/PXWeb/pxweb/en/DB/DB__1E__IE/0081E3AIES0.px"
"REGION X - NORTHERN MINDANAO","Seventh Decile","Average Expenditure  (in thousand pesos)","127.06","","2026-08-03T09-38-59-7a63a72104f8","https://openstat.psa.gov.ph/PXWeb/pxweb/en/DB/DB__1E__IE/0081E3AIES0.px"
"REGION X - NORTHERN MINDANAO","Seventh Decile","Average Savings  (in thousand pesos)","38.27","","2026-08-03T09-38-59-7a63a72104f8","https://openstat.psa.gov.ph/PXWeb/pxweb/en/DB/DB__1E__IE/0081E3AIES0.px"
"REGION X - NORTHERN MINDANAO","Eighth Decile","Average Income   (in thousand pesos)","195.23","","2026-08-03T09-38-59-7a63a72104f8","https://openstat.psa.gov.ph/PXWeb/pxweb/en/DB/DB__1E__IE/0081E3AIES0.px"
"REGION X - NORTHERN MINDANAO","Eighth Decile","Average Expenditure  (in thousand pesos)","146.38","","2026-08-03T09-38-59-7a63a72104f8","https://openstat.psa.gov.ph/PXWeb/pxweb/en/DB/DB__1E__IE/0081E3AIES0.px"
"REGION X - NORTHERN MINDANAO","Eighth Decile","Average Savings  (in thousand pesos)","48.85","","2026-08-03T09-38-59-7a63a72104f8","https://openstat.psa.gov.ph/PXWeb/pxweb/en/DB/DB__1E__IE/0081E3AIES0.px"
"REGION X - NORTHERN MINDANAO","Ninth Decile","Average Income   (in thousand pesos)","297.99","","2026-08-03T09-38-59-7a63a72104f8","https://openstat.psa.gov.ph/PXWeb/pxweb/en/DB/DB__1E__IE/0081E3AIES0.px"
"REGION X - NORTHERN MINDANAO","Ninth Decile","Average Expenditure  (in thousand pesos)","202.22","","2026-08-03T09-38-59-7a63a72104f8","https://openstat.psa.gov.ph/PXWeb/pxweb/en/DB/DB__1E__IE/0081E3AIES0.px"
"REGION X - NORTHERN MINDANAO","Ninth Decile","Average Savings  (in thousand pesos)","95.78","","2026-08-03T09-38-59-7a63a72104f8","https://openstat.psa.gov.ph/PXWeb/pxweb/en/DB/DB__1E__IE/0081E3AIES0.px"
"REGION X - NORTHERN MINDANAO","Tenth Decile","Average Income   (in thousand pesos)","678","","2026-08-03T09-38-59-7a63a72104f8","https://openstat.psa.gov.ph/PXWeb/pxweb/en/DB/DB__1E__IE/0081E3AIES0.px"
"REGION X - NORTHERN MINDANAO","Tenth Decile","Average Expenditure  (in thousand pesos)","384.44","","2026-08-03T09-38-59-7a63a72104f8","https://openstat.psa.gov.ph/PXWeb/pxweb/en/DB/DB__1E__IE/0081E3AIES0.px"
"REGION X - NORTHERN MINDANAO","Tenth Decile","Average Savings  (in thousand pesos)","293.56","","2026-08-03T09-38-59-7a63a72104f8","https://openstat.psa.gov.ph/PXWeb/pxweb/en/DB/DB__1E__IE/0081E3AIES0.px"
"BUKIDNON","All Income Groups","Average Income   (in thousand pesos)","264.06","","2026-08-03T09-38-59-7a63a72104f8","https://openstat.psa.gov.ph/PXWeb/pxweb/en/DB/DB__1E__IE/0081E3AIES0.px"
"BUKIDNON","All Income Groups","Average Expenditure  (in thousand pesos)","226.6","","2026-08-03T09-38-59-7a63a72104f8","https://openstat.psa.gov.ph/PXWeb/pxweb/en/DB/DB__1E__IE/0081E3AIES0.px"
"BUKIDNON","All Income Groups","Average Savings  (in thousand pesos)","37.46","","2026-08-03T09-38-59-7a63a72104f8","https://openstat.psa.gov.ph/PXWeb/pxweb/en/DB/DB__1E__IE/0081E3AIES0.px"
"BUKIDNON","First Decile","Average Income   (in thousand pesos)","178.87","","2026-08-03T09-38-59-7a63a72104f8","https://openstat.psa.gov.ph/PXWeb/pxweb/en/DB/DB__1E__IE/0081E3AIES0.px"
"BUKIDNON","First Decile","Average Expenditure  (in thousand pesos)","151.81","","2026-08-03T09-38-59-7a63a72104f8","https://openstat.psa.gov.ph/PXWeb/pxweb/en/DB/DB__1E__IE/0081E3AIES0.px"
"BUKIDNON","First Decile","Average Savings  (in thousand pesos)","27.06","","2026-08-03T09-38-59-7a63a72104f8","https://openstat.psa.gov.ph/PXWeb/pxweb/en/DB/DB__1E__IE/0081E3AIES0.px"
"BUKIDNON","Second Decile","Average Income   (in thousand pesos)","199.41","","2026-08-03T09-38-59-7a63a72104f8","https://openstat.psa.gov.ph/PXWeb/pxweb/en/DB/DB__1E__IE/0081E3AIES0.px"
"BUKIDNON","Second Decile","Average Expenditure  (in thousand pesos)","171.03","","2026-08-03T09-38-59-7a63a72104f8","https://openstat.psa.gov.ph/PXWeb/pxweb/en/DB/DB__1E__IE/0081E3AIES0.px"
"BUKIDNON","Second Decile","Average Savings  (in thousand pesos)","28.38","","2026-08-03T09-38-59-7a63a72104f8","https://openstat.psa.gov.ph/PXWeb/pxweb/en/DB/DB__1E__IE/0081E3AIES0.px"
"BUKIDNON","Third Decile","Average Income   (in thousand pesos)","215.08","","2026-08-03T09-38-59-7a63a72104f8","https://openstat.psa.gov.ph/PXWeb/pxweb/en/DB/DB__1E__IE/0081E3AIES0.px"
"BUKIDNON","Third Decile","Average Expenditure  (in thousand pesos)","185.75","","2026-08-03T09-38-59-7a63a72104f8","https://openstat.psa.gov.ph/PXWeb/pxweb/en/DB/DB__1E__IE/0081E3AIES0.px"
"BUKIDNON","Third Decile","Average Savings  (in thousand pesos)","29.32","","2026-08-03T09-38-59-7a63a72104f8","https://openstat.psa.gov.ph/PXWeb/pxweb/en/DB/DB__1E__IE/0081E3AIES0.px"
"BUKIDNON","Fourth Decile","Average Income   (in thousand pesos)","220.67","","2026-08-03T09-38-59-7a63a72104f8","https://openstat.psa.gov.ph/PXWeb/pxweb/en/DB/DB__1E__IE/0081E3AIES0.px"
"BUKIDNON","Fourth Decile","Average Expenditure  (in thousand pesos)","189.14","","2026-08-03T09-38-59-7a63a72104f8","https://openstat.psa.gov.ph/PXWeb/pxweb/en/DB/DB__1E__IE/0081E3AIES0.px"
"BUKIDNON","Fourth Decile","Average Savings  (in thousand pesos)","31.54","","2026-08-03T09-38-59-7a63a72104f8","https://openstat.psa.gov.ph/PXWeb/pxweb/en/DB/DB__1E__IE/0081E3AIES0.px"
"BUKIDNON","Fifth Decile","Average Income   (in thousand pesos)","228.52","","2026-08-03T09-38-59-7a63a72104f8","https://openstat.psa.gov.ph/PXWeb/pxweb/en/DB/DB__1E__IE/0081E3AIES0.px"
"BUKIDNON","Fifth Decile","Average Expenditure  (in thousand pesos)","199.49","","2026-08-03T09-38-59-7a63a72104f8","https://openstat.psa.gov.ph/PXWeb/pxweb/en/DB/DB__1E__IE/0081E3AIES0.px"
"BUKIDNON","Fifth Decile","Average Savings  (in thousand pesos)","29.02","","2026-08-03T09-38-59-7a63a72104f8","https://openstat.psa.gov.ph/PXWeb/pxweb/en/DB/DB__1E__IE/0081E3AIES0.px"
"BUKIDNON","Sixth Decile","Average Income   (in thousand pesos)","243.3","","2026-08-03T09-38-59-7a63a72104f8","https://openstat.psa.gov.ph/PXWeb/pxweb/en/DB/DB__1E__IE/0081E3AIES0.px"
"BUKIDNON","Sixth Decile","Average Expenditure  (in thousand pesos)","214.43","","2026-08-03T09-38-59-7a63a72104f8","https://openstat.psa.gov.ph/PXWeb/pxweb/en/DB/DB__1E__IE/0081E3AIES0.px"
"BUKIDNON","Sixth Decile","Average Savings  (in thousand pesos)","28.86","","2026-08-03T09-38-59-7a63a72104f8","https://openstat.psa.gov.ph/PXWeb/pxweb/en/DB/DB__1E__IE/0081E3AIES0.px"
"BUKIDNON","Seventh Decile","Average Income   (in thousand pesos)","245.51","","2026-08-03T09-38-59-7a63a72104f8","https://openstat.psa.gov.ph/PXWeb/pxweb/en/DB/DB__1E__IE/0081E3AIES0.px"
"BUKIDNON","Seventh Decile","Average Expenditure  (in thousand pesos)","211.09","","2026-08-03T09-38-59-7a63a72104f8","https://openstat.psa.gov.ph/PXWeb/pxweb/en/DB/DB__1E__IE/0081E3AIES0.px"
"BUKIDNON","Seventh Decile","Average Savings  (in thousand pesos)","34.42","","2026-08-03T09-38-59-7a63a72104f8","https://openstat.psa.gov.ph/PXWeb/pxweb/en/DB/DB__1E__IE/0081E3AIES0.px"
"BUKIDNON","Eighth Decile","Average Income   (in thousand pesos)","272.44","","2026-08-03T09-38-59-7a63a72104f8","https://openstat.psa.gov.ph/PXWeb/pxweb/en/DB/DB__1E__IE/0081E3AIES0.px"
"BUKIDNON","Eighth Decile","Average Expenditure  (in thousand pesos)","235.69","","2026-08-03T09-38-59-7a63a72104f8","https://openstat.psa.gov.ph/PXWeb/pxweb/en/DB/DB__1E__IE/0081E3AIES0.px"
"BUKIDNON","Eighth Decile","Average Savings  (in thousand pesos)","36.76","","2026-08-03T09-38-59-7a63a72104f8","https://openstat.psa.gov.ph/PXWeb/pxweb/en/DB/DB__1E__IE/0081E3AIES0.px"
"BUKIDNON","Ninth Decile","Average Income   (in thousand pesos)","315.46","","2026-08-03T09-38-59-7a63a72104f8","https://openstat.psa.gov.ph/PXWeb/pxweb/en/DB/DB__1E__IE/0081E3AIES0.px"
"BUKIDNON","Ninth Decile","Average Expenditure  (in thousand pesos)","271.73","","2026-08-03T09-38-59-7a63a72104f8","https://openstat.psa.gov.ph/PXWeb/pxweb/en/DB/DB__1E__IE/0081E3AIES0.px"
"BUKIDNON","Ninth Decile","Average Savings  (in thousand pesos)","43.73","","2026-08-03T09-38-59-7a63a72104f8","https://openstat.psa.gov.ph/PXWeb/pxweb/en/DB/DB__1E__IE/0081E3AIES0.px"
"BUKIDNON","Tenth Decile","Average Income   (in thousand pesos)","519.81","","2026-08-03T09-38-59-7a63a72104f8","https://openstat.psa.gov.ph/PXWeb/pxweb/en/DB/DB__1E__IE/0081E3AIES0.px"
"BUKIDNON","Tenth Decile","Average Expenditure  (in thousand pesos)","434.54","","2026-08-03T09-38-59-7a63a72104f8","https://openstat.psa.gov.ph/PXWeb/pxweb/en/DB/DB__1E__IE/0081E3AIES0.px"
"BUKIDNON","Tenth Decile","Average Savings  (in thousand pesos)","85.27","","2026-08-03T09-38-59-7a63a72104f8","https://openstat.psa.gov.ph/PXWeb/pxweb/en/DB/DB__1E__IE/0081E3AIES0.px"
"CAMIGUIN","All Income Groups","Average Income   (in thousand pesos)","233.11","","2026-08-03T09-38-59-7a63a72104f8","https://openstat.psa.gov.ph/PXWeb/pxweb/en/DB/DB__1E__IE/0081E3AIES0.px"
"CAMIGUIN","All Income Groups","Average Expenditure  (in thousand pesos)","177.71","","2026-08-03T09-38-59-7a63a72104f8","https://openstat.psa.gov.ph/PXWeb/pxweb/en/DB/DB__1E__IE/0081E3AIES0.px"
"CAMIGUIN","All Income Groups","Average Savings  (in thousand pesos)","55.4","","2026-08-03T09-38-59-7a63a72104f8","https://openstat.psa.gov.ph/PXWeb/pxweb/en/DB/DB__1E__IE/0081E3AIES0.px"
"CAMIGUIN","First Decile","Average Income   (in thousand pesos)","110.04","","2026-08-03T09-38-59-7a63a72104f8","https://openstat.psa.gov.ph/PXWeb/pxweb/en/DB/DB__1E__IE/0081E3AIES0.px"
"CAMIGUIN","First Decile","Average Expenditure  (in thousand pesos)","101.54","","2026-08-03T09-38-59-7a63a72104f8","https://openstat.psa.gov.ph/PXWeb/pxweb/en/DB/DB__1E__IE/0081E3AIES0.px"
"CAMIGUIN","First Decile","Average Savings  (in thousand pesos)","8.5","","2026-08-03T09-38-59-7a63a72104f8","https://openstat.psa.gov.ph/PXWeb/pxweb/en/DB/DB__1E__IE/0081E3AIES0.px"
"CAMIGUIN","Second Decile","Average Income   (in thousand pesos)","123.82","","2026-08-03T09-38-59-7a63a72104f8","https://openstat.psa.gov.ph/PXWeb/pxweb/en/DB/DB__1E__IE/0081E3AIES0.px"
"CAMIGUIN","Second Decile","Average Expenditure  (in thousand pesos)","111.88","","2026-08-03T09-38-59-7a63a72104f8","https://openstat.psa.gov.ph/PXWeb/pxweb/en/DB/DB__1E__IE/0081E3AIES0.px"
"CAMIGUIN","Second Decile","Average Savings  (in thousand pesos)","11.94","","2026-08-03T09-38-59-7a63a72104f8","https://openstat.psa.gov.ph/PXWeb/pxweb/en/DB/DB__1E__IE/0081E3AIES0.px"
"CAMIGUIN","Third Decile","Average Income   (in thousand pesos)","127.6","","2026-08-03T09-38-59-7a63a72104f8","https://openstat.psa.gov.ph/PXWeb/pxweb/en/DB/DB__1E__IE/0081E3AIES0.px"
"CAMIGUIN","Third Decile","Average Expenditure  (in thousand pesos)","115.8","","2026-08-03T09-38-59-7a63a72104f8","https://openstat.psa.gov.ph/PXWeb/pxweb/en/DB/DB__1E__IE/0081E3AIES0.px"
"CAMIGUIN","Third Decile","Average Savings  (in thousand pesos)","11.8","","2026-08-03T09-38-59-7a63a72104f8","https://openstat.psa.gov.ph/PXWeb/pxweb/en/DB/DB__1E__IE/0081E3AIES0.px"
"CAMIGUIN","Fourth Decile","Average Income   (in thousand pesos)","133.91","","2026-08-03T09-38-59-7a63a72104f8","https://openstat.psa.gov.ph/PXWeb/pxweb/en/DB/DB__1E__IE/0081E3AIES0.px"
"CAMIGUIN","Fourth Decile","Average Expenditure  (in thousand pesos)","118.55","","2026-08-03T09-38-59-7a63a72104f8","https://openstat.psa.gov.ph/PXWeb/pxweb/en/DB/DB__1E__IE/0081E3AIES0.px"
"CAMIGUIN","Fourth Decile","Average Savings  (in thousand pesos)","15.36","","2026-08-03T09-38-59-7a63a72104f8","https://openstat.psa.gov.ph/PXWeb/pxweb/en/DB/DB__1E__IE/0081E3AIES0.px"
"CAMIGUIN","Fifth Decile","Average Income   (in thousand pesos)","141.32","","2026-08-03T09-38-59-7a63a72104f8","https://openstat.psa.gov.ph/PXWeb/pxweb/en/DB/DB__1E__IE/0081E3AIES0.px"
"CAMIGUIN","Fifth Decile","Average Expenditure  (in thousand pesos)","125.24","","2026-08-03T09-38-59-7a63a72104f8","https://openstat.psa.gov.ph/PXWeb/pxweb/en/DB/DB__1E__IE/0081E3AIES0.px"
"CAMIGUIN","Fifth Decile","Average Savings  (in thousand pesos)","16.08","","2026-08-03T09-38-59-7a63a72104f8","https://openstat.psa.gov.ph/PXWeb/pxweb/en/DB/DB__1E__IE/0081E3AIES0.px"
"CAMIGUIN","Sixth Decile","Average Income   (in thousand pesos)","157.67","","2026-08-03T09-38-59-7a63a72104f8","https://openstat.psa.gov.ph/PXWeb/pxweb/en/DB/DB__1E__IE/0081E3AIES0.px"
"CAMIGUIN","Sixth Decile","Average Expenditure  (in thousand pesos)","134.71","","2026-08-03T09-38-59-7a63a72104f8","https://openstat.psa.gov.ph/PXWeb/pxweb/en/DB/DB__1E__IE/0081E3AIES0.px"
"CAMIGUIN","Sixth Decile","Average Savings  (in thousand pesos)","22.96","","2026-08-03T09-38-59-7a63a72104f8","https://openstat.psa.gov.ph/PXWeb/pxweb/en/DB/DB__1E__IE/0081E3AIES0.px"
"CAMIGUIN","Seventh Decile","Average Income   (in thousand pesos)","182.76","","2026-08-03T09-38-59-7a63a72104f8","https://openstat.psa.gov.ph/PXWeb/pxweb/en/DB/DB__1E__IE/0081E3AIES0.px"
"CAMIGUIN","Seventh Decile","Average Expenditure  (in thousand pesos)","155.01","","2026-08-03T09-38-59-7a63a72104f8","https://openstat.psa.gov.ph/PXWeb/pxweb/en/DB/DB__1E__IE/0081E3AIES0.px"
"CAMIGUIN","Seventh Decile","Average Savings  (in thousand pesos)","27.75","","2026-08-03T09-38-59-7a63a72104f8","https://openstat.psa.gov.ph/PXWeb/pxweb/en/DB/DB__1E__IE/0081E3AIES0.px"
"CAMIGUIN","Eighth Decile","Average Income   (in thousand pesos)","222.14","","2026-08-03T09-38-59-7a63a72104f8","https://openstat.psa.gov.ph/PXWeb/pxweb/en/DB/DB__1E__IE/0081E3AIES0.px"
"CAMIGUIN","Eighth Decile","Average Expenditure  (in thousand pesos)","180.46","","2026-08-03T09-38-59-7a63a72104f8","https://openstat.psa.gov.ph/PXWeb/pxweb/en/DB/DB__1E__IE/0081E3AIES0.px"
"CAMIGUIN","Eighth Decile","Average Savings  (in thousand pesos)","41.68","","2026-08-03T09-38-59-7a63a72104f8","https://openstat.psa.gov.ph/PXWeb/pxweb/en/DB/DB__1E__IE/0081E3AIES0.px"
"CAMIGUIN","Ninth Decile","Average Income   (in thousand pesos)","310.72","","2026-08-03T09-38-59-7a63a72104f8","https://openstat.psa.gov.ph/PXWeb/pxweb/en/DB/DB__1E__IE/0081E3AIES0.px"
"CAMIGUIN","Ninth Decile","Average Expenditure  (in thousand pesos)","237.07","","2026-08-03T09-38-59-7a63a72104f8","https://openstat.psa.gov.ph/PXWeb/pxweb/en/DB/DB__1E__IE/0081E3AIES0.px"
"CAMIGUIN","Ninth Decile","Average Savings  (in thousand pesos)","73.65","","2026-08-03T09-38-59-7a63a72104f8","https://openstat.psa.gov.ph/PXWeb/pxweb/en/DB/DB__1E__IE/0081E3AIES0.px"
"CAMIGUIN","Tenth Decile","Average Income   (in thousand pesos)","819.65","","2026-08-03T09-38-59-7a63a72104f8","https://openstat.psa.gov.ph/PXWeb/pxweb/en/DB/DB__1E__IE/0081E3AIES0.px"
"CAMIGUIN","Tenth Decile","Average Expenditure  (in thousand pesos)","496.02","","2026-08-03T09-38-59-7a63a72104f8","https://openstat.psa.gov.ph/PXWeb/pxweb/en/DB/DB__1E__IE/0081E3AIES0.px"
"CAMIGUIN","Tenth Decile","Average Savings  (in thousand pesos)","323.63","","2026-08-03T09-38-59-7a63a72104f8","https://openstat.psa.gov.ph/PXWeb/pxweb/en/DB/DB__1E__IE/0081E3AIES0.px"
"LANAO DEL NORTE (Excluding City of Iligan)","All Income Groups","Average Income   (in thousand pesos)","226.16","","2026-08-03T09-38-59-7a63a72104f8","https://openstat.psa.gov.ph/PXWeb/pxweb/en/DB/DB__1E__IE/0081E3AIES0.px"
"LANAO DEL NORTE (Excluding City of Iligan)","All Income Groups","Average Expenditure  (in thousand pesos)","164.15","","2026-08-03T09-38-59-7a63a72104f8","https://openstat.psa.gov.ph/PXWeb/pxweb/en/DB/DB__1E__IE/0081E3AIES0.px"
"LANAO DEL NORTE (Excluding City of Iligan)","All Income Groups","Average Savings  (in thousand pesos)","62.01","","2026-08-03T09-38-59-7a63a72104f8","https://openstat.psa.gov.ph/PXWeb/pxweb/en/DB/DB__1E__IE/0081E3AIES0.px"
"LANAO DEL NORTE (Excluding City of Iligan)","First Decile","Average Income   (in thousand pesos)","108.97","","2026-08-03T09-38-59-7a63a72104f8","https://openstat.psa.gov.ph/PXWeb/pxweb/en/DB/DB__1E__IE/0081E3AIES0.px"
"LANAO DEL NORTE (Excluding City of Iligan)","First Decile","Average Expenditure  (in thousand pesos)","92.43","","2026-08-03T09-38-59-7a63a72104f8","https://openstat.psa.gov.ph/PXWeb/pxweb/en/DB/DB__1E__IE/0081E3AIES0.px"
"LANAO DEL NORTE (Excluding City of Iligan)","First Decile","Average Savings  (in thousand pesos)","16.54","","2026-08-03T09-38-59-7a63a72104f8","https://openstat.psa.gov.ph/PXWeb/pxweb/en/DB/DB__1E__IE/0081E3AIES0.px"
"LANAO DEL NORTE (Excluding City of Iligan)","Second Decile","Average Income   (in thousand pesos)","123.73","","2026-08-03T09-38-59-7a63a72104f8","https://openstat.psa.gov.ph/PXWeb/pxweb/en/DB/DB__1E__IE/0081E3AIES0.px"
"LANAO DEL NORTE (Excluding City of Iligan)","Second Decile","Average Expenditure  (in thousand pesos)","102.86","","2026-08-03T09-38-59-7a63a72104f8","https://openstat.psa.gov.ph/PXWeb/pxweb/en/DB/DB__1E__IE/0081E3AIES0.px"
"LANAO DEL NORTE (Excluding City of Iligan)","Second Decile","Average Savings  (in thousand pesos)","20.88","","2026-08-03T09-38-59-7a63a72104f8","https://openstat.psa.gov.ph/PXWeb/pxweb/en/DB/DB__1E__IE/0081E3AIES0.px"
"LANAO DEL NORTE (Excluding City of Iligan)","Third Decile","Average Income   (in thousand pesos)","133.44","","2026-08-03T09-38-59-7a63a72104f8","https://openstat.psa.gov.ph/PXWeb/pxweb/en/DB/DB__1E__IE/0081E3AIES0.px"
"LANAO DEL NORTE (Excluding City of Iligan)","Third Decile","Average Expenditure  (in thousand pesos)","111.19","","2026-08-03T09-38-59-7a63a72104f8","https://openstat.psa.gov.ph/PXWeb/pxweb/en/DB/DB__1E__IE/0081E3AIES0.px"
"LANAO DEL NORTE (Excluding City of Iligan)","Third Decile","Average Savings  (in thousand pesos)","22.26","","2026-08-03T09-38-59-7a63a72104f8","https://openstat.psa.gov.ph/PXWeb/pxweb/en/DB/DB__1E__IE/0081E3AIES0.px"
"LANAO DEL NORTE (Excluding City of Iligan)","Fourth Decile","Average Income   (in thousand pesos)","141.14","","2026-08-03T09-38-59-7a63a72104f8","https://openstat.psa.gov.ph/PXWeb/pxweb/en/DB/DB__1E__IE/0081E3AIES0.px"
"LANAO DEL NORTE (Excluding City of Iligan)","Fourth Decile","Average Expenditure  (in thousand pesos)","117.48","","2026-08-03T09-38-59-7a63a72104f8","https://openstat.psa.gov.ph/PXWeb/pxweb/en/DB/DB__1E__IE/0081E3AIES0.px"
"LANAO DEL NORTE (Excluding City of Iligan)","Fourth Decile","Average Savings  (in thousand pesos)","23.65","","2026-08-03T09-38-59-7a63a72104f8","https://openstat.psa.gov.ph/PXWeb/pxweb/en/DB/DB__1E__IE/0081E3AIES0.px"
"LANAO DEL NORTE (Excluding City of Iligan)","Fifth Decile","Average Income   (in thousand pesos)","159.97","","2026-08-03T09-38-59-7a63a72104f8","https://openstat.psa.gov.ph/PXWeb/pxweb/en/DB/DB__1E__IE/0081E3AIES0.px"
"LANAO DEL NORTE (Excluding City of Iligan)","Fifth Decile","Average Expenditure  (in thousand pesos)","131.67","","2026-08-03T09-38-59-7a63a72104f8","https://openstat.psa.gov.ph/PXWeb/pxweb/en/DB/DB__1E__IE/0081E3AIES0.px"
"LANAO DEL NORTE (Excluding City of Iligan)","Fifth Decile","Average Savings  (in thousand pesos)","28.3","","2026-08-03T09-38-59-7a63a72104f8","https://openstat.psa.gov.ph/PXWeb/pxweb/en/DB/DB__1E__IE/0081E3AIES0.px"
"LANAO DEL NORTE (Excluding City of Iligan)","Sixth Decile","Average Income   (in thousand pesos)","156.8","","2026-08-03T09-38-59-7a63a72104f8","https://openstat.psa.gov.ph/PXWeb/pxweb/en/DB/DB__1E__IE/0081E3AIES0.px"
"LANAO DEL NORTE (Excluding City of Iligan)","Sixth Decile","Average Expenditure  (in thousand pesos)","123.27","","2026-08-03T09-38-59-7a63a72104f8","https://openstat.psa.gov.ph/PXWeb/pxweb/en/DB/DB__1E__IE/0081E3AIES0.px"
"LANAO DEL NORTE (Excluding City of Iligan)","Sixth Decile","Average Savings  (in thousand pesos)","33.53","","2026-08-03T09-38-59-7a63a72104f8","https://openstat.psa.gov.ph/PXWeb/pxweb/en/DB/DB__1E__IE/0081E3AIES0.px"
"LANAO DEL NORTE (Excluding City of Iligan)","Seventh Decile","Average Income   (in thousand pesos)","174.15","","2026-08-03T09-38-59-7a63a72104f8","https://openstat.psa.gov.ph/PXWeb/pxweb/en/DB/DB__1E__IE/0081E3AIES0.px"
"LANAO DEL NORTE (Excluding City of Iligan)","Seventh Decile","Average Expenditure  (in thousand pesos)","138.32","","2026-08-03T09-38-59-7a63a72104f8","https://openstat.psa.gov.ph/PXWeb/pxweb/en/DB/DB__1E__IE/0081E3AIES0.px"
"LANAO DEL NORTE (Excluding City of Iligan)","Seventh Decile","Average Savings  (in thousand pesos)","35.83","","2026-08-03T09-38-59-7a63a72104f8","https://openstat.psa.gov.ph/PXWeb/pxweb/en/DB/DB__1E__IE/0081E3AIES0.px"
"LANAO DEL NORTE (Excluding City of Iligan)","Eighth Decile","Average Income   (in thousand pesos)","215.61","","2026-08-03T09-38-59-7a63a72104f8","https://openstat.psa.gov.ph/PXWeb/pxweb/en/DB/DB__1E__IE/0081E3AIES0.px"
"LANAO DEL NORTE (Excluding City of Iligan)","Eighth Decile","Average Expenditure  (in thousand pesos)","162","","2026-08-03T09-38-59-7a63a72104f8","https://openstat.psa.gov.ph/PXWeb/pxweb/en/DB/DB__1E__IE/0081E3AIES0.px"
"LANAO DEL NORTE (Excluding City of Iligan)","Eighth Decile","Average Savings  (in thousand pesos)","53.61","","2026-08-03T09-38-59-7a63a72104f8","https://openstat.psa.gov.ph/PXWeb/pxweb/en/DB/DB__1E__IE/0081E3AIES0.px"
"LANAO DEL NORTE (Excluding City of Iligan)","Ninth Decile","Average Income   (in thousand pesos)","280.05","","2026-08-03T09-38-59-7a63a72104f8","https://openstat.psa.gov.ph/PXWeb/pxweb/en/DB/DB__1E__IE/0081E3AIES0.px"
"LANAO DEL NORTE (Excluding City of Iligan)","Ninth Decile","Average Expenditure  (in thousand pesos)","213.81","","2026-08-03T09-38-59-7a63a72104f8","https://openstat.psa.gov.ph/PXWeb/pxweb/en/DB/DB__1E__IE/0081E3AIES0.px"
"LANAO DEL NORTE (Excluding City of Iligan)","Ninth Decile","Average Savings  (in thousand pesos)","66.24","","2026-08-03T09-38-59-7a63a72104f8","https://openstat.psa.gov.ph/PXWeb/pxweb/en/DB/DB__1E__IE/0081E3AIES0.px"
"LANAO DEL NORTE (Excluding City of Iligan)","Tenth Decile","Average Income   (in thousand pesos)","766.38","","2026-08-03T09-38-59-7a63a72104f8","https://openstat.psa.gov.ph/PXWeb/pxweb/en/DB/DB__1E__IE/0081E3AIES0.px"
"LANAO DEL NORTE (Excluding City of Iligan)","Tenth Decile","Average Expenditure  (in thousand pesos)","447.73","","2026-08-03T09-38-59-7a63a72104f8","https://openstat.psa.gov.ph/PXWeb/pxweb/en/DB/DB__1E__IE/0081E3AIES0.px"
"LANAO DEL NORTE (Excluding City of Iligan)","Tenth Decile","Average Savings  (in thousand pesos)","318.65","","2026-08-03T09-38-59-7a63a72104f8","https://openstat.psa.gov.ph/PXWeb/pxweb/en/DB/DB__1E__IE/0081E3AIES0.px"
"..City of Iligan","All Income Groups","Average Income   (in thousand pesos)","343.37","","2026-08-03T09-38-59-7a63a72104f8","https://openstat.psa.gov.ph/PXWeb/pxweb/en/DB/DB__1E__IE/0081E3AIES0.px"
"..City of Iligan","All Income Groups","Average Expenditure  (in thousand pesos)","235.35","","2026-08-03T09-38-59-7a63a72104f8","https://openstat.psa.gov.ph/PXWeb/pxweb/en/DB/DB__1E__IE/0081E3AIES0.px"
"..City of Iligan","All Income Groups","Average Savings  (in thousand pesos)","108.02","","2026-08-03T09-38-59-7a63a72104f8","https://openstat.psa.gov.ph/PXWeb/pxweb/en/DB/DB__1E__IE/0081E3AIES0.px"
"..City of Iligan","First Decile","Average Income   (in thousand pesos)","135","","2026-08-03T09-38-59-7a63a72104f8","https://openstat.psa.gov.ph/PXWeb/pxweb/en/DB/DB__1E__IE/0081E3AIES0.px"
"..City of Iligan","First Decile","Average Expenditure  (in thousand pesos)","107.16","","2026-08-03T09-38-59-7a63a72104f8","https://openstat.psa.gov.ph/PXWeb/pxweb/en/DB/DB__1E__IE/0081E3AIES0.px"
"..City of Iligan","First Decile","Average Savings  (in thousand pesos)","27.85","","2026-08-03T09-38-59-7a63a72104f8","https://openstat.psa.gov.ph/PXWeb/pxweb/en/DB/DB__1E__IE/0081E3AIES0.px"
"..City of Iligan","Second Decile","Average Income   (in thousand pesos)","195.51","","2026-08-03T09-38-59-7a63a72104f8","https://openstat.psa.gov.ph/PXWeb/pxweb/en/DB/DB__1E__IE/0081E3AIES0.px"
"..City of Iligan","Second Decile","Average Expenditure  (in thousand pesos)","150.87","","2026-08-03T09-38-59-7a63a72104f8","https://openstat.psa.gov.ph/PXWeb/pxweb/en/DB/DB__1E__IE/0081E3AIES0.px"
"..City of Iligan","Second Decile","Average Savings  (in thousand pesos)","44.63","","2026-08-03T09-38-59-7a63a72104f8","https://openstat.psa.gov.ph/PXWeb/pxweb/en/DB/DB__1E__IE/0081E3AIES0.px"
"..City of Iligan","Third Decile","Average Income   (in thousand pesos)","194.58","","2026-08-03T09-38-59-7a63a72104f8","https://openstat.psa.gov.ph/PXWeb/pxweb/en/DB/DB__1E__IE/0081E3AIES0.px"
"..City of Iligan","Third Decile","Average Expenditure  (in thousand pesos)","146.84","","2026-08-03T09-38-59-7a63a72104f8","https://openstat.psa.gov.ph/PXWeb/pxweb/en/DB/DB__1E__IE/0081E3AIES0.px"
"..City of Iligan","Third Decile","Average Savings  (in thousand pesos)","47.74","","2026-08-03T09-38-59-7a63a72104f8","https://openstat.psa.gov.ph/PXWeb/pxweb/en/DB/DB__1E__IE/0081E3AIES0.px"
"..City of Iligan","Fourth Decile","Average Income   (in thousand pesos)","224.29","","2026-08-03T09-38-59-7a63a72104f8","https://openstat.psa.gov.ph/PXWeb/pxweb/en/DB/DB__1E__IE/0081E3AIES0.px"
"..City of Iligan","Fourth Decile","Average Expenditure  (in thousand pesos)","166.94","","2026-08-03T09-38-59-7a63a72104f8","https://openstat.psa.gov.ph/PXWeb/pxweb/en/DB/DB__1E__IE/0081E3AIES0.px"
"..City of Iligan","Fourth Decile","Average Savings  (in thousand pesos)","57.35","","2026-08-03T09-38-59-7a63a72104f8","https://openstat.psa.gov.ph/PXWeb/pxweb/en/DB/DB__1E__IE/0081E3AIES0.px"
"..City of Iligan","Fifth Decile","Average Income   (in thousand pesos)","233.48","","2026-08-03T09-38-59-7a63a72104f8","https://openstat.psa.gov.ph/PXWeb/pxweb/en/DB/DB__1E__IE/0081E3AIES0.px"
"..City of Iligan","Fifth Decile","Average Expenditure  (in thousand pesos)","171.72","","2026-08-03T09-38-59-7a63a72104f8","https://openstat.psa.gov.ph/PXWeb/pxweb/en/DB/DB__1E__IE/0081E3AIES0.px"
"..City of Iligan","Fifth Decile","Average Savings  (in thousand pesos)","61.76","","2026-08-03T09-38-59-7a63a72104f8","https://openstat.psa.gov.ph/PXWeb/pxweb/en/DB/DB__1E__IE/0081E3AIES0.px"
"..City of Iligan","Sixth Decile","Average Income   (in thousand pesos)","288.83","","2026-08-03T09-38-59-7a63a72104f8","https://openstat.psa.gov.ph/PXWeb/pxweb/en/DB/DB__1E__IE/0081E3AIES0.px"
"..City of Iligan","Sixth Decile","Average Expenditure  (in thousand pesos)","209.49","","2026-08-03T09-38-59-7a63a72104f8","https://openstat.psa.gov.ph/PXWeb/pxweb/en/DB/DB__1E__IE/0081E3AIES0.px"
"..City of Iligan","Sixth Decile","Average Savings  (in thousand pesos)","79.34","","2026-08-03T09-38-59-7a63a72104f8","https://openstat.psa.gov.ph/PXWeb/pxweb/en/DB/DB__1E__IE/0081E3AIES0.px"
"..City of Iligan","Seventh Decile","Average Income   (in thousand pesos)","319.5","","2026-08-03T09-38-59-7a63a72104f8","https://openstat.psa.gov.ph/PXWeb/pxweb/en/DB/DB__1E__IE/0081E3AIES0.px"
"..City of Iligan","Seventh Decile","Average Expenditure  (in thousand pesos)","228.12","","2026-08-03T09-38-59-7a63a72104f8","https://openstat.psa.gov.ph/PXWeb/pxweb/en/DB/DB__1E__IE/0081E3AIES0.px"
"..City of Iligan","Seventh Decile","Average Savings  (in thousand pesos)","91.38","","2026-08-03T09-38-59-7a63a72104f8","https://openstat.psa.gov.ph/PXWeb/pxweb/en/DB/DB__1E__IE/0081E3AIES0.px"
"..City of Iligan","Eighth Decile","Average Income   (in thousand pesos)","374.19","","2026-08-03T09-38-59-7a63a72104f8","https://openstat.psa.gov.ph/PXWeb/pxweb/en/DB/DB__1E__IE/0081E3AIES0.px"
"..City of Iligan","Eighth Decile","Average Expenditure  (in thousand pesos)","259.54","","2026-08-03T09-38-59-7a63a72104f8","https://openstat.psa.gov.ph/PXWeb/pxweb/en/DB/DB__1E__IE/0081E3AIES0.px"
"..City of Iligan","Eighth Decile","Average Savings  (in thousand pesos)","114.65","","2026-08-03T09-38-59-7a63a72104f8","https://openstat.psa.gov.ph/PXWeb/pxweb/en/DB/DB__1E__IE/0081E3AIES0.px"
"..City of Iligan","Ninth Decile","Average Income   (in thousand pesos)","472.41","","2026-08-03T09-38-59-7a63a72104f8","https://openstat.psa.gov.ph/PXWeb/pxweb/en/DB/DB__1E__IE/0081E3AIES0.px"
"..City of Iligan","Ninth Decile","Average Expenditure  (in thousand pesos)","333.16","","2026-08-03T09-38-59-7a63a72104f8","https://openstat.psa.gov.ph/PXWeb/pxweb/en/DB/DB__1E__IE/0081E3AIES0.px"
"..City of Iligan","Ninth Decile","Average Savings  (in thousand pesos)","139.25","","2026-08-03T09-38-59-7a63a72104f8","https://openstat.psa.gov.ph/PXWeb/pxweb/en/DB/DB__1E__IE/0081E3AIES0.px"
"..City of Iligan","Tenth Decile","Average Income   (in thousand pesos)","993.96","","2026-08-03T09-38-59-7a63a72104f8","https://openstat.psa.gov.ph/PXWeb/pxweb/en/DB/DB__1E__IE/0081E3AIES0.px"
"..City of Iligan","Tenth Decile","Average Expenditure  (in thousand pesos)","578.43","","2026-08-03T09-38-59-7a63a72104f8","https://openstat.psa.gov.ph/PXWeb/pxweb/en/DB/DB__1E__IE/0081E3AIES0.px"
"..City of Iligan","Tenth Decile","Average Savings  (in thousand pesos)","415.53","","2026-08-03T09-38-59-7a63a72104f8","https://openstat.psa.gov.ph/PXWeb/pxweb/en/DB/DB__1E__IE/0081E3AIES0.px"
"MISAMIS OCCIDENTAL","All Income Groups","Average Income   (in thousand pesos)","251.63","","2026-08-03T09-38-59-7a63a72104f8","https://openstat.psa.gov.ph/PXWeb/pxweb/en/DB/DB__1E__IE/0081E3AIES0.px"
"MISAMIS OCCIDENTAL","All Income Groups","Average Expenditure  (in thousand pesos)","216.92","","2026-08-03T09-38-59-7a63a72104f8","https://openstat.psa.gov.ph/PXWeb/pxweb/en/DB/DB__1E__IE/0081E3AIES0.px"
"MISAMIS OCCIDENTAL","All Income Groups","Average Savings  (in thousand pesos)","34.71","","2026-08-03T09-38-59-7a63a72104f8","https://openstat.psa.gov.ph/PXWeb/pxweb/en/DB/DB__1E__IE/0081E3AIES0.px"
"MISAMIS OCCIDENTAL","First Decile","Average Income   (in thousand pesos)","111.38","","2026-08-03T09-38-59-7a63a72104f8","https://openstat.psa.gov.ph/PXWeb/pxweb/en/DB/DB__1E__IE/0081E3AIES0.px"
"MISAMIS OCCIDENTAL","First Decile","Average Expenditure  (in thousand pesos)","105.93","","2026-08-03T09-38-59-7a63a72104f8","https://openstat.psa.gov.ph/PXWeb/pxweb/en/DB/DB__1E__IE/0081E3AIES0.px"
"MISAMIS OCCIDENTAL","First Decile","Average Savings  (in thousand pesos)","5.45","","2026-08-03T09-38-59-7a63a72104f8","https://openstat.psa.gov.ph/PXWeb/pxweb/en/DB/DB__1E__IE/0081E3AIES0.px"
"MISAMIS OCCIDENTAL","Second Decile","Average Income   (in thousand pesos)","144.27","","2026-08-03T09-38-59-7a63a72104f8","https://openstat.psa.gov.ph/PXWeb/pxweb/en/DB/DB__1E__IE/0081E3AIES0.px"
"MISAMIS OCCIDENTAL","Second Decile","Average Expenditure  (in thousand pesos)","134.95","","2026-08-03T09-38-59-7a63a72104f8","https://openstat.psa.gov.ph/PXWeb/pxweb/en/DB/DB__1E__IE/0081E3AIES0.px"
"MISAMIS OCCIDENTAL","Second Decile","Average Savings  (in thousand pesos)","9.32","","2026-08-03T09-38-59-7a63a72104f8","https://openstat.psa.gov.ph/PXWeb/pxweb/en/DB/DB__1E__IE/0081E3AIES0.px"
"MISAMIS OCCIDENTAL","Third Decile","Average Income   (in thousand pesos)","142.76","","2026-08-03T09-38-59-7a63a72104f8","https://openstat.psa.gov.ph/PXWeb/pxweb/en/DB/DB__1E__IE/0081E3AIES0.px"
"MISAMIS OCCIDENTAL","Third Decile","Average Expenditure  (in thousand pesos)","134.24","","2026-08-03T09-38-59-7a63a72104f8","https://openstat.psa.gov.ph/PXWeb/pxweb/en/DB/DB__1E__IE/0081E3AIES0.px"
"MISAMIS OCCIDENTAL","Third Decile","Average Savings  (in thousand pesos)","8.52","","2026-08-03T09-38-59-7a63a72104f8","https://openstat.psa.gov.ph/PXWeb/pxweb/en/DB/DB__1E__IE/0081E3AIES0.px"
"MISAMIS OCCIDENTAL","Fourth Decile","Average Income   (in thousand pesos)","160.32","","2026-08-03T09-38-59-7a63a72104f8","https://openstat.psa.gov.ph/PXWeb/pxweb/en/DB/DB__1E__IE/0081E3AIES0.px"
"MISAMIS OCCIDENTAL","Fourth Decile","Average Expenditure  (in thousand pesos)","148.25","","2026-08-03T09-38-59-7a63a72104f8","https://openstat.psa.gov.ph/PXWeb/pxweb/en/DB/DB__1E__IE/0081E3AIES0.px"
"MISAMIS OCCIDENTAL","Fourth Decile","Average Savings  (in thousand pesos)","12.07","","2026-08-03T09-38-59-7a63a72104f8","https://openstat.psa.gov.ph/PXWeb/pxweb/en/DB/DB__1E__IE/0081E3AIES0.px"
"MISAMIS OCCIDENTAL","Fifth Decile","Average Income   (in thousand pesos)","177.36","","2026-08-03T09-38-59-7a63a72104f8","https://openstat.psa.gov.ph/PXWeb/pxweb/en/DB/DB__1E__IE/0081E3AIES0.px"
"MISAMIS OCCIDENTAL","Fifth Decile","Average Expenditure  (in thousand pesos)","161.08","","2026-08-03T09-38-59-7a63a72104f8","https://openstat.psa.gov.ph/PXWeb/pxweb/en/DB/DB__1E__IE/0081E3AIES0.px"
"MISAMIS OCCIDENTAL","Fifth Decile","Average Savings  (in thousand pesos)","16.28","","2026-08-03T09-38-59-7a63a72104f8","https://openstat.psa.gov.ph/PXWeb/pxweb/en/DB/DB__1E__IE/0081E3AIES0.px"
"MISAMIS OCCIDENTAL","Sixth Decile","Average Income   (in thousand pesos)","179.8","","2026-08-03T09-38-59-7a63a72104f8","https://openstat.psa.gov.ph/PXWeb/pxweb/en/DB/DB__1E__IE/0081E3AIES0.px"
"MISAMIS OCCIDENTAL","Sixth Decile","Average Expenditure  (in thousand pesos)","167.51","","2026-08-03T09-38-59-7a63a72104f8","https://openstat.psa.gov.ph/PXWeb/pxweb/en/DB/DB__1E__IE/0081E3AIES0.px"
"MISAMIS OCCIDENTAL","Sixth Decile","Average Savings  (in thousand pesos)","12.3","","2026-08-03T09-38-59-7a63a72104f8","https://openstat.psa.gov.ph/PXWeb/pxweb/en/DB/DB__1E__IE/0081E3AIES0.px"
"MISAMIS OCCIDENTAL","Seventh Decile","Average Income   (in thousand pesos)","197.72","","2026-08-03T09-38-59-7a63a72104f8","https://openstat.psa.gov.ph/PXWeb/pxweb/en/DB/DB__1E__IE/0081E3AIES0.px"
"MISAMIS OCCIDENTAL","Seventh Decile","Average Expenditure  (in thousand pesos)","178.17","","2026-08-03T09-38-59-7a63a72104f8","https://openstat.psa.gov.ph/PXWeb/pxweb/en/DB/DB__1E__IE/0081E3AIES0.px"
"MISAMIS OCCIDENTAL","Seventh Decile","Average Savings  (in thousand pesos)","19.55","","2026-08-03T09-38-59-7a63a72104f8","https://openstat.psa.gov.ph/PXWeb/pxweb/en/DB/DB__1E__IE/0081E3AIES0.px"
"MISAMIS OCCIDENTAL","Eighth Decile","Average Income   (in thousand pesos)","244.27","","2026-08-03T09-38-59-7a63a72104f8","https://openstat.psa.gov.ph/PXWeb/pxweb/en/DB/DB__1E__IE/0081E3AIES0.px"
"MISAMIS OCCIDENTAL","Eighth Decile","Average Expenditure  (in thousand pesos)","216.45","","2026-08-03T09-38-59-7a63a72104f8","https://openstat.psa.gov.ph/PXWeb/pxweb/en/DB/DB__1E__IE/0081E3AIES0.px"
"MISAMIS OCCIDENTAL","Eighth Decile","Average Savings  (in thousand pesos)","27.81","","2026-08-03T09-38-59-7a63a72104f8","https://openstat.psa.gov.ph/PXWeb/pxweb/en/DB/DB__1E__IE/0081E3AIES0.px"
"MISAMIS OCCIDENTAL","Ninth Decile","Average Income   (in thousand pesos)","380.38","","2026-08-03T09-38-59-7a63a72104f8","https://openstat.psa.gov.ph/PXWeb/pxweb/en/DB/DB__1E__IE/0081E3AIES0.px"
"MISAMIS OCCIDENTAL","Ninth Decile","Average Expenditure  (in thousand pesos)","309.72","","2026-08-03T09-38-59-7a63a72104f8","https://openstat.psa.gov.ph/PXWeb/pxweb/en/DB/DB__1E__IE/0081E3AIES0.px"
"MISAMIS OCCIDENTAL","Ninth Decile","Average Savings  (in thousand pesos)","70.66","","2026-08-03T09-38-59-7a63a72104f8","https://openstat.psa.gov.ph/PXWeb/pxweb/en/DB/DB__1E__IE/0081E3AIES0.px"
"MISAMIS OCCIDENTAL","Tenth Decile","Average Income   (in thousand pesos)","777","","2026-08-03T09-38-59-7a63a72104f8","https://openstat.psa.gov.ph/PXWeb/pxweb/en/DB/DB__1E__IE/0081E3AIES0.px"
"MISAMIS OCCIDENTAL","Tenth Decile","Average Expenditure  (in thousand pesos)","612.06","","2026-08-03T09-38-59-7a63a72104f8","https://openstat.psa.gov.ph/PXWeb/pxweb/en/DB/DB__1E__IE/0081E3AIES0.px"
"MISAMIS OCCIDENTAL","Tenth Decile","Average Savings  (in thousand pesos)","164.94","","2026-08-03T09-38-59-7a63a72104f8","https://openstat.psa.gov.ph/PXWeb/pxweb/en/DB/DB__1E__IE/0081E3AIES0.px"
"MISAMIS ORIENTAL (Excluding City of Cagayan de Oro)","All Income Groups","Average Income   (in thousand pesos)","254.01","","2026-08-03T09-38-59-7a63a72104f8","https://openstat.psa.gov.ph/PXWeb/pxweb/en/DB/DB__1E__IE/0081E3AIES0.px"
"MISAMIS ORIENTAL (Excluding City of Cagayan de Oro)","All Income Groups","Average Expenditure  (in thousand pesos)","172.38","","2026-08-03T09-38-59-7a63a72104f8","https://openstat.psa.gov.ph/PXWeb/pxweb/en/DB/DB__1E__IE/0081E3AIES0.px"
"MISAMIS ORIENTAL (Excluding City of Cagayan de Oro)","All Income Groups","Average Savings  (in thousand pesos)","81.63","","2026-08-03T09-38-59-7a63a72104f8","https://openstat.psa.gov.ph/PXWeb/pxweb/en/DB/DB__1E__IE/0081E3AIES0.px"
"MISAMIS ORIENTAL (Excluding City of Cagayan de Oro)","First Decile","Average Income   (in thousand pesos)","136.49","","2026-08-03T09-38-59-7a63a72104f8","https://openstat.psa.gov.ph/PXWeb/pxweb/en/DB/DB__1E__IE/0081E3AIES0.px"
"MISAMIS ORIENTAL (Excluding City of Cagayan de Oro)","First Decile","Average Expenditure  (in thousand pesos)","109.78","","2026-08-03T09-38-59-7a63a72104f8","https://openstat.psa.gov.ph/PXWeb/pxweb/en/DB/DB__1E__IE/0081E3AIES0.px"
"MISAMIS ORIENTAL (Excluding City of Cagayan de Oro)","First Decile","Average Savings  (in thousand pesos)","26.71","","2026-08-03T09-38-59-7a63a72104f8","https://openstat.psa.gov.ph/PXWeb/pxweb/en/DB/DB__1E__IE/0081E3AIES0.px"
"MISAMIS ORIENTAL (Excluding City of Cagayan de Oro)","Second Decile","Average Income   (in thousand pesos)","159.51","","2026-08-03T09-38-59-7a63a72104f8","https://openstat.psa.gov.ph/PXWeb/pxweb/en/DB/DB__1E__IE/0081E3AIES0.px"
"MISAMIS ORIENTAL (Excluding City of Cagayan de Oro)","Second Decile","Average Expenditure  (in thousand pesos)","121.02","","2026-08-03T09-38-59-7a63a72104f8","https://openstat.psa.gov.ph/PXWeb/pxweb/en/DB/DB__1E__IE/0081E3AIES0.px"
"MISAMIS ORIENTAL (Excluding City of Cagayan de Oro)","Second Decile","Average Savings  (in thousand pesos)","38.49","","2026-08-03T09-38-59-7a63a72104f8","https://openstat.psa.gov.ph/PXWeb/pxweb/en/DB/DB__1E__IE/0081E3AIES0.px"
"MISAMIS ORIENTAL (Excluding City of Cagayan de Oro)","Third Decile","Average Income   (in thousand pesos)","178.39","","2026-08-03T09-38-59-7a63a72104f8","https://openstat.psa.gov.ph/PXWeb/pxweb/en/DB/DB__1E__IE/0081E3AIES0.px"
"MISAMIS ORIENTAL (Excluding City of Cagayan de Oro)","Third Decile","Average Expenditure  (in thousand pesos)","129.27","","2026-08-03T09-38-59-7a63a72104f8","https://openstat.psa.gov.ph/PXWeb/pxweb/en/DB/DB__1E__IE/0081E3AIES0.px"
"MISAMIS ORIENTAL (Excluding City of Cagayan de Oro)","Third Decile","Average Savings  (in thousand pesos)","49.12","","2026-08-03T09-38-59-7a63a72104f8","https://openstat.psa.gov.ph/PXWeb/pxweb/en/DB/DB__1E__IE/0081E3AIES0.px"
"MISAMIS ORIENTAL (Excluding City of Cagayan de Oro)","Fourth Decile","Average Income   (in thousand pesos)","182.31","","2026-08-03T09-38-59-7a63a72104f8","https://openstat.psa.gov.ph/PXWeb/pxweb/en/DB/DB__1E__IE/0081E3AIES0.px"
"MISAMIS ORIENTAL (Excluding City of Cagayan de Oro)","Fourth Decile","Average Expenditure  (in thousand pesos)","130.62","","2026-08-03T09-38-59-7a63a72104f8","https://openstat.psa.gov.ph/PXWeb/pxweb/en/DB/DB__1E__IE/0081E3AIES0.px"
"MISAMIS ORIENTAL (Excluding City of Cagayan de Oro)","Fourth Decile","Average Savings  (in thousand pesos)","51.69","","2026-08-03T09-38-59-7a63a72104f8","https://openstat.psa.gov.ph/PXWeb/pxweb/en/DB/DB__1E__IE/0081E3AIES0.px"
"MISAMIS ORIENTAL (Excluding City of Cagayan de Oro)","Fifth Decile","Average Income   (in thousand pesos)","207.8","","2026-08-03T09-38-59-7a63a72104f8","https://openstat.psa.gov.ph/PXWeb/pxweb/en/DB/DB__1E__IE/0081E3AIES0.px"
"MISAMIS ORIENTAL (Excluding City of Cagayan de Oro)","Fifth Decile","Average Expenditure  (in thousand pesos)","145.88","","2026-08-03T09-38-59-7a63a72104f8","https://openstat.psa.gov.ph/PXWeb/pxweb/en/DB/DB__1E__IE/0081E3AIES0.px"
"MISAMIS ORIENTAL (Excluding City of Cagayan de Oro)","Fifth Decile","Average Savings  (in thousand pesos)","61.92","","2026-08-03T09-38-59-7a63a72104f8","https://openstat.psa.gov.ph/PXWeb/pxweb/en/DB/DB__1E__IE/0081E3AIES0.px"
"MISAMIS ORIENTAL (Excluding City of Cagayan de Oro)","Sixth Decile","Average Income   (in thousand pesos)","205.16","","2026-08-03T09-38-59-7a63a72104f8","https://openstat.psa.gov.ph/PXWeb/pxweb/en/DB/DB__1E__IE/0081E3AIES0.px"
"MISAMIS ORIENTAL (Excluding City of Cagayan de Oro)","Sixth Decile","Average Expenditure  (in thousand pesos)","144.55","","2026-08-03T09-38-59-7a63a72104f8","https://openstat.psa.gov.ph/PXWeb/pxweb/en/DB/DB__1E__IE/0081E3AIES0.px"
"MISAMIS ORIENTAL (Excluding City of Cagayan de Oro)","Sixth Decile","Average Savings  (in thousand pesos)","60.61","","2026-08-03T09-38-59-7a63a72104f8","https://openstat.psa.gov.ph/PXWeb/pxweb/en/DB/DB__1E__IE/0081E3AIES0.px"
"MISAMIS ORIENTAL (Excluding City of Cagayan de Oro)","Seventh Decile","Average Income   (in thousand pesos)","240.13","","2026-08-03T09-38-59-7a63a72104f8","https://openstat.psa.gov.ph/PXWeb/pxweb/en/DB/DB__1E__IE/0081E3AIES0.px"
"MISAMIS ORIENTAL (Excluding City of Cagayan de Oro)","Seventh Decile","Average Expenditure  (in thousand pesos)","161.48","","2026-08-03T09-38-59-7a63a72104f8","https://openstat.psa.gov.ph/PXWeb/pxweb/en/DB/DB__1E__IE/0081E3AIES0.px"
"MISAMIS ORIENTAL (Excluding City of Cagayan de Oro)","Seventh Decile","Average Savings  (in thousand pesos)","78.65","","2026-08-03T09-38-59-7a63a72104f8","https://openstat.psa.gov.ph/PXWeb/pxweb/en/DB/DB__1E__IE/0081E3AIES0.px"
"MISAMIS ORIENTAL (Excluding City of Cagayan de Oro)","Eighth Decile","Average Income   (in thousand pesos)","256.95","","2026-08-03T09-38-59-7a63a72104f8","https://openstat.psa.gov.ph/PXWeb/pxweb/en/DB/DB__1E__IE/0081E3AIES0.px"
"MISAMIS ORIENTAL (Excluding City of Cagayan de Oro)","Eighth Decile","Average Expenditure  (in thousand pesos)","179.01","","2026-08-03T09-38-59-7a63a72104f8","https://openstat.psa.gov.ph/PXWeb/pxweb/en/DB/DB__1E__IE/0081E3AIES0.px"
"MISAMIS ORIENTAL (Excluding City of Cagayan de Oro)","Eighth Decile","Average Savings  (in thousand pesos)","77.94","","2026-08-03T09-38-59-7a63a72104f8","https://openstat.psa.gov.ph/PXWeb/pxweb/en/DB/DB__1E__IE/0081E3AIES0.px"
"MISAMIS ORIENTAL (Excluding City of Cagayan de Oro)","Ninth Decile","Average Income   (in thousand pesos)","350.7","","2026-08-03T09-38-59-7a63a72104f8","https://openstat.psa.gov.ph/PXWeb/pxweb/en/DB/DB__1E__IE/0081E3AIES0.px"
"MISAMIS ORIENTAL (Excluding City of Cagayan de Oro)","Ninth Decile","Average Expenditure  (in thousand pesos)","231.74","","2026-08-03T09-38-59-7a63a72104f8","https://openstat.psa.gov.ph/PXWeb/pxweb/en/DB/DB__1E__IE/0081E3AIES0.px"
"MISAMIS ORIENTAL (Excluding City of Cagayan de Oro)","Ninth Decile","Average Savings  (in thousand pesos)","118.96","","2026-08-03T09-38-59-7a63a72104f8","https://openstat.psa.gov.ph/PXWeb/pxweb/en/DB/DB__1E__IE/0081E3AIES0.px"
"MISAMIS ORIENTAL (Excluding City of Cagayan de Oro)","Tenth Decile","Average Income   (in thousand pesos)","621.03","","2026-08-03T09-38-59-7a63a72104f8","https://openstat.psa.gov.ph/PXWeb/pxweb/en/DB/DB__1E__IE/0081E3AIES0.px"
"MISAMIS ORIENTAL (Excluding City of Cagayan de Oro)","Tenth Decile","Average Expenditure  (in thousand pesos)","369.59","","2026-08-03T09-38-59-7a63a72104f8","https://openstat.psa.gov.ph/PXWeb/pxweb/en/DB/DB__1E__IE/0081E3AIES0.px"
"MISAMIS ORIENTAL (Excluding City of Cagayan de Oro)","Tenth Decile","Average Savings  (in thousand pesos)","251.44","","2026-08-03T09-38-59-7a63a72104f8","https://openstat.psa.gov.ph/PXWeb/pxweb/en/DB/DB__1E__IE/0081E3AIES0.px"
"..City of Cagayan de Oro","All Income Groups","Average Income   (in thousand pesos)","344.86","","2026-08-03T09-38-59-7a63a72104f8","https://openstat.psa.gov.ph/PXWeb/pxweb/en/DB/DB__1E__IE/0081E3AIES0.px"
"..City of Cagayan de Oro","All Income Groups","Average Expenditure  (in thousand pesos)","235.62","","2026-08-03T09-38-59-7a63a72104f8","https://openstat.psa.gov.ph/PXWeb/pxweb/en/DB/DB__1E__IE/0081E3AIES0.px"
"..City of Cagayan de Oro","All Income Groups","Average Savings  (in thousand pesos)","109.23","","2026-08-03T09-38-59-7a63a72104f8","https://openstat.psa.gov.ph/PXWeb/pxweb/en/DB/DB__1E__IE/0081E3AIES0.px"
"..City of Cagayan de Oro","First Decile","Average Income   (in thousand pesos)","169.07","","2026-08-03T09-38-59-7a63a72104f8","https://openstat.psa.gov.ph/PXWeb/pxweb/en/DB/DB__1E__IE/0081E3AIES0.px"
"..City of Cagayan de Oro","First Decile","Average Expenditure  (in thousand pesos)","138.08","","2026-08-03T09-38-59-7a63a72104f8","https://openstat.psa.gov.ph/PXWeb/pxweb/en/DB/DB__1E__IE/0081E3AIES0.px"
"..City of Cagayan de Oro","First Decile","Average Savings  (in thousand pesos)","30.99","","2026-08-03T09-38-59-7a63a72104f8","https://openstat.psa.gov.ph/PXWeb/pxweb/en/DB/DB__1E__IE/0081E3AIES0.px"
"..City of Cagayan de Oro","Second Decile","Average Income   (in thousand pesos)","195.65","","2026-08-03T09-38-59-7a63a72104f8","https://openstat.psa.gov.ph/PXWeb/pxweb/en/DB/DB__1E__IE/0081E3AIES0.px"
"..City of Cagayan de Oro","Second Decile","Average Expenditure  (in thousand pesos)","152.72","","2026-08-03T09-38-59-7a63a72104f8","https://openstat.psa.gov.ph/PXWeb/pxweb/en/DB/DB__1E__IE/0081E3AIES0.px"
"..City of Cagayan de Oro","Second Decile","Average Savings  (in thousand pesos)","42.93","","2026-08-03T09-38-59-7a63a72104f8","https://openstat.psa.gov.ph/PXWeb/pxweb/en/DB/DB__1E__IE/0081E3AIES0.px"
"..City of Cagayan de Oro","Third Decile","Average Income   (in thousand pesos)","224.53","","2026-08-03T09-38-59-7a63a72104f8","https://openstat.psa.gov.ph/PXWeb/pxweb/en/DB/DB__1E__IE/0081E3AIES0.px"
"..City of Cagayan de Oro","Third Decile","Average Expenditure  (in thousand pesos)","169.19","","2026-08-03T09-38-59-7a63a72104f8","https://openstat.psa.gov.ph/PXWeb/pxweb/en/DB/DB__1E__IE/0081E3AIES0.px"
"..City of Cagayan de Oro","Third Decile","Average Savings  (in thousand pesos)","55.34","","2026-08-03T09-38-59-7a63a72104f8","https://openstat.psa.gov.ph/PXWeb/pxweb/en/DB/DB__1E__IE/0081E3AIES0.px"
"..City of Cagayan de Oro","Fourth Decile","Average Income   (in thousand pesos)","246.44","","2026-08-03T09-38-59-7a63a72104f8","https://openstat.psa.gov.ph/PXWeb/pxweb/en/DB/DB__1E__IE/0081E3AIES0.px"
"..City of Cagayan de Oro","Fourth Decile","Average Expenditure  (in thousand pesos)","174.68","","2026-08-03T09-38-59-7a63a72104f8","https://openstat.psa.gov.ph/PXWeb/pxweb/en/DB/DB__1E__IE/0081E3AIES0.px"
"..City of Cagayan de Oro","Fourth Decile","Average Savings  (in thousand pesos)","71.76","","2026-08-03T09-38-59-7a63a72104f8","https://openstat.psa.gov.ph/PXWeb/pxweb/en/DB/DB__1E__IE/0081E3AIES0.px"
"..City of Cagayan de Oro","Fifth Decile","Average Income   (in thousand pesos)","269.19","","2026-08-03T09-38-59-7a63a72104f8","https://openstat.psa.gov.ph/PXWeb/pxweb/en/DB/DB__1E__IE/0081E3AIES0.px"
"..City of Cagayan de Oro","Fifth Decile","Average Expenditure  (in thousand pesos)","191.9","","2026-08-03T09-38-59-7a63a72104f8","https://openstat.psa.gov.ph/PXWeb/pxweb/en/DB/DB__1E__IE/0081E3AIES0.px"
"..City of Cagayan de Oro","Fifth Decile","Average Savings  (in thousand pesos)","77.29","","2026-08-03T09-38-59-7a63a72104f8","https://openstat.psa.gov.ph/PXWeb/pxweb/en/DB/DB__1E__IE/0081E3AIES0.px"
"..City of Cagayan de Oro","Sixth Decile","Average Income   (in thousand pesos)","331.45","","2026-08-03T09-38-59-7a63a72104f8","https://openstat.psa.gov.ph/PXWeb/pxweb/en/DB/DB__1E__IE/0081E3AIES0.px"
"..City of Cagayan de Oro","Sixth Decile","Average Expenditure  (in thousand pesos)","227.42","","2026-08-03T09-38-59-7a63a72104f8","https://openstat.psa.gov.ph/PXWeb/pxweb/en/DB/DB__1E__IE/0081E3AIES0.px"
"..City of Cagayan de Oro","Sixth Decile","Average Savings  (in thousand pesos)","104.03","","2026-08-03T09-38-59-7a63a72104f8","https://openstat.psa.gov.ph/PXWeb/pxweb/en/DB/DB__1E__IE/0081E3AIES0.px"
"..City of Cagayan de Oro","Seventh Decile","Average Income   (in thousand pesos)","330.63","","2026-08-03T09-38-59-7a63a72104f8","https://openstat.psa.gov.ph/PXWeb/pxweb/en/DB/DB__1E__IE/0081E3AIES0.px"
"..City of Cagayan de Oro","Seventh Decile","Average Expenditure  (in thousand pesos)","225.3","","2026-08-03T09-38-59-7a63a72104f8","https://openstat.psa.gov.ph/PXWeb/pxweb/en/DB/DB__1E__IE/0081E3AIES0.px"
"..City of Cagayan de Oro","Seventh Decile","Average Savings  (in thousand pesos)","105.32","","2026-08-03T09-38-59-7a63a72104f8","https://openstat.psa.gov.ph/PXWeb/pxweb/en/DB/DB__1E__IE/0081E3AIES0.px"
"..City of Cagayan de Oro","Eighth Decile","Average Income   (in thousand pesos)","364.12","","2026-08-03T09-38-59-7a63a72104f8","https://openstat.psa.gov.ph/PXWeb/pxweb/en/DB/DB__1E__IE/0081E3AIES0.px"
"..City of Cagayan de Oro","Eighth Decile","Average Expenditure  (in thousand pesos)","250.16","","2026-08-03T09-38-59-7a63a72104f8","https://openstat.psa.gov.ph/PXWeb/pxweb/en/DB/DB__1E__IE/0081E3AIES0.px"
"..City of Cagayan de Oro","Eighth Decile","Average Savings  (in thousand pesos)","113.97","","2026-08-03T09-38-59-7a63a72104f8","https://openstat.psa.gov.ph/PXWeb/pxweb/en/DB/DB__1E__IE/0081E3AIES0.px"
"..City of Cagayan de Oro","Ninth Decile","Average Income   (in thousand pesos)","447.6","","2026-08-03T09-38-59-7a63a72104f8","https://openstat.psa.gov.ph/PXWeb/pxweb/en/DB/DB__1E__IE/0081E3AIES0.px"
"..City of Cagayan de Oro","Ninth Decile","Average Expenditure  (in thousand pesos)","293.2","","2026-08-03T09-38-59-7a63a72104f8","https://openstat.psa.gov.ph/PXWeb/pxweb/en/DB/DB__1E__IE/0081E3AIES0.px"
"..City of Cagayan de Oro","Ninth Decile","Average Savings  (in thousand pesos)","154.4","","2026-08-03T09-38-59-7a63a72104f8","https://openstat.psa.gov.ph/PXWeb/pxweb/en/DB/DB__1E__IE/0081E3AIES0.px"
"..City of Cagayan de Oro","Tenth Decile","Average Income   (in thousand pesos)","866.62","","2026-08-03T09-38-59-7a63a72104f8","https://openstat.psa.gov.ph/PXWeb/pxweb/en/DB/DB__1E__IE/0081E3AIES0.px"
"..City of Cagayan de Oro","Tenth Decile","Average Expenditure  (in thousand pesos)","531.72","","2026-08-03T09-38-59-7a63a72104f8","https://openstat.psa.gov.ph/PXWeb/pxweb/en/DB/DB__1E__IE/0081E3AIES0.px"
"..City of Cagayan de Oro","Tenth Decile","Average Savings  (in thousand pesos)","334.9","","2026-08-03T09-38-59-7a63a72104f8","https://openstat.psa.gov.ph/PXWeb/pxweb/en/DB/DB__1E__IE/0081E3AIES0.px"
"REGION XI - DAVAO REGION","All Income Groups","Average Income   (in thousand pesos)","284.27","","2026-08-03T09-38-59-7a63a72104f8","https://openstat.psa.gov.ph/PXWeb/pxweb/en/DB/DB__1E__IE/0081E3AIES0.px"
"REGION XI - DAVAO REGION","All Income Groups","Average Expenditure  (in thousand pesos)","182.11","","2026-08-03T09-38-59-7a63a72104f8","https://openstat.psa.gov.ph/PXWeb/pxweb/en/DB/DB__1E__IE/0081E3AIES0.px"
"REGION XI - DAVAO REGION","All Income Groups","Average Savings  (in thousand pesos)","102.16","","2026-08-03T09-38-59-7a63a72104f8","https://openstat.psa.gov.ph/PXWeb/pxweb/en/DB/DB__1E__IE/0081E3AIES0.px"
"REGION XI - DAVAO REGION","First Decile","Average Income   (in thousand pesos)","120.79","","2026-08-03T09-38-59-7a63a72104f8","https://openstat.psa.gov.ph/PXWeb/pxweb/en/DB/DB__1E__IE/0081E3AIES0.px"
"REGION XI - DAVAO REGION","First Decile","Average Expenditure  (in thousand pesos)","98.98","","2026-08-03T09-38-59-7a63a72104f8","https://openstat.psa.gov.ph/PXWeb/pxweb/en/DB/DB__1E__IE/0081E3AIES0.px"
"REGION XI - DAVAO REGION","First Decile","Average Savings  (in thousand pesos)","21.81","","2026-08-03T09-38-59-7a63a72104f8","https://openstat.psa.gov.ph/PXWeb/pxweb/en/DB/DB__1E__IE/0081E3AIES0.px"
"REGION XI - DAVAO REGION","Second Decile","Average Income   (in thousand pesos)","151.57","","2026-08-03T09-38-59-7a63a72104f8","https://openstat.psa.gov.ph/PXWeb/pxweb/en/DB/DB__1E__IE/0081E3AIES0.px"
"REGION XI - DAVAO REGION","Second Decile","Average Expenditure  (in thousand pesos)","118.71","","2026-08-03T09-38-59-7a63a72104f8","https://openstat.psa.gov.ph/PXWeb/pxweb/en/DB/DB__1E__IE/0081E3AIES0.px"
"REGION XI - DAVAO REGION","Second Decile","Average Savings  (in thousand pesos)","32.86","","2026-08-03T09-38-59-7a63a72104f8","https://openstat.psa.gov.ph/PXWeb/pxweb/en/DB/DB__1E__IE/0081E3AIES0.px"
"REGION XI - DAVAO REGION","Third Decile","Average Income   (in thousand pesos)","164.14","","2026-08-03T09-38-59-7a63a72104f8","https://openstat.psa.gov.ph/PXWeb/pxweb/en/DB/DB__1E__IE/0081E3AIES0.px"
"REGION XI - DAVAO REGION","Third Decile","Average Expenditure  (in thousand pesos)","126.38","","2026-08-03T09-38-59-7a63a72104f8","https://openstat.psa.gov.ph/PXWeb/pxweb/en/DB/DB__1E__IE/0081E3AIES0.px"
"REGION XI - DAVAO REGION","Third Decile","Average Savings  (in thousand pesos)","37.77","","2026-08-03T09-38-59-7a63a72104f8","https://openstat.psa.gov.ph/PXWeb/pxweb/en/DB/DB__1E__IE/0081E3AIES0.px"
"REGION XI - DAVAO REGION","Fourth Decile","Average Income   (in thousand pesos)","183.4","","2026-08-03T09-38-59-7a63a72104f8","https://openstat.psa.gov.ph/PXWeb/pxweb/en/DB/DB__1E__IE/0081E3AIES0.px"
"REGION XI - DAVAO REGION","Fourth Decile","Average Expenditure  (in thousand pesos)","137.32","","2026-08-03T09-38-59-7a63a72104f8","https://openstat.psa.gov.ph/PXWeb/pxweb/en/DB/DB__1E__IE/0081E3AIES0.px"
"REGION XI - DAVAO REGION","Fourth Decile","Average Savings  (in thousand pesos)","46.08","","2026-08-03T09-38-59-7a63a72104f8","https://openstat.psa.gov.ph/PXWeb/pxweb/en/DB/DB__1E__IE/0081E3AIES0.px"
"REGION XI - DAVAO REGION","Fifth Decile","Average Income   (in thousand pesos)","209.31","","2026-08-03T09-38-59-7a63a72104f8","https://openstat.psa.gov.ph/PXWeb/pxweb/en/DB/DB__1E__IE/0081E3AIES0.px"
"REGION XI - DAVAO REGION","Fifth Decile","Average Expenditure  (in thousand pesos)","149.69","","2026-08-03T09-38-59-7a63a72104f8","https://openstat.psa.gov.ph/PXWeb/pxweb/en/DB/DB__1E__IE/0081E3AIES0.px"
"REGION XI - DAVAO REGION","Fifth Decile","Average Savings  (in thousand pesos)","59.62","","2026-08-03T09-38-59-7a63a72104f8","https://openstat.psa.gov.ph/PXWeb/pxweb/en/DB/DB__1E__IE/0081E3AIES0.px"
"REGION XI - DAVAO REGION","Sixth Decile","Average Income   (in thousand pesos)","229.1","","2026-08-03T09-38-59-7a63a72104f8","https://openstat.psa.gov.ph/PXWeb/pxweb/en/DB/DB__1E__IE/0081E3AIES0.px"
"REGION XI - DAVAO REGION","Sixth Decile","Average Expenditure  (in thousand pesos)","159.23","","2026-08-03T09-38-59-7a63a72104f8","https://openstat.psa.gov.ph/PXWeb/pxweb/en/DB/DB__1E__IE/0081E3AIES0.px"
"REGION XI - DAVAO REGION","Sixth Decile","Average Savings  (in thousand pesos)","69.87","","2026-08-03T09-38-59-7a63a72104f8","https://openstat.psa.gov.ph/PXWeb/pxweb/en/DB/DB__1E__IE/0081E3AIES0.px"
"REGION XI - DAVAO REGION","Seventh Decile","Average Income   (in thousand pesos)","259.53","","2026-08-03T09-38-59-7a63a72104f8","https://openstat.psa.gov.ph/PXWeb/pxweb/en/DB/DB__1E__IE/0081E3AIES0.px"
"REGION XI - DAVAO REGION","Seventh Decile","Average Expenditure  (in thousand pesos)","175.96","","2026-08-03T09-38-59-7a63a72104f8","https://openstat.psa.gov.ph/PXWeb/pxweb/en/DB/DB__1E__IE/0081E3AIES0.px"
"REGION XI - DAVAO REGION","Seventh Decile","Average Savings  (in thousand pesos)","83.57","","2026-08-03T09-38-59-7a63a72104f8","https://openstat.psa.gov.ph/PXWeb/pxweb/en/DB/DB__1E__IE/0081E3AIES0.px"
"REGION XI - DAVAO REGION","Eighth Decile","Average Income   (in thousand pesos)","307.6","","2026-08-03T09-38-59-7a63a72104f8","https://openstat.psa.gov.ph/PXWeb/pxweb/en/DB/DB__1E__IE/0081E3AIES0.px"
"REGION XI - DAVAO REGION","Eighth Decile","Average Expenditure  (in thousand pesos)","201.62","","2026-08-03T09-38-59-7a63a72104f8","https://openstat.psa.gov.ph/PXWeb/pxweb/en/DB/DB__1E__IE/0081E3AIES0.px"
"REGION XI - DAVAO REGION","Eighth Decile","Average Savings  (in thousand pesos)","105.97","","2026-08-03T09-38-59-7a63a72104f8","https://openstat.psa.gov.ph/PXWeb/pxweb/en/DB/DB__1E__IE/0081E3AIES0.px"
"REGION XI - DAVAO REGION","Ninth Decile","Average Income   (in thousand pesos)","403.98","","2026-08-03T09-38-59-7a63a72104f8","https://openstat.psa.gov.ph/PXWeb/pxweb/en/DB/DB__1E__IE/0081E3AIES0.px"
"REGION XI - DAVAO REGION","Ninth Decile","Average Expenditure  (in thousand pesos)","249.35","","2026-08-03T09-38-59-7a63a72104f8","https://openstat.psa.gov.ph/PXWeb/pxweb/en/DB/DB__1E__IE/0081E3AIES0.px"
"REGION XI - DAVAO REGION","Ninth Decile","Average Savings  (in thousand pesos)","154.63","","2026-08-03T09-38-59-7a63a72104f8","https://openstat.psa.gov.ph/PXWeb/pxweb/en/DB/DB__1E__IE/0081E3AIES0.px"
"REGION XI - DAVAO REGION","Tenth Decile","Average Income   (in thousand pesos)","812.79","","2026-08-03T09-38-59-7a63a72104f8","https://openstat.psa.gov.ph/PXWeb/pxweb/en/DB/DB__1E__IE/0081E3AIES0.px"
"REGION XI - DAVAO REGION","Tenth Decile","Average Expenditure  (in thousand pesos)","403.66","","2026-08-03T09-38-59-7a63a72104f8","https://openstat.psa.gov.ph/PXWeb/pxweb/en/DB/DB__1E__IE/0081E3AIES0.px"
"REGION XI - DAVAO REGION","Tenth Decile","Average Savings  (in thousand pesos)","409.13","","2026-08-03T09-38-59-7a63a72104f8","https://openstat.psa.gov.ph/PXWeb/pxweb/en/DB/DB__1E__IE/0081E3AIES0.px"
"DAVAO DEL NORTE","All Income Groups","Average Income   (in thousand pesos)","236.1","","2026-08-03T09-38-59-7a63a72104f8","https://openstat.psa.gov.ph/PXWeb/pxweb/en/DB/DB__1E__IE/0081E3AIES0.px"
"DAVAO DEL NORTE","All Income Groups","Average Expenditure  (in thousand pesos)","195.59","","2026-08-03T09-38-59-7a63a72104f8","https://openstat.psa.gov.ph/PXWeb/pxweb/en/DB/DB__1E__IE/0081E3AIES0.px"
"DAVAO DEL NORTE","All Income Groups","Average Savings  (in thousand pesos)","40.51","","2026-08-03T09-38-59-7a63a72104f8","https://openstat.psa.gov.ph/PXWeb/pxweb/en/DB/DB__1E__IE/0081E3AIES0.px"
"DAVAO DEL NORTE","First Decile","Average Income   (in thousand pesos)","131.71","","2026-08-03T09-38-59-7a63a72104f8","https://openstat.psa.gov.ph/PXWeb/pxweb/en/DB/DB__1E__IE/0081E3AIES0.px"
"DAVAO DEL NORTE","First Decile","Average Expenditure  (in thousand pesos)","121.26","","2026-08-03T09-38-59-7a63a72104f8","https://openstat.psa.gov.ph/PXWeb/pxweb/en/DB/DB__1E__IE/0081E3AIES0.px"
"DAVAO DEL NORTE","First Decile","Average Savings  (in thousand pesos)","10.45","","2026-08-03T09-38-59-7a63a72104f8","https://openstat.psa.gov.ph/PXWeb/pxweb/en/DB/DB__1E__IE/0081E3AIES0.px"
"DAVAO DEL NORTE","Second Decile","Average Income   (in thousand pesos)","158.97","","2026-08-03T09-38-59-7a63a72104f8","https://openstat.psa.gov.ph/PXWeb/pxweb/en/DB/DB__1E__IE/0081E3AIES0.px"
"DAVAO DEL NORTE","Second Decile","Average Expenditure  (in thousand pesos)","145.04","","2026-08-03T09-38-59-7a63a72104f8","https://openstat.psa.gov.ph/PXWeb/pxweb/en/DB/DB__1E__IE/0081E3AIES0.px"
"DAVAO DEL NORTE","Second Decile","Average Savings  (in thousand pesos)","13.92","","2026-08-03T09-38-59-7a63a72104f8","https://openstat.psa.gov.ph/PXWeb/pxweb/en/DB/DB__1E__IE/0081E3AIES0.px"
"DAVAO DEL NORTE","Third Decile","Average Income   (in thousand pesos)","172.73","","2026-08-03T09-38-59-7a63a72104f8","https://openstat.psa.gov.ph/PXWeb/pxweb/en/DB/DB__1E__IE/0081E3AIES0.px"
"DAVAO DEL NORTE","Third Decile","Average Expenditure  (in thousand pesos)","153.95","","2026-08-03T09-38-59-7a63a72104f8","https://openstat.psa.gov.ph/PXWeb/pxweb/en/DB/DB__1E__IE/0081E3AIES0.px"
"DAVAO DEL NORTE","Third Decile","Average Savings  (in thousand pesos)","18.78","","2026-08-03T09-38-59-7a63a72104f8","https://openstat.psa.gov.ph/PXWeb/pxweb/en/DB/DB__1E__IE/0081E3AIES0.px"
"DAVAO DEL NORTE","Fourth Decile","Average Income   (in thousand pesos)","194.71","","2026-08-03T09-38-59-7a63a72104f8","https://openstat.psa.gov.ph/PXWeb/pxweb/en/DB/DB__1E__IE/0081E3AIES0.px"
"DAVAO DEL NORTE","Fourth Decile","Average Expenditure  (in thousand pesos)","172.33","","2026-08-03T09-38-59-7a63a72104f8","https://openstat.psa.gov.ph/PXWeb/pxweb/en/DB/DB__1E__IE/0081E3AIES0.px"
"DAVAO DEL NORTE","Fourth Decile","Average Savings  (in thousand pesos)","22.38","","2026-08-03T09-38-59-7a63a72104f8","https://openstat.psa.gov.ph/PXWeb/pxweb/en/DB/DB__1E__IE/0081E3AIES0.px"
"DAVAO DEL NORTE","Fifth Decile","Average Income   (in thousand pesos)","199.81","","2026-08-03T09-38-59-7a63a72104f8","https://openstat.psa.gov.ph/PXWeb/pxweb/en/DB/DB__1E__IE/0081E3AIES0.px"
"DAVAO DEL NORTE","Fifth Decile","Average Expenditure  (in thousand pesos)","175.24","","2026-08-03T09-38-59-7a63a72104f8","https://openstat.psa.gov.ph/PXWeb/pxweb/en/DB/DB__1E__IE/0081E3AIES0.px"
"DAVAO DEL NORTE","Fifth Decile","Average Savings  (in thousand pesos)","24.57","","2026-08-03T09-38-59-7a63a72104f8","https://openstat.psa.gov.ph/PXWeb/pxweb/en/DB/DB__1E__IE/0081E3AIES0.px"
"DAVAO DEL NORTE","Sixth Decile","Average Income   (in thousand pesos)","207.35","","2026-08-03T09-38-59-7a63a72104f8","https://openstat.psa.gov.ph/PXWeb/pxweb/en/DB/DB__1E__IE/0081E3AIES0.px"
"DAVAO DEL NORTE","Sixth Decile","Average Expenditure  (in thousand pesos)","177.11","","2026-08-03T09-38-59-7a63a72104f8","https://openstat.psa.gov.ph/PXWeb/pxweb/en/DB/DB__1E__IE/0081E3AIES0.px"
"DAVAO DEL NORTE","Sixth Decile","Average Savings  (in thousand pesos)","30.25","","2026-08-03T09-38-59-7a63a72104f8","https://openstat.psa.gov.ph/PXWeb/pxweb/en/DB/DB__1E__IE/0081E3AIES0.px"
"DAVAO DEL NORTE","Seventh Decile","Average Income   (in thousand pesos)","232.25","","2026-08-03T09-38-59-7a63a72104f8","https://openstat.psa.gov.ph/PXWeb/pxweb/en/DB/DB__1E__IE/0081E3AIES0.px"
"DAVAO DEL NORTE","Seventh Decile","Average Expenditure  (in thousand pesos)","199.98","","2026-08-03T09-38-59-7a63a72104f8","https://openstat.psa.gov.ph/PXWeb/pxweb/en/DB/DB__1E__IE/0081E3AIES0.px"
"DAVAO DEL NORTE","Seventh Decile","Average Savings  (in thousand pesos)","32.27","","2026-08-03T09-38-59-7a63a72104f8","https://openstat.psa.gov.ph/PXWeb/pxweb/en/DB/DB__1E__IE/0081E3AIES0.px"
"DAVAO DEL NORTE","Eighth Decile","Average Income   (in thousand pesos)","253.01","","2026-08-03T09-38-59-7a63a72104f8","https://openstat.psa.gov.ph/PXWeb/pxweb/en/DB/DB__1E__IE/0081E3AIES0.px"
"DAVAO DEL NORTE","Eighth Decile","Average Expenditure  (in thousand pesos)","212.47","","2026-08-03T09-38-59-7a63a72104f8","https://openstat.psa.gov.ph/PXWeb/pxweb/en/DB/DB__1E__IE/0081E3AIES0.px"
"DAVAO DEL NORTE","Eighth Decile","Average Savings  (in thousand pesos)","40.54","","2026-08-03T09-38-59-7a63a72104f8","https://openstat.psa.gov.ph/PXWeb/pxweb/en/DB/DB__1E__IE/0081E3AIES0.px"
"DAVAO DEL NORTE","Ninth Decile","Average Income   (in thousand pesos)","289.73","","2026-08-03T09-38-59-7a63a72104f8","https://openstat.psa.gov.ph/PXWeb/pxweb/en/DB/DB__1E__IE/0081E3AIES0.px"
"DAVAO DEL NORTE","Ninth Decile","Average Expenditure  (in thousand pesos)","239.61","","2026-08-03T09-38-59-7a63a72104f8","https://openstat.psa.gov.ph/PXWeb/pxweb/en/DB/DB__1E__IE/0081E3AIES0.px"
"DAVAO DEL NORTE","Ninth Decile","Average Savings  (in thousand pesos)","50.11","","2026-08-03T09-38-59-7a63a72104f8","https://openstat.psa.gov.ph/PXWeb/pxweb/en/DB/DB__1E__IE/0081E3AIES0.px"
"DAVAO DEL NORTE","Tenth Decile","Average Income   (in thousand pesos)","519.56","","2026-08-03T09-38-59-7a63a72104f8","https://openstat.psa.gov.ph/PXWeb/pxweb/en/DB/DB__1E__IE/0081E3AIES0.px"
"DAVAO DEL NORTE","Tenth Decile","Average Expenditure  (in thousand pesos)","358.17","","2026-08-03T09-38-59-7a63a72104f8","https://openstat.psa.gov.ph/PXWeb/pxweb/en/DB/DB__1E__IE/0081E3AIES0.px"
"DAVAO DEL NORTE","Tenth Decile","Average Savings  (in thousand pesos)","161.39","","2026-08-03T09-38-59-7a63a72104f8","https://openstat.psa.gov.ph/PXWeb/pxweb/en/DB/DB__1E__IE/0081E3AIES0.px"
"DAVAO DEL SUR (Excluding City of Davao)","All Income Groups","Average Income   (in thousand pesos)","260.63","","2026-08-03T09-38-59-7a63a72104f8","https://openstat.psa.gov.ph/PXWeb/pxweb/en/DB/DB__1E__IE/0081E3AIES0.px"
"DAVAO DEL SUR (Excluding City of Davao)","All Income Groups","Average Expenditure  (in thousand pesos)","166.42","","2026-08-03T09-38-59-7a63a72104f8","https://openstat.psa.gov.ph/PXWeb/pxweb/en/DB/DB__1E__IE/0081E3AIES0.px"
"DAVAO DEL SUR (Excluding City of Davao)","All Income Groups","Average Savings  (in thousand pesos)","94.21","","2026-08-03T09-38-59-7a63a72104f8","https://openstat.psa.gov.ph/PXWeb/pxweb/en/DB/DB__1E__IE/0081E3AIES0.px"
"DAVAO DEL SUR (Excluding City of Davao)","First Decile","Average Income   (in thousand pesos)","125.14","","2026-08-03T09-38-59-7a63a72104f8","https://openstat.psa.gov.ph/PXWeb/pxweb/en/DB/DB__1E__IE/0081E3AIES0.px"
"DAVAO DEL SUR (Excluding City of Davao)","First Decile","Average Expenditure  (in thousand pesos)","100.11","","2026-08-03T09-38-59-7a63a72104f8","https://openstat.psa.gov.ph/PXWeb/pxweb/en/DB/DB__1E__IE/0081E3AIES0.px"
"DAVAO DEL SUR (Excluding City of Davao)","First Decile","Average Savings  (in thousand pesos)","25.03","","2026-08-03T09-38-59-7a63a72104f8","https://openstat.psa.gov.ph/PXWeb/pxweb/en/DB/DB__1E__IE/0081E3AIES0.px"
"DAVAO DEL SUR (Excluding City of Davao)","Second Decile","Average Income   (in thousand pesos)","152.26","","2026-08-03T09-38-59-7a63a72104f8","https://openstat.psa.gov.ph/PXWeb/pxweb/en/DB/DB__1E__IE/0081E3AIES0.px"
"DAVAO DEL SUR (Excluding City of Davao)","Second Decile","Average Expenditure  (in thousand pesos)","116.72","","2026-08-03T09-38-59-7a63a72104f8","https://openstat.psa.gov.ph/PXWeb/pxweb/en/DB/DB__1E__IE/0081E3AIES0.px"
"DAVAO DEL SUR (Excluding City of Davao)","Second Decile","Average Savings  (in thousand pesos)","35.54","","2026-08-03T09-38-59-7a63a72104f8","https://openstat.psa.gov.ph/PXWeb/pxweb/en/DB/DB__1E__IE/0081E3AIES0.px"
"DAVAO DEL SUR (Excluding City of Davao)","Third Decile","Average Income   (in thousand pesos)","165.91","","2026-08-03T09-38-59-7a63a72104f8","https://openstat.psa.gov.ph/PXWeb/pxweb/en/DB/DB__1E__IE/0081E3AIES0.px"
"DAVAO DEL SUR (Excluding City of Davao)","Third Decile","Average Expenditure  (in thousand pesos)","123.83","","2026-08-03T09-38-59-7a63a72104f8","https://openstat.psa.gov.ph/PXWeb/pxweb/en/DB/DB__1E__IE/0081E3AIES0.px"
"DAVAO DEL SUR (Excluding City of Davao)","Third Decile","Average Savings  (in thousand pesos)","42.07","","2026-08-03T09-38-59-7a63a72104f8","https://openstat.psa.gov.ph/PXWeb/pxweb/en/DB/DB__1E__IE/0081E3AIES0.px"
"DAVAO DEL SUR (Excluding City of Davao)","Fourth Decile","Average Income   (in thousand pesos)","170.33","","2026-08-03T09-38-59-7a63a72104f8","https://openstat.psa.gov.ph/PXWeb/pxweb/en/DB/DB__1E__IE/0081E3AIES0.px"
"DAVAO DEL SUR (Excluding City of Davao)","Fourth Decile","Average Expenditure  (in thousand pesos)","122.35","","2026-08-03T09-38-59-7a63a72104f8","https://openstat.psa.gov.ph/PXWeb/pxweb/en/DB/DB__1E__IE/0081E3AIES0.px"
"DAVAO DEL SUR (Excluding City of Davao)","Fourth Decile","Average Savings  (in thousand pesos)","47.98","","2026-08-03T09-38-59-7a63a72104f8","https://openstat.psa.gov.ph/PXWeb/pxweb/en/DB/DB__1E__IE/0081E3AIES0.px"
"DAVAO DEL SUR (Excluding City of Davao)","Fifth Decile","Average Income   (in thousand pesos)","196.35","","2026-08-03T09-38-59-7a63a72104f8","https://openstat.psa.gov.ph/PXWeb/pxweb/en/DB/DB__1E__IE/0081E3AIES0.px"
"DAVAO DEL SUR (Excluding City of Davao)","Fifth Decile","Average Expenditure  (in thousand pesos)","138.83","","2026-08-03T09-38-59-7a63a72104f8","https://openstat.psa.gov.ph/PXWeb/pxweb/en/DB/DB__1E__IE/0081E3AIES0.px"
"DAVAO DEL SUR (Excluding City of Davao)","Fifth Decile","Average Savings  (in thousand pesos)","57.52","","2026-08-03T09-38-59-7a63a72104f8","https://openstat.psa.gov.ph/PXWeb/pxweb/en/DB/DB__1E__IE/0081E3AIES0.px"
"DAVAO DEL SUR (Excluding City of Davao)","Sixth Decile","Average Income   (in thousand pesos)","209.85","","2026-08-03T09-38-59-7a63a72104f8","https://openstat.psa.gov.ph/PXWeb/pxweb/en/DB/DB__1E__IE/0081E3AIES0.px"
"DAVAO DEL SUR (Excluding City of Davao)","Sixth Decile","Average Expenditure  (in thousand pesos)","146.79","","2026-08-03T09-38-59-7a63a72104f8","https://openstat.psa.gov.ph/PXWeb/pxweb/en/DB/DB__1E__IE/0081E3AIES0.px"
"DAVAO DEL SUR (Excluding City of Davao)","Sixth Decile","Average Savings  (in thousand pesos)","63.07","","2026-08-03T09-38-59-7a63a72104f8","https://openstat.psa.gov.ph/PXWeb/pxweb/en/DB/DB__1E__IE/0081E3AIES0.px"
"DAVAO DEL SUR (Excluding City of Davao)","Seventh Decile","Average Income   (in thousand pesos)","239.18","","2026-08-03T09-38-59-7a63a72104f8","https://openstat.psa.gov.ph/PXWeb/pxweb/en/DB/DB__1E__IE/0081E3AIES0.px"
"DAVAO DEL SUR (Excluding City of Davao)","Seventh Decile","Average Expenditure  (in thousand pesos)","153.65","","2026-08-03T09-38-59-7a63a72104f8","https://openstat.psa.gov.ph/PXWeb/pxweb/en/DB/DB__1E__IE/0081E3AIES0.px"
"DAVAO DEL SUR (Excluding City of Davao)","Seventh Decile","Average Savings  (in thousand pesos)","85.53","","2026-08-03T09-38-59-7a63a72104f8","https://openstat.psa.gov.ph/PXWeb/pxweb/en/DB/DB__1E__IE/0081E3AIES0.px"
"DAVAO DEL SUR (Excluding City of Davao)","Eighth Decile","Average Income   (in thousand pesos)","257.83","","2026-08-03T09-38-59-7a63a72104f8","https://openstat.psa.gov.ph/PXWeb/pxweb/en/DB/DB__1E__IE/0081E3AIES0.px"
"DAVAO DEL SUR (Excluding City of Davao)","Eighth Decile","Average Expenditure  (in thousand pesos)","164.8","","2026-08-03T09-38-59-7a63a72104f8","https://openstat.psa.gov.ph/PXWeb/pxweb/en/DB/DB__1E__IE/0081E3AIES0.px"
"DAVAO DEL SUR (Excluding City of Davao)","Eighth Decile","Average Savings  (in thousand pesos)","93.04","","2026-08-03T09-38-59-7a63a72104f8","https://openstat.psa.gov.ph/PXWeb/pxweb/en/DB/DB__1E__IE/0081E3AIES0.px"
"DAVAO DEL SUR (Excluding City of Davao)","Ninth Decile","Average Income   (in thousand pesos)","350.88","","2026-08-03T09-38-59-7a63a72104f8","https://openstat.psa.gov.ph/PXWeb/pxweb/en/DB/DB__1E__IE/0081E3AIES0.px"
"DAVAO DEL SUR (Excluding City of Davao)","Ninth Decile","Average Expenditure  (in thousand pesos)","217.85","","2026-08-03T09-38-59-7a63a72104f8","https://openstat.psa.gov.ph/PXWeb/pxweb/en/DB/DB__1E__IE/0081E3AIES0.px"
"DAVAO DEL SUR (Excluding City of Davao)","Ninth Decile","Average Savings  (in thousand pesos)","133.03","","2026-08-03T09-38-59-7a63a72104f8","https://openstat.psa.gov.ph/PXWeb/pxweb/en/DB/DB__1E__IE/0081E3AIES0.px"
"DAVAO DEL SUR (Excluding City of Davao)","Tenth Decile","Average Income   (in thousand pesos)","737.53","","2026-08-03T09-38-59-7a63a72104f8","https://openstat.psa.gov.ph/PXWeb/pxweb/en/DB/DB__1E__IE/0081E3AIES0.px"
"DAVAO DEL SUR (Excluding City of Davao)","Tenth Decile","Average Expenditure  (in thousand pesos)","378.75","","2026-08-03T09-38-59-7a63a72104f8","https://openstat.psa.gov.ph/PXWeb/pxweb/en/DB/DB__1E__IE/0081E3AIES0.px"
"DAVAO DEL SUR (Excluding City of Davao)","Tenth Decile","Average Savings  (in thousand pesos)","358.78","","2026-08-03T09-38-59-7a63a72104f8","https://openstat.psa.gov.ph/PXWeb/pxweb/en/DB/DB__1E__IE/0081E3AIES0.px"
"..City of Davao","All Income Groups","Average Income   (in thousand pesos)","368.02","","2026-08-03T09-38-59-7a63a72104f8","https://openstat.psa.gov.ph/PXWeb/pxweb/en/DB/DB__1E__IE/0081E3AIES0.px"
"..City of Davao","All Income Groups","Average Expenditure  (in thousand pesos)","212.54","","2026-08-03T09-38-59-7a63a72104f8","https://openstat.psa.gov.ph/PXWeb/pxweb/en/DB/DB__1E__IE/0081E3AIES0.px"
"..City of Davao","All Income Groups","Average Savings  (in thousand pesos)","155.48","","2026-08-03T09-38-59-7a63a72104f8","https://openstat.psa.gov.ph/PXWeb/pxweb/en/DB/DB__1E__IE/0081E3AIES0.px"
"..City of Davao","First Decile","Average Income   (in thousand pesos)","121.3","","2026-08-03T09-38-59-7a63a72104f8","https://openstat.psa.gov.ph/PXWeb/pxweb/en/DB/DB__1E__IE/0081E3AIES0.px"
"..City of Davao","First Decile","Average Expenditure  (in thousand pesos)","92.98","","2026-08-03T09-38-59-7a63a72104f8","https://openstat.psa.gov.ph/PXWeb/pxweb/en/DB/DB__1E__IE/0081E3AIES0.px"
"..City of Davao","First Decile","Average Savings  (in thousand pesos)","28.32","","2026-08-03T09-38-59-7a63a72104f8","https://openstat.psa.gov.ph/PXWeb/pxweb/en/DB/DB__1E__IE/0081E3AIES0.px"
"..City of Davao","Second Decile","Average Income   (in thousand pesos)","167.11","","2026-08-03T09-38-59-7a63a72104f8","https://openstat.psa.gov.ph/PXWeb/pxweb/en/DB/DB__1E__IE/0081E3AIES0.px"
"..City of Davao","Second Decile","Average Expenditure  (in thousand pesos)","119.82","","2026-08-03T09-38-59-7a63a72104f8","https://openstat.psa.gov.ph/PXWeb/pxweb/en/DB/DB__1E__IE/0081E3AIES0.px"
"..City of Davao","Second Decile","Average Savings  (in thousand pesos)","47.29","","2026-08-03T09-38-59-7a63a72104f8","https://openstat.psa.gov.ph/PXWeb/pxweb/en/DB/DB__1E__IE/0081E3AIES0.px"
"..City of Davao","Third Decile","Average Income   (in thousand pesos)","200.4","","2026-08-03T09-38-59-7a63a72104f8","https://openstat.psa.gov.ph/PXWeb/pxweb/en/DB/DB__1E__IE/0081E3AIES0.px"
"..City of Davao","Third Decile","Average Expenditure  (in thousand pesos)","141.22","","2026-08-03T09-38-59-7a63a72104f8","https://openstat.psa.gov.ph/PXWeb/pxweb/en/DB/DB__1E__IE/0081E3AIES0.px"
"..City of Davao","Third Decile","Average Savings  (in thousand pesos)","59.18","","2026-08-03T09-38-59-7a63a72104f8","https://openstat.psa.gov.ph/PXWeb/pxweb/en/DB/DB__1E__IE/0081E3AIES0.px"
"..City of Davao","Fourth Decile","Average Income   (in thousand pesos)","250","","2026-08-03T09-38-59-7a63a72104f8","https://openstat.psa.gov.ph/PXWeb/pxweb/en/DB/DB__1E__IE/0081E3AIES0.px"
"..City of Davao","Fourth Decile","Average Expenditure  (in thousand pesos)","166.95","","2026-08-03T09-38-59-7a63a72104f8","https://openstat.psa.gov.ph/PXWeb/pxweb/en/DB/DB__1E__IE/0081E3AIES0.px"
"..City of Davao","Fourth Decile","Average Savings  (in thousand pesos)","83.05","","2026-08-03T09-38-59-7a63a72104f8","https://openstat.psa.gov.ph/PXWeb/pxweb/en/DB/DB__1E__IE/0081E3AIES0.px"
"..City of Davao","Fifth Decile","Average Income   (in thousand pesos)","268.88","","2026-08-03T09-38-59-7a63a72104f8","https://openstat.psa.gov.ph/PXWeb/pxweb/en/DB/DB__1E__IE/0081E3AIES0.px"
"..City of Davao","Fifth Decile","Average Expenditure  (in thousand pesos)","177.58","","2026-08-03T09-38-59-7a63a72104f8","https://openstat.psa.gov.ph/PXWeb/pxweb/en/DB/DB__1E__IE/0081E3AIES0.px"
"..City of Davao","Fifth Decile","Average Savings  (in thousand pesos)","91.29","","2026-08-03T09-38-59-7a63a72104f8","https://openstat.psa.gov.ph/PXWeb/pxweb/en/DB/DB__1E__IE/0081E3AIES0.px"
"..City of Davao","Sixth Decile","Average Income   (in thousand pesos)","302.46","","2026-08-03T09-38-59-7a63a72104f8","https://openstat.psa.gov.ph/PXWeb/pxweb/en/DB/DB__1E__IE/0081E3AIES0.px"
"..City of Davao","Sixth Decile","Average Expenditure  (in thousand pesos)","193.92","","2026-08-03T09-38-59-7a63a72104f8","https://openstat.psa.gov.ph/PXWeb/pxweb/en/DB/DB__1E__IE/0081E3AIES0.px"
"..City of Davao","Sixth Decile","Average Savings  (in thousand pesos)","108.54","","2026-08-03T09-38-59-7a63a72104f8","https://openstat.psa.gov.ph/PXWeb/pxweb/en/DB/DB__1E__IE/0081E3AIES0.px"
"..City of Davao","Seventh Decile","Average Income   (in thousand pesos)","345.18","","2026-08-03T09-38-59-7a63a72104f8","https://openstat.psa.gov.ph/PXWeb/pxweb/en/DB/DB__1E__IE/0081E3AIES0.px"
"..City of Davao","Seventh Decile","Average Expenditure  (in thousand pesos)","213.52","","2026-08-03T09-38-59-7a63a72104f8","https://openstat.psa.gov.ph/PXWeb/pxweb/en/DB/DB__1E__IE/0081E3AIES0.px"
"..City of Davao","Seventh Decile","Average Savings  (in thousand pesos)","131.66","","2026-08-03T09-38-59-7a63a72104f8","https://openstat.psa.gov.ph/PXWeb/pxweb/en/DB/DB__1E__IE/0081E3AIES0.px"
"..City of Davao","Eighth Decile","Average Income   (in thousand pesos)","435.46","","2026-08-03T09-38-59-7a63a72104f8","https://openstat.psa.gov.ph/PXWeb/pxweb/en/DB/DB__1E__IE/0081E3AIES0.px"
"..City of Davao","Eighth Decile","Average Expenditure  (in thousand pesos)","256.91","","2026-08-03T09-38-59-7a63a72104f8","https://openstat.psa.gov.ph/PXWeb/pxweb/en/DB/DB__1E__IE/0081E3AIES0.px"
"..City of Davao","Eighth Decile","Average Savings  (in thousand pesos)","178.55","","2026-08-03T09-38-59-7a63a72104f8","https://openstat.psa.gov.ph/PXWeb/pxweb/en/DB/DB__1E__IE/0081E3AIES0.px"
"..City of Davao","Ninth Decile","Average Income   (in thousand pesos)","492.85","","2026-08-03T09-38-59-7a63a72104f8","https://openstat.psa.gov.ph/PXWeb/pxweb/en/DB/DB__1E__IE/0081E3AIES0.px"
"..City of Davao","Ninth Decile","Average Expenditure  (in thousand pesos)","272.17","","2026-08-03T09-38-59-7a63a72104f8","https://openstat.psa.gov.ph/PXWeb/pxweb/en/DB/DB__1E__IE/0081E3AIES0.px"
"..City of Davao","Ninth Decile","Average Savings  (in thousand pesos)","220.69","","2026-08-03T09-38-59-7a63a72104f8","https://openstat.psa.gov.ph/PXWeb/pxweb/en/DB/DB__1E__IE/0081E3AIES0.px"
"..City of Davao","Tenth Decile","Average Income   (in thousand pesos)","1093.82","","2026-08-03T09-38-59-7a63a72104f8","https://openstat.psa.gov.ph/PXWeb/pxweb/en/DB/DB__1E__IE/0081E3AIES0.px"
"..City of Davao","Tenth Decile","Average Expenditure  (in thousand pesos)","489.14","","2026-08-03T09-38-59-7a63a72104f8","https://openstat.psa.gov.ph/PXWeb/pxweb/en/DB/DB__1E__IE/0081E3AIES0.px"
"..City of Davao","Tenth Decile","Average Savings  (in thousand pesos)","604.68","","2026-08-03T09-38-59-7a63a72104f8","https://openstat.psa.gov.ph/PXWeb/pxweb/en/DB/DB__1E__IE/0081E3AIES0.px"
"DAVAO ORIENTAL","All Income Groups","Average Income   (in thousand pesos)","194.07","","2026-08-03T09-38-59-7a63a72104f8","https://openstat.psa.gov.ph/PXWeb/pxweb/en/DB/DB__1E__IE/0081E3AIES0.px"
"DAVAO ORIENTAL","All Income Groups","Average Expenditure  (in thousand pesos)","140.57","","2026-08-03T09-38-59-7a63a72104f8","https://openstat.psa.gov.ph/PXWeb/pxweb/en/DB/DB__1E__IE/0081E3AIES0.px"
"DAVAO ORIENTAL","All Income Groups","Average Savings  (in thousand pesos)","53.5","","2026-08-03T09-38-59-7a63a72104f8","https://openstat.psa.gov.ph/PXWeb/pxweb/en/DB/DB__1E__IE/0081E3AIES0.px"
"DAVAO ORIENTAL","First Decile","Average Income   (in thousand pesos)","127.65","","2026-08-03T09-38-59-7a63a72104f8","https://openstat.psa.gov.ph/PXWeb/pxweb/en/DB/DB__1E__IE/0081E3AIES0.px"
"DAVAO ORIENTAL","First Decile","Average Expenditure  (in thousand pesos)","110.53","","2026-08-03T09-38-59-7a63a72104f8","https://openstat.psa.gov.ph/PXWeb/pxweb/en/DB/DB__1E__IE/0081E3AIES0.px"
"DAVAO ORIENTAL","First Decile","Average Savings  (in thousand pesos)","17.12","","2026-08-03T09-38-59-7a63a72104f8","https://openstat.psa.gov.ph/PXWeb/pxweb/en/DB/DB__1E__IE/0081E3AIES0.px"
"DAVAO ORIENTAL","Second Decile","Average Income   (in thousand pesos)","132.57","","2026-08-03T09-38-59-7a63a72104f8","https://openstat.psa.gov.ph/PXWeb/pxweb/en/DB/DB__1E__IE/0081E3AIES0.px"
"DAVAO ORIENTAL","Second Decile","Average Expenditure  (in thousand pesos)","111.36","","2026-08-03T09-38-59-7a63a72104f8","https://openstat.psa.gov.ph/PXWeb/pxweb/en/DB/DB__1E__IE/0081E3AIES0.px"
"DAVAO ORIENTAL","Second Decile","Average Savings  (in thousand pesos)","21.22","","2026-08-03T09-38-59-7a63a72104f8","https://openstat.psa.gov.ph/PXWeb/pxweb/en/DB/DB__1E__IE/0081E3AIES0.px"
"DAVAO ORIENTAL","Third Decile","Average Income   (in thousand pesos)","147.01","","2026-08-03T09-38-59-7a63a72104f8","https://openstat.psa.gov.ph/PXWeb/pxweb/en/DB/DB__1E__IE/0081E3AIES0.px"
"DAVAO ORIENTAL","Third Decile","Average Expenditure  (in thousand pesos)","119.16","","2026-08-03T09-38-59-7a63a72104f8","https://openstat.psa.gov.ph/PXWeb/pxweb/en/DB/DB__1E__IE/0081E3AIES0.px"
"DAVAO ORIENTAL","Third Decile","Average Savings  (in thousand pesos)","27.84","","2026-08-03T09-38-59-7a63a72104f8","https://openstat.psa.gov.ph/PXWeb/pxweb/en/DB/DB__1E__IE/0081E3AIES0.px"
"DAVAO ORIENTAL","Fourth Decile","Average Income   (in thousand pesos)","144.37","","2026-08-03T09-38-59-7a63a72104f8","https://openstat.psa.gov.ph/PXWeb/pxweb/en/DB/DB__1E__IE/0081E3AIES0.px"
"DAVAO ORIENTAL","Fourth Decile","Average Expenditure  (in thousand pesos)","114.92","","2026-08-03T09-38-59-7a63a72104f8","https://openstat.psa.gov.ph/PXWeb/pxweb/en/DB/DB__1E__IE/0081E3AIES0.px"
"DAVAO ORIENTAL","Fourth Decile","Average Savings  (in thousand pesos)","29.45","","2026-08-03T09-38-59-7a63a72104f8","https://openstat.psa.gov.ph/PXWeb/pxweb/en/DB/DB__1E__IE/0081E3AIES0.px"
"DAVAO ORIENTAL","Fifth Decile","Average Income   (in thousand pesos)","158.04","","2026-08-03T09-38-59-7a63a72104f8","https://openstat.psa.gov.ph/PXWeb/pxweb/en/DB/DB__1E__IE/0081E3AIES0.px"
"DAVAO ORIENTAL","Fifth Decile","Average Expenditure  (in thousand pesos)","123.55","","2026-08-03T09-38-59-7a63a72104f8","https://openstat.psa.gov.ph/PXWeb/pxweb/en/DB/DB__1E__IE/0081E3AIES0.px"
"DAVAO ORIENTAL","Fifth Decile","Average Savings  (in thousand pesos)","34.49","","2026-08-03T09-38-59-7a63a72104f8","https://openstat.psa.gov.ph/PXWeb/pxweb/en/DB/DB__1E__IE/0081E3AIES0.px"
"DAVAO ORIENTAL","Sixth Decile","Average Income   (in thousand pesos)","152.77","","2026-08-03T09-38-59-7a63a72104f8","https://openstat.psa.gov.ph/PXWeb/pxweb/en/DB/DB__1E__IE/0081E3AIES0.px"
"DAVAO ORIENTAL","Sixth Decile","Average Expenditure  (in thousand pesos)","118.34","","2026-08-03T09-38-59-7a63a72104f8","https://openstat.psa.gov.ph/PXWeb/pxweb/en/DB/DB__1E__IE/0081E3AIES0.px"
"DAVAO ORIENTAL","Sixth Decile","Average Savings  (in thousand pesos)","34.43","","2026-08-03T09-38-59-7a63a72104f8","https://openstat.psa.gov.ph/PXWeb/pxweb/en/DB/DB__1E__IE/0081E3AIES0.px"
"DAVAO ORIENTAL","Seventh Decile","Average Income   (in thousand pesos)","168.35","","2026-08-03T09-38-59-7a63a72104f8","https://openstat.psa.gov.ph/PXWeb/pxweb/en/DB/DB__1E__IE/0081E3AIES0.px"
"DAVAO ORIENTAL","Seventh Decile","Average Expenditure  (in thousand pesos)","126.38","","2026-08-03T09-38-59-7a63a72104f8","https://openstat.psa.gov.ph/PXWeb/pxweb/en/DB/DB__1E__IE/0081E3AIES0.px"
"DAVAO ORIENTAL","Seventh Decile","Average Savings  (in thousand pesos)","41.98","","2026-08-03T09-38-59-7a63a72104f8","https://openstat.psa.gov.ph/PXWeb/pxweb/en/DB/DB__1E__IE/0081E3AIES0.px"
"DAVAO ORIENTAL","Eighth Decile","Average Income   (in thousand pesos)","193.74","","2026-08-03T09-38-59-7a63a72104f8","https://openstat.psa.gov.ph/PXWeb/pxweb/en/DB/DB__1E__IE/0081E3AIES0.px"
"DAVAO ORIENTAL","Eighth Decile","Average Expenditure  (in thousand pesos)","140.09","","2026-08-03T09-38-59-7a63a72104f8","https://openstat.psa.gov.ph/PXWeb/pxweb/en/DB/DB__1E__IE/0081E3AIES0.px"
"DAVAO ORIENTAL","Eighth Decile","Average Savings  (in thousand pesos)","53.66","","2026-08-03T09-38-59-7a63a72104f8","https://openstat.psa.gov.ph/PXWeb/pxweb/en/DB/DB__1E__IE/0081E3AIES0.px"
"DAVAO ORIENTAL","Ninth Decile","Average Income   (in thousand pesos)","241.53","","2026-08-03T09-38-59-7a63a72104f8","https://openstat.psa.gov.ph/PXWeb/pxweb/en/DB/DB__1E__IE/0081E3AIES0.px"
"DAVAO ORIENTAL","Ninth Decile","Average Expenditure  (in thousand pesos)","161.96","","2026-08-03T09-38-59-7a63a72104f8","https://openstat.psa.gov.ph/PXWeb/pxweb/en/DB/DB__1E__IE/0081E3AIES0.px"
"DAVAO ORIENTAL","Ninth Decile","Average Savings  (in thousand pesos)","79.57","","2026-08-03T09-38-59-7a63a72104f8","https://openstat.psa.gov.ph/PXWeb/pxweb/en/DB/DB__1E__IE/0081E3AIES0.px"
"DAVAO ORIENTAL","Tenth Decile","Average Income   (in thousand pesos)","473.53","","2026-08-03T09-38-59-7a63a72104f8","https://openstat.psa.gov.ph/PXWeb/pxweb/en/DB/DB__1E__IE/0081E3AIES0.px"
"DAVAO ORIENTAL","Tenth Decile","Average Expenditure  (in thousand pesos)","278.91","","2026-08-03T09-38-59-7a63a72104f8","https://openstat.psa.gov.ph/PXWeb/pxweb/en/DB/DB__1E__IE/0081E3AIES0.px"
"DAVAO ORIENTAL","Tenth Decile","Average Savings  (in thousand pesos)","194.62","","2026-08-03T09-38-59-7a63a72104f8","https://openstat.psa.gov.ph/PXWeb/pxweb/en/DB/DB__1E__IE/0081E3AIES0.px"
"DAVAO DE ORO","All Income Groups","Average Income   (in thousand pesos)","247.52","","2026-08-03T09-38-59-7a63a72104f8","https://openstat.psa.gov.ph/PXWeb/pxweb/en/DB/DB__1E__IE/0081E3AIES0.px"
"DAVAO DE ORO","All Income Groups","Average Expenditure  (in thousand pesos)","147.02","","2026-08-03T09-38-59-7a63a72104f8","https://openstat.psa.gov.ph/PXWeb/pxweb/en/DB/DB__1E__IE/0081E3AIES0.px"
"DAVAO DE ORO","All Income Groups","Average Savings  (in thousand pesos)","100.51","","2026-08-03T09-38-59-7a63a72104f8","https://openstat.psa.gov.ph/PXWeb/pxweb/en/DB/DB__1E__IE/0081E3AIES0.px"
"DAVAO DE ORO","First Decile","Average Income   (in thousand pesos)","132.54","","2026-08-03T09-38-59-7a63a72104f8","https://openstat.psa.gov.ph/PXWeb/pxweb/en/DB/DB__1E__IE/0081E3AIES0.px"
"DAVAO DE ORO","First Decile","Average Expenditure  (in thousand pesos)","100.54","","2026-08-03T09-38-59-7a63a72104f8","https://openstat.psa.gov.ph/PXWeb/pxweb/en/DB/DB__1E__IE/0081E3AIES0.px"
"DAVAO DE ORO","First Decile","Average Savings  (in thousand pesos)","32","","2026-08-03T09-38-59-7a63a72104f8","https://openstat.psa.gov.ph/PXWeb/pxweb/en/DB/DB__1E__IE/0081E3AIES0.px"
"DAVAO DE ORO","Second Decile","Average Income   (in thousand pesos)","153.05","","2026-08-03T09-38-59-7a63a72104f8","https://openstat.psa.gov.ph/PXWeb/pxweb/en/DB/DB__1E__IE/0081E3AIES0.px"
"DAVAO DE ORO","Second Decile","Average Expenditure  (in thousand pesos)","108.02","","2026-08-03T09-38-59-7a63a72104f8","https://openstat.psa.gov.ph/PXWeb/pxweb/en/DB/DB__1E__IE/0081E3AIES0.px"
"DAVAO DE ORO","Second Decile","Average Savings  (in thousand pesos)","45.03","","2026-08-03T09-38-59-7a63a72104f8","https://openstat.psa.gov.ph/PXWeb/pxweb/en/DB/DB__1E__IE/0081E3AIES0.px"
"DAVAO DE ORO","Third Decile","Average Income   (in thousand pesos)","169.25","","2026-08-03T09-38-59-7a63a72104f8","https://openstat.psa.gov.ph/PXWeb/pxweb/en/DB/DB__1E__IE/0081E3AIES0.px"
"DAVAO DE ORO","Third Decile","Average Expenditure  (in thousand pesos)","116.42","","2026-08-03T09-38-59-7a63a72104f8","https://openstat.psa.gov.ph/PXWeb/pxweb/en/DB/DB__1E__IE/0081E3AIES0.px"
"DAVAO DE ORO","Third Decile","Average Savings  (in thousand pesos)","52.83","","2026-08-03T09-38-59-7a63a72104f8","https://openstat.psa.gov.ph/PXWeb/pxweb/en/DB/DB__1E__IE/0081E3AIES0.px"
"DAVAO DE ORO","Fourth Decile","Average Income   (in thousand pesos)","189.59","","2026-08-03T09-38-59-7a63a72104f8","https://openstat.psa.gov.ph/PXWeb/pxweb/en/DB/DB__1E__IE/0081E3AIES0.px"
"DAVAO DE ORO","Fourth Decile","Average Expenditure  (in thousand pesos)","119.18","","2026-08-03T09-38-59-7a63a72104f8","https://openstat.psa.gov.ph/PXWeb/pxweb/en/DB/DB__1E__IE/0081E3AIES0.px"
"DAVAO DE ORO","Fourth Decile","Average Savings  (in thousand pesos)","70.41","","2026-08-03T09-38-59-7a63a72104f8","https://openstat.psa.gov.ph/PXWeb/pxweb/en/DB/DB__1E__IE/0081E3AIES0.px"
"DAVAO DE ORO","Fifth Decile","Average Income   (in thousand pesos)","193.51","","2026-08-03T09-38-59-7a63a72104f8","https://openstat.psa.gov.ph/PXWeb/pxweb/en/DB/DB__1E__IE/0081E3AIES0.px"
"DAVAO DE ORO","Fifth Decile","Average Expenditure  (in thousand pesos)","124.68","","2026-08-03T09-38-59-7a63a72104f8","https://openstat.psa.gov.ph/PXWeb/pxweb/en/DB/DB__1E__IE/0081E3AIES0.px"
"DAVAO DE ORO","Fifth Decile","Average Savings  (in thousand pesos)","68.83","","2026-08-03T09-38-59-7a63a72104f8","https://openstat.psa.gov.ph/PXWeb/pxweb/en/DB/DB__1E__IE/0081E3AIES0.px"
"DAVAO DE ORO","Sixth Decile","Average Income   (in thousand pesos)","209.63","","2026-08-03T09-38-59-7a63a72104f8","https://openstat.psa.gov.ph/PXWeb/pxweb/en/DB/DB__1E__IE/0081E3AIES0.px"
"DAVAO DE ORO","Sixth Decile","Average Expenditure  (in thousand pesos)","122.9","","2026-08-03T09-38-59-7a63a72104f8","https://openstat.psa.gov.ph/PXWeb/pxweb/en/DB/DB__1E__IE/0081E3AIES0.px"
"DAVAO DE ORO","Sixth Decile","Average Savings  (in thousand pesos)","86.74","","2026-08-03T09-38-59-7a63a72104f8","https://openstat.psa.gov.ph/PXWeb/pxweb/en/DB/DB__1E__IE/0081E3AIES0.px"
"DAVAO DE ORO","Seventh Decile","Average Income   (in thousand pesos)","215.17","","2026-08-03T09-38-59-7a63a72104f8","https://openstat.psa.gov.ph/PXWeb/pxweb/en/DB/DB__1E__IE/0081E3AIES0.px"
"DAVAO DE ORO","Seventh Decile","Average Expenditure  (in thousand pesos)","126.27","","2026-08-03T09-38-59-7a63a72104f8","https://openstat.psa.gov.ph/PXWeb/pxweb/en/DB/DB__1E__IE/0081E3AIES0.px"
"DAVAO DE ORO","Seventh Decile","Average Savings  (in thousand pesos)","88.9","","2026-08-03T09-38-59-7a63a72104f8","https://openstat.psa.gov.ph/PXWeb/pxweb/en/DB/DB__1E__IE/0081E3AIES0.px"
"DAVAO DE ORO","Eighth Decile","Average Income   (in thousand pesos)","249.86","","2026-08-03T09-38-59-7a63a72104f8","https://openstat.psa.gov.ph/PXWeb/pxweb/en/DB/DB__1E__IE/0081E3AIES0.px"
"DAVAO DE ORO","Eighth Decile","Average Expenditure  (in thousand pesos)","147.9","","2026-08-03T09-38-59-7a63a72104f8","https://openstat.psa.gov.ph/PXWeb/pxweb/en/DB/DB__1E__IE/0081E3AIES0.px"
"DAVAO DE ORO","Eighth Decile","Average Savings  (in thousand pesos)","101.95","","2026-08-03T09-38-59-7a63a72104f8","https://openstat.psa.gov.ph/PXWeb/pxweb/en/DB/DB__1E__IE/0081E3AIES0.px"
"DAVAO DE ORO","Ninth Decile","Average Income   (in thousand pesos)","318.28","","2026-08-03T09-38-59-7a63a72104f8","https://openstat.psa.gov.ph/PXWeb/pxweb/en/DB/DB__1E__IE/0081E3AIES0.px"
"DAVAO DE ORO","Ninth Decile","Average Expenditure  (in thousand pesos)","176.15","","2026-08-03T09-38-59-7a63a72104f8","https://openstat.psa.gov.ph/PXWeb/pxweb/en/DB/DB__1E__IE/0081E3AIES0.px"
"DAVAO DE ORO","Ninth Decile","Average Savings  (in thousand pesos)","142.13","","2026-08-03T09-38-59-7a63a72104f8","https://openstat.psa.gov.ph/PXWeb/pxweb/en/DB/DB__1E__IE/0081E3AIES0.px"
"DAVAO DE ORO","Tenth Decile","Average Income   (in thousand pesos)","642.98","","2026-08-03T09-38-59-7a63a72104f8","https://openstat.psa.gov.ph/PXWeb/pxweb/en/DB/DB__1E__IE/0081E3AIES0.px"
"DAVAO DE ORO","Tenth Decile","Average Expenditure  (in thousand pesos)","327.53","","2026-08-03T09-38-59-7a63a72104f8","https://openstat.psa.gov.ph/PXWeb/pxweb/en/DB/DB__1E__IE/0081E3AIES0.px"
"DAVAO DE ORO","Tenth Decile","Average Savings  (in thousand pesos)","315.45","","2026-08-03T09-38-59-7a63a72104f8","https://openstat.psa.gov.ph/PXWeb/pxweb/en/DB/DB__1E__IE/0081E3AIES0.px"
"DAVAO OCCIDENTAL","All Income Groups","Average Income   (in thousand pesos)","183.42","","2026-08-03T09-38-59-7a63a72104f8","https://openstat.psa.gov.ph/PXWeb/pxweb/en/DB/DB__1E__IE/0081E3AIES0.px"
"DAVAO OCCIDENTAL","All Income Groups","Average Expenditure  (in thousand pesos)","134.09","","2026-08-03T09-38-59-7a63a72104f8","https://openstat.psa.gov.ph/PXWeb/pxweb/en/DB/DB__1E__IE/0081E3AIES0.px"
"DAVAO OCCIDENTAL","All Income Groups","Average Savings  (in thousand pesos)","49.33","","2026-08-03T09-38-59-7a63a72104f8","https://openstat.psa.gov.ph/PXWeb/pxweb/en/DB/DB__1E__IE/0081E3AIES0.px"
"DAVAO OCCIDENTAL","First Decile","Average Income   (in thousand pesos)","103.34","","2026-08-03T09-38-59-7a63a72104f8","https://openstat.psa.gov.ph/PXWeb/pxweb/en/DB/DB__1E__IE/0081E3AIES0.px"
"DAVAO OCCIDENTAL","First Decile","Average Expenditure  (in thousand pesos)","84.3","","2026-08-03T09-38-59-7a63a72104f8","https://openstat.psa.gov.ph/PXWeb/pxweb/en/DB/DB__1E__IE/0081E3AIES0.px"
"DAVAO OCCIDENTAL","First Decile","Average Savings  (in thousand pesos)","19.05","","2026-08-03T09-38-59-7a63a72104f8","https://openstat.psa.gov.ph/PXWeb/pxweb/en/DB/DB__1E__IE/0081E3AIES0.px"
"DAVAO OCCIDENTAL","Second Decile","Average Income   (in thousand pesos)","120.97","","2026-08-03T09-38-59-7a63a72104f8","https://openstat.psa.gov.ph/PXWeb/pxweb/en/DB/DB__1E__IE/0081E3AIES0.px"
"DAVAO OCCIDENTAL","Second Decile","Average Expenditure  (in thousand pesos)","100","","2026-08-03T09-38-59-7a63a72104f8","https://openstat.psa.gov.ph/PXWeb/pxweb/en/DB/DB__1E__IE/0081E3AIES0.px"
"DAVAO OCCIDENTAL","Second Decile","Average Savings  (in thousand pesos)","20.98","","2026-08-03T09-38-59-7a63a72104f8","https://openstat.psa.gov.ph/PXWeb/pxweb/en/DB/DB__1E__IE/0081E3AIES0.px"
"DAVAO OCCIDENTAL","Third Decile","Average Income   (in thousand pesos)","125.19","","2026-08-03T09-38-59-7a63a72104f8","https://openstat.psa.gov.ph/PXWeb/pxweb/en/DB/DB__1E__IE/0081E3AIES0.px"
"DAVAO OCCIDENTAL","Third Decile","Average Expenditure  (in thousand pesos)","101.81","","2026-08-03T09-38-59-7a63a72104f8","https://openstat.psa.gov.ph/PXWeb/pxweb/en/DB/DB__1E__IE/0081E3AIES0.px"
"DAVAO OCCIDENTAL","Third Decile","Average Savings  (in thousand pesos)","23.39","","2026-08-03T09-38-59-7a63a72104f8","https://openstat.psa.gov.ph/PXWeb/pxweb/en/DB/DB__1E__IE/0081E3AIES0.px"
"DAVAO OCCIDENTAL","Fourth Decile","Average Income   (in thousand pesos)","131.35","","2026-08-03T09-38-59-7a63a72104f8","https://openstat.psa.gov.ph/PXWeb/pxweb/en/DB/DB__1E__IE/0081E3AIES0.px"
"DAVAO OCCIDENTAL","Fourth Decile","Average Expenditure  (in thousand pesos)","105.99","","2026-08-03T09-38-59-7a63a72104f8","https://openstat.psa.gov.ph/PXWeb/pxweb/en/DB/DB__1E__IE/0081E3AIES0.px"
"DAVAO OCCIDENTAL","Fourth Decile","Average Savings  (in thousand pesos)","25.37","","2026-08-03T09-38-59-7a63a72104f8","https://openstat.psa.gov.ph/PXWeb/pxweb/en/DB/DB__1E__IE/0081E3AIES0.px"
"DAVAO OCCIDENTAL","Fifth Decile","Average Income   (in thousand pesos)","147.37","","2026-08-03T09-38-59-7a63a72104f8","https://openstat.psa.gov.ph/PXWeb/pxweb/en/DB/DB__1E__IE/0081E3AIES0.px"
"DAVAO OCCIDENTAL","Fifth Decile","Average Expenditure  (in thousand pesos)","116.86","","2026-08-03T09-38-59-7a63a72104f8","https://openstat.psa.gov.ph/PXWeb/pxweb/en/DB/DB__1E__IE/0081E3AIES0.px"
"DAVAO OCCIDENTAL","Fifth Decile","Average Savings  (in thousand pesos)","30.51","","2026-08-03T09-38-59-7a63a72104f8","https://openstat.psa.gov.ph/PXWeb/pxweb/en/DB/DB__1E__IE/0081E3AIES0.px"
"DAVAO OCCIDENTAL","Sixth Decile","Average Income   (in thousand pesos)","157.8","","2026-08-03T09-38-59-7a63a72104f8","https://openstat.psa.gov.ph/PXWeb/pxweb/en/DB/DB__1E__IE/0081E3AIES0.px"
"DAVAO OCCIDENTAL","Sixth Decile","Average Expenditure  (in thousand pesos)","121.42","","2026-08-03T09-38-59-7a63a72104f8","https://openstat.psa.gov.ph/PXWeb/pxweb/en/DB/DB__1E__IE/0081E3AIES0.px"
"DAVAO OCCIDENTAL","Sixth Decile","Average Savings  (in thousand pesos)","36.38","","2026-08-03T09-38-59-7a63a72104f8","https://openstat.psa.gov.ph/PXWeb/pxweb/en/DB/DB__1E__IE/0081E3AIES0.px"
"DAVAO OCCIDENTAL","Seventh Decile","Average Income   (in thousand pesos)","161.66","","2026-08-03T09-38-59-7a63a72104f8","https://openstat.psa.gov.ph/PXWeb/pxweb/en/DB/DB__1E__IE/0081E3AIES0.px"
"DAVAO OCCIDENTAL","Seventh Decile","Average Expenditure  (in thousand pesos)","121.38","","2026-08-03T09-38-59-7a63a72104f8","https://openstat.psa.gov.ph/PXWeb/pxweb/en/DB/DB__1E__IE/0081E3AIES0.px"
"DAVAO OCCIDENTAL","Seventh Decile","Average Savings  (in thousand pesos)","40.29","","2026-08-03T09-38-59-7a63a72104f8","https://openstat.psa.gov.ph/PXWeb/pxweb/en/DB/DB__1E__IE/0081E3AIES0.px"
"DAVAO OCCIDENTAL","Eighth Decile","Average Income   (in thousand pesos)","163.38","","2026-08-03T09-38-59-7a63a72104f8","https://openstat.psa.gov.ph/PXWeb/pxweb/en/DB/DB__1E__IE/0081E3AIES0.px"
"DAVAO OCCIDENTAL","Eighth Decile","Average Expenditure  (in thousand pesos)","123.52","","2026-08-03T09-38-59-7a63a72104f8","https://openstat.psa.gov.ph/PXWeb/pxweb/en/DB/DB__1E__IE/0081E3AIES0.px"
"DAVAO OCCIDENTAL","Eighth Decile","Average Savings  (in thousand pesos)","39.86","","2026-08-03T09-38-59-7a63a72104f8","https://openstat.psa.gov.ph/PXWeb/pxweb/en/DB/DB__1E__IE/0081E3AIES0.px"
"DAVAO OCCIDENTAL","Ninth Decile","Average Income   (in thousand pesos)","219.75","","2026-08-03T09-38-59-7a63a72104f8","https://openstat.psa.gov.ph/PXWeb/pxweb/en/DB/DB__1E__IE/0081E3AIES0.px"
"DAVAO OCCIDENTAL","Ninth Decile","Average Expenditure  (in thousand pesos)","159.43","","2026-08-03T09-38-59-7a63a72104f8","https://openstat.psa.gov.ph/PXWeb/pxweb/en/DB/DB__1E__IE/0081E3AIES0.px"
"DAVAO OCCIDENTAL","Ninth Decile","Average Savings  (in thousand pesos)","60.31","","2026-08-03T09-38-59-7a63a72104f8","https://openstat.psa.gov.ph/PXWeb/pxweb/en/DB/DB__1E__IE/0081E3AIES0.px"
"DAVAO OCCIDENTAL","Tenth Decile","Average Income   (in thousand pesos)","502.4","","2026-08-03T09-38-59-7a63a72104f8","https://openstat.psa.gov.ph/PXWeb/pxweb/en/DB/DB__1E__IE/0081E3AIES0.px"
"DAVAO OCCIDENTAL","Tenth Decile","Average Expenditure  (in thousand pesos)","305.59","","2026-08-03T09-38-59-7a63a72104f8","https://openstat.psa.gov.ph/PXWeb/pxweb/en/DB/DB__1E__IE/0081E3AIES0.px"
"DAVAO OCCIDENTAL","Tenth Decile","Average Savings  (in thousand pesos)","196.81","","2026-08-03T09-38-59-7a63a72104f8","https://openstat.psa.gov.ph/PXWeb/pxweb/en/DB/DB__1E__IE/0081E3AIES0.px"
"REGION XII - SOCCSKSARGEN2/","All Income Groups","Average Income   (in thousand pesos)","251.72","","2026-08-03T09-38-59-7a63a72104f8","https://openstat.psa.gov.ph/PXWeb/pxweb/en/DB/DB__1E__IE/0081E3AIES0.px"
"REGION XII - SOCCSKSARGEN2/","All Income Groups","Average Expenditure  (in thousand pesos)","180.34","","2026-08-03T09-38-59-7a63a72104f8","https://openstat.psa.gov.ph/PXWeb/pxweb/en/DB/DB__1E__IE/0081E3AIES0.px"
"REGION XII - SOCCSKSARGEN2/","All Income Groups","Average Savings  (in thousand pesos)","71.39","","2026-08-03T09-38-59-7a63a72104f8","https://openstat.psa.gov.ph/PXWeb/pxweb/en/DB/DB__1E__IE/0081E3AIES0.px"
"REGION XII - SOCCSKSARGEN2/","First Decile","Average Income   (in thousand pesos)","100.43","","2026-08-03T09-38-59-7a63a72104f8","https://openstat.psa.gov.ph/PXWeb/pxweb/en/DB/DB__1E__IE/0081E3AIES0.px"
"REGION XII - SOCCSKSARGEN2/","First Decile","Average Expenditure  (in thousand pesos)","99.76","","2026-08-03T09-38-59-7a63a72104f8","https://openstat.psa.gov.ph/PXWeb/pxweb/en/DB/DB__1E__IE/0081E3AIES0.px"
"REGION XII - SOCCSKSARGEN2/","First Decile","Average Savings  (in thousand pesos)","0.67","","2026-08-03T09-38-59-7a63a72104f8","https://openstat.psa.gov.ph/PXWeb/pxweb/en/DB/DB__1E__IE/0081E3AIES0.px"
"REGION XII - SOCCSKSARGEN2/","Second Decile","Average Income   (in thousand pesos)","124.49","","2026-08-03T09-38-59-7a63a72104f8","https://openstat.psa.gov.ph/PXWeb/pxweb/en/DB/DB__1E__IE/0081E3AIES0.px"
"REGION XII - SOCCSKSARGEN2/","Second Decile","Average Expenditure  (in thousand pesos)","114.87","","2026-08-03T09-38-59-7a63a72104f8","https://openstat.psa.gov.ph/PXWeb/pxweb/en/DB/DB__1E__IE/0081E3AIES0.px"
"REGION XII - SOCCSKSARGEN2/","Second Decile","Average Savings  (in thousand pesos)","9.62","","2026-08-03T09-38-59-7a63a72104f8","https://openstat.psa.gov.ph/PXWeb/pxweb/en/DB/DB__1E__IE/0081E3AIES0.px"
"REGION XII - SOCCSKSARGEN2/","Third Decile","Average Income   (in thousand pesos)","143.37","","2026-08-03T09-38-59-7a63a72104f8","https://openstat.psa.gov.ph/PXWeb/pxweb/en/DB/DB__1E__IE/0081E3AIES0.px"
"REGION XII - SOCCSKSARGEN2/","Third Decile","Average Expenditure  (in thousand pesos)","125.43","","2026-08-03T09-38-59-7a63a72104f8","https://openstat.psa.gov.ph/PXWeb/pxweb/en/DB/DB__1E__IE/0081E3AIES0.px"
"REGION XII - SOCCSKSARGEN2/","Third Decile","Average Savings  (in thousand pesos)","17.94","","2026-08-03T09-38-59-7a63a72104f8","https://openstat.psa.gov.ph/PXWeb/pxweb/en/DB/DB__1E__IE/0081E3AIES0.px"
"REGION XII - SOCCSKSARGEN2/","Fourth Decile","Average Income   (in thousand pesos)","156.63","","2026-08-03T09-38-59-7a63a72104f8","https://openstat.psa.gov.ph/PXWeb/pxweb/en/DB/DB__1E__IE/0081E3AIES0.px"
"REGION XII - SOCCSKSARGEN2/","Fourth Decile","Average Expenditure  (in thousand pesos)","133.96","","2026-08-03T09-38-59-7a63a72104f8","https://openstat.psa.gov.ph/PXWeb/pxweb/en/DB/DB__1E__IE/0081E3AIES0.px"
"REGION XII - SOCCSKSARGEN2/","Fourth Decile","Average Savings  (in thousand pesos)","22.67","","2026-08-03T09-38-59-7a63a72104f8","https://openstat.psa.gov.ph/PXWeb/pxweb/en/DB/DB__1E__IE/0081E3AIES0.px"
"REGION XII - SOCCSKSARGEN2/","Fifth Decile","Average Income   (in thousand pesos)","174.75","","2026-08-03T09-38-59-7a63a72104f8","https://openstat.psa.gov.ph/PXWeb/pxweb/en/DB/DB__1E__IE/0081E3AIES0.px"
"REGION XII - SOCCSKSARGEN2/","Fifth Decile","Average Expenditure  (in thousand pesos)","144.6","","2026-08-03T09-38-59-7a63a72104f8","https://openstat.psa.gov.ph/PXWeb/pxweb/en/DB/DB__1E__IE/0081E3AIES0.px"
"REGION XII - SOCCSKSARGEN2/","Fifth Decile","Average Savings  (in thousand pesos)","30.15","","2026-08-03T09-38-59-7a63a72104f8","https://openstat.psa.gov.ph/PXWeb/pxweb/en/DB/DB__1E__IE/0081E3AIES0.px"
"REGION XII - SOCCSKSARGEN2/","Sixth Decile","Average Income   (in thousand pesos)","192.16","","2026-08-03T09-38-59-7a63a72104f8","https://openstat.psa.gov.ph/PXWeb/pxweb/en/DB/DB__1E__IE/0081E3AIES0.px"
"REGION XII - SOCCSKSARGEN2/","Sixth Decile","Average Expenditure  (in thousand pesos)","154.99","","2026-08-03T09-38-59-7a63a72104f8","https://openstat.psa.gov.ph/PXWeb/pxweb/en/DB/DB__1E__IE/0081E3AIES0.px"
"REGION XII - SOCCSKSARGEN2/","Sixth Decile","Average Savings  (in thousand pesos)","37.17","","2026-08-03T09-38-59-7a63a72104f8","https://openstat.psa.gov.ph/PXWeb/pxweb/en/DB/DB__1E__IE/0081E3AIES0.px"
"REGION XII - SOCCSKSARGEN2/","Seventh Decile","Average Income   (in thousand pesos)","224.75","","2026-08-03T09-38-59-7a63a72104f8","https://openstat.psa.gov.ph/PXWeb/pxweb/en/DB/DB__1E__IE/0081E3AIES0.px"
"REGION XII - SOCCSKSARGEN2/","Seventh Decile","Average Expenditure  (in thousand pesos)","174.09","","2026-08-03T09-38-59-7a63a72104f8","https://openstat.psa.gov.ph/PXWeb/pxweb/en/DB/DB__1E__IE/0081E3AIES0.px"
"REGION XII - SOCCSKSARGEN2/","Seventh Decile","Average Savings  (in thousand pesos)","50.67","","2026-08-03T09-38-59-7a63a72104f8","https://openstat.psa.gov.ph/PXWeb/pxweb/en/DB/DB__1E__IE/0081E3AIES0.px"
"REGION XII - SOCCSKSARGEN2/","Eighth Decile","Average Income   (in thousand pesos)","258.29","","2026-08-03T09-38-59-7a63a72104f8","https://openstat.psa.gov.ph/PXWeb/pxweb/en/DB/DB__1E__IE/0081E3AIES0.px"
"REGION XII - SOCCSKSARGEN2/","Eighth Decile","Average Expenditure  (in thousand pesos)","197.88","","2026-08-03T09-38-59-7a63a72104f8","https://openstat.psa.gov.ph/PXWeb/pxweb/en/DB/DB__1E__IE/0081E3AIES0.px"
"REGION XII - SOCCSKSARGEN2/","Eighth Decile","Average Savings  (in thousand pesos)","60.41","","2026-08-03T09-38-59-7a63a72104f8","https://openstat.psa.gov.ph/PXWeb/pxweb/en/DB/DB__1E__IE/0081E3AIES0.px"
"REGION XII - SOCCSKSARGEN2/","Ninth Decile","Average Income   (in thousand pesos)","317.2","","2026-08-03T09-38-59-7a63a72104f8","https://openstat.psa.gov.ph/PXWeb/pxweb/en/DB/DB__1E__IE/0081E3AIES0.px"
"REGION XII - SOCCSKSARGEN2/","Ninth Decile","Average Expenditure  (in thousand pesos)","223.53","","2026-08-03T09-38-59-7a63a72104f8","https://openstat.psa.gov.ph/PXWeb/pxweb/en/DB/DB__1E__IE/0081E3AIES0.px"
"REGION XII - SOCCSKSARGEN2/","Ninth Decile","Average Savings  (in thousand pesos)","93.67","","2026-08-03T09-38-59-7a63a72104f8","https://openstat.psa.gov.ph/PXWeb/pxweb/en/DB/DB__1E__IE/0081E3AIES0.px"
"REGION XII - SOCCSKSARGEN2/","Tenth Decile","Average Income   (in thousand pesos)","808.03","","2026-08-03T09-38-59-7a63a72104f8","https://openstat.psa.gov.ph/PXWeb/pxweb/en/DB/DB__1E__IE/0081E3AIES0.px"
"REGION XII - SOCCSKSARGEN2/","Tenth Decile","Average Expenditure  (in thousand pesos)","426.26","","2026-08-03T09-38-59-7a63a72104f8","https://openstat.psa.gov.ph/PXWeb/pxweb/en/DB/DB__1E__IE/0081E3AIES0.px"
"REGION XII - SOCCSKSARGEN2/","Tenth Decile","Average Savings  (in thousand pesos)","381.77","","2026-08-03T09-38-59-7a63a72104f8","https://openstat.psa.gov.ph/PXWeb/pxweb/en/DB/DB__1E__IE/0081E3AIES0.px"
"COTABATO","All Income Groups","Average Income   (in thousand pesos)","274.98","","2026-08-03T09-38-59-7a63a72104f8","https://openstat.psa.gov.ph/PXWeb/pxweb/en/DB/DB__1E__IE/0081E3AIES0.px"
"COTABATO","All Income Groups","Average Expenditure  (in thousand pesos)","189.68","","2026-08-03T09-38-59-7a63a72104f8","https://openstat.psa.gov.ph/PXWeb/pxweb/en/DB/DB__1E__IE/0081E3AIES0.px"
"COTABATO","All Income Groups","Average Savings  (in thousand pesos)","85.31","","2026-08-03T09-38-59-7a63a72104f8","https://openstat.psa.gov.ph/PXWeb/pxweb/en/DB/DB__1E__IE/0081E3AIES0.px"
"COTABATO","First Decile","Average Income   (in thousand pesos)","106.53","","2026-08-03T09-38-59-7a63a72104f8","https://openstat.psa.gov.ph/PXWeb/pxweb/en/DB/DB__1E__IE/0081E3AIES0.px"
"COTABATO","First Decile","Average Expenditure  (in thousand pesos)","110.7","","2026-08-03T09-38-59-7a63a72104f8","https://openstat.psa.gov.ph/PXWeb/pxweb/en/DB/DB__1E__IE/0081E3AIES0.px"
"COTABATO","First Decile","Average Savings  (in thousand pesos)","-4.18","","2026-08-03T09-38-59-7a63a72104f8","https://openstat.psa.gov.ph/PXWeb/pxweb/en/DB/DB__1E__IE/0081E3AIES0.px"
"COTABATO","Second Decile","Average Income   (in thousand pesos)","137.66","","2026-08-03T09-38-59-7a63a72104f8","https://openstat.psa.gov.ph/PXWeb/pxweb/en/DB/DB__1E__IE/0081E3AIES0.px"
"COTABATO","Second Decile","Average Expenditure  (in thousand pesos)","128.57","","2026-08-03T09-38-59-7a63a72104f8","https://openstat.psa.gov.ph/PXWeb/pxweb/en/DB/DB__1E__IE/0081E3AIES0.px"
"COTABATO","Second Decile","Average Savings  (in thousand pesos)","9.1","","2026-08-03T09-38-59-7a63a72104f8","https://openstat.psa.gov.ph/PXWeb/pxweb/en/DB/DB__1E__IE/0081E3AIES0.px"
"COTABATO","Third Decile","Average Income   (in thousand pesos)","156.59","","2026-08-03T09-38-59-7a63a72104f8","https://openstat.psa.gov.ph/PXWeb/pxweb/en/DB/DB__1E__IE/0081E3AIES0.px"
"COTABATO","Third Decile","Average Expenditure  (in thousand pesos)","128.36","","2026-08-03T09-38-59-7a63a72104f8","https://openstat.psa.gov.ph/PXWeb/pxweb/en/DB/DB__1E__IE/0081E3AIES0.px"
"COTABATO","Third Decile","Average Savings  (in thousand pesos)","28.23","","2026-08-03T09-38-59-7a63a72104f8","https://openstat.psa.gov.ph/PXWeb/pxweb/en/DB/DB__1E__IE/0081E3AIES0.px"
"COTABATO","Fourth Decile","Average Income   (in thousand pesos)","174.08","","2026-08-03T09-38-59-7a63a72104f8","https://openstat.psa.gov.ph/PXWeb/pxweb/en/DB/DB__1E__IE/0081E3AIES0.px"
"COTABATO","Fourth Decile","Average Expenditure  (in thousand pesos)","146.96","","2026-08-03T09-38-59-7a63a72104f8","https://openstat.psa.gov.ph/PXWeb/pxweb/en/DB/DB__1E__IE/0081E3AIES0.px"
"COTABATO","Fourth Decile","Average Savings  (in thousand pesos)","27.12","","2026-08-03T09-38-59-7a63a72104f8","https://openstat.psa.gov.ph/PXWeb/pxweb/en/DB/DB__1E__IE/0081E3AIES0.px"
"COTABATO","Fifth Decile","Average Income   (in thousand pesos)","191.79","","2026-08-03T09-38-59-7a63a72104f8","https://openstat.psa.gov.ph/PXWeb/pxweb/en/DB/DB__1E__IE/0081E3AIES0.px"
"COTABATO","Fifth Decile","Average Expenditure  (in thousand pesos)","148.57","","2026-08-03T09-38-59-7a63a72104f8","https://openstat.psa.gov.ph/PXWeb/pxweb/en/DB/DB__1E__IE/0081E3AIES0.px"
"COTABATO","Fifth Decile","Average Savings  (in thousand pesos)","43.22","","2026-08-03T09-38-59-7a63a72104f8","https://openstat.psa.gov.ph/PXWeb/pxweb/en/DB/DB__1E__IE/0081E3AIES0.px"
"COTABATO","Sixth Decile","Average Income   (in thousand pesos)","213.28","","2026-08-03T09-38-59-7a63a72104f8","https://openstat.psa.gov.ph/PXWeb/pxweb/en/DB/DB__1E__IE/0081E3AIES0.px"
"COTABATO","Sixth Decile","Average Expenditure  (in thousand pesos)","154.87","","2026-08-03T09-38-59-7a63a72104f8","https://openstat.psa.gov.ph/PXWeb/pxweb/en/DB/DB__1E__IE/0081E3AIES0.px"
"COTABATO","Sixth Decile","Average Savings  (in thousand pesos)","58.41","","2026-08-03T09-38-59-7a63a72104f8","https://openstat.psa.gov.ph/PXWeb/pxweb/en/DB/DB__1E__IE/0081E3AIES0.px"
"COTABATO","Seventh Decile","Average Income   (in thousand pesos)","247.53","","2026-08-03T09-38-59-7a63a72104f8","https://openstat.psa.gov.ph/PXWeb/pxweb/en/DB/DB__1E__IE/0081E3AIES0.px"
"COTABATO","Seventh Decile","Average Expenditure  (in thousand pesos)","183.75","","2026-08-03T09-38-59-7a63a72104f8","https://openstat.psa.gov.ph/PXWeb/pxweb/en/DB/DB__1E__IE/0081E3AIES0.px"
"COTABATO","Seventh Decile","Average Savings  (in thousand pesos)","63.78","","2026-08-03T09-38-59-7a63a72104f8","https://openstat.psa.gov.ph/PXWeb/pxweb/en/DB/DB__1E__IE/0081E3AIES0.px"
"COTABATO","Eighth Decile","Average Income   (in thousand pesos)","280.85","","2026-08-03T09-38-59-7a63a72104f8","https://openstat.psa.gov.ph/PXWeb/pxweb/en/DB/DB__1E__IE/0081E3AIES0.px"
"COTABATO","Eighth Decile","Average Expenditure  (in thousand pesos)","205.42","","2026-08-03T09-38-59-7a63a72104f8","https://openstat.psa.gov.ph/PXWeb/pxweb/en/DB/DB__1E__IE/0081E3AIES0.px"
"COTABATO","Eighth Decile","Average Savings  (in thousand pesos)","75.44","","2026-08-03T09-38-59-7a63a72104f8","https://openstat.psa.gov.ph/PXWeb/pxweb/en/DB/DB__1E__IE/0081E3AIES0.px"
"COTABATO","Ninth Decile","Average Income   (in thousand pesos)","365.3","","2026-08-03T09-38-59-7a63a72104f8","https://openstat.psa.gov.ph/PXWeb/pxweb/en/DB/DB__1E__IE/0081E3AIES0.px"
"COTABATO","Ninth Decile","Average Expenditure  (in thousand pesos)","235.27","","2026-08-03T09-38-59-7a63a72104f8","https://openstat.psa.gov.ph/PXWeb/pxweb/en/DB/DB__1E__IE/0081E3AIES0.px"
"COTABATO","Ninth Decile","Average Savings  (in thousand pesos)","130.03","","2026-08-03T09-38-59-7a63a72104f8","https://openstat.psa.gov.ph/PXWeb/pxweb/en/DB/DB__1E__IE/0081E3AIES0.px"
"COTABATO","Tenth Decile","Average Income   (in thousand pesos)","872.43","","2026-08-03T09-38-59-7a63a72104f8","https://openstat.psa.gov.ph/PXWeb/pxweb/en/DB/DB__1E__IE/0081E3AIES0.px"
"COTABATO","Tenth Decile","Average Expenditure  (in thousand pesos)","452.67","","2026-08-03T09-38-59-7a63a72104f8","https://openstat.psa.gov.ph/PXWeb/pxweb/en/DB/DB__1E__IE/0081E3AIES0.px"
"COTABATO","Tenth Decile","Average Savings  (in thousand pesos)","419.76","","2026-08-03T09-38-59-7a63a72104f8","https://openstat.psa.gov.ph/PXWeb/pxweb/en/DB/DB__1E__IE/0081E3AIES0.px"
"SOUTH COTABATO (Excluding City of General Santos)","All Income Groups","Average Income   (in thousand pesos)","224.47","","2026-08-03T09-38-59-7a63a72104f8","https://openstat.psa.gov.ph/PXWeb/pxweb/en/DB/DB__1E__IE/0081E3AIES0.px"
"SOUTH COTABATO (Excluding City of General Santos)","All Income Groups","Average Expenditure  (in thousand pesos)","177.65","","2026-08-03T09-38-59-7a63a72104f8","https://openstat.psa.gov.ph/PXWeb/pxweb/en/DB/DB__1E__IE/0081E3AIES0.px"
"SOUTH COTABATO (Excluding City of General Santos)","All Income Groups","Average Savings  (in thousand pesos)","46.82","","2026-08-03T09-38-59-7a63a72104f8","https://openstat.psa.gov.ph/PXWeb/pxweb/en/DB/DB__1E__IE/0081E3AIES0.px"
"SOUTH COTABATO (Excluding City of General Santos)","First Decile","Average Income   (in thousand pesos)","102.03","","2026-08-03T09-38-59-7a63a72104f8","https://openstat.psa.gov.ph/PXWeb/pxweb/en/DB/DB__1E__IE/0081E3AIES0.px"
"SOUTH COTABATO (Excluding City of General Santos)","First Decile","Average Expenditure  (in thousand pesos)","94.7","","2026-08-03T09-38-59-7a63a72104f8","https://openstat.psa.gov.ph/PXWeb/pxweb/en/DB/DB__1E__IE/0081E3AIES0.px"
"SOUTH COTABATO (Excluding City of General Santos)","First Decile","Average Savings  (in thousand pesos)","7.33","","2026-08-03T09-38-59-7a63a72104f8","https://openstat.psa.gov.ph/PXWeb/pxweb/en/DB/DB__1E__IE/0081E3AIES0.px"
"SOUTH COTABATO (Excluding City of General Santos)","Second Decile","Average Income   (in thousand pesos)","126.46","","2026-08-03T09-38-59-7a63a72104f8","https://openstat.psa.gov.ph/PXWeb/pxweb/en/DB/DB__1E__IE/0081E3AIES0.px"
"SOUTH COTABATO (Excluding City of General Santos)","Second Decile","Average Expenditure  (in thousand pesos)","110.07","","2026-08-03T09-38-59-7a63a72104f8","https://openstat.psa.gov.ph/PXWeb/pxweb/en/DB/DB__1E__IE/0081E3AIES0.px"
"SOUTH COTABATO (Excluding City of General Santos)","Second Decile","Average Savings  (in thousand pesos)","16.38","","2026-08-03T09-38-59-7a63a72104f8","https://openstat.psa.gov.ph/PXWeb/pxweb/en/DB/DB__1E__IE/0081E3AIES0.px"
"SOUTH COTABATO (Excluding City of General Santos)","Third Decile","Average Income   (in thousand pesos)","143.1","","2026-08-03T09-38-59-7a63a72104f8","https://openstat.psa.gov.ph/PXWeb/pxweb/en/DB/DB__1E__IE/0081E3AIES0.px"
"SOUTH COTABATO (Excluding City of General Santos)","Third Decile","Average Expenditure  (in thousand pesos)","124.35","","2026-08-03T09-38-59-7a63a72104f8","https://openstat.psa.gov.ph/PXWeb/pxweb/en/DB/DB__1E__IE/0081E3AIES0.px"
"SOUTH COTABATO (Excluding City of General Santos)","Third Decile","Average Savings  (in thousand pesos)","18.75","","2026-08-03T09-38-59-7a63a72104f8","https://openstat.psa.gov.ph/PXWeb/pxweb/en/DB/DB__1E__IE/0081E3AIES0.px"
"SOUTH COTABATO (Excluding City of General Santos)","Fourth Decile","Average Income   (in thousand pesos)","158.39","","2026-08-03T09-38-59-7a63a72104f8","https://openstat.psa.gov.ph/PXWeb/pxweb/en/DB/DB__1E__IE/0081E3AIES0.px"
"SOUTH COTABATO (Excluding City of General Santos)","Fourth Decile","Average Expenditure  (in thousand pesos)","135.47","","2026-08-03T09-38-59-7a63a72104f8","https://openstat.psa.gov.ph/PXWeb/pxweb/en/DB/DB__1E__IE/0081E3AIES0.px"
"SOUTH COTABATO (Excluding City of General Santos)","Fourth Decile","Average Savings  (in thousand pesos)","22.91","","2026-08-03T09-38-59-7a63a72104f8","https://openstat.psa.gov.ph/PXWeb/pxweb/en/DB/DB__1E__IE/0081E3AIES0.px"
"SOUTH COTABATO (Excluding City of General Santos)","Fifth Decile","Average Income   (in thousand pesos)","174.38","","2026-08-03T09-38-59-7a63a72104f8","https://openstat.psa.gov.ph/PXWeb/pxweb/en/DB/DB__1E__IE/0081E3AIES0.px"
"SOUTH COTABATO (Excluding City of General Santos)","Fifth Decile","Average Expenditure  (in thousand pesos)","146.8","","2026-08-03T09-38-59-7a63a72104f8","https://openstat.psa.gov.ph/PXWeb/pxweb/en/DB/DB__1E__IE/0081E3AIES0.px"
"SOUTH COTABATO (Excluding City of General Santos)","Fifth Decile","Average Savings  (in thousand pesos)","27.58","","2026-08-03T09-38-59-7a63a72104f8","https://openstat.psa.gov.ph/PXWeb/pxweb/en/DB/DB__1E__IE/0081E3AIES0.px"
"SOUTH COTABATO (Excluding City of General Santos)","Sixth Decile","Average Income   (in thousand pesos)","187.09","","2026-08-03T09-38-59-7a63a72104f8","https://openstat.psa.gov.ph/PXWeb/pxweb/en/DB/DB__1E__IE/0081E3AIES0.px"
"SOUTH COTABATO (Excluding City of General Santos)","Sixth Decile","Average Expenditure  (in thousand pesos)","154.84","","2026-08-03T09-38-59-7a63a72104f8","https://openstat.psa.gov.ph/PXWeb/pxweb/en/DB/DB__1E__IE/0081E3AIES0.px"
"SOUTH COTABATO (Excluding City of General Santos)","Sixth Decile","Average Savings  (in thousand pesos)","32.25","","2026-08-03T09-38-59-7a63a72104f8","https://openstat.psa.gov.ph/PXWeb/pxweb/en/DB/DB__1E__IE/0081E3AIES0.px"
"SOUTH COTABATO (Excluding City of General Santos)","Seventh Decile","Average Income   (in thousand pesos)","205.14","","2026-08-03T09-38-59-7a63a72104f8","https://openstat.psa.gov.ph/PXWeb/pxweb/en/DB/DB__1E__IE/0081E3AIES0.px"
"SOUTH COTABATO (Excluding City of General Santos)","Seventh Decile","Average Expenditure  (in thousand pesos)","166.07","","2026-08-03T09-38-59-7a63a72104f8","https://openstat.psa.gov.ph/PXWeb/pxweb/en/DB/DB__1E__IE/0081E3AIES0.px"
"SOUTH COTABATO (Excluding City of General Santos)","Seventh Decile","Average Savings  (in thousand pesos)","39.07","","2026-08-03T09-38-59-7a63a72104f8","https://openstat.psa.gov.ph/PXWeb/pxweb/en/DB/DB__1E__IE/0081E3AIES0.px"
"SOUTH COTABATO (Excluding City of General Santos)","Eighth Decile","Average Income   (in thousand pesos)","247.15","","2026-08-03T09-38-59-7a63a72104f8","https://openstat.psa.gov.ph/PXWeb/pxweb/en/DB/DB__1E__IE/0081E3AIES0.px"
"SOUTH COTABATO (Excluding City of General Santos)","Eighth Decile","Average Expenditure  (in thousand pesos)","197.06","","2026-08-03T09-38-59-7a63a72104f8","https://openstat.psa.gov.ph/PXWeb/pxweb/en/DB/DB__1E__IE/0081E3AIES0.px"
"SOUTH COTABATO (Excluding City of General Santos)","Eighth Decile","Average Savings  (in thousand pesos)","50.09","","2026-08-03T09-38-59-7a63a72104f8","https://openstat.psa.gov.ph/PXWeb/pxweb/en/DB/DB__1E__IE/0081E3AIES0.px"
"SOUTH COTABATO (Excluding City of General Santos)","Ninth Decile","Average Income   (in thousand pesos)","285.97","","2026-08-03T09-38-59-7a63a72104f8","https://openstat.psa.gov.ph/PXWeb/pxweb/en/DB/DB__1E__IE/0081E3AIES0.px"
"SOUTH COTABATO (Excluding City of General Santos)","Ninth Decile","Average Expenditure  (in thousand pesos)","218.57","","2026-08-03T09-38-59-7a63a72104f8","https://openstat.psa.gov.ph/PXWeb/pxweb/en/DB/DB__1E__IE/0081E3AIES0.px"
"SOUTH COTABATO (Excluding City of General Santos)","Ninth Decile","Average Savings  (in thousand pesos)","67.41","","2026-08-03T09-38-59-7a63a72104f8","https://openstat.psa.gov.ph/PXWeb/pxweb/en/DB/DB__1E__IE/0081E3AIES0.px"
"SOUTH COTABATO (Excluding City of General Santos)","Tenth Decile","Average Income   (in thousand pesos)","612.19","","2026-08-03T09-38-59-7a63a72104f8","https://openstat.psa.gov.ph/PXWeb/pxweb/en/DB/DB__1E__IE/0081E3AIES0.px"
"SOUTH COTABATO (Excluding City of General Santos)","Tenth Decile","Average Expenditure  (in thousand pesos)","426.73","","2026-08-03T09-38-59-7a63a72104f8","https://openstat.psa.gov.ph/PXWeb/pxweb/en/DB/DB__1E__IE/0081E3AIES0.px"
"SOUTH COTABATO (Excluding City of General Santos)","Tenth Decile","Average Savings  (in thousand pesos)","185.46","","2026-08-03T09-38-59-7a63a72104f8","https://openstat.psa.gov.ph/PXWeb/pxweb/en/DB/DB__1E__IE/0081E3AIES0.px"
"..City of General Santos","All Income Groups","Average Income   (in thousand pesos)","295.74","","2026-08-03T09-38-59-7a63a72104f8","https://openstat.psa.gov.ph/PXWeb/pxweb/en/DB/DB__1E__IE/0081E3AIES0.px"
"..City of General Santos","All Income Groups","Average Expenditure  (in thousand pesos)","217.1","","2026-08-03T09-38-59-7a63a72104f8","https://openstat.psa.gov.ph/PXWeb/pxweb/en/DB/DB__1E__IE/0081E3AIES0.px"
"..City of General Santos","All Income Groups","Average Savings  (in thousand pesos)","78.63","","2026-08-03T09-38-59-7a63a72104f8","https://openstat.psa.gov.ph/PXWeb/pxweb/en/DB/DB__1E__IE/0081E3AIES0.px"
"..City of General Santos","First Decile","Average Income   (in thousand pesos)","137.85","","2026-08-03T09-38-59-7a63a72104f8","https://openstat.psa.gov.ph/PXWeb/pxweb/en/DB/DB__1E__IE/0081E3AIES0.px"
"..City of General Santos","First Decile","Average Expenditure  (in thousand pesos)","126.87","","2026-08-03T09-38-59-7a63a72104f8","https://openstat.psa.gov.ph/PXWeb/pxweb/en/DB/DB__1E__IE/0081E3AIES0.px"
"..City of General Santos","First Decile","Average Savings  (in thousand pesos)","10.97","","2026-08-03T09-38-59-7a63a72104f8","https://openstat.psa.gov.ph/PXWeb/pxweb/en/DB/DB__1E__IE/0081E3AIES0.px"
"..City of General Santos","Second Decile","Average Income   (in thousand pesos)","164.38","","2026-08-03T09-38-59-7a63a72104f8","https://openstat.psa.gov.ph/PXWeb/pxweb/en/DB/DB__1E__IE/0081E3AIES0.px"
"..City of General Santos","Second Decile","Average Expenditure  (in thousand pesos)","143.52","","2026-08-03T09-38-59-7a63a72104f8","https://openstat.psa.gov.ph/PXWeb/pxweb/en/DB/DB__1E__IE/0081E3AIES0.px"
"..City of General Santos","Second Decile","Average Savings  (in thousand pesos)","20.86","","2026-08-03T09-38-59-7a63a72104f8","https://openstat.psa.gov.ph/PXWeb/pxweb/en/DB/DB__1E__IE/0081E3AIES0.px"
"..City of General Santos","Third Decile","Average Income   (in thousand pesos)","186.67","","2026-08-03T09-38-59-7a63a72104f8","https://openstat.psa.gov.ph/PXWeb/pxweb/en/DB/DB__1E__IE/0081E3AIES0.px"
"..City of General Santos","Third Decile","Average Expenditure  (in thousand pesos)","163.76","","2026-08-03T09-38-59-7a63a72104f8","https://openstat.psa.gov.ph/PXWeb/pxweb/en/DB/DB__1E__IE/0081E3AIES0.px"
"..City of General Santos","Third Decile","Average Savings  (in thousand pesos)","22.91","","2026-08-03T09-38-59-7a63a72104f8","https://openstat.psa.gov.ph/PXWeb/pxweb/en/DB/DB__1E__IE/0081E3AIES0.px"
"..City of General Santos","Fourth Decile","Average Income   (in thousand pesos)","193.18","","2026-08-03T09-38-59-7a63a72104f8","https://openstat.psa.gov.ph/PXWeb/pxweb/en/DB/DB__1E__IE/0081E3AIES0.px"
"..City of General Santos","Fourth Decile","Average Expenditure  (in thousand pesos)","157.23","","2026-08-03T09-38-59-7a63a72104f8","https://openstat.psa.gov.ph/PXWeb/pxweb/en/DB/DB__1E__IE/0081E3AIES0.px"
"..City of General Santos","Fourth Decile","Average Savings  (in thousand pesos)","35.94","","2026-08-03T09-38-59-7a63a72104f8","https://openstat.psa.gov.ph/PXWeb/pxweb/en/DB/DB__1E__IE/0081E3AIES0.px"
"..City of General Santos","Fifth Decile","Average Income   (in thousand pesos)","221.98","","2026-08-03T09-38-59-7a63a72104f8","https://openstat.psa.gov.ph/PXWeb/pxweb/en/DB/DB__1E__IE/0081E3AIES0.px"
"..City of General Santos","Fifth Decile","Average Expenditure  (in thousand pesos)","180.73","","2026-08-03T09-38-59-7a63a72104f8","https://openstat.psa.gov.ph/PXWeb/pxweb/en/DB/DB__1E__IE/0081E3AIES0.px"
"..City of General Santos","Fifth Decile","Average Savings  (in thousand pesos)","41.25","","2026-08-03T09-38-59-7a63a72104f8","https://openstat.psa.gov.ph/PXWeb/pxweb/en/DB/DB__1E__IE/0081E3AIES0.px"
"..City of General Santos","Sixth Decile","Average Income   (in thousand pesos)","250.18","","2026-08-03T09-38-59-7a63a72104f8","https://openstat.psa.gov.ph/PXWeb/pxweb/en/DB/DB__1E__IE/0081E3AIES0.px"
"..City of General Santos","Sixth Decile","Average Expenditure  (in thousand pesos)","194.74","","2026-08-03T09-38-59-7a63a72104f8","https://openstat.psa.gov.ph/PXWeb/pxweb/en/DB/DB__1E__IE/0081E3AIES0.px"
"..City of General Santos","Sixth Decile","Average Savings  (in thousand pesos)","55.44","","2026-08-03T09-38-59-7a63a72104f8","https://openstat.psa.gov.ph/PXWeb/pxweb/en/DB/DB__1E__IE/0081E3AIES0.px"
"..City of General Santos","Seventh Decile","Average Income   (in thousand pesos)","276.85","","2026-08-03T09-38-59-7a63a72104f8","https://openstat.psa.gov.ph/PXWeb/pxweb/en/DB/DB__1E__IE/0081E3AIES0.px"
"..City of General Santos","Seventh Decile","Average Expenditure  (in thousand pesos)","221.3","","2026-08-03T09-38-59-7a63a72104f8","https://openstat.psa.gov.ph/PXWeb/pxweb/en/DB/DB__1E__IE/0081E3AIES0.px"
"..City of General Santos","Seventh Decile","Average Savings  (in thousand pesos)","55.56","","2026-08-03T09-38-59-7a63a72104f8","https://openstat.psa.gov.ph/PXWeb/pxweb/en/DB/DB__1E__IE/0081E3AIES0.px"
"..City of General Santos","Eighth Decile","Average Income   (in thousand pesos)","310.36","","2026-08-03T09-38-59-7a63a72104f8","https://openstat.psa.gov.ph/PXWeb/pxweb/en/DB/DB__1E__IE/0081E3AIES0.px"
"..City of General Santos","Eighth Decile","Average Expenditure  (in thousand pesos)","230.83","","2026-08-03T09-38-59-7a63a72104f8","https://openstat.psa.gov.ph/PXWeb/pxweb/en/DB/DB__1E__IE/0081E3AIES0.px"
"..City of General Santos","Eighth Decile","Average Savings  (in thousand pesos)","79.53","","2026-08-03T09-38-59-7a63a72104f8","https://openstat.psa.gov.ph/PXWeb/pxweb/en/DB/DB__1E__IE/0081E3AIES0.px"
"..City of General Santos","Ninth Decile","Average Income   (in thousand pesos)","435","","2026-08-03T09-38-59-7a63a72104f8","https://openstat.psa.gov.ph/PXWeb/pxweb/en/DB/DB__1E__IE/0081E3AIES0.px"
"..City of General Santos","Ninth Decile","Average Expenditure  (in thousand pesos)","293.7","","2026-08-03T09-38-59-7a63a72104f8","https://openstat.psa.gov.ph/PXWeb/pxweb/en/DB/DB__1E__IE/0081E3AIES0.px"
"..City of General Santos","Ninth Decile","Average Savings  (in thousand pesos)","141.3","","2026-08-03T09-38-59-7a63a72104f8","https://openstat.psa.gov.ph/PXWeb/pxweb/en/DB/DB__1E__IE/0081E3AIES0.px"
"..City of General Santos","Tenth Decile","Average Income   (in thousand pesos)","777.58","","2026-08-03T09-38-59-7a63a72104f8","https://openstat.psa.gov.ph/PXWeb/pxweb/en/DB/DB__1E__IE/0081E3AIES0.px"
"..City of General Santos","Tenth Decile","Average Expenditure  (in thousand pesos)","456.66","","2026-08-03T09-38-59-7a63a72104f8","https://openstat.psa.gov.ph/PXWeb/pxweb/en/DB/DB__1E__IE/0081E3AIES0.px"
"..City of General Santos","Tenth Decile","Average Savings  (in thousand pesos)","320.92","","2026-08-03T09-38-59-7a63a72104f8","https://openstat.psa.gov.ph/PXWeb/pxweb/en/DB/DB__1E__IE/0081E3AIES0.px"
"SULTAN KUDARAT","All Income Groups","Average Income   (in thousand pesos)","261.88","","2026-08-03T09-38-59-7a63a72104f8","https://openstat.psa.gov.ph/PXWeb/pxweb/en/DB/DB__1E__IE/0081E3AIES0.px"
"SULTAN KUDARAT","All Income Groups","Average Expenditure  (in thousand pesos)","162.39","","2026-08-03T09-38-59-7a63a72104f8","https://openstat.psa.gov.ph/PXWeb/pxweb/en/DB/DB__1E__IE/0081E3AIES0.px"
"SULTAN KUDARAT","All Income Groups","Average Savings  (in thousand pesos)","99.49","","2026-08-03T09-38-59-7a63a72104f8","https://openstat.psa.gov.ph/PXWeb/pxweb/en/DB/DB__1E__IE/0081E3AIES0.px"
"SULTAN KUDARAT","First Decile","Average Income   (in thousand pesos)","91.04","","2026-08-03T09-38-59-7a63a72104f8","https://openstat.psa.gov.ph/PXWeb/pxweb/en/DB/DB__1E__IE/0081E3AIES0.px"
"SULTAN KUDARAT","First Decile","Average Expenditure  (in thousand pesos)","91.94","","2026-08-03T09-38-59-7a63a72104f8","https://openstat.psa.gov.ph/PXWeb/pxweb/en/DB/DB__1E__IE/0081E3AIES0.px"
"SULTAN KUDARAT","First Decile","Average Savings  (in thousand pesos)","-0.89","","2026-08-03T09-38-59-7a63a72104f8","https://openstat.psa.gov.ph/PXWeb/pxweb/en/DB/DB__1E__IE/0081E3AIES0.px"
"SULTAN KUDARAT","Second Decile","Average Income   (in thousand pesos)","109.55","","2026-08-03T09-38-59-7a63a72104f8","https://openstat.psa.gov.ph/PXWeb/pxweb/en/DB/DB__1E__IE/0081E3AIES0.px"
"SULTAN KUDARAT","Second Decile","Average Expenditure  (in thousand pesos)","106.08","","2026-08-03T09-38-59-7a63a72104f8","https://openstat.psa.gov.ph/PXWeb/pxweb/en/DB/DB__1E__IE/0081E3AIES0.px"
"SULTAN KUDARAT","Second Decile","Average Savings  (in thousand pesos)","3.47","","2026-08-03T09-38-59-7a63a72104f8","https://openstat.psa.gov.ph/PXWeb/pxweb/en/DB/DB__1E__IE/0081E3AIES0.px"
"SULTAN KUDARAT","Third Decile","Average Income   (in thousand pesos)","117.42","","2026-08-03T09-38-59-7a63a72104f8","https://openstat.psa.gov.ph/PXWeb/pxweb/en/DB/DB__1E__IE/0081E3AIES0.px"
"SULTAN KUDARAT","Third Decile","Average Expenditure  (in thousand pesos)","113.71","","2026-08-03T09-38-59-7a63a72104f8","https://openstat.psa.gov.ph/PXWeb/pxweb/en/DB/DB__1E__IE/0081E3AIES0.px"
"SULTAN KUDARAT","Third Decile","Average Savings  (in thousand pesos)","3.71","","2026-08-03T09-38-59-7a63a72104f8","https://openstat.psa.gov.ph/PXWeb/pxweb/en/DB/DB__1E__IE/0081E3AIES0.px"
"SULTAN KUDARAT","Fourth Decile","Average Income   (in thousand pesos)","134.69","","2026-08-03T09-38-59-7a63a72104f8","https://openstat.psa.gov.ph/PXWeb/pxweb/en/DB/DB__1E__IE/0081E3AIES0.px"
"SULTAN KUDARAT","Fourth Decile","Average Expenditure  (in thousand pesos)","122.43","","2026-08-03T09-38-59-7a63a72104f8","https://openstat.psa.gov.ph/PXWeb/pxweb/en/DB/DB__1E__IE/0081E3AIES0.px"
"SULTAN KUDARAT","Fourth Decile","Average Savings  (in thousand pesos)","12.26","","2026-08-03T09-38-59-7a63a72104f8","https://openstat.psa.gov.ph/PXWeb/pxweb/en/DB/DB__1E__IE/0081E3AIES0.px"
"SULTAN KUDARAT","Fifth Decile","Average Income   (in thousand pesos)","141.37","","2026-08-03T09-38-59-7a63a72104f8","https://openstat.psa.gov.ph/PXWeb/pxweb/en/DB/DB__1E__IE/0081E3AIES0.px"
"SULTAN KUDARAT","Fifth Decile","Average Expenditure  (in thousand pesos)","123.08","","2026-08-03T09-38-59-7a63a72104f8","https://openstat.psa.gov.ph/PXWeb/pxweb/en/DB/DB__1E__IE/0081E3AIES0.px"
"SULTAN KUDARAT","Fifth Decile","Average Savings  (in thousand pesos)","18.29","","2026-08-03T09-38-59-7a63a72104f8","https://openstat.psa.gov.ph/PXWeb/pxweb/en/DB/DB__1E__IE/0081E3AIES0.px"
"SULTAN KUDARAT","Sixth Decile","Average Income   (in thousand pesos)","156.63","","2026-08-03T09-38-59-7a63a72104f8","https://openstat.psa.gov.ph/PXWeb/pxweb/en/DB/DB__1E__IE/0081E3AIES0.px"
"SULTAN KUDARAT","Sixth Decile","Average Expenditure  (in thousand pesos)","131.8","","2026-08-03T09-38-59-7a63a72104f8","https://openstat.psa.gov.ph/PXWeb/pxweb/en/DB/DB__1E__IE/0081E3AIES0.px"
"SULTAN KUDARAT","Sixth Decile","Average Savings  (in thousand pesos)","24.83","","2026-08-03T09-38-59-7a63a72104f8","https://openstat.psa.gov.ph/PXWeb/pxweb/en/DB/DB__1E__IE/0081E3AIES0.px"
"SULTAN KUDARAT","Seventh Decile","Average Income   (in thousand pesos)","176.89","","2026-08-03T09-38-59-7a63a72104f8","https://openstat.psa.gov.ph/PXWeb/pxweb/en/DB/DB__1E__IE/0081E3AIES0.px"
"SULTAN KUDARAT","Seventh Decile","Average Expenditure  (in thousand pesos)","146.16","","2026-08-03T09-38-59-7a63a72104f8","https://openstat.psa.gov.ph/PXWeb/pxweb/en/DB/DB__1E__IE/0081E3AIES0.px"
"SULTAN KUDARAT","Seventh Decile","Average Savings  (in thousand pesos)","30.73","","2026-08-03T09-38-59-7a63a72104f8","https://openstat.psa.gov.ph/PXWeb/pxweb/en/DB/DB__1E__IE/0081E3AIES0.px"
"SULTAN KUDARAT","Eighth Decile","Average Income   (in thousand pesos)","223.17","","2026-08-03T09-38-59-7a63a72104f8","https://openstat.psa.gov.ph/PXWeb/pxweb/en/DB/DB__1E__IE/0081E3AIES0.px"
"SULTAN KUDARAT","Eighth Decile","Average Expenditure  (in thousand pesos)","174.61","","2026-08-03T09-38-59-7a63a72104f8","https://openstat.psa.gov.ph/PXWeb/pxweb/en/DB/DB__1E__IE/0081E3AIES0.px"
"SULTAN KUDARAT","Eighth Decile","Average Savings  (in thousand pesos)","48.56","","2026-08-03T09-38-59-7a63a72104f8","https://openstat.psa.gov.ph/PXWeb/pxweb/en/DB/DB__1E__IE/0081E3AIES0.px"
"SULTAN KUDARAT","Ninth Decile","Average Income   (in thousand pesos)","279.22","","2026-08-03T09-38-59-7a63a72104f8","https://openstat.psa.gov.ph/PXWeb/pxweb/en/DB/DB__1E__IE/0081E3AIES0.px"
"SULTAN KUDARAT","Ninth Decile","Average Expenditure  (in thousand pesos)","199.72","","2026-08-03T09-38-59-7a63a72104f8","https://openstat.psa.gov.ph/PXWeb/pxweb/en/DB/DB__1E__IE/0081E3AIES0.px"
"SULTAN KUDARAT","Ninth Decile","Average Savings  (in thousand pesos)","79.51","","2026-08-03T09-38-59-7a63a72104f8","https://openstat.psa.gov.ph/PXWeb/pxweb/en/DB/DB__1E__IE/0081E3AIES0.px"
"SULTAN KUDARAT","Tenth Decile","Average Income   (in thousand pesos)","1186.1","","2026-08-03T09-38-59-7a63a72104f8","https://openstat.psa.gov.ph/PXWeb/pxweb/en/DB/DB__1E__IE/0081E3AIES0.px"
"SULTAN KUDARAT","Tenth Decile","Average Expenditure  (in thousand pesos)","413.41","","2026-08-03T09-38-59-7a63a72104f8","https://openstat.psa.gov.ph/PXWeb/pxweb/en/DB/DB__1E__IE/0081E3AIES0.px"
"SULTAN KUDARAT","Tenth Decile","Average Savings  (in thousand pesos)","772.69","","2026-08-03T09-38-59-7a63a72104f8","https://openstat.psa.gov.ph/PXWeb/pxweb/en/DB/DB__1E__IE/0081E3AIES0.px"
"SARANGANI","All Income Groups","Average Income   (in thousand pesos)","181.44","","2026-08-03T09-38-59-7a63a72104f8","https://openstat.psa.gov.ph/PXWeb/pxweb/en/DB/DB__1E__IE/0081E3AIES0.px"
"SARANGANI","All Income Groups","Average Expenditure  (in thousand pesos)","144.67","","2026-08-03T09-38-59-7a63a72104f8","https://openstat.psa.gov.ph/PXWeb/pxweb/en/DB/DB__1E__IE/0081E3AIES0.px"
"SARANGANI","All Income Groups","Average Savings  (in thousand pesos)","36.78","","2026-08-03T09-38-59-7a63a72104f8","https://openstat.psa.gov.ph/PXWeb/pxweb/en/DB/DB__1E__IE/0081E3AIES0.px"
"SARANGANI","First Decile","Average Income   (in thousand pesos)","87.02","","2026-08-03T09-38-59-7a63a72104f8","https://openstat.psa.gov.ph/PXWeb/pxweb/en/DB/DB__1E__IE/0081E3AIES0.px"
"SARANGANI","First Decile","Average Expenditure  (in thousand pesos)","87.37","","2026-08-03T09-38-59-7a63a72104f8","https://openstat.psa.gov.ph/PXWeb/pxweb/en/DB/DB__1E__IE/0081E3AIES0.px"
"SARANGANI","First Decile","Average Savings  (in thousand pesos)","-0.35","","2026-08-03T09-38-59-7a63a72104f8","https://openstat.psa.gov.ph/PXWeb/pxweb/en/DB/DB__1E__IE/0081E3AIES0.px"
"SARANGANI","Second Decile","Average Income   (in thousand pesos)","111.95","","2026-08-03T09-38-59-7a63a72104f8","https://openstat.psa.gov.ph/PXWeb/pxweb/en/DB/DB__1E__IE/0081E3AIES0.px"
"SARANGANI","Second Decile","Average Expenditure  (in thousand pesos)","102.52","","2026-08-03T09-38-59-7a63a72104f8","https://openstat.psa.gov.ph/PXWeb/pxweb/en/DB/DB__1E__IE/0081E3AIES0.px"
"SARANGANI","Second Decile","Average Savings  (in thousand pesos)","9.42","","2026-08-03T09-38-59-7a63a72104f8","https://openstat.psa.gov.ph/PXWeb/pxweb/en/DB/DB__1E__IE/0081E3AIES0.px"
"SARANGANI","Third Decile","Average Income   (in thousand pesos)","119.58","","2026-08-03T09-38-59-7a63a72104f8","https://openstat.psa.gov.ph/PXWeb/pxweb/en/DB/DB__1E__IE/0081E3AIES0.px"
"SARANGANI","Third Decile","Average Expenditure  (in thousand pesos)","108.37","","2026-08-03T09-38-59-7a63a72104f8","https://openstat.psa.gov.ph/PXWeb/pxweb/en/DB/DB__1E__IE/0081E3AIES0.px"
"SARANGANI","Third Decile","Average Savings  (in thousand pesos)","11.21","","2026-08-03T09-38-59-7a63a72104f8","https://openstat.psa.gov.ph/PXWeb/pxweb/en/DB/DB__1E__IE/0081E3AIES0.px"
"SARANGANI","Fourth Decile","Average Income   (in thousand pesos)","129.3","","2026-08-03T09-38-59-7a63a72104f8","https://openstat.psa.gov.ph/PXWeb/pxweb/en/DB/DB__1E__IE/0081E3AIES0.px"
"SARANGANI","Fourth Decile","Average Expenditure  (in thousand pesos)","116.59","","2026-08-03T09-38-59-7a63a72104f8","https://openstat.psa.gov.ph/PXWeb/pxweb/en/DB/DB__1E__IE/0081E3AIES0.px"
"SARANGANI","Fourth Decile","Average Savings  (in thousand pesos)","12.71","","2026-08-03T09-38-59-7a63a72104f8","https://openstat.psa.gov.ph/PXWeb/pxweb/en/DB/DB__1E__IE/0081E3AIES0.px"
"SARANGANI","Fifth Decile","Average Income   (in thousand pesos)","143.96","","2026-08-03T09-38-59-7a63a72104f8","https://openstat.psa.gov.ph/PXWeb/pxweb/en/DB/DB__1E__IE/0081E3AIES0.px"
"SARANGANI","Fifth Decile","Average Expenditure  (in thousand pesos)","124.3","","2026-08-03T09-38-59-7a63a72104f8","https://openstat.psa.gov.ph/PXWeb/pxweb/en/DB/DB__1E__IE/0081E3AIES0.px"
"SARANGANI","Fifth Decile","Average Savings  (in thousand pesos)","19.66","","2026-08-03T09-38-59-7a63a72104f8","https://openstat.psa.gov.ph/PXWeb/pxweb/en/DB/DB__1E__IE/0081E3AIES0.px"
"SARANGANI","Sixth Decile","Average Income   (in thousand pesos)","148.85","","2026-08-03T09-38-59-7a63a72104f8","https://openstat.psa.gov.ph/PXWeb/pxweb/en/DB/DB__1E__IE/0081E3AIES0.px"
"SARANGANI","Sixth Decile","Average Expenditure  (in thousand pesos)","125.21","","2026-08-03T09-38-59-7a63a72104f8","https://openstat.psa.gov.ph/PXWeb/pxweb/en/DB/DB__1E__IE/0081E3AIES0.px"
"SARANGANI","Sixth Decile","Average Savings  (in thousand pesos)","23.64","","2026-08-03T09-38-59-7a63a72104f8","https://openstat.psa.gov.ph/PXWeb/pxweb/en/DB/DB__1E__IE/0081E3AIES0.px"
"SARANGANI","Seventh Decile","Average Income   (in thousand pesos)","162.79","","2026-08-03T09-38-59-7a63a72104f8","https://openstat.psa.gov.ph/PXWeb/pxweb/en/DB/DB__1E__IE/0081E3AIES0.px"
"SARANGANI","Seventh Decile","Average Expenditure  (in thousand pesos)","133.91","","2026-08-03T09-38-59-7a63a72104f8","https://openstat.psa.gov.ph/PXWeb/pxweb/en/DB/DB__1E__IE/0081E3AIES0.px"
"SARANGANI","Seventh Decile","Average Savings  (in thousand pesos)","28.88","","2026-08-03T09-38-59-7a63a72104f8","https://openstat.psa.gov.ph/PXWeb/pxweb/en/DB/DB__1E__IE/0081E3AIES0.px"
"SARANGANI","Eighth Decile","Average Income   (in thousand pesos)","201.29","","2026-08-03T09-38-59-7a63a72104f8","https://openstat.psa.gov.ph/PXWeb/pxweb/en/DB/DB__1E__IE/0081E3AIES0.px"
"SARANGANI","Eighth Decile","Average Expenditure  (in thousand pesos)","154.43","","2026-08-03T09-38-59-7a63a72104f8","https://openstat.psa.gov.ph/PXWeb/pxweb/en/DB/DB__1E__IE/0081E3AIES0.px"
"SARANGANI","Eighth Decile","Average Savings  (in thousand pesos)","46.86","","2026-08-03T09-38-59-7a63a72104f8","https://openstat.psa.gov.ph/PXWeb/pxweb/en/DB/DB__1E__IE/0081E3AIES0.px"
"SARANGANI","Ninth Decile","Average Income   (in thousand pesos)","259.23","","2026-08-03T09-38-59-7a63a72104f8","https://openstat.psa.gov.ph/PXWeb/pxweb/en/DB/DB__1E__IE/0081E3AIES0.px"
"SARANGANI","Ninth Decile","Average Expenditure  (in thousand pesos)","199.75","","2026-08-03T09-38-59-7a63a72104f8","https://openstat.psa.gov.ph/PXWeb/pxweb/en/DB/DB__1E__IE/0081E3AIES0.px"
"SARANGANI","Ninth Decile","Average Savings  (in thousand pesos)","59.48","","2026-08-03T09-38-59-7a63a72104f8","https://openstat.psa.gov.ph/PXWeb/pxweb/en/DB/DB__1E__IE/0081E3AIES0.px"
"SARANGANI","Tenth Decile","Average Income   (in thousand pesos)","449.4","","2026-08-03T09-38-59-7a63a72104f8","https://openstat.psa.gov.ph/PXWeb/pxweb/en/DB/DB__1E__IE/0081E3AIES0.px"
"SARANGANI","Tenth Decile","Average Expenditure  (in thousand pesos)","293.61","","2026-08-03T09-38-59-7a63a72104f8","https://openstat.psa.gov.ph/PXWeb/pxweb/en/DB/DB__1E__IE/0081E3AIES0.px"
"SARANGANI","Tenth Decile","Average Savings  (in thousand pesos)","155.79","","2026-08-03T09-38-59-7a63a72104f8","https://openstat.psa.gov.ph/PXWeb/pxweb/en/DB/DB__1E__IE/0081E3AIES0.px"
"CARAGA","All Income Groups","Average Income   (in thousand pesos)","246.5","","2026-08-03T09-38-59-7a63a72104f8","https://openstat.psa.gov.ph/PXWeb/pxweb/en/DB/DB__1E__IE/0081E3AIES0.px"
"CARAGA","All Income Groups","Average Expenditure  (in thousand pesos)","189.95","","2026-08-03T09-38-59-7a63a72104f8","https://openstat.psa.gov.ph/PXWeb/pxweb/en/DB/DB__1E__IE/0081E3AIES0.px"
"CARAGA","All Income Groups","Average Savings  (in thousand pesos)","56.55","","2026-08-03T09-38-59-7a63a72104f8","https://openstat.psa.gov.ph/PXWeb/pxweb/en/DB/DB__1E__IE/0081E3AIES0.px"
"CARAGA","First Decile","Average Income   (in thousand pesos)","116.04","","2026-08-03T09-38-59-7a63a72104f8","https://openstat.psa.gov.ph/PXWeb/pxweb/en/DB/DB__1E__IE/0081E3AIES0.px"
"CARAGA","First Decile","Average Expenditure  (in thousand pesos)","111.12","","2026-08-03T09-38-59-7a63a72104f8","https://openstat.psa.gov.ph/PXWeb/pxweb/en/DB/DB__1E__IE/0081E3AIES0.px"
"CARAGA","First Decile","Average Savings  (in thousand pesos)","4.92","","2026-08-03T09-38-59-7a63a72104f8","https://openstat.psa.gov.ph/PXWeb/pxweb/en/DB/DB__1E__IE/0081E3AIES0.px"
"CARAGA","Second Decile","Average Income   (in thousand pesos)","140.32","","2026-08-03T09-38-59-7a63a72104f8","https://openstat.psa.gov.ph/PXWeb/pxweb/en/DB/DB__1E__IE/0081E3AIES0.px"
"CARAGA","Second Decile","Average Expenditure  (in thousand pesos)","127.45","","2026-08-03T09-38-59-7a63a72104f8","https://openstat.psa.gov.ph/PXWeb/pxweb/en/DB/DB__1E__IE/0081E3AIES0.px"
"CARAGA","Second Decile","Average Savings  (in thousand pesos)","12.88","","2026-08-03T09-38-59-7a63a72104f8","https://openstat.psa.gov.ph/PXWeb/pxweb/en/DB/DB__1E__IE/0081E3AIES0.px"
"CARAGA","Third Decile","Average Income   (in thousand pesos)","152.06","","2026-08-03T09-38-59-7a63a72104f8","https://openstat.psa.gov.ph/PXWeb/pxweb/en/DB/DB__1E__IE/0081E3AIES0.px"
"CARAGA","Third Decile","Average Expenditure  (in thousand pesos)","136.52","","2026-08-03T09-38-59-7a63a72104f8","https://openstat.psa.gov.ph/PXWeb/pxweb/en/DB/DB__1E__IE/0081E3AIES0.px"
"CARAGA","Third Decile","Average Savings  (in thousand pesos)","15.54","","2026-08-03T09-38-59-7a63a72104f8","https://openstat.psa.gov.ph/PXWeb/pxweb/en/DB/DB__1E__IE/0081E3AIES0.px"
"CARAGA","Fourth Decile","Average Income   (in thousand pesos)","169.02","","2026-08-03T09-38-59-7a63a72104f8","https://openstat.psa.gov.ph/PXWeb/pxweb/en/DB/DB__1E__IE/0081E3AIES0.px"
"CARAGA","Fourth Decile","Average Expenditure  (in thousand pesos)","146.99","","2026-08-03T09-38-59-7a63a72104f8","https://openstat.psa.gov.ph/PXWeb/pxweb/en/DB/DB__1E__IE/0081E3AIES0.px"
"CARAGA","Fourth Decile","Average Savings  (in thousand pesos)","22.03","","2026-08-03T09-38-59-7a63a72104f8","https://openstat.psa.gov.ph/PXWeb/pxweb/en/DB/DB__1E__IE/0081E3AIES0.px"
"CARAGA","Fifth Decile","Average Income   (in thousand pesos)","180.82","","2026-08-03T09-38-59-7a63a72104f8","https://openstat.psa.gov.ph/PXWeb/pxweb/en/DB/DB__1E__IE/0081E3AIES0.px"
"CARAGA","Fifth Decile","Average Expenditure  (in thousand pesos)","154.92","","2026-08-03T09-38-59-7a63a72104f8","https://openstat.psa.gov.ph/PXWeb/pxweb/en/DB/DB__1E__IE/0081E3AIES0.px"
"CARAGA","Fifth Decile","Average Savings  (in thousand pesos)","25.9","","2026-08-03T09-38-59-7a63a72104f8","https://openstat.psa.gov.ph/PXWeb/pxweb/en/DB/DB__1E__IE/0081E3AIES0.px"
"CARAGA","Sixth Decile","Average Income   (in thousand pesos)","197.09","","2026-08-03T09-38-59-7a63a72104f8","https://openstat.psa.gov.ph/PXWeb/pxweb/en/DB/DB__1E__IE/0081E3AIES0.px"
"CARAGA","Sixth Decile","Average Expenditure  (in thousand pesos)","162.85","","2026-08-03T09-38-59-7a63a72104f8","https://openstat.psa.gov.ph/PXWeb/pxweb/en/DB/DB__1E__IE/0081E3AIES0.px"
"CARAGA","Sixth Decile","Average Savings  (in thousand pesos)","34.24","","2026-08-03T09-38-59-7a63a72104f8","https://openstat.psa.gov.ph/PXWeb/pxweb/en/DB/DB__1E__IE/0081E3AIES0.px"
"CARAGA","Seventh Decile","Average Income   (in thousand pesos)","210.82","","2026-08-03T09-38-59-7a63a72104f8","https://openstat.psa.gov.ph/PXWeb/pxweb/en/DB/DB__1E__IE/0081E3AIES0.px"
"CARAGA","Seventh Decile","Average Expenditure  (in thousand pesos)","173.21","","2026-08-03T09-38-59-7a63a72104f8","https://openstat.psa.gov.ph/PXWeb/pxweb/en/DB/DB__1E__IE/0081E3AIES0.px"
"CARAGA","Seventh Decile","Average Savings  (in thousand pesos)","37.61","","2026-08-03T09-38-59-7a63a72104f8","https://openstat.psa.gov.ph/PXWeb/pxweb/en/DB/DB__1E__IE/0081E3AIES0.px"
"CARAGA","Eighth Decile","Average Income   (in thousand pesos)","253.22","","2026-08-03T09-38-59-7a63a72104f8","https://openstat.psa.gov.ph/PXWeb/pxweb/en/DB/DB__1E__IE/0081E3AIES0.px"
"CARAGA","Eighth Decile","Average Expenditure  (in thousand pesos)","199.23","","2026-08-03T09-38-59-7a63a72104f8","https://openstat.psa.gov.ph/PXWeb/pxweb/en/DB/DB__1E__IE/0081E3AIES0.px"
"CARAGA","Eighth Decile","Average Savings  (in thousand pesos)","53.99","","2026-08-03T09-38-59-7a63a72104f8","https://openstat.psa.gov.ph/PXWeb/pxweb/en/DB/DB__1E__IE/0081E3AIES0.px"
"CARAGA","Ninth Decile","Average Income   (in thousand pesos)","330.02","","2026-08-03T09-38-59-7a63a72104f8","https://openstat.psa.gov.ph/PXWeb/pxweb/en/DB/DB__1E__IE/0081E3AIES0.px"
"CARAGA","Ninth Decile","Average Expenditure  (in thousand pesos)","244.81","","2026-08-03T09-38-59-7a63a72104f8","https://openstat.psa.gov.ph/PXWeb/pxweb/en/DB/DB__1E__IE/0081E3AIES0.px"
"CARAGA","Ninth Decile","Average Savings  (in thousand pesos)","85.21","","2026-08-03T09-38-59-7a63a72104f8","https://openstat.psa.gov.ph/PXWeb/pxweb/en/DB/DB__1E__IE/0081E3AIES0.px"
"CARAGA","Tenth Decile","Average Income   (in thousand pesos)","714.81","","2026-08-03T09-38-59-7a63a72104f8","https://openstat.psa.gov.ph/PXWeb/pxweb/en/DB/DB__1E__IE/0081E3AIES0.px"
"CARAGA","Tenth Decile","Average Expenditure  (in thousand pesos)","441.97","","2026-08-03T09-38-59-7a63a72104f8","https://openstat.psa.gov.ph/PXWeb/pxweb/en/DB/DB__1E__IE/0081E3AIES0.px"
"CARAGA","Tenth Decile","Average Savings  (in thousand pesos)","272.85","","2026-08-03T09-38-59-7a63a72104f8","https://openstat.psa.gov.ph/PXWeb/pxweb/en/DB/DB__1E__IE/0081E3AIES0.px"
"AGUSAN DEL NORTE (Excluding City of Butuan)","All Income Groups","Average Income   (in thousand pesos)","220.85","","2026-08-03T09-38-59-7a63a72104f8","https://openstat.psa.gov.ph/PXWeb/pxweb/en/DB/DB__1E__IE/0081E3AIES0.px"
"AGUSAN DEL NORTE (Excluding City of Butuan)","All Income Groups","Average Expenditure  (in thousand pesos)","187.06","","2026-08-03T09-38-59-7a63a72104f8","https://openstat.psa.gov.ph/PXWeb/pxweb/en/DB/DB__1E__IE/0081E3AIES0.px"
"AGUSAN DEL NORTE (Excluding City of Butuan)","All Income Groups","Average Savings  (in thousand pesos)","33.79","","2026-08-03T09-38-59-7a63a72104f8","https://openstat.psa.gov.ph/PXWeb/pxweb/en/DB/DB__1E__IE/0081E3AIES0.px"
"AGUSAN DEL NORTE (Excluding City of Butuan)","First Decile","Average Income   (in thousand pesos)","105.3","","2026-08-03T09-38-59-7a63a72104f8","https://openstat.psa.gov.ph/PXWeb/pxweb/en/DB/DB__1E__IE/0081E3AIES0.px"
"AGUSAN DEL NORTE (Excluding City of Butuan)","First Decile","Average Expenditure  (in thousand pesos)","106.51","","2026-08-03T09-38-59-7a63a72104f8","https://openstat.psa.gov.ph/PXWeb/pxweb/en/DB/DB__1E__IE/0081E3AIES0.px"
"AGUSAN DEL NORTE (Excluding City of Butuan)","First Decile","Average Savings  (in thousand pesos)","-1.21","","2026-08-03T09-38-59-7a63a72104f8","https://openstat.psa.gov.ph/PXWeb/pxweb/en/DB/DB__1E__IE/0081E3AIES0.px"
"AGUSAN DEL NORTE (Excluding City of Butuan)","Second Decile","Average Income   (in thousand pesos)","129.18","","2026-08-03T09-38-59-7a63a72104f8","https://openstat.psa.gov.ph/PXWeb/pxweb/en/DB/DB__1E__IE/0081E3AIES0.px"
"AGUSAN DEL NORTE (Excluding City of Butuan)","Second Decile","Average Expenditure  (in thousand pesos)","126.08","","2026-08-03T09-38-59-7a63a72104f8","https://openstat.psa.gov.ph/PXWeb/pxweb/en/DB/DB__1E__IE/0081E3AIES0.px"
"AGUSAN DEL NORTE (Excluding City of Butuan)","Second Decile","Average Savings  (in thousand pesos)","3.1","","2026-08-03T09-38-59-7a63a72104f8","https://openstat.psa.gov.ph/PXWeb/pxweb/en/DB/DB__1E__IE/0081E3AIES0.px"
"AGUSAN DEL NORTE (Excluding City of Butuan)","Third Decile","Average Income   (in thousand pesos)","135.6","","2026-08-03T09-38-59-7a63a72104f8","https://openstat.psa.gov.ph/PXWeb/pxweb/en/DB/DB__1E__IE/0081E3AIES0.px"
"AGUSAN DEL NORTE (Excluding City of Butuan)","Third Decile","Average Expenditure  (in thousand pesos)","130.08","","2026-08-03T09-38-59-7a63a72104f8","https://openstat.psa.gov.ph/PXWeb/pxweb/en/DB/DB__1E__IE/0081E3AIES0.px"
"AGUSAN DEL NORTE (Excluding City of Butuan)","Third Decile","Average Savings  (in thousand pesos)","5.52","","2026-08-03T09-38-59-7a63a72104f8","https://openstat.psa.gov.ph/PXWeb/pxweb/en/DB/DB__1E__IE/0081E3AIES0.px"
"AGUSAN DEL NORTE (Excluding City of Butuan)","Fourth Decile","Average Income   (in thousand pesos)","160.57","","2026-08-03T09-38-59-7a63a72104f8","https://openstat.psa.gov.ph/PXWeb/pxweb/en/DB/DB__1E__IE/0081E3AIES0.px"
"AGUSAN DEL NORTE (Excluding City of Butuan)","Fourth Decile","Average Expenditure  (in thousand pesos)","150.96","","2026-08-03T09-38-59-7a63a72104f8","https://openstat.psa.gov.ph/PXWeb/pxweb/en/DB/DB__1E__IE/0081E3AIES0.px"
"AGUSAN DEL NORTE (Excluding City of Butuan)","Fourth Decile","Average Savings  (in thousand pesos)","9.61","","2026-08-03T09-38-59-7a63a72104f8","https://openstat.psa.gov.ph/PXWeb/pxweb/en/DB/DB__1E__IE/0081E3AIES0.px"
"AGUSAN DEL NORTE (Excluding City of Butuan)","Fifth Decile","Average Income   (in thousand pesos)","172.82","","2026-08-03T09-38-59-7a63a72104f8","https://openstat.psa.gov.ph/PXWeb/pxweb/en/DB/DB__1E__IE/0081E3AIES0.px"
"AGUSAN DEL NORTE (Excluding City of Butuan)","Fifth Decile","Average Expenditure  (in thousand pesos)","162.49","","2026-08-03T09-38-59-7a63a72104f8","https://openstat.psa.gov.ph/PXWeb/pxweb/en/DB/DB__1E__IE/0081E3AIES0.px"
"AGUSAN DEL NORTE (Excluding City of Butuan)","Fifth Decile","Average Savings  (in thousand pesos)","10.33","","2026-08-03T09-38-59-7a63a72104f8","https://openstat.psa.gov.ph/PXWeb/pxweb/en/DB/DB__1E__IE/0081E3AIES0.px"
"AGUSAN DEL NORTE (Excluding City of Butuan)","Sixth Decile","Average Income   (in thousand pesos)","183.56","","2026-08-03T09-38-59-7a63a72104f8","https://openstat.psa.gov.ph/PXWeb/pxweb/en/DB/DB__1E__IE/0081E3AIES0.px"
"AGUSAN DEL NORTE (Excluding City of Butuan)","Sixth Decile","Average Expenditure  (in thousand pesos)","164.78","","2026-08-03T09-38-59-7a63a72104f8","https://openstat.psa.gov.ph/PXWeb/pxweb/en/DB/DB__1E__IE/0081E3AIES0.px"
"AGUSAN DEL NORTE (Excluding City of Butuan)","Sixth Decile","Average Savings  (in thousand pesos)","18.78","","2026-08-03T09-38-59-7a63a72104f8","https://openstat.psa.gov.ph/PXWeb/pxweb/en/DB/DB__1E__IE/0081E3AIES0.px"
"AGUSAN DEL NORTE (Excluding City of Butuan)","Seventh Decile","Average Income   (in thousand pesos)","211.02","","2026-08-03T09-38-59-7a63a72104f8","https://openstat.psa.gov.ph/PXWeb/pxweb/en/DB/DB__1E__IE/0081E3AIES0.px"
"AGUSAN DEL NORTE (Excluding City of Butuan)","Seventh Decile","Average Expenditure  (in thousand pesos)","190.88","","2026-08-03T09-38-59-7a63a72104f8","https://openstat.psa.gov.ph/PXWeb/pxweb/en/DB/DB__1E__IE/0081E3AIES0.px"
"AGUSAN DEL NORTE (Excluding City of Butuan)","Seventh Decile","Average Savings  (in thousand pesos)","20.14","","2026-08-03T09-38-59-7a63a72104f8","https://openstat.psa.gov.ph/PXWeb/pxweb/en/DB/DB__1E__IE/0081E3AIES0.px"
"AGUSAN DEL NORTE (Excluding City of Butuan)","Eighth Decile","Average Income   (in thousand pesos)","236.2","","2026-08-03T09-38-59-7a63a72104f8","https://openstat.psa.gov.ph/PXWeb/pxweb/en/DB/DB__1E__IE/0081E3AIES0.px"
"AGUSAN DEL NORTE (Excluding City of Butuan)","Eighth Decile","Average Expenditure  (in thousand pesos)","198.05","","2026-08-03T09-38-59-7a63a72104f8","https://openstat.psa.gov.ph/PXWeb/pxweb/en/DB/DB__1E__IE/0081E3AIES0.px"
"AGUSAN DEL NORTE (Excluding City of Butuan)","Eighth Decile","Average Savings  (in thousand pesos)","38.15","","2026-08-03T09-38-59-7a63a72104f8","https://openstat.psa.gov.ph/PXWeb/pxweb/en/DB/DB__1E__IE/0081E3AIES0.px"
"AGUSAN DEL NORTE (Excluding City of Butuan)","Ninth Decile","Average Income   (in thousand pesos)","306.65","","2026-08-03T09-38-59-7a63a72104f8","https://openstat.psa.gov.ph/PXWeb/pxweb/en/DB/DB__1E__IE/0081E3AIES0.px"
"AGUSAN DEL NORTE (Excluding City of Butuan)","Ninth Decile","Average Expenditure  (in thousand pesos)","248.76","","2026-08-03T09-38-59-7a63a72104f8","https://openstat.psa.gov.ph/PXWeb/pxweb/en/DB/DB__1E__IE/0081E3AIES0.px"
"AGUSAN DEL NORTE (Excluding City of Butuan)","Ninth Decile","Average Savings  (in thousand pesos)","57.88","","2026-08-03T09-38-59-7a63a72104f8","https://openstat.psa.gov.ph/PXWeb/pxweb/en/DB/DB__1E__IE/0081E3AIES0.px"
"AGUSAN DEL NORTE (Excluding City of Butuan)","Tenth Decile","Average Income   (in thousand pesos)","565.57","","2026-08-03T09-38-59-7a63a72104f8","https://openstat.psa.gov.ph/PXWeb/pxweb/en/DB/DB__1E__IE/0081E3AIES0.px"
"AGUSAN DEL NORTE (Excluding City of Butuan)","Tenth Decile","Average Expenditure  (in thousand pesos)","390.87","","2026-08-03T09-38-59-7a63a72104f8","https://openstat.psa.gov.ph/PXWeb/pxweb/en/DB/DB__1E__IE/0081E3AIES0.px"
"AGUSAN DEL NORTE (Excluding City of Butuan)","Tenth Decile","Average Savings  (in thousand pesos)","174.7","","2026-08-03T09-38-59-7a63a72104f8","https://openstat.psa.gov.ph/PXWeb/pxweb/en/DB/DB__1E__IE/0081E3AIES0.px"
"..City of Butuan","All Income Groups","Average Income   (in thousand pesos)","337.69","","2026-08-03T09-38-59-7a63a72104f8","https://openstat.psa.gov.ph/PXWeb/pxweb/en/DB/DB__1E__IE/0081E3AIES0.px"
"..City of Butuan","All Income Groups","Average Expenditure  (in thousand pesos)","252.52","","2026-08-03T09-38-59-7a63a72104f8","https://openstat.psa.gov.ph/PXWeb/pxweb/en/DB/DB__1E__IE/0081E3AIES0.px"
"..City of Butuan","All Income Groups","Average Savings  (in thousand pesos)","85.17","","2026-08-03T09-38-59-7a63a72104f8","https://openstat.psa.gov.ph/PXWeb/pxweb/en/DB/DB__1E__IE/0081E3AIES0.px"
"..City of Butuan","First Decile","Average Income   (in thousand pesos)","117.59","","2026-08-03T09-38-59-7a63a72104f8","https://openstat.psa.gov.ph/PXWeb/pxweb/en/DB/DB__1E__IE/0081E3AIES0.px"
"..City of Butuan","First Decile","Average Expenditure  (in thousand pesos)","111.37","","2026-08-03T09-38-59-7a63a72104f8","https://openstat.psa.gov.ph/PXWeb/pxweb/en/DB/DB__1E__IE/0081E3AIES0.px"
"..City of Butuan","First Decile","Average Savings  (in thousand pesos)","6.21","","2026-08-03T09-38-59-7a63a72104f8","https://openstat.psa.gov.ph/PXWeb/pxweb/en/DB/DB__1E__IE/0081E3AIES0.px"
"..City of Butuan","Second Decile","Average Income   (in thousand pesos)","153.29","","2026-08-03T09-38-59-7a63a72104f8","https://openstat.psa.gov.ph/PXWeb/pxweb/en/DB/DB__1E__IE/0081E3AIES0.px"
"..City of Butuan","Second Decile","Average Expenditure  (in thousand pesos)","138.68","","2026-08-03T09-38-59-7a63a72104f8","https://openstat.psa.gov.ph/PXWeb/pxweb/en/DB/DB__1E__IE/0081E3AIES0.px"
"..City of Butuan","Second Decile","Average Savings  (in thousand pesos)","14.61","","2026-08-03T09-38-59-7a63a72104f8","https://openstat.psa.gov.ph/PXWeb/pxweb/en/DB/DB__1E__IE/0081E3AIES0.px"
"..City of Butuan","Third Decile","Average Income   (in thousand pesos)","184.49","","2026-08-03T09-38-59-7a63a72104f8","https://openstat.psa.gov.ph/PXWeb/pxweb/en/DB/DB__1E__IE/0081E3AIES0.px"
"..City of Butuan","Third Decile","Average Expenditure  (in thousand pesos)","165.5","","2026-08-03T09-38-59-7a63a72104f8","https://openstat.psa.gov.ph/PXWeb/pxweb/en/DB/DB__1E__IE/0081E3AIES0.px"
"..City of Butuan","Third Decile","Average Savings  (in thousand pesos)","18.98","","2026-08-03T09-38-59-7a63a72104f8","https://openstat.psa.gov.ph/PXWeb/pxweb/en/DB/DB__1E__IE/0081E3AIES0.px"
"..City of Butuan","Fourth Decile","Average Income   (in thousand pesos)","195.5","","2026-08-03T09-38-59-7a63a72104f8","https://openstat.psa.gov.ph/PXWeb/pxweb/en/DB/DB__1E__IE/0081E3AIES0.px"
"..City of Butuan","Fourth Decile","Average Expenditure  (in thousand pesos)","176.47","","2026-08-03T09-38-59-7a63a72104f8","https://openstat.psa.gov.ph/PXWeb/pxweb/en/DB/DB__1E__IE/0081E3AIES0.px"
"..City of Butuan","Fourth Decile","Average Savings  (in thousand pesos)","19.03","","2026-08-03T09-38-59-7a63a72104f8","https://openstat.psa.gov.ph/PXWeb/pxweb/en/DB/DB__1E__IE/0081E3AIES0.px"
"..City of Butuan","Fifth Decile","Average Income   (in thousand pesos)","219.4","","2026-08-03T09-38-59-7a63a72104f8","https://openstat.psa.gov.ph/PXWeb/pxweb/en/DB/DB__1E__IE/0081E3AIES0.px"
"..City of Butuan","Fifth Decile","Average Expenditure  (in thousand pesos)","187.34","","2026-08-03T09-38-59-7a63a72104f8","https://openstat.psa.gov.ph/PXWeb/pxweb/en/DB/DB__1E__IE/0081E3AIES0.px"
"..City of Butuan","Fifth Decile","Average Savings  (in thousand pesos)","32.06","","2026-08-03T09-38-59-7a63a72104f8","https://openstat.psa.gov.ph/PXWeb/pxweb/en/DB/DB__1E__IE/0081E3AIES0.px"
"..City of Butuan","Sixth Decile","Average Income   (in thousand pesos)","233.56","","2026-08-03T09-38-59-7a63a72104f8","https://openstat.psa.gov.ph/PXWeb/pxweb/en/DB/DB__1E__IE/0081E3AIES0.px"
"..City of Butuan","Sixth Decile","Average Expenditure  (in thousand pesos)","199.76","","2026-08-03T09-38-59-7a63a72104f8","https://openstat.psa.gov.ph/PXWeb/pxweb/en/DB/DB__1E__IE/0081E3AIES0.px"
"..City of Butuan","Sixth Decile","Average Savings  (in thousand pesos)","33.8","","2026-08-03T09-38-59-7a63a72104f8","https://openstat.psa.gov.ph/PXWeb/pxweb/en/DB/DB__1E__IE/0081E3AIES0.px"
"..City of Butuan","Seventh Decile","Average Income   (in thousand pesos)","299.86","","2026-08-03T09-38-59-7a63a72104f8","https://openstat.psa.gov.ph/PXWeb/pxweb/en/DB/DB__1E__IE/0081E3AIES0.px"
"..City of Butuan","Seventh Decile","Average Expenditure  (in thousand pesos)","250.46","","2026-08-03T09-38-59-7a63a72104f8","https://openstat.psa.gov.ph/PXWeb/pxweb/en/DB/DB__1E__IE/0081E3AIES0.px"
"..City of Butuan","Seventh Decile","Average Savings  (in thousand pesos)","49.4","","2026-08-03T09-38-59-7a63a72104f8","https://openstat.psa.gov.ph/PXWeb/pxweb/en/DB/DB__1E__IE/0081E3AIES0.px"
"..City of Butuan","Eighth Decile","Average Income   (in thousand pesos)","397.73","","2026-08-03T09-38-59-7a63a72104f8","https://openstat.psa.gov.ph/PXWeb/pxweb/en/DB/DB__1E__IE/0081E3AIES0.px"
"..City of Butuan","Eighth Decile","Average Expenditure  (in thousand pesos)","316.62","","2026-08-03T09-38-59-7a63a72104f8","https://openstat.psa.gov.ph/PXWeb/pxweb/en/DB/DB__1E__IE/0081E3AIES0.px"
"..City of Butuan","Eighth Decile","Average Savings  (in thousand pesos)","81.11","","2026-08-03T09-38-59-7a63a72104f8","https://openstat.psa.gov.ph/PXWeb/pxweb/en/DB/DB__1E__IE/0081E3AIES0.px"
"..City of Butuan","Ninth Decile","Average Income   (in thousand pesos)","521.73","","2026-08-03T09-38-59-7a63a72104f8","https://openstat.psa.gov.ph/PXWeb/pxweb/en/DB/DB__1E__IE/0081E3AIES0.px"
"..City of Butuan","Ninth Decile","Average Expenditure  (in thousand pesos)","370.22","","2026-08-03T09-38-59-7a63a72104f8","https://openstat.psa.gov.ph/PXWeb/pxweb/en/DB/DB__1E__IE/0081E3AIES0.px"
"..City of Butuan","Ninth Decile","Average Savings  (in thousand pesos)","151.51","","2026-08-03T09-38-59-7a63a72104f8","https://openstat.psa.gov.ph/PXWeb/pxweb/en/DB/DB__1E__IE/0081E3AIES0.px"
"..City of Butuan","Tenth Decile","Average Income   (in thousand pesos)","1051.51","","2026-08-03T09-38-59-7a63a72104f8","https://openstat.psa.gov.ph/PXWeb/pxweb/en/DB/DB__1E__IE/0081E3AIES0.px"
"..City of Butuan","Tenth Decile","Average Expenditure  (in thousand pesos)","607.53","","2026-08-03T09-38-59-7a63a72104f8","https://openstat.psa.gov.ph/PXWeb/pxweb/en/DB/DB__1E__IE/0081E3AIES0.px"
"..City of Butuan","Tenth Decile","Average Savings  (in thousand pesos)","443.98","","2026-08-03T09-38-59-7a63a72104f8","https://openstat.psa.gov.ph/PXWeb/pxweb/en/DB/DB__1E__IE/0081E3AIES0.px"
"AGUSAN DEL SUR","All Income Groups","Average Income   (in thousand pesos)","199.78","","2026-08-03T09-38-59-7a63a72104f8","https://openstat.psa.gov.ph/PXWeb/pxweb/en/DB/DB__1E__IE/0081E3AIES0.px"
"AGUSAN DEL SUR","All Income Groups","Average Expenditure  (in thousand pesos)","176.61","","2026-08-03T09-38-59-7a63a72104f8","https://openstat.psa.gov.ph/PXWeb/pxweb/en/DB/DB__1E__IE/0081E3AIES0.px"
"AGUSAN DEL SUR","All Income Groups","Average Savings  (in thousand pesos)","23.17","","2026-08-03T09-38-59-7a63a72104f8","https://openstat.psa.gov.ph/PXWeb/pxweb/en/DB/DB__1E__IE/0081E3AIES0.px"
"AGUSAN DEL SUR","First Decile","Average Income   (in thousand pesos)","105.08","","2026-08-03T09-38-59-7a63a72104f8","https://openstat.psa.gov.ph/PXWeb/pxweb/en/DB/DB__1E__IE/0081E3AIES0.px"
"AGUSAN DEL SUR","First Decile","Average Expenditure  (in thousand pesos)","105.77","","2026-08-03T09-38-59-7a63a72104f8","https://openstat.psa.gov.ph/PXWeb/pxweb/en/DB/DB__1E__IE/0081E3AIES0.px"
"AGUSAN DEL SUR","First Decile","Average Savings  (in thousand pesos)","-0.69","","2026-08-03T09-38-59-7a63a72104f8","https://openstat.psa.gov.ph/PXWeb/pxweb/en/DB/DB__1E__IE/0081E3AIES0.px"
"AGUSAN DEL SUR","Second Decile","Average Income   (in thousand pesos)","124.93","","2026-08-03T09-38-59-7a63a72104f8","https://openstat.psa.gov.ph/PXWeb/pxweb/en/DB/DB__1E__IE/0081E3AIES0.px"
"AGUSAN DEL SUR","Second Decile","Average Expenditure  (in thousand pesos)","121.18","","2026-08-03T09-38-59-7a63a72104f8","https://openstat.psa.gov.ph/PXWeb/pxweb/en/DB/DB__1E__IE/0081E3AIES0.px"
"AGUSAN DEL SUR","Second Decile","Average Savings  (in thousand pesos)","3.75","","2026-08-03T09-38-59-7a63a72104f8","https://openstat.psa.gov.ph/PXWeb/pxweb/en/DB/DB__1E__IE/0081E3AIES0.px"
"AGUSAN DEL SUR","Third Decile","Average Income   (in thousand pesos)","134.38","","2026-08-03T09-38-59-7a63a72104f8","https://openstat.psa.gov.ph/PXWeb/pxweb/en/DB/DB__1E__IE/0081E3AIES0.px"
"AGUSAN DEL SUR","Third Decile","Average Expenditure  (in thousand pesos)","128.62","","2026-08-03T09-38-59-7a63a72104f8","https://openstat.psa.gov.ph/PXWeb/pxweb/en/DB/DB__1E__IE/0081E3AIES0.px"
"AGUSAN DEL SUR","Third Decile","Average Savings  (in thousand pesos)","5.76","","2026-08-03T09-38-59-7a63a72104f8","https://openstat.psa.gov.ph/PXWeb/pxweb/en/DB/DB__1E__IE/0081E3AIES0.px"
"AGUSAN DEL SUR","Fourth Decile","Average Income   (in thousand pesos)","138.57","","2026-08-03T09-38-59-7a63a72104f8","https://openstat.psa.gov.ph/PXWeb/pxweb/en/DB/DB__1E__IE/0081E3AIES0.px"
"AGUSAN DEL SUR","Fourth Decile","Average Expenditure  (in thousand pesos)","133.02","","2026-08-03T09-38-59-7a63a72104f8","https://openstat.psa.gov.ph/PXWeb/pxweb/en/DB/DB__1E__IE/0081E3AIES0.px"
"AGUSAN DEL SUR","Fourth Decile","Average Savings  (in thousand pesos)","5.56","","2026-08-03T09-38-59-7a63a72104f8","https://openstat.psa.gov.ph/PXWeb/pxweb/en/DB/DB__1E__IE/0081E3AIES0.px"
"AGUSAN DEL SUR","Fifth Decile","Average Income   (in thousand pesos)","151.9","","2026-08-03T09-38-59-7a63a72104f8","https://openstat.psa.gov.ph/PXWeb/pxweb/en/DB/DB__1E__IE/0081E3AIES0.px"
"AGUSAN DEL SUR","Fifth Decile","Average Expenditure  (in thousand pesos)","142.58","","2026-08-03T09-38-59-7a63a72104f8","https://openstat.psa.gov.ph/PXWeb/pxweb/en/DB/DB__1E__IE/0081E3AIES0.px"
"AGUSAN DEL SUR","Fifth Decile","Average Savings  (in thousand pesos)","9.32","","2026-08-03T09-38-59-7a63a72104f8","https://openstat.psa.gov.ph/PXWeb/pxweb/en/DB/DB__1E__IE/0081E3AIES0.px"
"AGUSAN DEL SUR","Sixth Decile","Average Income   (in thousand pesos)","160.06","","2026-08-03T09-38-59-7a63a72104f8","https://openstat.psa.gov.ph/PXWeb/pxweb/en/DB/DB__1E__IE/0081E3AIES0.px"
"AGUSAN DEL SUR","Sixth Decile","Average Expenditure  (in thousand pesos)","149.8","","2026-08-03T09-38-59-7a63a72104f8","https://openstat.psa.gov.ph/PXWeb/pxweb/en/DB/DB__1E__IE/0081E3AIES0.px"
"AGUSAN DEL SUR","Sixth Decile","Average Savings  (in thousand pesos)","10.26","","2026-08-03T09-38-59-7a63a72104f8","https://openstat.psa.gov.ph/PXWeb/pxweb/en/DB/DB__1E__IE/0081E3AIES0.px"
"AGUSAN DEL SUR","Seventh Decile","Average Income   (in thousand pesos)","179.14","","2026-08-03T09-38-59-7a63a72104f8","https://openstat.psa.gov.ph/PXWeb/pxweb/en/DB/DB__1E__IE/0081E3AIES0.px"
"AGUSAN DEL SUR","Seventh Decile","Average Expenditure  (in thousand pesos)","165.26","","2026-08-03T09-38-59-7a63a72104f8","https://openstat.psa.gov.ph/PXWeb/pxweb/en/DB/DB__1E__IE/0081E3AIES0.px"
"AGUSAN DEL SUR","Seventh Decile","Average Savings  (in thousand pesos)","13.89","","2026-08-03T09-38-59-7a63a72104f8","https://openstat.psa.gov.ph/PXWeb/pxweb/en/DB/DB__1E__IE/0081E3AIES0.px"
"AGUSAN DEL SUR","Eighth Decile","Average Income   (in thousand pesos)","182.81","","2026-08-03T09-38-59-7a63a72104f8","https://openstat.psa.gov.ph/PXWeb/pxweb/en/DB/DB__1E__IE/0081E3AIES0.px"
"AGUSAN DEL SUR","Eighth Decile","Average Expenditure  (in thousand pesos)","168.87","","2026-08-03T09-38-59-7a63a72104f8","https://openstat.psa.gov.ph/PXWeb/pxweb/en/DB/DB__1E__IE/0081E3AIES0.px"
"AGUSAN DEL SUR","Eighth Decile","Average Savings  (in thousand pesos)","13.94","","2026-08-03T09-38-59-7a63a72104f8","https://openstat.psa.gov.ph/PXWeb/pxweb/en/DB/DB__1E__IE/0081E3AIES0.px"
"AGUSAN DEL SUR","Ninth Decile","Average Income   (in thousand pesos)","249.78","","2026-08-03T09-38-59-7a63a72104f8","https://openstat.psa.gov.ph/PXWeb/pxweb/en/DB/DB__1E__IE/0081E3AIES0.px"
"AGUSAN DEL SUR","Ninth Decile","Average Expenditure  (in thousand pesos)","218.62","","2026-08-03T09-38-59-7a63a72104f8","https://openstat.psa.gov.ph/PXWeb/pxweb/en/DB/DB__1E__IE/0081E3AIES0.px"
"AGUSAN DEL SUR","Ninth Decile","Average Savings  (in thousand pesos)","31.16","","2026-08-03T09-38-59-7a63a72104f8","https://openstat.psa.gov.ph/PXWeb/pxweb/en/DB/DB__1E__IE/0081E3AIES0.px"
"AGUSAN DEL SUR","Tenth Decile","Average Income   (in thousand pesos)","569.15","","2026-08-03T09-38-59-7a63a72104f8","https://openstat.psa.gov.ph/PXWeb/pxweb/en/DB/DB__1E__IE/0081E3AIES0.px"
"AGUSAN DEL SUR","Tenth Decile","Average Expenditure  (in thousand pesos)","431.03","","2026-08-03T09-38-59-7a63a72104f8","https://openstat.psa.gov.ph/PXWeb/pxweb/en/DB/DB__1E__IE/0081E3AIES0.px"
"AGUSAN DEL SUR","Tenth Decile","Average Savings  (in thousand pesos)","138.12","","2026-08-03T09-38-59-7a63a72104f8","https://openstat.psa.gov.ph/PXWeb/pxweb/en/DB/DB__1E__IE/0081E3AIES0.px"
"SURIGAO DEL NORTE","All Income Groups","Average Income   (in thousand pesos)","297.41","","2026-08-03T09-38-59-7a63a72104f8","https://openstat.psa.gov.ph/PXWeb/pxweb/en/DB/DB__1E__IE/0081E3AIES0.px"
"SURIGAO DEL NORTE","All Income Groups","Average Expenditure  (in thousand pesos)","186.25","","2026-08-03T09-38-59-7a63a72104f8","https://openstat.psa.gov.ph/PXWeb/pxweb/en/DB/DB__1E__IE/0081E3AIES0.px"
"SURIGAO DEL NORTE","All Income Groups","Average Savings  (in thousand pesos)","111.16","","2026-08-03T09-38-59-7a63a72104f8","https://openstat.psa.gov.ph/PXWeb/pxweb/en/DB/DB__1E__IE/0081E3AIES0.px"
"SURIGAO DEL NORTE","First Decile","Average Income   (in thousand pesos)","144.46","","2026-08-03T09-38-59-7a63a72104f8","https://openstat.psa.gov.ph/PXWeb/pxweb/en/DB/DB__1E__IE/0081E3AIES0.px"
"SURIGAO DEL NORTE","First Decile","Average Expenditure  (in thousand pesos)","107","","2026-08-03T09-38-59-7a63a72104f8","https://openstat.psa.gov.ph/PXWeb/pxweb/en/DB/DB__1E__IE/0081E3AIES0.px"
"SURIGAO DEL NORTE","First Decile","Average Savings  (in thousand pesos)","37.46","","2026-08-03T09-38-59-7a63a72104f8","https://openstat.psa.gov.ph/PXWeb/pxweb/en/DB/DB__1E__IE/0081E3AIES0.px"
"SURIGAO DEL NORTE","Second Decile","Average Income   (in thousand pesos)","169.59","","2026-08-03T09-38-59-7a63a72104f8","https://openstat.psa.gov.ph/PXWeb/pxweb/en/DB/DB__1E__IE/0081E3AIES0.px"
"SURIGAO DEL NORTE","Second Decile","Average Expenditure  (in thousand pesos)","119.38","","2026-08-03T09-38-59-7a63a72104f8","https://openstat.psa.gov.ph/PXWeb/pxweb/en/DB/DB__1E__IE/0081E3AIES0.px"
"SURIGAO DEL NORTE","Second Decile","Average Savings  (in thousand pesos)","50.21","","2026-08-03T09-38-59-7a63a72104f8","https://openstat.psa.gov.ph/PXWeb/pxweb/en/DB/DB__1E__IE/0081E3AIES0.px"
"SURIGAO DEL NORTE","Third Decile","Average Income   (in thousand pesos)","200.86","","2026-08-03T09-38-59-7a63a72104f8","https://openstat.psa.gov.ph/PXWeb/pxweb/en/DB/DB__1E__IE/0081E3AIES0.px"
"SURIGAO DEL NORTE","Third Decile","Average Expenditure  (in thousand pesos)","140.49","","2026-08-03T09-38-59-7a63a72104f8","https://openstat.psa.gov.ph/PXWeb/pxweb/en/DB/DB__1E__IE/0081E3AIES0.px"
"SURIGAO DEL NORTE","Third Decile","Average Savings  (in thousand pesos)","60.38","","2026-08-03T09-38-59-7a63a72104f8","https://openstat.psa.gov.ph/PXWeb/pxweb/en/DB/DB__1E__IE/0081E3AIES0.px"
"SURIGAO DEL NORTE","Fourth Decile","Average Income   (in thousand pesos)","193.43","","2026-08-03T09-38-59-7a63a72104f8","https://openstat.psa.gov.ph/PXWeb/pxweb/en/DB/DB__1E__IE/0081E3AIES0.px"
"SURIGAO DEL NORTE","Fourth Decile","Average Expenditure  (in thousand pesos)","137.41","","2026-08-03T09-38-59-7a63a72104f8","https://openstat.psa.gov.ph/PXWeb/pxweb/en/DB/DB__1E__IE/0081E3AIES0.px"
"SURIGAO DEL NORTE","Fourth Decile","Average Savings  (in thousand pesos)","56.02","","2026-08-03T09-38-59-7a63a72104f8","https://openstat.psa.gov.ph/PXWeb/pxweb/en/DB/DB__1E__IE/0081E3AIES0.px"
"SURIGAO DEL NORTE","Fifth Decile","Average Income   (in thousand pesos)","228.6","","2026-08-03T09-38-59-7a63a72104f8","https://openstat.psa.gov.ph/PXWeb/pxweb/en/DB/DB__1E__IE/0081E3AIES0.px"
"SURIGAO DEL NORTE","Fifth Decile","Average Expenditure  (in thousand pesos)","156.25","","2026-08-03T09-38-59-7a63a72104f8","https://openstat.psa.gov.ph/PXWeb/pxweb/en/DB/DB__1E__IE/0081E3AIES0.px"
"SURIGAO DEL NORTE","Fifth Decile","Average Savings  (in thousand pesos)","72.35","","2026-08-03T09-38-59-7a63a72104f8","https://openstat.psa.gov.ph/PXWeb/pxweb/en/DB/DB__1E__IE/0081E3AIES0.px"
"SURIGAO DEL NORTE","Sixth Decile","Average Income   (in thousand pesos)","223.99","","2026-08-03T09-38-59-7a63a72104f8","https://openstat.psa.gov.ph/PXWeb/pxweb/en/DB/DB__1E__IE/0081E3AIES0.px"
"SURIGAO DEL NORTE","Sixth Decile","Average Expenditure  (in thousand pesos)","150.18","","2026-08-03T09-38-59-7a63a72104f8","https://openstat.psa.gov.ph/PXWeb/pxweb/en/DB/DB__1E__IE/0081E3AIES0.px"
"SURIGAO DEL NORTE","Sixth Decile","Average Savings  (in thousand pesos)","73.81","","2026-08-03T09-38-59-7a63a72104f8","https://openstat.psa.gov.ph/PXWeb/pxweb/en/DB/DB__1E__IE/0081E3AIES0.px"
"SURIGAO DEL NORTE","Seventh Decile","Average Income   (in thousand pesos)","271.18","","2026-08-03T09-38-59-7a63a72104f8","https://openstat.psa.gov.ph/PXWeb/pxweb/en/DB/DB__1E__IE/0081E3AIES0.px"
"SURIGAO DEL NORTE","Seventh Decile","Average Expenditure  (in thousand pesos)","171.54","","2026-08-03T09-38-59-7a63a72104f8","https://openstat.psa.gov.ph/PXWeb/pxweb/en/DB/DB__1E__IE/0081E3AIES0.px"
"SURIGAO DEL NORTE","Seventh Decile","Average Savings  (in thousand pesos)","99.64","","2026-08-03T09-38-59-7a63a72104f8","https://openstat.psa.gov.ph/PXWeb/pxweb/en/DB/DB__1E__IE/0081E3AIES0.px"
"SURIGAO DEL NORTE","Eighth Decile","Average Income   (in thousand pesos)","285.5","","2026-08-03T09-38-59-7a63a72104f8","https://openstat.psa.gov.ph/PXWeb/pxweb/en/DB/DB__1E__IE/0081E3AIES0.px"
"SURIGAO DEL NORTE","Eighth Decile","Average Expenditure  (in thousand pesos)","190.15","","2026-08-03T09-38-59-7a63a72104f8","https://openstat.psa.gov.ph/PXWeb/pxweb/en/DB/DB__1E__IE/0081E3AIES0.px"
"SURIGAO DEL NORTE","Eighth Decile","Average Savings  (in thousand pesos)","95.35","","2026-08-03T09-38-59-7a63a72104f8","https://openstat.psa.gov.ph/PXWeb/pxweb/en/DB/DB__1E__IE/0081E3AIES0.px"
"SURIGAO DEL NORTE","Ninth Decile","Average Income   (in thousand pesos)","421.58","","2026-08-03T09-38-59-7a63a72104f8","https://openstat.psa.gov.ph/PXWeb/pxweb/en/DB/DB__1E__IE/0081E3AIES0.px"
"SURIGAO DEL NORTE","Ninth Decile","Average Expenditure  (in thousand pesos)","250.6","","2026-08-03T09-38-59-7a63a72104f8","https://openstat.psa.gov.ph/PXWeb/pxweb/en/DB/DB__1E__IE/0081E3AIES0.px"
"SURIGAO DEL NORTE","Ninth Decile","Average Savings  (in thousand pesos)","170.98","","2026-08-03T09-38-59-7a63a72104f8","https://openstat.psa.gov.ph/PXWeb/pxweb/en/DB/DB__1E__IE/0081E3AIES0.px"
"SURIGAO DEL NORTE","Tenth Decile","Average Income   (in thousand pesos)","833.89","","2026-08-03T09-38-59-7a63a72104f8","https://openstat.psa.gov.ph/PXWeb/pxweb/en/DB/DB__1E__IE/0081E3AIES0.px"
"SURIGAO DEL NORTE","Tenth Decile","Average Expenditure  (in thousand pesos)","439.04","","2026-08-03T09-38-59-7a63a72104f8","https://openstat.psa.gov.ph/PXWeb/pxweb/en/DB/DB__1E__IE/0081E3AIES0.px"
"SURIGAO DEL NORTE","Tenth Decile","Average Savings  (in thousand pesos)","394.85","","2026-08-03T09-38-59-7a63a72104f8","https://openstat.psa.gov.ph/PXWeb/pxweb/en/DB/DB__1E__IE/0081E3AIES0.px"
"SURIGAO DEL SUR","All Income Groups","Average Income   (in thousand pesos)","220.86","","2026-08-03T09-38-59-7a63a72104f8","https://openstat.psa.gov.ph/PXWeb/pxweb/en/DB/DB__1E__IE/0081E3AIES0.px"
"SURIGAO DEL SUR","All Income Groups","Average Expenditure  (in thousand pesos)","180.62","","2026-08-03T09-38-59-7a63a72104f8","https://openstat.psa.gov.ph/PXWeb/pxweb/en/DB/DB__1E__IE/0081E3AIES0.px"
"SURIGAO DEL SUR","All Income Groups","Average Savings  (in thousand pesos)","40.23","","2026-08-03T09-38-59-7a63a72104f8","https://openstat.psa.gov.ph/PXWeb/pxweb/en/DB/DB__1E__IE/0081E3AIES0.px"
"SURIGAO DEL SUR","First Decile","Average Income   (in thousand pesos)","139.91","","2026-08-03T09-38-59-7a63a72104f8","https://openstat.psa.gov.ph/PXWeb/pxweb/en/DB/DB__1E__IE/0081E3AIES0.px"
"SURIGAO DEL SUR","First Decile","Average Expenditure  (in thousand pesos)","132.39","","2026-08-03T09-38-59-7a63a72104f8","https://openstat.psa.gov.ph/PXWeb/pxweb/en/DB/DB__1E__IE/0081E3AIES0.px"
"SURIGAO DEL SUR","First Decile","Average Savings  (in thousand pesos)","7.53","","2026-08-03T09-38-59-7a63a72104f8","https://openstat.psa.gov.ph/PXWeb/pxweb/en/DB/DB__1E__IE/0081E3AIES0.px"
"SURIGAO DEL SUR","Second Decile","Average Income   (in thousand pesos)","147.97","","2026-08-03T09-38-59-7a63a72104f8","https://openstat.psa.gov.ph/PXWeb/pxweb/en/DB/DB__1E__IE/0081E3AIES0.px"
"SURIGAO DEL SUR","Second Decile","Average Expenditure  (in thousand pesos)","137.31","","2026-08-03T09-38-59-7a63a72104f8","https://openstat.psa.gov.ph/PXWeb/pxweb/en/DB/DB__1E__IE/0081E3AIES0.px"
"SURIGAO DEL SUR","Second Decile","Average Savings  (in thousand pesos)","10.66","","2026-08-03T09-38-59-7a63a72104f8","https://openstat.psa.gov.ph/PXWeb/pxweb/en/DB/DB__1E__IE/0081E3AIES0.px"
"SURIGAO DEL SUR","Third Decile","Average Income   (in thousand pesos)","159.73","","2026-08-03T09-38-59-7a63a72104f8","https://openstat.psa.gov.ph/PXWeb/pxweb/en/DB/DB__1E__IE/0081E3AIES0.px"
"SURIGAO DEL SUR","Third Decile","Average Expenditure  (in thousand pesos)","146.38","","2026-08-03T09-38-59-7a63a72104f8","https://openstat.psa.gov.ph/PXWeb/pxweb/en/DB/DB__1E__IE/0081E3AIES0.px"
"SURIGAO DEL SUR","Third Decile","Average Savings  (in thousand pesos)","13.35","","2026-08-03T09-38-59-7a63a72104f8","https://openstat.psa.gov.ph/PXWeb/pxweb/en/DB/DB__1E__IE/0081E3AIES0.px"
"SURIGAO DEL SUR","Fourth Decile","Average Income   (in thousand pesos)","169.87","","2026-08-03T09-38-59-7a63a72104f8","https://openstat.psa.gov.ph/PXWeb/pxweb/en/DB/DB__1E__IE/0081E3AIES0.px"
"SURIGAO DEL SUR","Fourth Decile","Average Expenditure  (in thousand pesos)","154.18","","2026-08-03T09-38-59-7a63a72104f8","https://openstat.psa.gov.ph/PXWeb/pxweb/en/DB/DB__1E__IE/0081E3AIES0.px"
"SURIGAO DEL SUR","Fourth Decile","Average Savings  (in thousand pesos)","15.69","","2026-08-03T09-38-59-7a63a72104f8","https://openstat.psa.gov.ph/PXWeb/pxweb/en/DB/DB__1E__IE/0081E3AIES0.px"
"SURIGAO DEL SUR","Fifth Decile","Average Income   (in thousand pesos)","180.72","","2026-08-03T09-38-59-7a63a72104f8","https://openstat.psa.gov.ph/PXWeb/pxweb/en/DB/DB__1E__IE/0081E3AIES0.px"
"SURIGAO DEL SUR","Fifth Decile","Average Expenditure  (in thousand pesos)","160.45","","2026-08-03T09-38-59-7a63a72104f8","https://openstat.psa.gov.ph/PXWeb/pxweb/en/DB/DB__1E__IE/0081E3AIES0.px"
"SURIGAO DEL SUR","Fifth Decile","Average Savings  (in thousand pesos)","20.27","","2026-08-03T09-38-59-7a63a72104f8","https://openstat.psa.gov.ph/PXWeb/pxweb/en/DB/DB__1E__IE/0081E3AIES0.px"
"SURIGAO DEL SUR","Sixth Decile","Average Income   (in thousand pesos)","180.72","","2026-08-03T09-38-59-7a63a72104f8","https://openstat.psa.gov.ph/PXWeb/pxweb/en/DB/DB__1E__IE/0081E3AIES0.px"
"SURIGAO DEL SUR","Sixth Decile","Average Expenditure  (in thousand pesos)","160.58","","2026-08-03T09-38-59-7a63a72104f8","https://openstat.psa.gov.ph/PXWeb/pxweb/en/DB/DB__1E__IE/0081E3AIES0.px"
"SURIGAO DEL SUR","Sixth Decile","Average Savings  (in thousand pesos)","20.14","","2026-08-03T09-38-59-7a63a72104f8","https://openstat.psa.gov.ph/PXWeb/pxweb/en/DB/DB__1E__IE/0081E3AIES0.px"
"SURIGAO DEL SUR","Seventh Decile","Average Income   (in thousand pesos)","204.29","","2026-08-03T09-38-59-7a63a72104f8","https://openstat.psa.gov.ph/PXWeb/pxweb/en/DB/DB__1E__IE/0081E3AIES0.px"
"SURIGAO DEL SUR","Seventh Decile","Average Expenditure  (in thousand pesos)","174.87","","2026-08-03T09-38-59-7a63a72104f8","https://openstat.psa.gov.ph/PXWeb/pxweb/en/DB/DB__1E__IE/0081E3AIES0.px"
"SURIGAO DEL SUR","Seventh Decile","Average Savings  (in thousand pesos)","29.42","","2026-08-03T09-38-59-7a63a72104f8","https://openstat.psa.gov.ph/PXWeb/pxweb/en/DB/DB__1E__IE/0081E3AIES0.px"
"SURIGAO DEL SUR","Eighth Decile","Average Income   (in thousand pesos)","205.6","","2026-08-03T09-38-59-7a63a72104f8","https://openstat.psa.gov.ph/PXWeb/pxweb/en/DB/DB__1E__IE/0081E3AIES0.px"
"SURIGAO DEL SUR","Eighth Decile","Average Expenditure  (in thousand pesos)","179.19","","2026-08-03T09-38-59-7a63a72104f8","https://openstat.psa.gov.ph/PXWeb/pxweb/en/DB/DB__1E__IE/0081E3AIES0.px"
"SURIGAO DEL SUR","Eighth Decile","Average Savings  (in thousand pesos)","26.4","","2026-08-03T09-38-59-7a63a72104f8","https://openstat.psa.gov.ph/PXWeb/pxweb/en/DB/DB__1E__IE/0081E3AIES0.px"
"SURIGAO DEL SUR","Ninth Decile","Average Income   (in thousand pesos)","272.17","","2026-08-03T09-38-59-7a63a72104f8","https://openstat.psa.gov.ph/PXWeb/pxweb/en/DB/DB__1E__IE/0081E3AIES0.px"
"SURIGAO DEL SUR","Ninth Decile","Average Expenditure  (in thousand pesos)","210.72","","2026-08-03T09-38-59-7a63a72104f8","https://openstat.psa.gov.ph/PXWeb/pxweb/en/DB/DB__1E__IE/0081E3AIES0.px"
"SURIGAO DEL SUR","Ninth Decile","Average Savings  (in thousand pesos)","61.45","","2026-08-03T09-38-59-7a63a72104f8","https://openstat.psa.gov.ph/PXWeb/pxweb/en/DB/DB__1E__IE/0081E3AIES0.px"
"SURIGAO DEL SUR","Tenth Decile","Average Income   (in thousand pesos)","546.46","","2026-08-03T09-38-59-7a63a72104f8","https://openstat.psa.gov.ph/PXWeb/pxweb/en/DB/DB__1E__IE/0081E3AIES0.px"
"SURIGAO DEL SUR","Tenth Decile","Average Expenditure  (in thousand pesos)","349.54","","2026-08-03T09-38-59-7a63a72104f8","https://openstat.psa.gov.ph/PXWeb/pxweb/en/DB/DB__1E__IE/0081E3AIES0.px"
"SURIGAO DEL SUR","Tenth Decile","Average Savings  (in thousand pesos)","196.92","","2026-08-03T09-38-59-7a63a72104f8","https://openstat.psa.gov.ph/PXWeb/pxweb/en/DB/DB__1E__IE/0081E3AIES0.px"
"DINAGAT ISLANDS","All Income Groups","Average Income   (in thousand pesos)","230.7","","2026-08-03T09-38-59-7a63a72104f8","https://openstat.psa.gov.ph/PXWeb/pxweb/en/DB/DB__1E__IE/0081E3AIES0.px"
"DINAGAT ISLANDS","All Income Groups","Average Expenditure  (in thousand pesos)","152.07","","2026-08-03T09-38-59-7a63a72104f8","https://openstat.psa.gov.ph/PXWeb/pxweb/en/DB/DB__1E__IE/0081E3AIES0.px"
"DINAGAT ISLANDS","All Income Groups","Average Savings  (in thousand pesos)","78.63","","2026-08-03T09-38-59-7a63a72104f8","https://openstat.psa.gov.ph/PXWeb/pxweb/en/DB/DB__1E__IE/0081E3AIES0.px"
"DINAGAT ISLANDS","First Decile","Average Income   (in thousand pesos)","110.67","","2026-08-03T09-38-59-7a63a72104f8","https://openstat.psa.gov.ph/PXWeb/pxweb/en/DB/DB__1E__IE/0081E3AIES0.px"
"DINAGAT ISLANDS","First Decile","Average Expenditure  (in thousand pesos)","90.68","","2026-08-03T09-38-59-7a63a72104f8","https://openstat.psa.gov.ph/PXWeb/pxweb/en/DB/DB__1E__IE/0081E3AIES0.px"
"DINAGAT ISLANDS","First Decile","Average Savings  (in thousand pesos)","20","","2026-08-03T09-38-59-7a63a72104f8","https://openstat.psa.gov.ph/PXWeb/pxweb/en/DB/DB__1E__IE/0081E3AIES0.px"
"DINAGAT ISLANDS","Second Decile","Average Income   (in thousand pesos)","130.38","","2026-08-03T09-38-59-7a63a72104f8","https://openstat.psa.gov.ph/PXWeb/pxweb/en/DB/DB__1E__IE/0081E3AIES0.px"
"DINAGAT ISLANDS","Second Decile","Average Expenditure  (in thousand pesos)","103.14","","2026-08-03T09-38-59-7a63a72104f8","https://openstat.psa.gov.ph/PXWeb/pxweb/en/DB/DB__1E__IE/0081E3AIES0.px"
"DINAGAT ISLANDS","Second Decile","Average Savings  (in thousand pesos)","27.24","","2026-08-03T09-38-59-7a63a72104f8","https://openstat.psa.gov.ph/PXWeb/pxweb/en/DB/DB__1E__IE/0081E3AIES0.px"
"DINAGAT ISLANDS","Third Decile","Average Income   (in thousand pesos)","145.04","","2026-08-03T09-38-59-7a63a72104f8","https://openstat.psa.gov.ph/PXWeb/pxweb/en/DB/DB__1E__IE/0081E3AIES0.px"
"DINAGAT ISLANDS","Third Decile","Average Expenditure  (in thousand pesos)","110.92","","2026-08-03T09-38-59-7a63a72104f8","https://openstat.psa.gov.ph/PXWeb/pxweb/en/DB/DB__1E__IE/0081E3AIES0.px"
"DINAGAT ISLANDS","Third Decile","Average Savings  (in thousand pesos)","34.12","","2026-08-03T09-38-59-7a63a72104f8","https://openstat.psa.gov.ph/PXWeb/pxweb/en/DB/DB__1E__IE/0081E3AIES0.px"
"DINAGAT ISLANDS","Fourth Decile","Average Income   (in thousand pesos)","152.94","","2026-08-03T09-38-59-7a63a72104f8","https://openstat.psa.gov.ph/PXWeb/pxweb/en/DB/DB__1E__IE/0081E3AIES0.px"
"DINAGAT ISLANDS","Fourth Decile","Average Expenditure  (in thousand pesos)","116.8","","2026-08-03T09-38-59-7a63a72104f8","https://openstat.psa.gov.ph/PXWeb/pxweb/en/DB/DB__1E__IE/0081E3AIES0.px"
"DINAGAT ISLANDS","Fourth Decile","Average Savings  (in thousand pesos)","36.14","","2026-08-03T09-38-59-7a63a72104f8","https://openstat.psa.gov.ph/PXWeb/pxweb/en/DB/DB__1E__IE/0081E3AIES0.px"
"DINAGAT ISLANDS","Fifth Decile","Average Income   (in thousand pesos)","166.38","","2026-08-03T09-38-59-7a63a72104f8","https://openstat.psa.gov.ph/PXWeb/pxweb/en/DB/DB__1E__IE/0081E3AIES0.px"
"DINAGAT ISLANDS","Fifth Decile","Average Expenditure  (in thousand pesos)","114.81","","2026-08-03T09-38-59-7a63a72104f8","https://openstat.psa.gov.ph/PXWeb/pxweb/en/DB/DB__1E__IE/0081E3AIES0.px"
"DINAGAT ISLANDS","Fifth Decile","Average Savings  (in thousand pesos)","51.58","","2026-08-03T09-38-59-7a63a72104f8","https://openstat.psa.gov.ph/PXWeb/pxweb/en/DB/DB__1E__IE/0081E3AIES0.px"
"DINAGAT ISLANDS","Sixth Decile","Average Income   (in thousand pesos)","206.57","","2026-08-03T09-38-59-7a63a72104f8","https://openstat.psa.gov.ph/PXWeb/pxweb/en/DB/DB__1E__IE/0081E3AIES0.px"
"DINAGAT ISLANDS","Sixth Decile","Average Expenditure  (in thousand pesos)","138.47","","2026-08-03T09-38-59-7a63a72104f8","https://openstat.psa.gov.ph/PXWeb/pxweb/en/DB/DB__1E__IE/0081E3AIES0.px"
"DINAGAT ISLANDS","Sixth Decile","Average Savings  (in thousand pesos)","68.1","","2026-08-03T09-38-59-7a63a72104f8","https://openstat.psa.gov.ph/PXWeb/pxweb/en/DB/DB__1E__IE/0081E3AIES0.px"
"DINAGAT ISLANDS","Seventh Decile","Average Income   (in thousand pesos)","217.04","","2026-08-03T09-38-59-7a63a72104f8","https://openstat.psa.gov.ph/PXWeb/pxweb/en/DB/DB__1E__IE/0081E3AIES0.px"
"DINAGAT ISLANDS","Seventh Decile","Average Expenditure  (in thousand pesos)","144.26","","2026-08-03T09-38-59-7a63a72104f8","https://openstat.psa.gov.ph/PXWeb/pxweb/en/DB/DB__1E__IE/0081E3AIES0.px"
"DINAGAT ISLANDS","Seventh Decile","Average Savings  (in thousand pesos)","72.78","","2026-08-03T09-38-59-7a63a72104f8","https://openstat.psa.gov.ph/PXWeb/pxweb/en/DB/DB__1E__IE/0081E3AIES0.px"
"DINAGAT ISLANDS","Eighth Decile","Average Income   (in thousand pesos)","238.15","","2026-08-03T09-38-59-7a63a72104f8","https://openstat.psa.gov.ph/PXWeb/pxweb/en/DB/DB__1E__IE/0081E3AIES0.px"
"DINAGAT ISLANDS","Eighth Decile","Average Expenditure  (in thousand pesos)","153.85","","2026-08-03T09-38-59-7a63a72104f8","https://openstat.psa.gov.ph/PXWeb/pxweb/en/DB/DB__1E__IE/0081E3AIES0.px"
"DINAGAT ISLANDS","Eighth Decile","Average Savings  (in thousand pesos)","84.3","","2026-08-03T09-38-59-7a63a72104f8","https://openstat.psa.gov.ph/PXWeb/pxweb/en/DB/DB__1E__IE/0081E3AIES0.px"
"DINAGAT ISLANDS","Ninth Decile","Average Income   (in thousand pesos)","307.4","","2026-08-03T09-38-59-7a63a72104f8","https://openstat.psa.gov.ph/PXWeb/pxweb/en/DB/DB__1E__IE/0081E3AIES0.px"
"DINAGAT ISLANDS","Ninth Decile","Average Expenditure  (in thousand pesos)","187.9","","2026-08-03T09-38-59-7a63a72104f8","https://openstat.psa.gov.ph/PXWeb/pxweb/en/DB/DB__1E__IE/0081E3AIES0.px"
"DINAGAT ISLANDS","Ninth Decile","Average Savings  (in thousand pesos)","119.5","","2026-08-03T09-38-59-7a63a72104f8","https://openstat.psa.gov.ph/PXWeb/pxweb/en/DB/DB__1E__IE/0081E3AIES0.px"
"DINAGAT ISLANDS","Tenth Decile","Average Income   (in thousand pesos)","627.86","","2026-08-03T09-38-59-7a63a72104f8","https://openstat.psa.gov.ph/PXWeb/pxweb/en/DB/DB__1E__IE/0081E3AIES0.px"
"DINAGAT ISLANDS","Tenth Decile","Average Expenditure  (in thousand pesos)","357.57","","2026-08-03T09-38-59-7a63a72104f8","https://openstat.psa.gov.ph/PXWeb/pxweb/en/DB/DB__1E__IE/0081E3AIES0.px"
"DINAGAT ISLANDS","Tenth Decile","Average Savings  (in thousand pesos)","270.29","","2026-08-03T09-38-59-7a63a72104f8","https://openstat.psa.gov.ph/PXWeb/pxweb/en/DB/DB__1E__IE/0081E3AIES0.px"
"BANGSAMORO AUTONOMOUS REGION IN MUSLIM MINDANAO3/","All Income Groups","Average Income   (in thousand pesos)","184.39","","2026-08-03T09-38-59-7a63a72104f8","https://openstat.psa.gov.ph/PXWeb/pxweb/en/DB/DB__1E__IE/0081E3AIES0.px"
"BANGSAMORO AUTONOMOUS REGION IN MUSLIM MINDANAO3/","All Income Groups","Average Expenditure  (in thousand pesos)","150.54","","2026-08-03T09-38-59-7a63a72104f8","https://openstat.psa.gov.ph/PXWeb/pxweb/en/DB/DB__1E__IE/0081E3AIES0.px"
"BANGSAMORO AUTONOMOUS REGION IN MUSLIM MINDANAO3/","All Income Groups","Average Savings  (in thousand pesos)","33.84","","2026-08-03T09-38-59-7a63a72104f8","https://openstat.psa.gov.ph/PXWeb/pxweb/en/DB/DB__1E__IE/0081E3AIES0.px"
"BANGSAMORO AUTONOMOUS REGION IN MUSLIM MINDANAO3/","First Decile","Average Income   (in thousand pesos)","126.08","","2026-08-03T09-38-59-7a63a72104f8","https://openstat.psa.gov.ph/PXWeb/pxweb/en/DB/DB__1E__IE/0081E3AIES0.px"
"BANGSAMORO AUTONOMOUS REGION IN MUSLIM MINDANAO3/","First Decile","Average Expenditure  (in thousand pesos)","120.15","","2026-08-03T09-38-59-7a63a72104f8","https://openstat.psa.gov.ph/PXWeb/pxweb/en/DB/DB__1E__IE/0081E3AIES0.px"
"BANGSAMORO AUTONOMOUS REGION IN MUSLIM MINDANAO3/","First Decile","Average Savings  (in thousand pesos)","5.93","","2026-08-03T09-38-59-7a63a72104f8","https://openstat.psa.gov.ph/PXWeb/pxweb/en/DB/DB__1E__IE/0081E3AIES0.px"
"BANGSAMORO AUTONOMOUS REGION IN MUSLIM MINDANAO3/","Second Decile","Average Income   (in thousand pesos)","139.27","","2026-08-03T09-38-59-7a63a72104f8","https://openstat.psa.gov.ph/PXWeb/pxweb/en/DB/DB__1E__IE/0081E3AIES0.px"
"BANGSAMORO AUTONOMOUS REGION IN MUSLIM MINDANAO3/","Second Decile","Average Expenditure  (in thousand pesos)","127.74","","2026-08-03T09-38-59-7a63a72104f8","https://openstat.psa.gov.ph/PXWeb/pxweb/en/DB/DB__1E__IE/0081E3AIES0.px"
"BANGSAMORO AUTONOMOUS REGION IN MUSLIM MINDANAO3/","Second Decile","Average Savings  (in thousand pesos)","11.53","","2026-08-03T09-38-59-7a63a72104f8","https://openstat.psa.gov.ph/PXWeb/pxweb/en/DB/DB__1E__IE/0081E3AIES0.px"
"BANGSAMORO AUTONOMOUS REGION IN MUSLIM MINDANAO3/","Third Decile","Average Income   (in thousand pesos)","157.62","","2026-08-03T09-38-59-7a63a72104f8","https://openstat.psa.gov.ph/PXWeb/pxweb/en/DB/DB__1E__IE/0081E3AIES0.px"
"BANGSAMORO AUTONOMOUS REGION IN MUSLIM MINDANAO3/","Third Decile","Average Expenditure  (in thousand pesos)","141.88","","2026-08-03T09-38-59-7a63a72104f8","https://openstat.psa.gov.ph/PXWeb/pxweb/en/DB/DB__1E__IE/0081E3AIES0.px"
"BANGSAMORO AUTONOMOUS REGION IN MUSLIM MINDANAO3/","Third Decile","Average Savings  (in thousand pesos)","15.75","","2026-08-03T09-38-59-7a63a72104f8","https://openstat.psa.gov.ph/PXWeb/pxweb/en/DB/DB__1E__IE/0081E3AIES0.px"
"BANGSAMORO AUTONOMOUS REGION IN MUSLIM MINDANAO3/","Fourth Decile","Average Income   (in thousand pesos)","162.99","","2026-08-03T09-38-59-7a63a72104f8","https://openstat.psa.gov.ph/PXWeb/pxweb/en/DB/DB__1E__IE/0081E3AIES0.px"
"BANGSAMORO AUTONOMOUS REGION IN MUSLIM MINDANAO3/","Fourth Decile","Average Expenditure  (in thousand pesos)","143.67","","2026-08-03T09-38-59-7a63a72104f8","https://openstat.psa.gov.ph/PXWeb/pxweb/en/DB/DB__1E__IE/0081E3AIES0.px"
"BANGSAMORO AUTONOMOUS REGION IN MUSLIM MINDANAO3/","Fourth Decile","Average Savings  (in thousand pesos)","19.32","","2026-08-03T09-38-59-7a63a72104f8","https://openstat.psa.gov.ph/PXWeb/pxweb/en/DB/DB__1E__IE/0081E3AIES0.px"
"BANGSAMORO AUTONOMOUS REGION IN MUSLIM MINDANAO3/","Fifth Decile","Average Income   (in thousand pesos)","170.92","","2026-08-03T09-38-59-7a63a72104f8","https://openstat.psa.gov.ph/PXWeb/pxweb/en/DB/DB__1E__IE/0081E3AIES0.px"
"BANGSAMORO AUTONOMOUS REGION IN MUSLIM MINDANAO3/","Fifth Decile","Average Expenditure  (in thousand pesos)","148.39","","2026-08-03T09-38-59-7a63a72104f8","https://openstat.psa.gov.ph/PXWeb/pxweb/en/DB/DB__1E__IE/0081E3AIES0.px"
"BANGSAMORO AUTONOMOUS REGION IN MUSLIM MINDANAO3/","Fifth Decile","Average Savings  (in thousand pesos)","22.53","","2026-08-03T09-38-59-7a63a72104f8","https://openstat.psa.gov.ph/PXWeb/pxweb/en/DB/DB__1E__IE/0081E3AIES0.px"
"BANGSAMORO AUTONOMOUS REGION IN MUSLIM MINDANAO3/","Sixth Decile","Average Income   (in thousand pesos)","176.75","","2026-08-03T09-38-59-7a63a72104f8","https://openstat.psa.gov.ph/PXWeb/pxweb/en/DB/DB__1E__IE/0081E3AIES0.px"
"BANGSAMORO AUTONOMOUS REGION IN MUSLIM MINDANAO3/","Sixth Decile","Average Expenditure  (in thousand pesos)","148.48","","2026-08-03T09-38-59-7a63a72104f8","https://openstat.psa.gov.ph/PXWeb/pxweb/en/DB/DB__1E__IE/0081E3AIES0.px"
"BANGSAMORO AUTONOMOUS REGION IN MUSLIM MINDANAO3/","Sixth Decile","Average Savings  (in thousand pesos)","28.26","","2026-08-03T09-38-59-7a63a72104f8","https://openstat.psa.gov.ph/PXWeb/pxweb/en/DB/DB__1E__IE/0081E3AIES0.px"
"BANGSAMORO AUTONOMOUS REGION IN MUSLIM MINDANAO3/","Seventh Decile","Average Income   (in thousand pesos)","180.68","","2026-08-03T09-38-59-7a63a72104f8","https://openstat.psa.gov.ph/PXWeb/pxweb/en/DB/DB__1E__IE/0081E3AIES0.px"
"BANGSAMORO AUTONOMOUS REGION IN MUSLIM MINDANAO3/","Seventh Decile","Average Expenditure  (in thousand pesos)","146.39","","2026-08-03T09-38-59-7a63a72104f8","https://openstat.psa.gov.ph/PXWeb/pxweb/en/DB/DB__1E__IE/0081E3AIES0.px"
"BANGSAMORO AUTONOMOUS REGION IN MUSLIM MINDANAO3/","Seventh Decile","Average Savings  (in thousand pesos)","34.29","","2026-08-03T09-38-59-7a63a72104f8","https://openstat.psa.gov.ph/PXWeb/pxweb/en/DB/DB__1E__IE/0081E3AIES0.px"
"BANGSAMORO AUTONOMOUS REGION IN MUSLIM MINDANAO3/","Eighth Decile","Average Income   (in thousand pesos)","194.57","","2026-08-03T09-38-59-7a63a72104f8","https://openstat.psa.gov.ph/PXWeb/pxweb/en/DB/DB__1E__IE/0081E3AIES0.px"
"BANGSAMORO AUTONOMOUS REGION IN MUSLIM MINDANAO3/","Eighth Decile","Average Expenditure  (in thousand pesos)","152.98","","2026-08-03T09-38-59-7a63a72104f8","https://openstat.psa.gov.ph/PXWeb/pxweb/en/DB/DB__1E__IE/0081E3AIES0.px"
"BANGSAMORO AUTONOMOUS REGION IN MUSLIM MINDANAO3/","Eighth Decile","Average Savings  (in thousand pesos)","41.59","","2026-08-03T09-38-59-7a63a72104f8","https://openstat.psa.gov.ph/PXWeb/pxweb/en/DB/DB__1E__IE/0081E3AIES0.px"
"BANGSAMORO AUTONOMOUS REGION IN MUSLIM MINDANAO3/","Ninth Decile","Average Income   (in thousand pesos)","212.33","","2026-08-03T09-38-59-7a63a72104f8","https://openstat.psa.gov.ph/PXWeb/pxweb/en/DB/DB__1E__IE/0081E3AIES0.px"
"BANGSAMORO AUTONOMOUS REGION IN MUSLIM MINDANAO3/","Ninth Decile","Average Expenditure  (in thousand pesos)","160.48","","2026-08-03T09-38-59-7a63a72104f8","https://openstat.psa.gov.ph/PXWeb/pxweb/en/DB/DB__1E__IE/0081E3AIES0.px"
"BANGSAMORO AUTONOMOUS REGION IN MUSLIM MINDANAO3/","Ninth Decile","Average Savings  (in thousand pesos)","51.85","","2026-08-03T09-38-59-7a63a72104f8","https://openstat.psa.gov.ph/PXWeb/pxweb/en/DB/DB__1E__IE/0081E3AIES0.px"
"BANGSAMORO AUTONOMOUS REGION IN MUSLIM MINDANAO3/","Tenth Decile","Average Income   (in thousand pesos)","327.84","","2026-08-03T09-38-59-7a63a72104f8","https://openstat.psa.gov.ph/PXWeb/pxweb/en/DB/DB__1E__IE/0081E3AIES0.px"
"BANGSAMORO AUTONOMOUS REGION IN MUSLIM MINDANAO3/","Tenth Decile","Average Expenditure  (in thousand pesos)","217.16","","2026-08-03T09-38-59-7a63a72104f8","https://openstat.psa.gov.ph/PXWeb/pxweb/en/DB/DB__1E__IE/0081E3AIES0.px"
"BANGSAMORO AUTONOMOUS REGION IN MUSLIM MINDANAO3/","Tenth Decile","Average Savings  (in thousand pesos)","110.68","","2026-08-03T09-38-59-7a63a72104f8","https://openstat.psa.gov.ph/PXWeb/pxweb/en/DB/DB__1E__IE/0081E3AIES0.px"
"BASILAN","All Income Groups","Average Income   (in thousand pesos)","176.31","","2026-08-03T09-38-59-7a63a72104f8","https://openstat.psa.gov.ph/PXWeb/pxweb/en/DB/DB__1E__IE/0081E3AIES0.px"
"BASILAN","All Income Groups","Average Expenditure  (in thousand pesos)","138.17","","2026-08-03T09-38-59-7a63a72104f8","https://openstat.psa.gov.ph/PXWeb/pxweb/en/DB/DB__1E__IE/0081E3AIES0.px"
"BASILAN","All Income Groups","Average Savings  (in thousand pesos)","38.14","","2026-08-03T09-38-59-7a63a72104f8","https://openstat.psa.gov.ph/PXWeb/pxweb/en/DB/DB__1E__IE/0081E3AIES0.px"
"BASILAN","First Decile","Average Income   (in thousand pesos)","147.43","","2026-08-03T09-38-59-7a63a72104f8","https://openstat.psa.gov.ph/PXWeb/pxweb/en/DB/DB__1E__IE/0081E3AIES0.px"
"BASILAN","First Decile","Average Expenditure  (in thousand pesos)","127.47","","2026-08-03T09-38-59-7a63a72104f8","https://openstat.psa.gov.ph/PXWeb/pxweb/en/DB/DB__1E__IE/0081E3AIES0.px"
"BASILAN","First Decile","Average Savings  (in thousand pesos)","19.96","","2026-08-03T09-38-59-7a63a72104f8","https://openstat.psa.gov.ph/PXWeb/pxweb/en/DB/DB__1E__IE/0081E3AIES0.px"
"BASILAN","Second Decile","Average Income   (in thousand pesos)","148.17","","2026-08-03T09-38-59-7a63a72104f8","https://openstat.psa.gov.ph/PXWeb/pxweb/en/DB/DB__1E__IE/0081E3AIES0.px"
"BASILAN","Second Decile","Average Expenditure  (in thousand pesos)","123.07","","2026-08-03T09-38-59-7a63a72104f8","https://openstat.psa.gov.ph/PXWeb/pxweb/en/DB/DB__1E__IE/0081E3AIES0.px"
"BASILAN","Second Decile","Average Savings  (in thousand pesos)","25.1","","2026-08-03T09-38-59-7a63a72104f8","https://openstat.psa.gov.ph/PXWeb/pxweb/en/DB/DB__1E__IE/0081E3AIES0.px"
"BASILAN","Third Decile","Average Income   (in thousand pesos)","154.93","","2026-08-03T09-38-59-7a63a72104f8","https://openstat.psa.gov.ph/PXWeb/pxweb/en/DB/DB__1E__IE/0081E3AIES0.px"
"BASILAN","Third Decile","Average Expenditure  (in thousand pesos)","128.37","","2026-08-03T09-38-59-7a63a72104f8","https://openstat.psa.gov.ph/PXWeb/pxweb/en/DB/DB__1E__IE/0081E3AIES0.px"
"BASILAN","Third Decile","Average Savings  (in thousand pesos)","26.56","","2026-08-03T09-38-59-7a63a72104f8","https://openstat.psa.gov.ph/PXWeb/pxweb/en/DB/DB__1E__IE/0081E3AIES0.px"
"BASILAN","Fourth Decile","Average Income   (in thousand pesos)","169.15","","2026-08-03T09-38-59-7a63a72104f8","https://openstat.psa.gov.ph/PXWeb/pxweb/en/DB/DB__1E__IE/0081E3AIES0.px"
"BASILAN","Fourth Decile","Average Expenditure  (in thousand pesos)","138.75","","2026-08-03T09-38-59-7a63a72104f8","https://openstat.psa.gov.ph/PXWeb/pxweb/en/DB/DB__1E__IE/0081E3AIES0.px"
"BASILAN","Fourth Decile","Average Savings  (in thousand pesos)","30.4","","2026-08-03T09-38-59-7a63a72104f8","https://openstat.psa.gov.ph/PXWeb/pxweb/en/DB/DB__1E__IE/0081E3AIES0.px"
"BASILAN","Fifth Decile","Average Income   (in thousand pesos)","157.31","","2026-08-03T09-38-59-7a63a72104f8","https://openstat.psa.gov.ph/PXWeb/pxweb/en/DB/DB__1E__IE/0081E3AIES0.px"
"BASILAN","Fifth Decile","Average Expenditure  (in thousand pesos)","128.08","","2026-08-03T09-38-59-7a63a72104f8","https://openstat.psa.gov.ph/PXWeb/pxweb/en/DB/DB__1E__IE/0081E3AIES0.px"
"BASILAN","Fifth Decile","Average Savings  (in thousand pesos)","29.24","","2026-08-03T09-38-59-7a63a72104f8","https://openstat.psa.gov.ph/PXWeb/pxweb/en/DB/DB__1E__IE/0081E3AIES0.px"
"BASILAN","Sixth Decile","Average Income   (in thousand pesos)","168.39","","2026-08-03T09-38-59-7a63a72104f8","https://openstat.psa.gov.ph/PXWeb/pxweb/en/DB/DB__1E__IE/0081E3AIES0.px"
"BASILAN","Sixth Decile","Average Expenditure  (in thousand pesos)","135.8","","2026-08-03T09-38-59-7a63a72104f8","https://openstat.psa.gov.ph/PXWeb/pxweb/en/DB/DB__1E__IE/0081E3AIES0.px"
"BASILAN","Sixth Decile","Average Savings  (in thousand pesos)","32.59","","2026-08-03T09-38-59-7a63a72104f8","https://openstat.psa.gov.ph/PXWeb/pxweb/en/DB/DB__1E__IE/0081E3AIES0.px"
"BASILAN","Seventh Decile","Average Income   (in thousand pesos)","162.53","","2026-08-03T09-38-59-7a63a72104f8","https://openstat.psa.gov.ph/PXWeb/pxweb/en/DB/DB__1E__IE/0081E3AIES0.px"
"BASILAN","Seventh Decile","Average Expenditure  (in thousand pesos)","125.29","","2026-08-03T09-38-59-7a63a72104f8","https://openstat.psa.gov.ph/PXWeb/pxweb/en/DB/DB__1E__IE/0081E3AIES0.px"
"BASILAN","Seventh Decile","Average Savings  (in thousand pesos)","37.24","","2026-08-03T09-38-59-7a63a72104f8","https://openstat.psa.gov.ph/PXWeb/pxweb/en/DB/DB__1E__IE/0081E3AIES0.px"
"BASILAN","Eighth Decile","Average Income   (in thousand pesos)","169.17","","2026-08-03T09-38-59-7a63a72104f8","https://openstat.psa.gov.ph/PXWeb/pxweb/en/DB/DB__1E__IE/0081E3AIES0.px"
"BASILAN","Eighth Decile","Average Expenditure  (in thousand pesos)","130.31","","2026-08-03T09-38-59-7a63a72104f8","https://openstat.psa.gov.ph/PXWeb/pxweb/en/DB/DB__1E__IE/0081E3AIES0.px"
"BASILAN","Eighth Decile","Average Savings  (in thousand pesos)","38.86","","2026-08-03T09-38-59-7a63a72104f8","https://openstat.psa.gov.ph/PXWeb/pxweb/en/DB/DB__1E__IE/0081E3AIES0.px"
"BASILAN","Ninth Decile","Average Income   (in thousand pesos)","187.03","","2026-08-03T09-38-59-7a63a72104f8","https://openstat.psa.gov.ph/PXWeb/pxweb/en/DB/DB__1E__IE/0081E3AIES0.px"
"BASILAN","Ninth Decile","Average Expenditure  (in thousand pesos)","142.54","","2026-08-03T09-38-59-7a63a72104f8","https://openstat.psa.gov.ph/PXWeb/pxweb/en/DB/DB__1E__IE/0081E3AIES0.px"
"BASILAN","Ninth Decile","Average Savings  (in thousand pesos)","44.49","","2026-08-03T09-38-59-7a63a72104f8","https://openstat.psa.gov.ph/PXWeb/pxweb/en/DB/DB__1E__IE/0081E3AIES0.px"
"BASILAN","Tenth Decile","Average Income   (in thousand pesos)","298.65","","2026-08-03T09-38-59-7a63a72104f8","https://openstat.psa.gov.ph/PXWeb/pxweb/en/DB/DB__1E__IE/0081E3AIES0.px"
"BASILAN","Tenth Decile","Average Expenditure  (in thousand pesos)","201.86","","2026-08-03T09-38-59-7a63a72104f8","https://openstat.psa.gov.ph/PXWeb/pxweb/en/DB/DB__1E__IE/0081E3AIES0.px"
"BASILAN","Tenth Decile","Average Savings  (in thousand pesos)","96.79","","2026-08-03T09-38-59-7a63a72104f8","https://openstat.psa.gov.ph/PXWeb/pxweb/en/DB/DB__1E__IE/0081E3AIES0.px"
"LANAO DEL SUR","All Income Groups","Average Income   (in thousand pesos)","229.47","","2026-08-03T09-38-59-7a63a72104f8","https://openstat.psa.gov.ph/PXWeb/pxweb/en/DB/DB__1E__IE/0081E3AIES0.px"
"LANAO DEL SUR","All Income Groups","Average Expenditure  (in thousand pesos)","193.51","","2026-08-03T09-38-59-7a63a72104f8","https://openstat.psa.gov.ph/PXWeb/pxweb/en/DB/DB__1E__IE/0081E3AIES0.px"
"LANAO DEL SUR","All Income Groups","Average Savings  (in thousand pesos)","35.97","","2026-08-03T09-38-59-7a63a72104f8","https://openstat.psa.gov.ph/PXWeb/pxweb/en/DB/DB__1E__IE/0081E3AIES0.px"
"LANAO DEL SUR","First Decile","Average Income   (in thousand pesos)","200.06","","2026-08-03T09-38-59-7a63a72104f8","https://openstat.psa.gov.ph/PXWeb/pxweb/en/DB/DB__1E__IE/0081E3AIES0.px"
"LANAO DEL SUR","First Decile","Average Expenditure  (in thousand pesos)","183.3","","2026-08-03T09-38-59-7a63a72104f8","https://openstat.psa.gov.ph/PXWeb/pxweb/en/DB/DB__1E__IE/0081E3AIES0.px"
"LANAO DEL SUR","First Decile","Average Savings  (in thousand pesos)","16.77","","2026-08-03T09-38-59-7a63a72104f8","https://openstat.psa.gov.ph/PXWeb/pxweb/en/DB/DB__1E__IE/0081E3AIES0.px"
"LANAO DEL SUR","Second Decile","Average Income   (in thousand pesos)","207.54","","2026-08-03T09-38-59-7a63a72104f8","https://openstat.psa.gov.ph/PXWeb/pxweb/en/DB/DB__1E__IE/0081E3AIES0.px"
"LANAO DEL SUR","Second Decile","Average Expenditure  (in thousand pesos)","188.1","","2026-08-03T09-38-59-7a63a72104f8","https://openstat.psa.gov.ph/PXWeb/pxweb/en/DB/DB__1E__IE/0081E3AIES0.px"
"LANAO DEL SUR","Second Decile","Average Savings  (in thousand pesos)","19.45","","2026-08-03T09-38-59-7a63a72104f8","https://openstat.psa.gov.ph/PXWeb/pxweb/en/DB/DB__1E__IE/0081E3AIES0.px"
"LANAO DEL SUR","Third Decile","Average Income   (in thousand pesos)","204.15","","2026-08-03T09-38-59-7a63a72104f8","https://openstat.psa.gov.ph/PXWeb/pxweb/en/DB/DB__1E__IE/0081E3AIES0.px"
"LANAO DEL SUR","Third Decile","Average Expenditure  (in thousand pesos)","182.24","","2026-08-03T09-38-59-7a63a72104f8","https://openstat.psa.gov.ph/PXWeb/pxweb/en/DB/DB__1E__IE/0081E3AIES0.px"
"LANAO DEL SUR","Third Decile","Average Savings  (in thousand pesos)","21.91","","2026-08-03T09-38-59-7a63a72104f8","https://openstat.psa.gov.ph/PXWeb/pxweb/en/DB/DB__1E__IE/0081E3AIES0.px"
"LANAO DEL SUR","Fourth Decile","Average Income   (in thousand pesos)","208.07","","2026-08-03T09-38-59-7a63a72104f8","https://openstat.psa.gov.ph/PXWeb/pxweb/en/DB/DB__1E__IE/0081E3AIES0.px"
"LANAO DEL SUR","Fourth Decile","Average Expenditure  (in thousand pesos)","182.1","","2026-08-03T09-38-59-7a63a72104f8","https://openstat.psa.gov.ph/PXWeb/pxweb/en/DB/DB__1E__IE/0081E3AIES0.px"
"LANAO DEL SUR","Fourth Decile","Average Savings  (in thousand pesos)","25.97","","2026-08-03T09-38-59-7a63a72104f8","https://openstat.psa.gov.ph/PXWeb/pxweb/en/DB/DB__1E__IE/0081E3AIES0.px"
"LANAO DEL SUR","Fifth Decile","Average Income   (in thousand pesos)","211.43","","2026-08-03T09-38-59-7a63a72104f8","https://openstat.psa.gov.ph/PXWeb/pxweb/en/DB/DB__1E__IE/0081E3AIES0.px"
"LANAO DEL SUR","Fifth Decile","Average Expenditure  (in thousand pesos)","183.03","","2026-08-03T09-38-59-7a63a72104f8","https://openstat.psa.gov.ph/PXWeb/pxweb/en/DB/DB__1E__IE/0081E3AIES0.px"
"LANAO DEL SUR","Fifth Decile","Average Savings  (in thousand pesos)","28.4","","2026-08-03T09-38-59-7a63a72104f8","https://openstat.psa.gov.ph/PXWeb/pxweb/en/DB/DB__1E__IE/0081E3AIES0.px"
"LANAO DEL SUR","Sixth Decile","Average Income   (in thousand pesos)","204.93","","2026-08-03T09-38-59-7a63a72104f8","https://openstat.psa.gov.ph/PXWeb/pxweb/en/DB/DB__1E__IE/0081E3AIES0.px"
"LANAO DEL SUR","Sixth Decile","Average Expenditure  (in thousand pesos)","174.15","","2026-08-03T09-38-59-7a63a72104f8","https://openstat.psa.gov.ph/PXWeb/pxweb/en/DB/DB__1E__IE/0081E3AIES0.px"
"LANAO DEL SUR","Sixth Decile","Average Savings  (in thousand pesos)","30.78","","2026-08-03T09-38-59-7a63a72104f8","https://openstat.psa.gov.ph/PXWeb/pxweb/en/DB/DB__1E__IE/0081E3AIES0.px"
"LANAO DEL SUR","Seventh Decile","Average Income   (in thousand pesos)","201.21","","2026-08-03T09-38-59-7a63a72104f8","https://openstat.psa.gov.ph/PXWeb/pxweb/en/DB/DB__1E__IE/0081E3AIES0.px"
"LANAO DEL SUR","Seventh Decile","Average Expenditure  (in thousand pesos)","171.14","","2026-08-03T09-38-59-7a63a72104f8","https://openstat.psa.gov.ph/PXWeb/pxweb/en/DB/DB__1E__IE/0081E3AIES0.px"
"LANAO DEL SUR","Seventh Decile","Average Savings  (in thousand pesos)","30.07","","2026-08-03T09-38-59-7a63a72104f8","https://openstat.psa.gov.ph/PXWeb/pxweb/en/DB/DB__1E__IE/0081E3AIES0.px"
"LANAO DEL SUR","Eighth Decile","Average Income   (in thousand pesos)","214.2","","2026-08-03T09-38-59-7a63a72104f8","https://openstat.psa.gov.ph/PXWeb/pxweb/en/DB/DB__1E__IE/0081E3AIES0.px"
"LANAO DEL SUR","Eighth Decile","Average Expenditure  (in thousand pesos)","179.51","","2026-08-03T09-38-59-7a63a72104f8","https://openstat.psa.gov.ph/PXWeb/pxweb/en/DB/DB__1E__IE/0081E3AIES0.px"
"LANAO DEL SUR","Eighth Decile","Average Savings  (in thousand pesos)","34.69","","2026-08-03T09-38-59-7a63a72104f8","https://openstat.psa.gov.ph/PXWeb/pxweb/en/DB/DB__1E__IE/0081E3AIES0.px"
"LANAO DEL SUR","Ninth Decile","Average Income   (in thousand pesos)","228.83","","2026-08-03T09-38-59-7a63a72104f8","https://openstat.psa.gov.ph/PXWeb/pxweb/en/DB/DB__1E__IE/0081E3AIES0.px"
"LANAO DEL SUR","Ninth Decile","Average Expenditure  (in thousand pesos)","188.46","","2026-08-03T09-38-59-7a63a72104f8","https://openstat.psa.gov.ph/PXWeb/pxweb/en/DB/DB__1E__IE/0081E3AIES0.px"
"LANAO DEL SUR","Ninth Decile","Average Savings  (in thousand pesos)","40.37","","2026-08-03T09-38-59-7a63a72104f8","https://openstat.psa.gov.ph/PXWeb/pxweb/en/DB/DB__1E__IE/0081E3AIES0.px"
"LANAO DEL SUR","Tenth Decile","Average Income   (in thousand pesos)","414.1","","2026-08-03T09-38-59-7a63a72104f8","https://openstat.psa.gov.ph/PXWeb/pxweb/en/DB/DB__1E__IE/0081E3AIES0.px"
"LANAO DEL SUR","Tenth Decile","Average Expenditure  (in thousand pesos)","302.96","","2026-08-03T09-38-59-7a63a72104f8","https://openstat.psa.gov.ph/PXWeb/pxweb/en/DB/DB__1E__IE/0081E3AIES0.px"
"LANAO DEL SUR","Tenth Decile","Average Savings  (in thousand pesos)","111.14","","2026-08-03T09-38-59-7a63a72104f8","https://openstat.psa.gov.ph/PXWeb/pxweb/en/DB/DB__1E__IE/0081E3AIES0.px"
"MAGUINDANAO","All Income Groups","Average Income   (in thousand pesos)","139.06","","2026-08-03T09-38-59-7a63a72104f8","https://openstat.psa.gov.ph/PXWeb/pxweb/en/DB/DB__1E__IE/0081E3AIES0.px"
"MAGUINDANAO","All Income Groups","Average Expenditure  (in thousand pesos)","134.98","","2026-08-03T09-38-59-7a63a72104f8","https://openstat.psa.gov.ph/PXWeb/pxweb/en/DB/DB__1E__IE/0081E3AIES0.px"
"MAGUINDANAO","All Income Groups","Average Savings  (in thousand pesos)","4.08","","2026-08-03T09-38-59-7a63a72104f8","https://openstat.psa.gov.ph/PXWeb/pxweb/en/DB/DB__1E__IE/0081E3AIES0.px"
"MAGUINDANAO","First Decile","Average Income   (in thousand pesos)","113.6","","2026-08-03T09-38-59-7a63a72104f8","https://openstat.psa.gov.ph/PXWeb/pxweb/en/DB/DB__1E__IE/0081E3AIES0.px"
"MAGUINDANAO","First Decile","Average Expenditure  (in thousand pesos)","120.45","","2026-08-03T09-38-59-7a63a72104f8","https://openstat.psa.gov.ph/PXWeb/pxweb/en/DB/DB__1E__IE/0081E3AIES0.px"
"MAGUINDANAO","First Decile","Average Savings  (in thousand pesos)","-6.84","","2026-08-03T09-38-59-7a63a72104f8","https://openstat.psa.gov.ph/PXWeb/pxweb/en/DB/DB__1E__IE/0081E3AIES0.px"
"MAGUINDANAO","Second Decile","Average Income   (in thousand pesos)","123.43","","2026-08-03T09-38-59-7a63a72104f8","https://openstat.psa.gov.ph/PXWeb/pxweb/en/DB/DB__1E__IE/0081E3AIES0.px"
"MAGUINDANAO","Second Decile","Average Expenditure  (in thousand pesos)","124.95","","2026-08-03T09-38-59-7a63a72104f8","https://openstat.psa.gov.ph/PXWeb/pxweb/en/DB/DB__1E__IE/0081E3AIES0.px"
"MAGUINDANAO","Second Decile","Average Savings  (in thousand pesos)","-1.52","","2026-08-03T09-38-59-7a63a72104f8","https://openstat.psa.gov.ph/PXWeb/pxweb/en/DB/DB__1E__IE/0081E3AIES0.px"
"MAGUINDANAO","Third Decile","Average Income   (in thousand pesos)","122.04","","2026-08-03T09-38-59-7a63a72104f8","https://openstat.psa.gov.ph/PXWeb/pxweb/en/DB/DB__1E__IE/0081E3AIES0.px"
"MAGUINDANAO","Third Decile","Average Expenditure  (in thousand pesos)","123.76","","2026-08-03T09-38-59-7a63a72104f8","https://openstat.psa.gov.ph/PXWeb/pxweb/en/DB/DB__1E__IE/0081E3AIES0.px"
"MAGUINDANAO","Third Decile","Average Savings  (in thousand pesos)","-1.72","","2026-08-03T09-38-59-7a63a72104f8","https://openstat.psa.gov.ph/PXWeb/pxweb/en/DB/DB__1E__IE/0081E3AIES0.px"
"MAGUINDANAO","Fourth Decile","Average Income   (in thousand pesos)","124.65","","2026-08-03T09-38-59-7a63a72104f8","https://openstat.psa.gov.ph/PXWeb/pxweb/en/DB/DB__1E__IE/0081E3AIES0.px"
"MAGUINDANAO","Fourth Decile","Average Expenditure  (in thousand pesos)","127.72","","2026-08-03T09-38-59-7a63a72104f8","https://openstat.psa.gov.ph/PXWeb/pxweb/en/DB/DB__1E__IE/0081E3AIES0.px"
"MAGUINDANAO","Fourth Decile","Average Savings  (in thousand pesos)","-3.07","","2026-08-03T09-38-59-7a63a72104f8","https://openstat.psa.gov.ph/PXWeb/pxweb/en/DB/DB__1E__IE/0081E3AIES0.px"
"MAGUINDANAO","Fifth Decile","Average Income   (in thousand pesos)","133.25","","2026-08-03T09-38-59-7a63a72104f8","https://openstat.psa.gov.ph/PXWeb/pxweb/en/DB/DB__1E__IE/0081E3AIES0.px"
"MAGUINDANAO","Fifth Decile","Average Expenditure  (in thousand pesos)","131.34","","2026-08-03T09-38-59-7a63a72104f8","https://openstat.psa.gov.ph/PXWeb/pxweb/en/DB/DB__1E__IE/0081E3AIES0.px"
"MAGUINDANAO","Fifth Decile","Average Savings  (in thousand pesos)","1.92","","2026-08-03T09-38-59-7a63a72104f8","https://openstat.psa.gov.ph/PXWeb/pxweb/en/DB/DB__1E__IE/0081E3AIES0.px"
"MAGUINDANAO","Sixth Decile","Average Income   (in thousand pesos)","132.2","","2026-08-03T09-38-59-7a63a72104f8","https://openstat.psa.gov.ph/PXWeb/pxweb/en/DB/DB__1E__IE/0081E3AIES0.px"
"MAGUINDANAO","Sixth Decile","Average Expenditure  (in thousand pesos)","131.89","","2026-08-03T09-38-59-7a63a72104f8","https://openstat.psa.gov.ph/PXWeb/pxweb/en/DB/DB__1E__IE/0081E3AIES0.px"
"MAGUINDANAO","Sixth Decile","Average Savings  (in thousand pesos)","0.31","","2026-08-03T09-38-59-7a63a72104f8","https://openstat.psa.gov.ph/PXWeb/pxweb/en/DB/DB__1E__IE/0081E3AIES0.px"
"MAGUINDANAO","Seventh Decile","Average Income   (in thousand pesos)","134.33","","2026-08-03T09-38-59-7a63a72104f8","https://openstat.psa.gov.ph/PXWeb/pxweb/en/DB/DB__1E__IE/0081E3AIES0.px"
"MAGUINDANAO","Seventh Decile","Average Expenditure  (in thousand pesos)","131.56","","2026-08-03T09-38-59-7a63a72104f8","https://openstat.psa.gov.ph/PXWeb/pxweb/en/DB/DB__1E__IE/0081E3AIES0.px"
"MAGUINDANAO","Seventh Decile","Average Savings  (in thousand pesos)","2.77","","2026-08-03T09-38-59-7a63a72104f8","https://openstat.psa.gov.ph/PXWeb/pxweb/en/DB/DB__1E__IE/0081E3AIES0.px"
"MAGUINDANAO","Eighth Decile","Average Income   (in thousand pesos)","137.89","","2026-08-03T09-38-59-7a63a72104f8","https://openstat.psa.gov.ph/PXWeb/pxweb/en/DB/DB__1E__IE/0081E3AIES0.px"
"MAGUINDANAO","Eighth Decile","Average Expenditure  (in thousand pesos)","133.31","","2026-08-03T09-38-59-7a63a72104f8","https://openstat.psa.gov.ph/PXWeb/pxweb/en/DB/DB__1E__IE/0081E3AIES0.px"
"MAGUINDANAO","Eighth Decile","Average Savings  (in thousand pesos)","4.58","","2026-08-03T09-38-59-7a63a72104f8","https://openstat.psa.gov.ph/PXWeb/pxweb/en/DB/DB__1E__IE/0081E3AIES0.px"
"MAGUINDANAO","Ninth Decile","Average Income   (in thousand pesos)","148.46","","2026-08-03T09-38-59-7a63a72104f8","https://openstat.psa.gov.ph/PXWeb/pxweb/en/DB/DB__1E__IE/0081E3AIES0.px"
"MAGUINDANAO","Ninth Decile","Average Expenditure  (in thousand pesos)","139.59","","2026-08-03T09-38-59-7a63a72104f8","https://openstat.psa.gov.ph/PXWeb/pxweb/en/DB/DB__1E__IE/0081E3AIES0.px"
"MAGUINDANAO","Ninth Decile","Average Savings  (in thousand pesos)","8.86","","2026-08-03T09-38-59-7a63a72104f8","https://openstat.psa.gov.ph/PXWeb/pxweb/en/DB/DB__1E__IE/0081E3AIES0.px"
"MAGUINDANAO","Tenth Decile","Average Income   (in thousand pesos)","220.4","","2026-08-03T09-38-59-7a63a72104f8","https://openstat.psa.gov.ph/PXWeb/pxweb/en/DB/DB__1E__IE/0081E3AIES0.px"
"MAGUINDANAO","Tenth Decile","Average Expenditure  (in thousand pesos)","185.03","","2026-08-03T09-38-59-7a63a72104f8","https://openstat.psa.gov.ph/PXWeb/pxweb/en/DB/DB__1E__IE/0081E3AIES0.px"
"MAGUINDANAO","Tenth Decile","Average Savings  (in thousand pesos)","35.37","","2026-08-03T09-38-59-7a63a72104f8","https://openstat.psa.gov.ph/PXWeb/pxweb/en/DB/DB__1E__IE/0081E3AIES0.px"
"Maguindanao del Sur1/","All Income Groups","Average Income   (in thousand pesos)","134.41","","2026-08-03T09-38-59-7a63a72104f8","https://openstat.psa.gov.ph/PXWeb/pxweb/en/DB/DB__1E__IE/0081E3AIES0.px"
"Maguindanao del Sur1/","All Income Groups","Average Expenditure  (in thousand pesos)","131.45","","2026-08-03T09-38-59-7a63a72104f8","https://openstat.psa.gov.ph/PXWeb/pxweb/en/DB/DB__1E__IE/0081E3AIES0.px"
"Maguindanao del Sur1/","All Income Groups","Average Savings  (in thousand pesos)","2.96","","2026-08-03T09-38-59-7a63a72104f8","https://openstat.psa.gov.ph/PXWeb/pxweb/en/DB/DB__1E__IE/0081E3AIES0.px"
"Maguindanao del Sur1/","First Decile","Average Income   (in thousand pesos)","109.42","","2026-08-03T09-38-59-7a63a72104f8","https://openstat.psa.gov.ph/PXWeb/pxweb/en/DB/DB__1E__IE/0081E3AIES0.px"
"Maguindanao del Sur1/","First Decile","Average Expenditure  (in thousand pesos)","119.73","","2026-08-03T09-38-59-7a63a72104f8","https://openstat.psa.gov.ph/PXWeb/pxweb/en/DB/DB__1E__IE/0081E3AIES0.px"
"Maguindanao del Sur1/","First Decile","Average Savings  (in thousand pesos)","-10.31","","2026-08-03T09-38-59-7a63a72104f8","https://openstat.psa.gov.ph/PXWeb/pxweb/en/DB/DB__1E__IE/0081E3AIES0.px"
"Maguindanao del Sur1/","Second Decile","Average Income   (in thousand pesos)","122.62","","2026-08-03T09-38-59-7a63a72104f8","https://openstat.psa.gov.ph/PXWeb/pxweb/en/DB/DB__1E__IE/0081E3AIES0.px"
"Maguindanao del Sur1/","Second Decile","Average Expenditure  (in thousand pesos)","124.29","","2026-08-03T09-38-59-7a63a72104f8","https://openstat.psa.gov.ph/PXWeb/pxweb/en/DB/DB__1E__IE/0081E3AIES0.px"
"Maguindanao del Sur1/","Second Decile","Average Savings  (in thousand pesos)","-1.67","","2026-08-03T09-38-59-7a63a72104f8","https://openstat.psa.gov.ph/PXWeb/pxweb/en/DB/DB__1E__IE/0081E3AIES0.px"
"Maguindanao del Sur1/","Third Decile","Average Income   (in thousand pesos)","121.22","","2026-08-03T09-38-59-7a63a72104f8","https://openstat.psa.gov.ph/PXWeb/pxweb/en/DB/DB__1E__IE/0081E3AIES0.px"
"Maguindanao del Sur1/","Third Decile","Average Expenditure  (in thousand pesos)","124.19","","2026-08-03T09-38-59-7a63a72104f8","https://openstat.psa.gov.ph/PXWeb/pxweb/en/DB/DB__1E__IE/0081E3AIES0.px"
"Maguindanao del Sur1/","Third Decile","Average Savings  (in thousand pesos)","-2.97","","2026-08-03T09-38-59-7a63a72104f8","https://openstat.psa.gov.ph/PXWeb/pxweb/en/DB/DB__1E__IE/0081E3AIES0.px"
"Maguindanao del Sur1/","Fourth Decile","Average Income   (in thousand pesos)","125.07","","2026-08-03T09-38-59-7a63a72104f8","https://openstat.psa.gov.ph/PXWeb/pxweb/en/DB/DB__1E__IE/0081E3AIES0.px"
"Maguindanao del Sur1/","Fourth Decile","Average Expenditure  (in thousand pesos)","127.05","","2026-08-03T09-38-59-7a63a72104f8","https://openstat.psa.gov.ph/PXWeb/pxweb/en/DB/DB__1E__IE/0081E3AIES0.px"
"Maguindanao del Sur1/","Fourth Decile","Average Savings  (in thousand pesos)","-1.98","","2026-08-03T09-38-59-7a63a72104f8","https://openstat.psa.gov.ph/PXWeb/pxweb/en/DB/DB__1E__IE/0081E3AIES0.px"
"Maguindanao del Sur1/","Fifth Decile","Average Income   (in thousand pesos)","132.75","","2026-08-03T09-38-59-7a63a72104f8","https://openstat.psa.gov.ph/PXWeb/pxweb/en/DB/DB__1E__IE/0081E3AIES0.px"
"Maguindanao del Sur1/","Fifth Decile","Average Expenditure  (in thousand pesos)","131.81","","2026-08-03T09-38-59-7a63a72104f8","https://openstat.psa.gov.ph/PXWeb/pxweb/en/DB/DB__1E__IE/0081E3AIES0.px"
"Maguindanao del Sur1/","Fifth Decile","Average Savings  (in thousand pesos)","0.94","","2026-08-03T09-38-59-7a63a72104f8","https://openstat.psa.gov.ph/PXWeb/pxweb/en/DB/DB__1E__IE/0081E3AIES0.px"
"Maguindanao del Sur1/","Sixth Decile","Average Income   (in thousand pesos)","128.17","","2026-08-03T09-38-59-7a63a72104f8","https://openstat.psa.gov.ph/PXWeb/pxweb/en/DB/DB__1E__IE/0081E3AIES0.px"
"Maguindanao del Sur1/","Sixth Decile","Average Expenditure  (in thousand pesos)","126.84","","2026-08-03T09-38-59-7a63a72104f8","https://openstat.psa.gov.ph/PXWeb/pxweb/en/DB/DB__1E__IE/0081E3AIES0.px"
"Maguindanao del Sur1/","Sixth Decile","Average Savings  (in thousand pesos)","1.32","","2026-08-03T09-38-59-7a63a72104f8","https://openstat.psa.gov.ph/PXWeb/pxweb/en/DB/DB__1E__IE/0081E3AIES0.px"
"Maguindanao del Sur1/","Seventh Decile","Average Income   (in thousand pesos)","132.64","","2026-08-03T09-38-59-7a63a72104f8","https://openstat.psa.gov.ph/PXWeb/pxweb/en/DB/DB__1E__IE/0081E3AIES0.px"
"Maguindanao del Sur1/","Seventh Decile","Average Expenditure  (in thousand pesos)","130.89","","2026-08-03T09-38-59-7a63a72104f8","https://openstat.psa.gov.ph/PXWeb/pxweb/en/DB/DB__1E__IE/0081E3AIES0.px"
"Maguindanao del Sur1/","Seventh Decile","Average Savings  (in thousand pesos)","1.75","","2026-08-03T09-38-59-7a63a72104f8","https://openstat.psa.gov.ph/PXWeb/pxweb/en/DB/DB__1E__IE/0081E3AIES0.px"
"Maguindanao del Sur1/","Eighth Decile","Average Income   (in thousand pesos)","136.3","","2026-08-03T09-38-59-7a63a72104f8","https://openstat.psa.gov.ph/PXWeb/pxweb/en/DB/DB__1E__IE/0081E3AIES0.px"
"Maguindanao del Sur1/","Eighth Decile","Average Expenditure  (in thousand pesos)","130.47","","2026-08-03T09-38-59-7a63a72104f8","https://openstat.psa.gov.ph/PXWeb/pxweb/en/DB/DB__1E__IE/0081E3AIES0.px"
"Maguindanao del Sur1/","Eighth Decile","Average Savings  (in thousand pesos)","5.83","","2026-08-03T09-38-59-7a63a72104f8","https://openstat.psa.gov.ph/PXWeb/pxweb/en/DB/DB__1E__IE/0081E3AIES0.px"
"Maguindanao del Sur1/","Ninth Decile","Average Income   (in thousand pesos)","141.83","","2026-08-03T09-38-59-7a63a72104f8","https://openstat.psa.gov.ph/PXWeb/pxweb/en/DB/DB__1E__IE/0081E3AIES0.px"
"Maguindanao del Sur1/","Ninth Decile","Average Expenditure  (in thousand pesos)","132.52","","2026-08-03T09-38-59-7a63a72104f8","https://openstat.psa.gov.ph/PXWeb/pxweb/en/DB/DB__1E__IE/0081E3AIES0.px"
"Maguindanao del Sur1/","Ninth Decile","Average Savings  (in thousand pesos)","9.3","","2026-08-03T09-38-59-7a63a72104f8","https://openstat.psa.gov.ph/PXWeb/pxweb/en/DB/DB__1E__IE/0081E3AIES0.px"
"Maguindanao del Sur1/","Tenth Decile","Average Income   (in thousand pesos)","193.78","","2026-08-03T09-38-59-7a63a72104f8","https://openstat.psa.gov.ph/PXWeb/pxweb/en/DB/DB__1E__IE/0081E3AIES0.px"
"Maguindanao del Sur1/","Tenth Decile","Average Expenditure  (in thousand pesos)","166.49","","2026-08-03T09-38-59-7a63a72104f8","https://openstat.psa.gov.ph/PXWeb/pxweb/en/DB/DB__1E__IE/0081E3AIES0.px"
"Maguindanao del Sur1/","Tenth Decile","Average Savings  (in thousand pesos)","27.29","","2026-08-03T09-38-59-7a63a72104f8","https://openstat.psa.gov.ph/PXWeb/pxweb/en/DB/DB__1E__IE/0081E3AIES0.px"
"Maguindanao del Norte1/","All Income Groups","Average Income   (in thousand pesos)","144.29","","2026-08-03T09-38-59-7a63a72104f8","https://openstat.psa.gov.ph/PXWeb/pxweb/en/DB/DB__1E__IE/0081E3AIES0.px"
"Maguindanao del Norte1/","All Income Groups","Average Expenditure  (in thousand pesos)","138.96","","2026-08-03T09-38-59-7a63a72104f8","https://openstat.psa.gov.ph/PXWeb/pxweb/en/DB/DB__1E__IE/0081E3AIES0.px"
"Maguindanao del Norte1/","All Income Groups","Average Savings  (in thousand pesos)","5.33","","2026-08-03T09-38-59-7a63a72104f8","https://openstat.psa.gov.ph/PXWeb/pxweb/en/DB/DB__1E__IE/0081E3AIES0.px"
"Maguindanao del Norte1/","First Decile","Average Income   (in thousand pesos)","118.34","","2026-08-03T09-38-59-7a63a72104f8","https://openstat.psa.gov.ph/PXWeb/pxweb/en/DB/DB__1E__IE/0081E3AIES0.px"
"Maguindanao del Norte1/","First Decile","Average Expenditure  (in thousand pesos)","121.25","","2026-08-03T09-38-59-7a63a72104f8","https://openstat.psa.gov.ph/PXWeb/pxweb/en/DB/DB__1E__IE/0081E3AIES0.px"
"Maguindanao del Norte1/","First Decile","Average Savings  (in thousand pesos)","-2.92","","2026-08-03T09-38-59-7a63a72104f8","https://openstat.psa.gov.ph/PXWeb/pxweb/en/DB/DB__1E__IE/0081E3AIES0.px"
"Maguindanao del Norte1/","Second Decile","Average Income   (in thousand pesos)","124.35","","2026-08-03T09-38-59-7a63a72104f8","https://openstat.psa.gov.ph/PXWeb/pxweb/en/DB/DB__1E__IE/0081E3AIES0.px"
"Maguindanao del Norte1/","Second Decile","Average Expenditure  (in thousand pesos)","125.7","","2026-08-03T09-38-59-7a63a72104f8","https://openstat.psa.gov.ph/PXWeb/pxweb/en/DB/DB__1E__IE/0081E3AIES0.px"
"Maguindanao del Norte1/","Second Decile","Average Savings  (in thousand pesos)","-1.35","","2026-08-03T09-38-59-7a63a72104f8","https://openstat.psa.gov.ph/PXWeb/pxweb/en/DB/DB__1E__IE/0081E3AIES0.px"
"Maguindanao del Norte1/","Third Decile","Average Income   (in thousand pesos)","122.96","","2026-08-03T09-38-59-7a63a72104f8","https://openstat.psa.gov.ph/PXWeb/pxweb/en/DB/DB__1E__IE/0081E3AIES0.px"
"Maguindanao del Norte1/","Third Decile","Average Expenditure  (in thousand pesos)","123.29","","2026-08-03T09-38-59-7a63a72104f8","https://openstat.psa.gov.ph/PXWeb/pxweb/en/DB/DB__1E__IE/0081E3AIES0.px"
"Maguindanao del Norte1/","Third Decile","Average Savings  (in thousand pesos)","-0.33","","2026-08-03T09-38-59-7a63a72104f8","https://openstat.psa.gov.ph/PXWeb/pxweb/en/DB/DB__1E__IE/0081E3AIES0.px"
"Maguindanao del Norte1/","Fourth Decile","Average Income   (in thousand pesos)","124.18","","2026-08-03T09-38-59-7a63a72104f8","https://openstat.psa.gov.ph/PXWeb/pxweb/en/DB/DB__1E__IE/0081E3AIES0.px"
"Maguindanao del Norte1/","Fourth Decile","Average Expenditure  (in thousand pesos)","128.47","","2026-08-03T09-38-59-7a63a72104f8","https://openstat.psa.gov.ph/PXWeb/pxweb/en/DB/DB__1E__IE/0081E3AIES0.px"
"Maguindanao del Norte1/","Fourth Decile","Average Savings  (in thousand pesos)","-4.29","","2026-08-03T09-38-59-7a63a72104f8","https://openstat.psa.gov.ph/PXWeb/pxweb/en/DB/DB__1E__IE/0081E3AIES0.px"
"Maguindanao del Norte1/","Fifth Decile","Average Income   (in thousand pesos)","133.82","","2026-08-03T09-38-59-7a63a72104f8","https://openstat.psa.gov.ph/PXWeb/pxweb/en/DB/DB__1E__IE/0081E3AIES0.px"
"Maguindanao del Norte1/","Fifth Decile","Average Expenditure  (in thousand pesos)","130.8","","2026-08-03T09-38-59-7a63a72104f8","https://openstat.psa.gov.ph/PXWeb/pxweb/en/DB/DB__1E__IE/0081E3AIES0.px"
"Maguindanao del Norte1/","Fifth Decile","Average Savings  (in thousand pesos)","3.01","","2026-08-03T09-38-59-7a63a72104f8","https://openstat.psa.gov.ph/PXWeb/pxweb/en/DB/DB__1E__IE/0081E3AIES0.px"
"Maguindanao del Norte1/","Sixth Decile","Average Income   (in thousand pesos)","136.75","","2026-08-03T09-38-59-7a63a72104f8","https://openstat.psa.gov.ph/PXWeb/pxweb/en/DB/DB__1E__IE/0081E3AIES0.px"
"Maguindanao del Norte1/","Sixth Decile","Average Expenditure  (in thousand pesos)","137.59","","2026-08-03T09-38-59-7a63a72104f8","https://openstat.psa.gov.ph/PXWeb/pxweb/en/DB/DB__1E__IE/0081E3AIES0.px"
"Maguindanao del Norte1/","Sixth Decile","Average Savings  (in thousand pesos)","-0.84","","2026-08-03T09-38-59-7a63a72104f8","https://openstat.psa.gov.ph/PXWeb/pxweb/en/DB/DB__1E__IE/0081E3AIES0.px"
"Maguindanao del Norte1/","Seventh Decile","Average Income   (in thousand pesos)","136.25","","2026-08-03T09-38-59-7a63a72104f8","https://openstat.psa.gov.ph/PXWeb/pxweb/en/DB/DB__1E__IE/0081E3AIES0.px"
"Maguindanao del Norte1/","Seventh Decile","Average Expenditure  (in thousand pesos)","132.32","","2026-08-03T09-38-59-7a63a72104f8","https://openstat.psa.gov.ph/PXWeb/pxweb/en/DB/DB__1E__IE/0081E3AIES0.px"
"Maguindanao del Norte1/","Seventh Decile","Average Savings  (in thousand pesos)","3.94","","2026-08-03T09-38-59-7a63a72104f8","https://openstat.psa.gov.ph/PXWeb/pxweb/en/DB/DB__1E__IE/0081E3AIES0.px"
"Maguindanao del Norte1/","Eighth Decile","Average Income   (in thousand pesos)","139.68","","2026-08-03T09-38-59-7a63a72104f8","https://openstat.psa.gov.ph/PXWeb/pxweb/en/DB/DB__1E__IE/0081E3AIES0.px"
"Maguindanao del Norte1/","Eighth Decile","Average Expenditure  (in thousand pesos)","136.5","","2026-08-03T09-38-59-7a63a72104f8","https://openstat.psa.gov.ph/PXWeb/pxweb/en/DB/DB__1E__IE/0081E3AIES0.px"
"Maguindanao del Norte1/","Eighth Decile","Average Savings  (in thousand pesos)","3.18","","2026-08-03T09-38-59-7a63a72104f8","https://openstat.psa.gov.ph/PXWeb/pxweb/en/DB/DB__1E__IE/0081E3AIES0.px"
"Maguindanao del Norte1/","Ninth Decile","Average Income   (in thousand pesos)","155.9","","2026-08-03T09-38-59-7a63a72104f8","https://openstat.psa.gov.ph/PXWeb/pxweb/en/DB/DB__1E__IE/0081E3AIES0.px"
"Maguindanao del Norte1/","Ninth Decile","Average Expenditure  (in thousand pesos)","147.53","","2026-08-03T09-38-59-7a63a72104f8","https://openstat.psa.gov.ph/PXWeb/pxweb/en/DB/DB__1E__IE/0081E3AIES0.px"
"Maguindanao del Norte1/","Ninth Decile","Average Savings  (in thousand pesos)","8.37","","2026-08-03T09-38-59-7a63a72104f8","https://openstat.psa.gov.ph/PXWeb/pxweb/en/DB/DB__1E__IE/0081E3AIES0.px"
"Maguindanao del Norte1/","Tenth Decile","Average Income   (in thousand pesos)","250.48","","2026-08-03T09-38-59-7a63a72104f8","https://openstat.psa.gov.ph/PXWeb/pxweb/en/DB/DB__1E__IE/0081E3AIES0.px"
"Maguindanao del Norte1/","Tenth Decile","Average Expenditure  (in thousand pesos)","205.97","","2026-08-03T09-38-59-7a63a72104f8","https://openstat.psa.gov.ph/PXWeb/pxweb/en/DB/DB__1E__IE/0081E3AIES0.px"
"Maguindanao del Norte1/","Tenth Decile","Average Savings  (in thousand pesos)","44.51","","2026-08-03T09-38-59-7a63a72104f8","https://openstat.psa.gov.ph/PXWeb/pxweb/en/DB/DB__1E__IE/0081E3AIES0.px"
"SULU","All Income Groups","Average Income   (in thousand pesos)","203.29","","2026-08-03T09-38-59-7a63a72104f8","https://openstat.psa.gov.ph/PXWeb/pxweb/en/DB/DB__1E__IE/0081E3AIES0.px"
"SULU","All Income Groups","Average Expenditure  (in thousand pesos)","142.55","","2026-08-03T09-38-59-7a63a72104f8","https://openstat.psa.gov.ph/PXWeb/pxweb/en/DB/DB__1E__IE/0081E3AIES0.px"
"SULU","All Income Groups","Average Savings  (in thousand pesos)","60.74","","2026-08-03T09-38-59-7a63a72104f8","https://openstat.psa.gov.ph/PXWeb/pxweb/en/DB/DB__1E__IE/0081E3AIES0.px"
"SULU","First Decile","Average Income   (in thousand pesos)","157.58","","2026-08-03T09-38-59-7a63a72104f8","https://openstat.psa.gov.ph/PXWeb/pxweb/en/DB/DB__1E__IE/0081E3AIES0.px"
"SULU","First Decile","Average Expenditure  (in thousand pesos)","124.49","","2026-08-03T09-38-59-7a63a72104f8","https://openstat.psa.gov.ph/PXWeb/pxweb/en/DB/DB__1E__IE/0081E3AIES0.px"
"SULU","First Decile","Average Savings  (in thousand pesos)","33.09","","2026-08-03T09-38-59-7a63a72104f8","https://openstat.psa.gov.ph/PXWeb/pxweb/en/DB/DB__1E__IE/0081E3AIES0.px"
"SULU","Second Decile","Average Income   (in thousand pesos)","173.63","","2026-08-03T09-38-59-7a63a72104f8","https://openstat.psa.gov.ph/PXWeb/pxweb/en/DB/DB__1E__IE/0081E3AIES0.px"
"SULU","Second Decile","Average Expenditure  (in thousand pesos)","132.9","","2026-08-03T09-38-59-7a63a72104f8","https://openstat.psa.gov.ph/PXWeb/pxweb/en/DB/DB__1E__IE/0081E3AIES0.px"
"SULU","Second Decile","Average Savings  (in thousand pesos)","40.74","","2026-08-03T09-38-59-7a63a72104f8","https://openstat.psa.gov.ph/PXWeb/pxweb/en/DB/DB__1E__IE/0081E3AIES0.px"
"SULU","Third Decile","Average Income   (in thousand pesos)","175.17","","2026-08-03T09-38-59-7a63a72104f8","https://openstat.psa.gov.ph/PXWeb/pxweb/en/DB/DB__1E__IE/0081E3AIES0.px"
"SULU","Third Decile","Average Expenditure  (in thousand pesos)","131.49","","2026-08-03T09-38-59-7a63a72104f8","https://openstat.psa.gov.ph/PXWeb/pxweb/en/DB/DB__1E__IE/0081E3AIES0.px"
"SULU","Third Decile","Average Savings  (in thousand pesos)","43.68","","2026-08-03T09-38-59-7a63a72104f8","https://openstat.psa.gov.ph/PXWeb/pxweb/en/DB/DB__1E__IE/0081E3AIES0.px"
"SULU","Fourth Decile","Average Income   (in thousand pesos)","178.47","","2026-08-03T09-38-59-7a63a72104f8","https://openstat.psa.gov.ph/PXWeb/pxweb/en/DB/DB__1E__IE/0081E3AIES0.px"
"SULU","Fourth Decile","Average Expenditure  (in thousand pesos)","131.48","","2026-08-03T09-38-59-7a63a72104f8","https://openstat.psa.gov.ph/PXWeb/pxweb/en/DB/DB__1E__IE/0081E3AIES0.px"
"SULU","Fourth Decile","Average Savings  (in thousand pesos)","46.99","","2026-08-03T09-38-59-7a63a72104f8","https://openstat.psa.gov.ph/PXWeb/pxweb/en/DB/DB__1E__IE/0081E3AIES0.px"
"SULU","Fifth Decile","Average Income   (in thousand pesos)","184.48","","2026-08-03T09-38-59-7a63a72104f8","https://openstat.psa.gov.ph/PXWeb/pxweb/en/DB/DB__1E__IE/0081E3AIES0.px"
"SULU","Fifth Decile","Average Expenditure  (in thousand pesos)","133.46","","2026-08-03T09-38-59-7a63a72104f8","https://openstat.psa.gov.ph/PXWeb/pxweb/en/DB/DB__1E__IE/0081E3AIES0.px"
"SULU","Fifth Decile","Average Savings  (in thousand pesos)","51.02","","2026-08-03T09-38-59-7a63a72104f8","https://openstat.psa.gov.ph/PXWeb/pxweb/en/DB/DB__1E__IE/0081E3AIES0.px"
"SULU","Sixth Decile","Average Income   (in thousand pesos)","179.87","","2026-08-03T09-38-59-7a63a72104f8","https://openstat.psa.gov.ph/PXWeb/pxweb/en/DB/DB__1E__IE/0081E3AIES0.px"
"SULU","Sixth Decile","Average Expenditure  (in thousand pesos)","125.25","","2026-08-03T09-38-59-7a63a72104f8","https://openstat.psa.gov.ph/PXWeb/pxweb/en/DB/DB__1E__IE/0081E3AIES0.px"
"SULU","Sixth Decile","Average Savings  (in thousand pesos)","54.62","","2026-08-03T09-38-59-7a63a72104f8","https://openstat.psa.gov.ph/PXWeb/pxweb/en/DB/DB__1E__IE/0081E3AIES0.px"
"SULU","Seventh Decile","Average Income   (in thousand pesos)","208.99","","2026-08-03T09-38-59-7a63a72104f8","https://openstat.psa.gov.ph/PXWeb/pxweb/en/DB/DB__1E__IE/0081E3AIES0.px"
"SULU","Seventh Decile","Average Expenditure  (in thousand pesos)","144.1","","2026-08-03T09-38-59-7a63a72104f8","https://openstat.psa.gov.ph/PXWeb/pxweb/en/DB/DB__1E__IE/0081E3AIES0.px"
"SULU","Seventh Decile","Average Savings  (in thousand pesos)","64.89","","2026-08-03T09-38-59-7a63a72104f8","https://openstat.psa.gov.ph/PXWeb/pxweb/en/DB/DB__1E__IE/0081E3AIES0.px"
"SULU","Eighth Decile","Average Income   (in thousand pesos)","209.9","","2026-08-03T09-38-59-7a63a72104f8","https://openstat.psa.gov.ph/PXWeb/pxweb/en/DB/DB__1E__IE/0081E3AIES0.px"
"SULU","Eighth Decile","Average Expenditure  (in thousand pesos)","145","","2026-08-03T09-38-59-7a63a72104f8","https://openstat.psa.gov.ph/PXWeb/pxweb/en/DB/DB__1E__IE/0081E3AIES0.px"
"SULU","Eighth Decile","Average Savings  (in thousand pesos)","64.89","","2026-08-03T09-38-59-7a63a72104f8","https://openstat.psa.gov.ph/PXWeb/pxweb/en/DB/DB__1E__IE/0081E3AIES0.px"
"SULU","Ninth Decile","Average Income   (in thousand pesos)","246.2","","2026-08-03T09-38-59-7a63a72104f8","https://openstat.psa.gov.ph/PXWeb/pxweb/en/DB/DB__1E__IE/0081E3AIES0.px"
"SULU","Ninth Decile","Average Expenditure  (in thousand pesos)","159.41","","2026-08-03T09-38-59-7a63a72104f8","https://openstat.psa.gov.ph/PXWeb/pxweb/en/DB/DB__1E__IE/0081E3AIES0.px"
"SULU","Ninth Decile","Average Savings  (in thousand pesos)","86.79","","2026-08-03T09-38-59-7a63a72104f8","https://openstat.psa.gov.ph/PXWeb/pxweb/en/DB/DB__1E__IE/0081E3AIES0.px"
"SULU","Tenth Decile","Average Income   (in thousand pesos)","317.96","","2026-08-03T09-38-59-7a63a72104f8","https://openstat.psa.gov.ph/PXWeb/pxweb/en/DB/DB__1E__IE/0081E3AIES0.px"
"SULU","Tenth Decile","Average Expenditure  (in thousand pesos)","197.59","","2026-08-03T09-38-59-7a63a72104f8","https://openstat.psa.gov.ph/PXWeb/pxweb/en/DB/DB__1E__IE/0081E3AIES0.px"
"SULU","Tenth Decile","Average Savings  (in thousand pesos)","120.37","","2026-08-03T09-38-59-7a63a72104f8","https://openstat.psa.gov.ph/PXWeb/pxweb/en/DB/DB__1E__IE/0081E3AIES0.px"
"TAWI-TAWI","All Income Groups","Average Income   (in thousand pesos)","169.34","","2026-08-03T09-38-59-7a63a72104f8","https://openstat.psa.gov.ph/PXWeb/pxweb/en/DB/DB__1E__IE/0081E3AIES0.px"
"TAWI-TAWI","All Income Groups","Average Expenditure  (in thousand pesos)","109.34","","2026-08-03T09-38-59-7a63a72104f8","https://openstat.psa.gov.ph/PXWeb/pxweb/en/DB/DB__1E__IE/0081E3AIES0.px"
"TAWI-TAWI","All Income Groups","Average Savings  (in thousand pesos)","60.01","","2026-08-03T09-38-59-7a63a72104f8","https://openstat.psa.gov.ph/PXWeb/pxweb/en/DB/DB__1E__IE/0081E3AIES0.px"
"TAWI-TAWI","First Decile","Average Income   (in thousand pesos)","115.63","","2026-08-03T09-38-59-7a63a72104f8","https://openstat.psa.gov.ph/PXWeb/pxweb/en/DB/DB__1E__IE/0081E3AIES0.px"
"TAWI-TAWI","First Decile","Average Expenditure  (in thousand pesos)","90.42","","2026-08-03T09-38-59-7a63a72104f8","https://openstat.psa.gov.ph/PXWeb/pxweb/en/DB/DB__1E__IE/0081E3AIES0.px"
"TAWI-TAWI","First Decile","Average Savings  (in thousand pesos)","25.21","","2026-08-03T09-38-59-7a63a72104f8","https://openstat.psa.gov.ph/PXWeb/pxweb/en/DB/DB__1E__IE/0081E3AIES0.px"
"TAWI-TAWI","Second Decile","Average Income   (in thousand pesos)","124.37","","2026-08-03T09-38-59-7a63a72104f8","https://openstat.psa.gov.ph/PXWeb/pxweb/en/DB/DB__1E__IE/0081E3AIES0.px"
"TAWI-TAWI","Second Decile","Average Expenditure  (in thousand pesos)","96.7","","2026-08-03T09-38-59-7a63a72104f8","https://openstat.psa.gov.ph/PXWeb/pxweb/en/DB/DB__1E__IE/0081E3AIES0.px"
"TAWI-TAWI","Second Decile","Average Savings  (in thousand pesos)","27.67","","2026-08-03T09-38-59-7a63a72104f8","https://openstat.psa.gov.ph/PXWeb/pxweb/en/DB/DB__1E__IE/0081E3AIES0.px"
"TAWI-TAWI","Third Decile","Average Income   (in thousand pesos)","138.47","","2026-08-03T09-38-59-7a63a72104f8","https://openstat.psa.gov.ph/PXWeb/pxweb/en/DB/DB__1E__IE/0081E3AIES0.px"
"TAWI-TAWI","Third Decile","Average Expenditure  (in thousand pesos)","103.07","","2026-08-03T09-38-59-7a63a72104f8","https://openstat.psa.gov.ph/PXWeb/pxweb/en/DB/DB__1E__IE/0081E3AIES0.px"
"TAWI-TAWI","Third Decile","Average Savings  (in thousand pesos)","35.39","","2026-08-03T09-38-59-7a63a72104f8","https://openstat.psa.gov.ph/PXWeb/pxweb/en/DB/DB__1E__IE/0081E3AIES0.px"
"TAWI-TAWI","Fourth Decile","Average Income   (in thousand pesos)","143.48","","2026-08-03T09-38-59-7a63a72104f8","https://openstat.psa.gov.ph/PXWeb/pxweb/en/DB/DB__1E__IE/0081E3AIES0.px"
"TAWI-TAWI","Fourth Decile","Average Expenditure  (in thousand pesos)","105.9","","2026-08-03T09-38-59-7a63a72104f8","https://openstat.psa.gov.ph/PXWeb/pxweb/en/DB/DB__1E__IE/0081E3AIES0.px"
"TAWI-TAWI","Fourth Decile","Average Savings  (in thousand pesos)","37.57","","2026-08-03T09-38-59-7a63a72104f8","https://openstat.psa.gov.ph/PXWeb/pxweb/en/DB/DB__1E__IE/0081E3AIES0.px"
"TAWI-TAWI","Fifth Decile","Average Income   (in thousand pesos)","149.73","","2026-08-03T09-38-59-7a63a72104f8","https://openstat.psa.gov.ph/PXWeb/pxweb/en/DB/DB__1E__IE/0081E3AIES0.px"
"TAWI-TAWI","Fifth Decile","Average Expenditure  (in thousand pesos)","110.19","","2026-08-03T09-38-59-7a63a72104f8","https://openstat.psa.gov.ph/PXWeb/pxweb/en/DB/DB__1E__IE/0081E3AIES0.px"
"TAWI-TAWI","Fifth Decile","Average Savings  (in thousand pesos)","39.55","","2026-08-03T09-38-59-7a63a72104f8","https://openstat.psa.gov.ph/PXWeb/pxweb/en/DB/DB__1E__IE/0081E3AIES0.px"
"TAWI-TAWI","Sixth Decile","Average Income   (in thousand pesos)","159.22","","2026-08-03T09-38-59-7a63a72104f8","https://openstat.psa.gov.ph/PXWeb/pxweb/en/DB/DB__1E__IE/0081E3AIES0.px"
"TAWI-TAWI","Sixth Decile","Average Expenditure  (in thousand pesos)","112.43","","2026-08-03T09-38-59-7a63a72104f8","https://openstat.psa.gov.ph/PXWeb/pxweb/en/DB/DB__1E__IE/0081E3AIES0.px"
"TAWI-TAWI","Sixth Decile","Average Savings  (in thousand pesos)","46.79","","2026-08-03T09-38-59-7a63a72104f8","https://openstat.psa.gov.ph/PXWeb/pxweb/en/DB/DB__1E__IE/0081E3AIES0.px"
"TAWI-TAWI","Seventh Decile","Average Income   (in thousand pesos)","167.74","","2026-08-03T09-38-59-7a63a72104f8","https://openstat.psa.gov.ph/PXWeb/pxweb/en/DB/DB__1E__IE/0081E3AIES0.px"
"TAWI-TAWI","Seventh Decile","Average Expenditure  (in thousand pesos)","111.84","","2026-08-03T09-38-59-7a63a72104f8","https://openstat.psa.gov.ph/PXWeb/pxweb/en/DB/DB__1E__IE/0081E3AIES0.px"
"TAWI-TAWI","Seventh Decile","Average Savings  (in thousand pesos)","55.9","","2026-08-03T09-38-59-7a63a72104f8","https://openstat.psa.gov.ph/PXWeb/pxweb/en/DB/DB__1E__IE/0081E3AIES0.px"
"TAWI-TAWI","Eighth Decile","Average Income   (in thousand pesos)","187.23","","2026-08-03T09-38-59-7a63a72104f8","https://openstat.psa.gov.ph/PXWeb/pxweb/en/DB/DB__1E__IE/0081E3AIES0.px"
"TAWI-TAWI","Eighth Decile","Average Expenditure  (in thousand pesos)","115.91","","2026-08-03T09-38-59-7a63a72104f8","https://openstat.psa.gov.ph/PXWeb/pxweb/en/DB/DB__1E__IE/0081E3AIES0.px"
"TAWI-TAWI","Eighth Decile","Average Savings  (in thousand pesos)","71.32","","2026-08-03T09-38-59-7a63a72104f8","https://openstat.psa.gov.ph/PXWeb/pxweb/en/DB/DB__1E__IE/0081E3AIES0.px"
"TAWI-TAWI","Ninth Decile","Average Income   (in thousand pesos)","217.24","","2026-08-03T09-38-59-7a63a72104f8","https://openstat.psa.gov.ph/PXWeb/pxweb/en/DB/DB__1E__IE/0081E3AIES0.px"
"TAWI-TAWI","Ninth Decile","Average Expenditure  (in thousand pesos)","119.13","","2026-08-03T09-38-59-7a63a72104f8","https://openstat.psa.gov.ph/PXWeb/pxweb/en/DB/DB__1E__IE/0081E3AIES0.px"
"TAWI-TAWI","Ninth Decile","Average Savings  (in thousand pesos)","98.11","","2026-08-03T09-38-59-7a63a72104f8","https://openstat.psa.gov.ph/PXWeb/pxweb/en/DB/DB__1E__IE/0081E3AIES0.px"
"TAWI-TAWI","Tenth Decile","Average Income   (in thousand pesos)","289.16","","2026-08-03T09-38-59-7a63a72104f8","https://openstat.psa.gov.ph/PXWeb/pxweb/en/DB/DB__1E__IE/0081E3AIES0.px"
"TAWI-TAWI","Tenth Decile","Average Expenditure  (in thousand pesos)","127.44","","2026-08-03T09-38-59-7a63a72104f8","https://openstat.psa.gov.ph/PXWeb/pxweb/en/DB/DB__1E__IE/0081E3AIES0.px"
"TAWI-TAWI","Tenth Decile","Average Savings  (in thousand pesos)","161.72","","2026-08-03T09-38-59-7a63a72104f8","https://openstat.psa.gov.ph/PXWeb/pxweb/en/DB/DB__1E__IE/0081E3AIES0.px"
"City of Cotabato","All Income Groups","Average Income   (in thousand pesos)","207.23","","2026-08-03T09-38-59-7a63a72104f8","https://openstat.psa.gov.ph/PXWeb/pxweb/en/DB/DB__1E__IE/0081E3AIES0.px"
"City of Cotabato","All Income Groups","Average Expenditure  (in thousand pesos)","191.83","","2026-08-03T09-38-59-7a63a72104f8","https://openstat.psa.gov.ph/PXWeb/pxweb/en/DB/DB__1E__IE/0081E3AIES0.px"
"City of Cotabato","All Income Groups","Average Savings  (in thousand pesos)","15.4","","2026-08-03T09-38-59-7a63a72104f8","https://openstat.psa.gov.ph/PXWeb/pxweb/en/DB/DB__1E__IE/0081E3AIES0.px"
"City of Cotabato","First Decile","Average Income   (in thousand pesos)","145.4","","2026-08-03T09-38-59-7a63a72104f8","https://openstat.psa.gov.ph/PXWeb/pxweb/en/DB/DB__1E__IE/0081E3AIES0.px"
"City of Cotabato","First Decile","Average Expenditure  (in thousand pesos)","153.32","","2026-08-03T09-38-59-7a63a72104f8","https://openstat.psa.gov.ph/PXWeb/pxweb/en/DB/DB__1E__IE/0081E3AIES0.px"
"City of Cotabato","First Decile","Average Savings  (in thousand pesos)","-7.92","","2026-08-03T09-38-59-7a63a72104f8","https://openstat.psa.gov.ph/PXWeb/pxweb/en/DB/DB__1E__IE/0081E3AIES0.px"
"City of Cotabato","Second Decile","Average Income   (in thousand pesos)","161.52","","2026-08-03T09-38-59-7a63a72104f8","https://openstat.psa.gov.ph/PXWeb/pxweb/en/DB/DB__1E__IE/0081E3AIES0.px"
"City of Cotabato","Second Decile","Average Expenditure  (in thousand pesos)","164.44","","2026-08-03T09-38-59-7a63a72104f8","https://openstat.psa.gov.ph/PXWeb/pxweb/en/DB/DB__1E__IE/0081E3AIES0.px"
"City of Cotabato","Second Decile","Average Savings  (in thousand pesos)","-2.92","","2026-08-03T09-38-59-7a63a72104f8","https://openstat.psa.gov.ph/PXWeb/pxweb/en/DB/DB__1E__IE/0081E3AIES0.px"
"City of Cotabato","Third Decile","Average Income   (in thousand pesos)","161.93","","2026-08-03T09-38-59-7a63a72104f8","https://openstat.psa.gov.ph/PXWeb/pxweb/en/DB/DB__1E__IE/0081E3AIES0.px"
"City of Cotabato","Third Decile","Average Expenditure  (in thousand pesos)","166.17","","2026-08-03T09-38-59-7a63a72104f8","https://openstat.psa.gov.ph/PXWeb/pxweb/en/DB/DB__1E__IE/0081E3AIES0.px"
"City of Cotabato","Third Decile","Average Savings  (in thousand pesos)","-4.24","","2026-08-03T09-38-59-7a63a72104f8","https://openstat.psa.gov.ph/PXWeb/pxweb/en/DB/DB__1E__IE/0081E3AIES0.px"
"City of Cotabato","Fourth Decile","Average Income   (in thousand pesos)","165.85","","2026-08-03T09-38-59-7a63a72104f8","https://openstat.psa.gov.ph/PXWeb/pxweb/en/DB/DB__1E__IE/0081E3AIES0.px"
"City of Cotabato","Fourth Decile","Average Expenditure  (in thousand pesos)","164.87","","2026-08-03T09-38-59-7a63a72104f8","https://openstat.psa.gov.ph/PXWeb/pxweb/en/DB/DB__1E__IE/0081E3AIES0.px"
"City of Cotabato","Fourth Decile","Average Savings  (in thousand pesos)","0.98","","2026-08-03T09-38-59-7a63a72104f8","https://openstat.psa.gov.ph/PXWeb/pxweb/en/DB/DB__1E__IE/0081E3AIES0.px"
"City of Cotabato","Fifth Decile","Average Income   (in thousand pesos)","169.41","","2026-08-03T09-38-59-7a63a72104f8","https://openstat.psa.gov.ph/PXWeb/pxweb/en/DB/DB__1E__IE/0081E3AIES0.px"
"City of Cotabato","Fifth Decile","Average Expenditure  (in thousand pesos)","168.34","","2026-08-03T09-38-59-7a63a72104f8","https://openstat.psa.gov.ph/PXWeb/pxweb/en/DB/DB__1E__IE/0081E3AIES0.px"
"City of Cotabato","Fifth Decile","Average Savings  (in thousand pesos)","1.07","","2026-08-03T09-38-59-7a63a72104f8","https://openstat.psa.gov.ph/PXWeb/pxweb/en/DB/DB__1E__IE/0081E3AIES0.px"
"City of Cotabato","Sixth Decile","Average Income   (in thousand pesos)","184.62","","2026-08-03T09-38-59-7a63a72104f8","https://openstat.psa.gov.ph/PXWeb/pxweb/en/DB/DB__1E__IE/0081E3AIES0.px"
"City of Cotabato","Sixth Decile","Average Expenditure  (in thousand pesos)","179.37","","2026-08-03T09-38-59-7a63a72104f8","https://openstat.psa.gov.ph/PXWeb/pxweb/en/DB/DB__1E__IE/0081E3AIES0.px"
"City of Cotabato","Sixth Decile","Average Savings  (in thousand pesos)","5.25","","2026-08-03T09-38-59-7a63a72104f8","https://openstat.psa.gov.ph/PXWeb/pxweb/en/DB/DB__1E__IE/0081E3AIES0.px"
"City of Cotabato","Seventh Decile","Average Income   (in thousand pesos)","188.42","","2026-08-03T09-38-59-7a63a72104f8","https://openstat.psa.gov.ph/PXWeb/pxweb/en/DB/DB__1E__IE/0081E3AIES0.px"
"City of Cotabato","Seventh Decile","Average Expenditure  (in thousand pesos)","179.12","","2026-08-03T09-38-59-7a63a72104f8","https://openstat.psa.gov.ph/PXWeb/pxweb/en/DB/DB__1E__IE/0081E3AIES0.px"
"City of Cotabato","Seventh Decile","Average Savings  (in thousand pesos)","9.3","","2026-08-03T09-38-59-7a63a72104f8","https://openstat.psa.gov.ph/PXWeb/pxweb/en/DB/DB__1E__IE/0081E3AIES0.px"
"City of Cotabato","Eighth Decile","Average Income   (in thousand pesos)","221.98","","2026-08-03T09-38-59-7a63a72104f8","https://openstat.psa.gov.ph/PXWeb/pxweb/en/DB/DB__1E__IE/0081E3AIES0.px"
"City of Cotabato","Eighth Decile","Average Expenditure  (in thousand pesos)","205.72","","2026-08-03T09-38-59-7a63a72104f8","https://openstat.psa.gov.ph/PXWeb/pxweb/en/DB/DB__1E__IE/0081E3AIES0.px"
"City of Cotabato","Eighth Decile","Average Savings  (in thousand pesos)","16.26","","2026-08-03T09-38-59-7a63a72104f8","https://openstat.psa.gov.ph/PXWeb/pxweb/en/DB/DB__1E__IE/0081E3AIES0.px"
"City of Cotabato","Ninth Decile","Average Income   (in thousand pesos)","244.67","","2026-08-03T09-38-59-7a63a72104f8","https://openstat.psa.gov.ph/PXWeb/pxweb/en/DB/DB__1E__IE/0081E3AIES0.px"
"City of Cotabato","Ninth Decile","Average Expenditure  (in thousand pesos)","214.35","","2026-08-03T09-38-59-7a63a72104f8","https://openstat.psa.gov.ph/PXWeb/pxweb/en/DB/DB__1E__IE/0081E3AIES0.px"
"City of Cotabato","Ninth Decile","Average Savings  (in thousand pesos)","30.33","","2026-08-03T09-38-59-7a63a72104f8","https://openstat.psa.gov.ph/PXWeb/pxweb/en/DB/DB__1E__IE/0081E3AIES0.px"
"City of Cotabato","Tenth Decile","Average Income   (in thousand pesos)","426.49","","2026-08-03T09-38-59-7a63a72104f8","https://openstat.psa.gov.ph/PXWeb/pxweb/en/DB/DB__1E__IE/0081E3AIES0.px"
"City of Cotabato","Tenth Decile","Average Expenditure  (in thousand pesos)","321.43","","2026-08-03T09-38-59-7a63a72104f8","https://openstat.psa.gov.ph/PXWeb/pxweb/en/DB/DB__1E__IE/0081E3AIES0.px"
"City of Cotabato","Tenth Decile","Average Savings  (in thousand pesos)","105.06","","2026-08-03T09-38-59-7a63a72104f8","https://openstat.psa.gov.ph/PXWeb/pxweb/en/DB/DB__1E__IE/0081E3AIES0.px"